# agn/ngc1068  |  Francis et al. 1991, ApJ 373, 465 (qso composite) + spextra AGN set
# columns: wavelength_Angstrom  flam_erg_s_cm2_A (absolute scale arbitrary - ETC renormalizes)
  1000.000  1.27362e-13
  1000.500  1.27332e-13
  1001.000  1.27301e-13
  1001.500  1.27271e-13
  1002.000  1.27240e-13
  1002.500  1.27210e-13
  1003.000  1.27180e-13
  1003.500  1.27150e-13
  1004.000  1.27120e-13
  1004.500  1.27091e-13
  1005.000  1.27063e-13
  1005.500  1.27037e-13
  1006.000  1.27014e-13
  1006.500  1.26994e-13
  1007.000  1.26981e-13
  1007.500  1.26979e-13
  1008.000  1.26991e-13
  1008.500  1.27027e-13
  1009.000  1.27096e-13
  1009.500  1.27214e-13
  1010.000  1.27403e-13
  1010.500  1.27690e-13
  1011.000  1.28115e-13
  1011.500  1.28726e-13
  1012.000  1.29588e-13
  1012.500  1.30782e-13
  1013.000  1.32405e-13
  1013.500  1.34576e-13
  1014.000  1.37436e-13
  1014.500  1.41145e-13
  1015.000  1.45888e-13
  1015.500  1.51876e-13
  1016.000  1.59367e-13
  1016.500  1.68702e-13
  1017.000  1.80405e-13
  1017.500  1.95351e-13
  1018.000  2.15088e-13
  1018.500  2.42317e-13
  1019.000  2.81532e-13
  1019.500  3.39744e-13
  1020.000  4.27003e-13
  1020.500  5.56339e-13
  1021.000  7.42616e-13
  1021.500  9.99894e-13
  1022.000  1.33733e-12
  1022.500  1.75431e-12
  1023.000  2.23617e-12
  1023.500  2.75250e-12
  1024.000  3.25956e-12
  1024.500  3.70739e-12
  1025.000  4.05027e-12
  1025.500  4.25783e-12
  1026.000  4.32314e-12
  1026.500  4.26487e-12
  1027.000  4.12268e-12
  1027.500  3.94693e-12
  1028.000  3.78656e-12
  1028.500  3.67827e-12
  1029.000  3.64044e-12
  1029.500  3.67244e-12
  1030.000  3.75907e-12
  1030.500  3.87713e-12
  1031.000  4.00310e-12
  1031.500  4.11880e-12
  1032.000  4.21467e-12
  1032.500  4.29011e-12
  1033.000  4.35148e-12
  1033.500  4.40849e-12
  1034.000  4.47019e-12
  1034.500  4.54120e-12
  1035.000  4.61941e-12
  1035.500  4.69532e-12
  1036.000  4.75320e-12
  1036.500  4.77377e-12
  1037.000  4.73785e-12
  1037.500  4.63001e-12
  1038.000  4.44174e-12
  1038.500  4.17305e-12
  1039.000  3.83275e-12
  1039.500  3.43713e-12
  1040.000  3.00739e-12
  1040.500  2.56677e-12
  1041.000  2.13738e-12
  1041.500  1.73782e-12
  1042.000  1.38161e-12
  1042.500  1.07662e-12
  1043.000  8.25320e-13
  1043.500  6.25779e-13
  1044.000  4.72906e-13
  1044.500  3.59790e-13
  1045.000  2.78894e-13
  1045.500  2.22937e-13
  1046.000  1.85481e-13
  1046.500  1.61204e-13
  1047.000  1.45961e-13
  1047.500  1.36685e-13
  1048.000  1.31210e-13
  1048.500  1.28072e-13
  1049.000  1.26323e-13
  1049.500  1.25371e-13
  1050.000  1.24862e-13
  1050.500  1.24591e-13
  1051.000  1.24444e-13
  1051.500  1.24360e-13
  1052.000  1.24306e-13
  1052.500  1.24266e-13
  1053.000  1.24233e-13
  1053.500  1.24203e-13
  1054.000  1.24175e-13
  1054.500  1.24146e-13
  1055.000  1.24118e-13
  1055.500  1.24090e-13
  1056.000  1.24062e-13
  1056.500  1.24035e-13
  1057.000  1.24007e-13
  1057.500  1.23979e-13
  1058.000  1.23951e-13
  1058.500  1.23924e-13
  1059.000  1.23886e-13
  1059.500  1.23858e-13
  1060.000  1.23830e-13
  1060.500  1.23803e-13
  1061.000  1.23775e-13
  1061.500  1.23748e-13
  1062.000  1.23720e-13
  1062.500  1.23693e-13
  1063.000  1.23666e-13
  1063.500  1.23640e-13
  1064.000  1.23614e-13
  1064.500  1.23589e-13
  1065.000  1.23566e-13
  1065.500  1.23545e-13
  1066.000  1.23527e-13
  1066.500  1.23513e-13
  1067.000  1.23507e-13
  1067.500  1.23510e-13
  1068.000  1.23527e-13
  1068.500  1.23563e-13
  1069.000  1.23624e-13
  1069.500  1.23720e-13
  1070.000  1.23862e-13
  1070.500  1.24064e-13
  1071.000  1.24344e-13
  1071.500  1.24723e-13
  1072.000  1.25224e-13
  1072.500  1.25878e-13
  1073.000  1.26716e-13
  1073.500  1.27776e-13
  1074.000  1.29099e-13
  1074.500  1.30738e-13
  1075.000  1.32760e-13
  1075.500  1.35270e-13
  1076.000  1.38434e-13
  1076.500  1.42543e-13
  1077.000  1.48082e-13
  1077.500  1.55848e-13
  1078.000  1.67066e-13
  1078.500  1.83493e-13
  1079.000  2.07430e-13
  1079.500  2.41594e-13
  1080.000  2.88741e-13
  1080.500  3.51045e-13
  1081.000  4.29260e-13
  1081.500  5.21855e-13
  1082.000  6.24385e-13
  1082.500  7.29392e-13
  1083.000  8.27054e-13
  1083.500  9.06611e-13
  1084.000  9.58300e-13
  1084.500  9.75347e-13
  1085.000  9.55436e-13
  1085.500  9.01240e-13
  1086.000  8.19812e-13
  1086.500  7.21060e-13
  1087.000  6.15741e-13
  1087.500  5.13550e-13
  1088.000  4.21745e-13
  1088.500  3.44551e-13
  1089.000  2.83308e-13
  1089.500  2.37128e-13
  1090.000  2.03770e-13
  1090.500  1.80454e-13
  1091.000  1.64484e-13
  1091.500  1.53588e-13
  1092.000  1.46048e-13
  1092.500  1.40667e-13
  1093.000  1.36674e-13
  1093.500  1.33595e-13
  1094.000  1.31150e-13
  1094.500  1.29178e-13
  1095.000  1.27576e-13
  1095.500  1.26277e-13
  1096.000  1.25231e-13
  1096.500  1.24396e-13
  1097.000  1.23736e-13
  1097.500  1.23219e-13
  1098.000  1.22819e-13
  1098.500  1.22510e-13
  1099.000  1.22274e-13
  1099.500  1.22093e-13
  1100.000  1.21955e-13
  1100.500  1.21849e-13
  1101.000  1.21766e-13
  1101.500  1.21701e-13
  1102.000  1.21648e-13
  1102.500  1.21604e-13
  1103.000  1.21566e-13
  1103.500  1.21532e-13
  1104.000  1.21501e-13
  1104.500  1.21472e-13
  1105.000  1.21444e-13
  1105.500  1.21417e-13
  1106.000  1.21391e-13
  1106.500  1.21365e-13
  1107.000  1.21339e-13
  1107.500  1.21313e-13
  1108.000  1.21288e-13
  1108.500  1.21262e-13
  1109.000  1.21237e-13
  1109.500  1.21212e-13
  1110.000  1.21186e-13
  1110.500  1.21161e-13
  1111.000  1.21136e-13
  1111.500  1.21111e-13
  1112.000  1.21085e-13
  1112.500  1.21060e-13
  1113.000  1.21035e-13
  1113.500  1.21007e-13
  1114.000  1.20982e-13
  1114.500  1.20957e-13
  1115.000  1.20932e-13
  1115.500  1.20907e-13
  1116.000  1.20882e-13
  1116.500  1.20857e-13
  1117.000  1.20832e-13
  1117.500  1.20807e-13
  1118.000  1.20782e-13
  1118.500  1.20757e-13
  1119.000  1.20721e-13
  1119.500  1.20696e-13
  1120.000  1.20671e-13
  1120.500  1.20647e-13
  1121.000  1.20622e-13
  1121.500  1.20597e-13
  1122.000  1.20572e-13
  1122.500  1.20547e-13
  1123.000  1.20523e-13
  1123.500  1.20498e-13
  1124.000  1.20473e-13
  1124.500  1.20449e-13
  1125.000  1.20424e-13
  1125.500  1.20399e-13
  1126.000  1.20375e-13
  1126.500  1.20350e-13
  1127.000  1.20325e-13
  1127.500  1.20301e-13
  1128.000  1.20276e-13
  1128.500  1.20252e-13
  1129.000  1.20227e-13
  1129.500  1.20203e-13
  1130.000  1.20178e-13
  1130.500  1.20154e-13
  1131.000  1.20130e-13
  1131.500  1.20105e-13
  1132.000  1.20081e-13
  1132.500  1.20057e-13
  1133.000  1.20032e-13
  1133.500  1.20008e-13
  1134.000  1.19984e-13
  1134.500  1.19959e-13
  1135.000  1.19935e-13
  1135.500  1.19911e-13
  1136.000  1.19887e-13
  1136.500  1.19863e-13
  1137.000  1.19839e-13
  1137.500  1.19814e-13
  1138.000  1.19790e-13
  1138.500  1.19766e-13
  1139.000  1.19742e-13
  1139.500  1.19718e-13
  1140.000  1.19694e-13
  1140.500  1.19670e-13
  1141.000  1.19646e-13
  1141.500  1.19622e-13
  1142.000  1.19598e-13
  1142.500  1.19574e-13
  1143.000  1.19550e-13
  1143.500  1.19527e-13
  1144.000  1.19503e-13
  1144.500  1.19479e-13
  1145.000  1.19455e-13
  1145.500  1.19431e-13
  1146.000  1.19408e-13
  1146.500  1.19384e-13
  1147.000  1.19360e-13
  1147.500  1.19337e-13
  1148.000  1.19313e-13
  1148.500  1.19289e-13
  1149.000  1.19266e-13
  1149.500  1.19242e-13
  1150.000  1.19218e-13
  1150.500  1.19195e-13
  1151.000  1.19171e-13
  1151.500  1.19148e-13
  1152.000  1.19124e-13
  1152.500  1.19101e-13
  1153.000  1.19077e-13
  1153.500  1.19054e-13
  1154.000  1.19031e-13
  1154.500  1.19007e-13
  1155.000  1.18984e-13
  1155.500  1.18961e-13
  1156.000  1.18937e-13
  1156.500  1.18914e-13
  1157.000  1.18890e-13
  1157.500  1.18867e-13
  1158.000  1.18844e-13
  1158.500  1.18821e-13
  1159.000  1.18798e-13
  1159.500  1.18774e-13
  1160.000  1.18751e-13
  1160.500  1.18728e-13
  1161.000  1.18705e-13
  1161.500  1.18682e-13
  1162.000  1.18659e-13
  1162.500  1.18636e-13
  1163.000  1.18613e-13
  1163.500  1.18590e-13
  1164.000  1.18567e-13
  1164.500  1.18544e-13
  1165.000  1.18521e-13
  1165.500  1.18498e-13
  1166.000  1.18448e-13
  1166.500  1.18425e-13
  1167.000  1.18403e-13
  1167.500  1.18380e-13
  1168.000  1.18357e-13
  1168.500  1.18334e-13
  1169.000  1.18311e-13
  1169.500  1.18288e-13
  1170.000  1.18265e-13
  1170.500  1.18242e-13
  1171.000  1.18220e-13
  1171.500  1.18197e-13
  1172.000  1.18174e-13
  1172.500  1.18120e-13
  1173.000  1.18097e-13
  1173.500  1.18075e-13
  1174.000  1.18052e-13
  1174.500  1.18029e-13
  1175.000  1.18006e-13
  1175.500  1.17984e-13
  1176.000  1.17961e-13
  1176.500  1.17919e-13
  1177.000  1.17896e-13
  1177.500  1.17874e-13
  1178.000  1.17851e-13
  1178.500  1.17828e-13
  1179.000  1.17806e-13
  1179.500  1.17783e-13
  1180.000  1.17760e-13
  1180.500  1.17738e-13
  1181.000  1.17715e-13
  1181.500  1.17693e-13
  1182.000  1.17670e-13
  1182.500  1.17648e-13
  1183.000  1.17626e-13
  1183.500  1.17603e-13
  1184.000  1.17581e-13
  1184.500  1.17558e-13
  1185.000  1.17536e-13
  1185.500  1.17513e-13
  1186.000  1.17491e-13
  1186.500  1.17469e-13
  1187.000  1.17447e-13
  1187.500  1.17425e-13
  1188.000  1.17403e-13
  1188.500  1.17382e-13
  1189.000  1.17361e-13
  1189.500  1.17341e-13
  1190.000  1.17322e-13
  1190.500  1.17305e-13
  1191.000  1.17291e-13
  1191.500  1.17282e-13
  1192.000  1.17279e-13
  1192.500  1.17287e-13
  1193.000  1.17310e-13
  1193.500  1.17355e-13
  1194.000  1.17432e-13
  1194.500  1.17554e-13
  1195.000  1.17740e-13
  1195.500  1.18015e-13
  1196.000  1.18414e-13
  1196.500  1.18983e-13
  1197.000  1.19781e-13
  1197.500  1.20886e-13
  1198.000  1.22397e-13
  1198.500  1.24439e-13
  1199.000  1.27169e-13
  1199.500  1.30778e-13
  1200.000  1.35497e-13
  1200.500  1.41603e-13
  1201.000  1.49420e-13
  1201.500  1.59320e-13
  1202.000  1.71730e-13
  1202.500  1.87128e-13
  1203.000  2.06048e-13
  1203.500  2.29093e-13
  1204.000  2.56964e-13
  1204.500  2.90532e-13
  1205.000  3.30972e-13
  1205.500  3.80030e-13
  1206.000  4.40458e-13
  1206.500  5.16702e-13
  1207.000  6.15883e-13
  1207.500  7.49078e-13
  1208.000  9.32757e-13
  1208.500  1.19010e-12
  1209.000  1.55170e-12
  1209.500  2.05487e-12
  1210.000  2.74102e-12
  1210.500  3.65015e-12
  1211.000  4.81289e-12
  1211.500  6.24030e-12
  1212.000  7.91362e-12
  1212.500  9.77621e-12
  1213.000  1.17307e-11
  1213.500  1.36440e-11
  1214.000  1.53602e-11
  1214.500  1.67210e-11
  1215.000  1.75901e-11
  1215.500  1.78761e-11
  1216.000  1.75477e-11
  1216.500  1.66404e-11
  1217.000  1.52492e-11
  1217.500  1.35130e-11
  1218.000  1.15904e-11
  1218.500  9.63635e-12
  1219.000  7.78215e-12
  1219.500  6.12254e-12
  1220.000  4.71154e-12
  1220.500  3.56566e-12
  1221.000  2.67224e-12
  1221.500  1.99972e-12
  1222.000  1.50770e-12
  1222.500  1.15491e-12
  1223.000  9.04331e-13
  1223.500  7.25814e-13
  1224.000  5.96598e-13
  1224.500  5.00563e-13
  1225.000  4.26894e-13
  1225.500  3.68646e-13
  1226.000  3.21496e-13
  1226.500  2.82762e-13
  1227.000  2.50746e-13
  1227.500  2.24318e-13
  1228.000  2.02664e-13
  1228.500  1.85162e-13
  1229.000  1.71296e-13
  1229.500  1.60789e-13
  1230.000  1.53375e-13
  1230.500  1.49079e-13
  1231.000  1.48062e-13
  1231.500  1.50775e-13
  1232.000  1.57974e-13
  1232.500  1.70765e-13
  1233.000  1.90636e-13
  1233.500  2.19451e-13
  1234.000  2.59423e-13
  1234.500  3.13022e-13
  1235.000  3.82831e-13
  1235.500  4.71316e-13
  1236.000  5.80553e-13
  1236.500  7.11887e-13
  1237.000  8.65576e-13
  1237.500  1.04045e-12
  1238.000  1.23366e-12
  1238.500  1.44050e-12
  1239.000  1.65448e-12
  1239.500  1.86750e-12
  1240.000  2.07034e-12
  1240.500  2.25325e-12
  1241.000  2.40673e-12
  1241.500  2.52228e-12
  1242.000  2.59328e-12
  1242.500  2.61554e-12
  1243.000  2.58772e-12
  1243.500  2.51149e-12
  1244.000  2.39136e-12
  1244.500  2.23418e-12
  1245.000  2.04862e-12
  1245.500  1.84421e-12
  1246.000  1.63071e-12
  1246.500  1.41723e-12
  1247.000  1.21169e-12
  1247.500  1.02040e-12
  1248.000  8.47826e-13
  1248.500  6.96603e-13
  1249.000  5.67715e-13
  1249.500  4.60733e-13
  1250.000  3.74182e-13
  1250.500  3.05878e-13
  1251.000  2.53271e-13
  1251.500  2.13710e-13
  1252.000  1.84649e-13
  1252.500  1.63791e-13
  1253.000  1.49161e-13
  1253.500  1.39132e-13
  1254.000  1.32412e-13
  1254.500  1.28013e-13
  1255.000  1.25201e-13
  1255.500  1.23448e-13
  1256.000  1.22385e-13
  1256.500  1.21767e-13
  1257.000  1.21441e-13
  1257.500  1.21344e-13
  1258.000  1.21508e-13
  1258.500  1.22120e-13
  1259.000  1.23624e-13
  1259.500  1.26861e-13
  1260.000  1.33200e-13
  1260.500  1.44555e-13
  1261.000  1.63126e-13
  1261.500  1.90741e-13
  1262.000  2.27853e-13
  1262.500  2.72483e-13
  1263.000  3.19696e-13
  1263.500  3.62120e-13
  1264.000  3.91701e-13
  1264.500  4.02162e-13
  1265.000  3.91171e-13
  1265.500  3.61189e-13
  1266.000  3.18577e-13
  1266.500  2.71403e-13
  1267.000  2.26987e-13
  1267.500  1.90185e-13
  1268.000  1.62894e-13
  1268.500  1.44609e-13
  1269.000  1.33476e-13
  1269.500  1.27296e-13
  1270.000  1.24161e-13
  1270.500  1.22710e-13
  1271.000  1.22102e-13
  1271.500  1.21877e-13
  1272.000  1.21810e-13
  1272.500  1.21803e-13
  1273.000  1.21817e-13
  1273.500  1.21838e-13
  1274.000  1.21860e-13
  1274.500  1.21882e-13
  1275.000  1.21903e-13
  1275.500  1.21925e-13
  1276.000  1.21946e-13
  1276.500  1.21967e-13
  1277.000  1.21988e-13
  1277.500  1.22009e-13
  1278.000  1.22029e-13
  1278.500  1.22048e-13
  1279.000  1.22016e-13
  1279.500  1.22034e-13
  1280.000  1.22053e-13
  1280.500  1.22072e-13
  1281.000  1.22090e-13
  1281.500  1.22108e-13
  1282.000  1.22126e-13
  1282.500  1.22144e-13
  1283.000  1.22160e-13
  1283.500  1.22177e-13
  1284.000  1.22194e-13
  1284.500  1.22210e-13
  1285.000  1.22226e-13
  1285.500  1.22242e-13
  1286.000  1.22257e-13
  1286.500  1.22273e-13
  1287.000  1.22288e-13
  1287.500  1.22302e-13
  1288.000  1.22317e-13
  1288.500  1.22331e-13
  1289.000  1.22345e-13
  1289.500  1.22359e-13
  1290.000  1.22372e-13
  1290.500  1.22385e-13
  1291.000  1.22398e-13
  1291.500  1.22411e-13
  1292.000  1.22423e-13
  1292.500  1.22436e-13
  1293.000  1.22447e-13
  1293.500  1.22459e-13
  1294.000  1.22471e-13
  1294.500  1.22482e-13
  1295.000  1.22493e-13
  1295.500  1.22505e-13
  1296.000  1.22518e-13
  1296.500  1.22536e-13
  1297.000  1.22570e-13
  1297.500  1.22647e-13
  1298.000  1.22830e-13
  1298.500  1.23253e-13
  1299.000  1.24170e-13
  1299.500  1.26024e-13
  1300.000  1.29483e-13
  1300.500  1.35424e-13
  1301.000  1.44787e-13
  1301.500  1.58268e-13
  1302.000  1.75888e-13
  1302.500  1.96592e-13
  1303.000  2.18093e-13
  1303.500  2.37146e-13
  1304.000  2.50309e-13
  1304.500  2.54940e-13
  1305.000  2.50068e-13
  1305.500  2.36718e-13
  1306.000  2.17565e-13
  1306.500  1.96060e-13
  1307.000  1.75429e-13
  1307.500  1.57926e-13
  1308.000  1.44576e-13
  1308.500  1.35331e-13
  1309.000  1.29484e-13
  1309.500  1.26093e-13
  1310.000  1.24287e-13
  1310.500  1.23402e-13
  1311.000  1.23002e-13
  1311.500  1.22837e-13
  1312.000  1.22776e-13
  1312.500  1.22754e-13
  1313.000  1.22750e-13
  1313.500  1.22751e-13
  1314.000  1.22754e-13
  1314.500  1.22757e-13
  1315.000  1.22760e-13
  1315.500  1.22763e-13
  1316.000  1.22766e-13
  1316.500  1.22769e-13
  1317.000  1.22771e-13
  1317.500  1.22774e-13
  1318.000  1.22776e-13
  1318.500  1.22778e-13
  1319.000  1.22779e-13
  1319.500  1.22781e-13
  1320.000  1.22782e-13
  1320.500  1.22784e-13
  1321.000  1.22785e-13
  1321.500  1.22786e-13
  1322.000  1.22787e-13
  1322.500  1.22788e-13
  1323.000  1.22788e-13
  1323.500  1.22789e-13
  1324.000  1.22789e-13
  1324.500  1.22789e-13
  1325.000  1.22789e-13
  1325.500  1.22789e-13
  1326.000  1.22790e-13
  1326.500  1.22793e-13
  1327.000  1.22804e-13
  1327.500  1.22839e-13
  1328.000  1.22940e-13
  1328.500  1.23209e-13
  1329.000  1.23873e-13
  1329.500  1.25389e-13
  1330.000  1.28594e-13
  1330.500  1.34872e-13
  1331.000  1.46233e-13
  1331.500  1.65204e-13
  1332.000  1.94342e-13
  1332.500  2.35349e-13
  1333.000  2.87913e-13
  1333.500  3.48677e-13
  1334.000  4.10954e-13
  1334.500  4.65606e-13
  1335.000  5.03112e-13
  1335.500  5.16260e-13
  1336.000  5.02401e-13
  1336.500  4.64321e-13
  1337.000  4.09331e-13
  1337.500  3.46910e-13
  1338.000  2.86285e-13
  1338.500  2.33995e-13
  1339.000  1.93305e-13
  1339.500  1.64460e-13
  1340.000  1.45722e-13
  1340.500  1.34521e-13
  1341.000  1.28342e-13
  1341.500  1.25129e-13
  1342.000  1.23639e-13
  1342.500  1.22985e-13
  1343.000  1.22716e-13
  1343.500  1.22612e-13
  1344.000  1.22572e-13
  1344.500  1.22555e-13
  1345.000  1.22547e-13
  1345.500  1.22540e-13
  1346.000  1.22534e-13
  1346.500  1.22528e-13
  1347.000  1.22522e-13
  1347.500  1.22516e-13
  1348.000  1.22510e-13
  1348.500  1.22504e-13
  1349.000  1.22498e-13
  1349.500  1.22491e-13
  1350.000  1.22484e-13
  1350.500  1.22478e-13
  1351.000  1.22471e-13
  1351.500  1.22465e-13
  1352.000  1.22458e-13
  1352.500  1.22451e-13
  1353.000  1.22444e-13
  1353.500  1.22436e-13
  1354.000  1.22429e-13
  1354.500  1.22422e-13
  1355.000  1.22414e-13
  1355.500  1.22406e-13
  1356.000  1.22399e-13
  1356.500  1.22391e-13
  1357.000  1.22383e-13
  1357.500  1.22375e-13
  1358.000  1.22367e-13
  1358.500  1.22359e-13
  1359.000  1.22351e-13
  1359.500  1.22343e-13
  1360.000  1.22335e-13
  1360.500  1.22326e-13
  1361.000  1.22317e-13
  1361.500  1.22309e-13
  1362.000  1.22300e-13
  1362.500  1.22292e-13
  1363.000  1.22283e-13
  1363.500  1.22274e-13
  1364.000  1.22265e-13
  1364.500  1.22255e-13
  1365.000  1.22246e-13
  1365.500  1.22237e-13
  1366.000  1.22227e-13
  1366.500  1.22218e-13
  1367.000  1.22209e-13
  1367.500  1.22199e-13
  1368.000  1.22190e-13
  1368.500  1.22180e-13
  1369.000  1.22170e-13
  1369.500  1.22160e-13
  1370.000  1.22150e-13
  1370.500  1.22140e-13
  1371.000  1.22130e-13
  1371.500  1.22120e-13
  1372.000  1.22110e-13
  1372.500  1.22099e-13
  1373.000  1.22089e-13
  1373.500  1.22079e-13
  1374.000  1.22068e-13
  1374.500  1.22057e-13
  1375.000  1.22047e-13
  1375.500  1.22036e-13
  1376.000  1.22025e-13
  1376.500  1.22014e-13
  1377.000  1.22003e-13
  1377.500  1.21992e-13
  1378.000  1.21981e-13
  1378.500  1.21970e-13
  1379.000  1.21958e-13
  1379.500  1.21947e-13
  1380.000  1.21936e-13
  1380.500  1.21924e-13
  1381.000  1.21913e-13
  1381.500  1.21901e-13
  1382.000  1.21818e-13
  1382.500  1.21806e-13
  1383.000  1.21794e-13
  1383.500  1.21782e-13
  1384.000  1.21770e-13
  1384.500  1.21758e-13
  1385.000  1.21746e-13
  1385.500  1.21735e-13
  1386.000  1.21724e-13
  1386.500  1.21714e-13
  1387.000  1.21708e-13
  1387.500  1.21708e-13
  1388.000  1.21721e-13
  1388.500  1.21759e-13
  1389.000  1.21846e-13
  1389.500  1.22019e-13
  1390.000  1.22346e-13
  1390.500  1.22936e-13
  1391.000  1.23960e-13
  1391.500  1.25676e-13
  1392.000  1.28461e-13
  1392.500  1.32836e-13
  1393.000  1.39491e-13
  1393.500  1.49295e-13
  1394.000  1.63275e-13
  1394.500  1.82560e-13
  1395.000  2.08276e-13
  1395.500  2.41416e-13
  1396.000  2.82612e-13
  1396.500  3.31944e-13
  1397.000  3.88740e-13
  1397.500  4.51427e-13
  1398.000  5.17491e-13
  1398.500  5.83566e-13
  1399.000  6.45670e-13
  1399.500  6.99585e-13
  1400.000  7.41307e-13
  1400.500  7.67562e-13
  1401.000  7.76196e-13
  1401.500  7.66457e-13
  1402.000  7.39218e-13
  1402.500  6.96667e-13
  1403.000  6.42143e-13
  1403.500  5.79670e-13
  1404.000  5.13465e-13
  1404.500  4.47483e-13
  1405.000  3.85047e-13
  1405.500  3.28618e-13
  1406.000  2.79714e-13
  1406.500  2.38960e-13
  1407.000  2.06238e-13
  1407.500  1.80885e-13
  1408.000  1.61907e-13
  1408.500  1.48168e-13
  1409.000  1.38538e-13
  1409.500  1.32007e-13
  1410.000  1.27595e-13
  1410.500  1.24856e-13
  1411.000  1.23160e-13
  1411.500  1.22139e-13
  1412.000  1.21541e-13
  1412.500  1.21197e-13
  1413.000  1.21002e-13
  1413.500  1.20892e-13
  1414.000  1.20827e-13
  1414.500  1.20787e-13
  1415.000  1.20760e-13
  1415.500  1.20739e-13
  1416.000  1.20721e-13
  1416.500  1.20705e-13
  1417.000  1.20689e-13
  1417.500  1.20674e-13
  1418.000  1.20646e-13
  1418.500  1.20631e-13
  1419.000  1.20615e-13
  1419.500  1.20600e-13
  1420.000  1.20584e-13
  1420.500  1.20569e-13
  1421.000  1.20553e-13
  1421.500  1.20537e-13
  1422.000  1.20522e-13
  1422.500  1.20506e-13
  1423.000  1.20483e-13
  1423.500  1.20467e-13
  1424.000  1.20382e-13
  1424.500  1.20366e-13
  1425.000  1.20350e-13
  1425.500  1.20334e-13
  1426.000  1.20317e-13
  1426.500  1.20301e-13
  1427.000  1.20284e-13
  1427.500  1.20268e-13
  1428.000  1.20251e-13
  1428.500  1.20235e-13
  1429.000  1.20218e-13
  1429.500  1.20202e-13
  1430.000  1.20185e-13
  1430.500  1.20169e-13
  1431.000  1.20152e-13
  1431.500  1.20135e-13
  1432.000  1.20113e-13
  1432.500  1.20096e-13
  1433.000  1.20080e-13
  1433.500  1.20063e-13
  1434.000  1.20046e-13
  1434.500  1.20029e-13
  1435.000  1.20012e-13
  1435.500  1.19996e-13
  1436.000  1.19979e-13
  1436.500  1.19963e-13
  1437.000  1.19947e-13
  1437.500  1.19930e-13
  1438.000  1.19914e-13
  1438.500  1.19897e-13
  1439.000  1.19881e-13
  1439.500  1.19864e-13
  1440.000  1.19848e-13
  1440.500  1.19831e-13
  1441.000  1.19814e-13
  1441.500  1.19798e-13
  1442.000  1.19781e-13
  1442.500  1.19765e-13
  1443.000  1.19750e-13
  1443.500  1.19734e-13
  1444.000  1.19719e-13
  1444.500  1.19703e-13
  1445.000  1.19687e-13
  1445.500  1.19671e-13
  1446.000  1.19656e-13
  1446.500  1.19640e-13
  1447.000  1.19624e-13
  1447.500  1.19608e-13
  1448.000  1.19591e-13
  1448.500  1.19574e-13
  1449.000  1.19557e-13
  1449.500  1.19540e-13
  1450.000  1.19523e-13
  1450.500  1.19506e-13
  1451.000  1.19490e-13
  1451.500  1.19473e-13
  1452.000  1.19456e-13
  1452.500  1.19439e-13
  1453.000  1.19422e-13
  1453.500  1.19405e-13
  1454.000  1.19388e-13
  1454.500  1.19371e-13
  1455.000  1.19353e-13
  1455.500  1.19336e-13
  1456.000  1.19317e-13
  1456.500  1.19299e-13
  1457.000  1.19281e-13
  1457.500  1.19263e-13
  1458.000  1.19244e-13
  1458.500  1.19226e-13
  1459.000  1.19208e-13
  1459.500  1.19190e-13
  1460.000  1.19171e-13
  1460.500  1.19153e-13
  1461.000  1.19134e-13
  1461.500  1.19116e-13
  1462.000  1.19098e-13
  1462.500  1.19079e-13
  1463.000  1.19061e-13
  1463.500  1.19043e-13
  1464.000  1.19024e-13
  1464.500  1.19006e-13
  1465.000  1.18987e-13
  1465.500  1.18969e-13
  1466.000  1.18952e-13
  1466.500  1.18934e-13
  1467.000  1.18917e-13
  1467.500  1.18900e-13
  1468.000  1.18884e-13
  1468.500  1.18870e-13
  1469.000  1.18861e-13
  1469.500  1.18860e-13
  1470.000  1.18875e-13
  1470.500  1.18917e-13
  1471.000  1.19006e-13
  1471.500  1.19169e-13
  1472.000  1.19471e-13
  1472.500  1.19985e-13
  1473.000  1.20826e-13
  1473.500  1.22157e-13
  1474.000  1.24199e-13
  1474.500  1.27243e-13
  1475.000  1.31645e-13
  1475.500  1.37828e-13
  1476.000  1.46258e-13
  1476.500  1.57410e-13
  1477.000  1.71717e-13
  1477.500  1.89497e-13
  1478.000  2.10881e-13
  1478.500  2.35731e-13
  1479.000  2.63579e-13
  1479.500  2.93586e-13
  1480.000  3.24554e-13
  1480.500  3.54975e-13
  1481.000  3.83144e-13
  1481.500  4.07308e-13
  1482.000  4.25845e-13
  1482.500  4.37439e-13
  1483.000  4.41243e-13
  1483.500  4.36970e-13
  1484.000  4.24939e-13
  1484.500  4.06026e-13
  1485.000  3.81568e-13
  1485.500  3.53196e-13
  1486.000  3.22668e-13
  1486.500  2.91681e-13
  1487.000  2.61726e-13
  1487.500  2.33986e-13
  1488.000  2.09279e-13
  1488.500  1.88053e-13
  1489.000  1.70430e-13
  1489.500  1.56267e-13
  1490.000  1.45238e-13
  1490.500  1.36905e-13
  1491.000  1.30794e-13
  1491.500  1.26440e-13
  1492.000  1.23423e-13
  1492.500  1.21390e-13
  1493.000  1.20055e-13
  1493.500  1.19200e-13
  1494.000  1.18664e-13
  1494.500  1.18334e-13
  1495.000  1.18134e-13
  1495.500  1.18012e-13
  1496.000  1.17936e-13
  1496.500  1.17886e-13
  1497.000  1.17852e-13
  1497.500  1.17826e-13
  1498.000  1.17803e-13
  1498.500  1.17783e-13
  1499.000  1.17764e-13
  1499.500  1.17746e-13
  1500.000  1.17727e-13
  1500.500  1.17709e-13
  1501.000  1.17691e-13
  1501.500  1.17673e-13
  1502.000  1.17655e-13
  1502.500  1.17637e-13
  1503.000  1.17619e-13
  1503.500  1.17601e-13
  1504.000  1.17583e-13
  1504.500  1.17564e-13
  1505.000  1.17546e-13
  1505.500  1.17527e-13
  1506.000  1.17507e-13
  1506.500  1.17488e-13
  1507.000  1.17468e-13
  1507.500  1.17448e-13
  1508.000  1.17429e-13
  1508.500  1.17410e-13
  1509.000  1.17390e-13
  1509.500  1.17370e-13
  1510.000  1.17351e-13
  1510.500  1.17331e-13
  1511.000  1.17312e-13
  1511.500  1.17292e-13
  1512.000  1.17272e-13
  1512.500  1.17253e-13
  1513.000  1.17234e-13
  1513.500  1.17214e-13
  1514.000  1.17195e-13
  1514.500  1.17175e-13
  1515.000  1.17156e-13
  1515.500  1.17137e-13
  1516.000  1.17117e-13
  1516.500  1.17098e-13
  1517.000  1.17078e-13
  1517.500  1.17086e-13
  1518.000  1.17094e-13
  1518.500  1.17102e-13
  1519.000  1.17110e-13
  1519.500  1.17118e-13
  1520.000  1.17126e-13
  1520.500  1.17134e-13
  1521.000  1.17142e-13
  1521.500  1.17150e-13
  1522.000  1.17158e-13
  1522.500  1.17166e-13
  1523.000  1.17174e-13
  1523.500  1.17182e-13
  1524.000  1.17190e-13
  1524.500  1.17198e-13
  1525.000  1.17206e-13
  1525.500  1.17195e-13
  1526.000  1.17184e-13
  1526.500  1.17172e-13
  1527.000  1.17161e-13
  1527.500  1.17150e-13
  1528.000  1.17138e-13
  1528.500  1.17127e-13
  1529.000  1.17116e-13
  1529.500  1.17105e-13
  1530.000  1.17094e-13
  1530.500  1.17084e-13
  1531.000  1.17074e-13
  1531.500  1.17066e-13
  1532.000  1.17063e-13
  1532.500  1.17067e-13
  1533.000  1.17088e-13
  1533.500  1.17137e-13
  1534.000  1.17241e-13
  1534.500  1.17441e-13
  1535.000  1.17810e-13
  1535.500  1.18489e-13
  1536.000  1.19645e-13
  1536.500  1.21571e-13
  1537.000  1.24709e-13
  1537.500  1.29701e-13
  1538.000  1.37452e-13
  1538.500  1.49197e-13
  1539.000  1.66559e-13
  1539.500  1.91590e-13
  1540.000  2.26770e-13
  1540.500  2.74978e-13
  1541.000  3.39361e-13
  1541.500  4.23103e-13
  1542.000  5.29156e-13
  1542.500  6.59848e-13
  1543.000  8.16460e-13
  1543.500  9.98777e-13
  1544.000  1.20473e-12
  1544.500  1.43010e-12
  1545.000  1.66850e-12
  1545.500  1.91143e-12
  1546.000  2.14890e-12
  1546.500  2.36987e-12
  1547.000  2.56323e-12
  1547.500  2.71866e-12
  1548.000  2.82752e-12
  1548.500  2.88378e-12
  1549.000  2.88439e-12
  1549.500  2.82970e-12
  1550.000  2.72326e-12
  1550.500  2.57151e-12
  1551.000  2.38310e-12
  1551.500  2.16813e-12
  1552.000  1.93723e-12
  1552.500  1.70077e-12
  1553.000  1.46811e-12
  1553.500  1.24708e-12
  1554.000  1.04369e-12
  1554.500  8.61961e-13
  1555.000  7.04026e-13
  1555.500  5.70385e-13
  1556.000  4.60151e-13
  1556.500  3.71465e-13
  1557.000  3.01768e-13
  1557.500  2.48402e-13
  1558.000  2.08458e-13
  1558.500  1.79256e-13
  1559.000  1.58399e-13
  1559.500  1.43820e-13
  1560.000  1.33883e-13
  1560.500  1.27265e-13
  1561.000  1.22950e-13
  1561.500  1.20192e-13
  1562.000  1.18473e-13
  1562.500  1.17419e-13
  1563.000  1.16783e-13
  1563.500  1.16404e-13
  1564.000  1.16178e-13
  1564.500  1.16041e-13
  1565.000  1.15954e-13
  1565.500  1.15942e-13
  1566.000  1.15946e-13
  1566.500  1.15957e-13
  1567.000  1.15972e-13
  1567.500  1.15990e-13
  1568.000  1.16008e-13
  1568.500  1.16027e-13
  1569.000  1.16047e-13
  1569.500  1.16066e-13
  1570.000  1.16086e-13
  1570.500  1.16105e-13
  1571.000  1.16124e-13
  1571.500  1.16144e-13
  1572.000  1.16163e-13
  1572.500  1.16183e-13
  1573.000  1.16202e-13
  1573.500  1.16222e-13
  1574.000  1.16241e-13
  1574.500  1.16261e-13
  1575.000  1.16280e-13
  1575.500  1.16278e-13
  1576.000  1.16275e-13
  1576.500  1.16273e-13
  1577.000  1.16270e-13
  1577.500  1.16268e-13
  1578.000  1.16265e-13
  1578.500  1.16263e-13
  1579.000  1.16260e-13
  1579.500  1.16258e-13
  1580.000  1.16255e-13
  1580.500  1.16253e-13
  1581.000  1.16251e-13
  1581.500  1.16248e-13
  1582.000  1.16246e-13
  1582.500  1.16243e-13
  1583.000  1.16241e-13
  1583.500  1.16238e-13
  1584.000  1.16236e-13
  1584.500  1.16234e-13
  1585.000  1.16231e-13
  1585.500  1.16243e-13
  1586.000  1.16256e-13
  1586.500  1.16268e-13
  1587.000  1.16280e-13
  1587.500  1.16292e-13
  1588.000  1.16304e-13
  1588.500  1.16317e-13
  1589.000  1.16329e-13
  1589.500  1.16341e-13
  1590.000  1.16353e-13
  1590.500  1.16366e-13
  1591.000  1.16378e-13
  1591.500  1.16390e-13
  1592.000  1.16402e-13
  1592.500  1.16415e-13
  1593.000  1.16427e-13
  1593.500  1.16439e-13
  1594.000  1.16452e-13
  1594.500  1.16464e-13
  1595.000  1.16476e-13
  1595.500  1.16437e-13
  1596.000  1.16397e-13
  1596.500  1.16358e-13
  1597.000  1.16318e-13
  1597.500  1.16279e-13
  1598.000  1.16239e-13
  1598.500  1.16200e-13
  1599.000  1.16160e-13
  1599.500  1.16121e-13
  1600.000  1.16081e-13
  1600.500  1.15992e-13
  1601.000  1.15952e-13
  1601.500  1.15913e-13
  1602.000  1.15873e-13
  1602.500  1.15829e-13
  1603.000  1.15789e-13
  1603.500  1.15750e-13
  1604.000  1.15710e-13
  1604.500  1.15671e-13
  1605.000  1.15631e-13
  1605.500  1.15598e-13
  1606.000  1.15565e-13
  1606.500  1.15531e-13
  1607.000  1.15498e-13
  1607.500  1.15465e-13
  1608.000  1.15432e-13
  1608.500  1.15400e-13
  1609.000  1.15367e-13
  1609.500  1.15335e-13
  1610.000  1.15304e-13
  1610.500  1.15273e-13
  1611.000  1.15242e-13
  1611.500  1.15213e-13
  1612.000  1.15186e-13
  1612.500  1.15159e-13
  1613.000  1.15136e-13
  1613.500  1.15115e-13
  1614.000  1.15098e-13
  1614.500  1.15086e-13
  1615.000  1.15079e-13
  1615.500  1.15070e-13
  1616.000  1.15069e-13
  1616.500  1.15080e-13
  1617.000  1.15105e-13
  1617.500  1.15147e-13
  1618.000  1.15208e-13
  1618.500  1.15295e-13
  1619.000  1.15411e-13
  1619.500  1.15562e-13
  1620.000  1.15754e-13
  1620.500  1.15978e-13
  1621.000  1.16275e-13
  1621.500  1.16636e-13
  1622.000  1.17072e-13
  1622.500  1.17593e-13
  1623.000  1.18211e-13
  1623.500  1.18938e-13
  1624.000  1.19787e-13
  1624.500  1.20775e-13
  1625.000  1.21917e-13
  1625.500  1.23276e-13
  1626.000  1.24837e-13
  1626.500  1.26633e-13
  1627.000  1.28710e-13
  1627.500  1.31134e-13
  1628.000  1.33999e-13
  1628.500  1.37438e-13
  1629.000  1.41640e-13
  1629.500  1.46863e-13
  1630.000  1.53460e-13
  1630.500  1.61887e-13
  1631.000  1.72726e-13
  1631.500  1.86684e-13
  1632.000  2.04591e-13
  1632.500  2.27366e-13
  1633.000  2.55974e-13
  1633.500  2.91345e-13
  1634.000  3.34270e-13
  1634.500  3.85281e-13
  1635.000  4.44514e-13
  1635.500  5.11599e-13
  1636.000  5.85494e-13
  1636.500  6.64484e-13
  1637.000  7.46159e-13
  1637.500  8.27502e-13
  1638.000  9.05039e-13
  1638.500  9.75079e-13
  1639.000  1.03400e-12
  1639.500  1.07856e-12
  1640.000  1.10621e-12
  1640.500  1.11530e-12
  1641.000  1.10531e-12
  1641.500  1.07681e-12
  1642.000  1.03150e-12
  1642.500  9.71964e-13
  1643.000  9.01480e-13
  1643.500  8.23673e-13
  1644.000  7.42235e-13
  1644.500  6.60621e-13
  1645.000  5.81824e-13
  1645.500  5.08126e-13
  1646.000  4.41307e-13
  1646.500  3.82358e-13
  1647.000  3.31640e-13
  1647.500  2.88998e-13
  1648.000  2.53886e-13
  1648.500  2.25501e-13
  1649.000  2.02913e-13
  1649.500  1.85157e-13
  1650.000  1.71319e-13
  1650.500  1.60581e-13
  1651.000  1.52247e-13
  1651.500  1.45753e-13
  1652.000  1.40661e-13
  1652.500  1.36647e-13
  1653.000  1.33488e-13
  1653.500  1.31041e-13
  1654.000  1.29227e-13
  1654.500  1.28024e-13
  1655.000  1.27451e-13
  1655.500  1.27671e-13
  1656.000  1.28643e-13
  1656.500  1.30450e-13
  1657.000  1.33174e-13
  1657.500  1.36886e-13
  1658.000  1.41625e-13
  1658.500  1.47389e-13
  1659.000  1.54117e-13
  1659.500  1.61681e-13
  1660.000  1.69878e-13
  1660.500  1.78432e-13
  1661.000  1.87003e-13
  1661.500  1.95206e-13
  1662.000  2.02633e-13
  1662.500  2.08887e-13
  1663.000  2.13616e-13
  1663.500  2.16539e-13
  1664.000  2.17478e-13
  1664.500  2.16372e-13
  1665.000  2.13280e-13
  1665.500  2.08217e-13
  1666.000  2.01624e-13
  1666.500  1.93849e-13
  1667.000  1.85281e-13
  1667.500  1.76320e-13
  1668.000  1.67341e-13
  1668.500  1.58672e-13
  1669.000  1.50575e-13
  1669.500  1.43240e-13
  1670.000  1.36780e-13
  1670.500  1.31239e-13
  1671.000  1.26604e-13
  1671.500  1.22819e-13
  1672.000  1.19795e-13
  1672.500  1.17930e-13
  1673.000  1.16614e-13
  1673.500  1.15742e-13
  1674.000  1.15217e-13
  1674.500  1.14958e-13
  1675.000  1.14896e-13
  1675.500  1.14976e-13
  1676.000  1.15157e-13
  1676.500  1.15406e-13
  1677.000  1.15702e-13
  1677.500  1.15666e-13
  1678.000  1.15650e-13
  1678.500  1.15647e-13
  1679.000  1.15650e-13
  1679.500  1.15658e-13
  1680.000  1.15668e-13
  1680.500  1.15680e-13
  1681.000  1.15691e-13
  1681.500  1.15704e-13
  1682.000  1.15718e-13
  1682.500  1.15731e-13
  1683.000  1.15745e-13
  1683.500  1.15759e-13
  1684.000  1.15772e-13
  1684.500  1.15786e-13
  1685.000  1.15800e-13
  1685.500  1.15734e-13
  1686.000  1.15668e-13
  1686.500  1.15602e-13
  1687.000  1.15537e-13
  1687.500  1.15471e-13
  1688.000  1.15405e-13
  1688.500  1.15339e-13
  1689.000  1.15274e-13
  1689.500  1.15208e-13
  1690.000  1.15142e-13
  1690.500  1.15076e-13
  1691.000  1.15011e-13
  1691.500  1.14945e-13
  1692.000  1.14879e-13
  1692.500  1.14813e-13
  1693.000  1.14748e-13
  1693.500  1.14682e-13
  1694.000  1.14617e-13
  1694.500  1.14551e-13
  1695.000  1.14485e-13
  1695.500  1.14453e-13
  1696.000  1.14420e-13
  1696.500  1.14387e-13
  1697.000  1.14354e-13
  1697.500  1.14321e-13
  1698.000  1.14288e-13
  1698.500  1.14256e-13
  1699.000  1.14223e-13
  1699.500  1.14190e-13
  1700.000  1.14157e-13
  1700.500  1.14125e-13
  1701.000  1.14092e-13
  1701.500  1.14059e-13
  1702.000  1.14027e-13
  1702.500  1.13994e-13
  1703.000  1.13961e-13
  1703.500  1.13928e-13
  1704.000  1.13896e-13
  1704.500  1.13863e-13
  1705.000  1.13831e-13
  1705.500  1.13866e-13
  1706.000  1.13902e-13
  1706.500  1.13937e-13
  1707.000  1.13973e-13
  1707.500  1.14008e-13
  1708.000  1.14044e-13
  1708.500  1.14079e-13
  1709.000  1.14115e-13
  1709.500  1.14150e-13
  1710.000  1.14186e-13
  1710.500  1.14222e-13
  1711.000  1.14257e-13
  1711.500  1.14293e-13
  1712.000  1.14328e-13
  1712.500  1.14364e-13
  1713.000  1.14400e-13
  1713.500  1.14435e-13
  1714.000  1.14471e-13
  1714.500  1.14507e-13
  1715.000  1.14543e-13
  1715.500  1.14536e-13
  1716.000  1.14529e-13
  1716.500  1.14523e-13
  1717.000  1.14516e-13
  1717.500  1.14509e-13
  1718.000  1.14503e-13
  1718.500  1.14496e-13
  1719.000  1.14489e-13
  1719.500  1.14483e-13
  1720.000  1.14476e-13
  1720.500  1.14470e-13
  1721.000  1.14463e-13
  1721.500  1.14457e-13
  1722.000  1.14450e-13
  1722.500  1.14444e-13
  1723.000  1.14437e-13
  1723.500  1.14431e-13
  1724.000  1.14424e-13
  1724.500  1.14418e-13
  1725.000  1.14412e-13
  1725.500  1.14449e-13
  1726.000  1.14487e-13
  1726.500  1.14524e-13
  1727.000  1.14562e-13
  1727.500  1.14599e-13
  1728.000  1.14637e-13
  1728.500  1.14674e-13
  1729.000  1.14712e-13
  1729.500  1.14749e-13
  1730.000  1.14787e-13
  1730.500  1.14825e-13
  1731.000  1.14862e-13
  1731.500  1.14900e-13
  1732.000  1.14938e-13
  1732.500  1.14976e-13
  1733.000  1.15014e-13
  1733.500  1.15053e-13
  1734.000  1.15093e-13
  1734.500  1.15135e-13
  1735.000  1.15180e-13
  1735.500  1.15153e-13
  1736.000  1.15135e-13
  1736.500  1.15131e-13
  1737.000  1.15149e-13
  1737.500  1.15202e-13
  1738.000  1.15306e-13
  1738.500  1.15486e-13
  1739.000  1.15778e-13
  1739.500  1.16228e-13
  1740.000  1.16898e-13
  1740.500  1.17866e-13
  1741.000  1.19228e-13
  1741.500  1.21099e-13
  1742.000  1.23611e-13
  1742.500  1.26910e-13
  1743.000  1.31144e-13
  1743.500  1.36460e-13
  1744.000  1.42982e-13
  1744.500  1.50803e-13
  1745.000  1.59960e-13
  1745.500  1.70518e-13
  1746.000  1.82261e-13
  1746.500  1.94965e-13
  1747.000  2.08331e-13
  1747.500  2.21944e-13
  1748.000  2.35320e-13
  1748.500  2.47924e-13
  1749.000  2.59202e-13
  1749.500  2.68627e-13
  1750.000  2.75729e-13
  1750.500  2.80145e-13
  1751.000  2.81643e-13
  1751.500  2.80149e-13
  1752.000  2.75745e-13
  1752.500  2.68667e-13
  1753.000  2.59284e-13
  1753.500  2.48065e-13
  1754.000  2.35541e-13
  1754.500  2.22267e-13
  1755.000  2.08774e-13
  1755.500  1.95368e-13
  1756.000  1.82631e-13
  1756.500  1.70872e-13
  1757.000  1.60304e-13
  1757.500  1.51041e-13
  1758.000  1.43113e-13
  1758.500  1.36481e-13
  1759.000  1.31052e-13
  1759.500  1.26699e-13
  1760.000  1.23277e-13
  1760.500  1.20634e-13
  1761.000  1.18628e-13
  1761.500  1.17126e-13
  1762.000  1.16015e-13
  1762.500  1.15198e-13
  1763.000  1.14598e-13
  1763.500  1.14155e-13
  1764.000  1.13820e-13
  1764.500  1.13562e-13
  1765.000  1.13355e-13
  1765.500  1.13360e-13
  1766.000  1.13387e-13
  1766.500  1.13427e-13
  1767.000  1.13476e-13
  1767.500  1.13530e-13
  1768.000  1.13587e-13
  1768.500  1.13646e-13
  1769.000  1.13706e-13
  1769.500  1.13766e-13
  1770.000  1.13827e-13
  1770.500  1.13888e-13
  1771.000  1.13949e-13
  1771.500  1.14010e-13
  1772.000  1.14072e-13
  1772.500  1.14133e-13
  1773.000  1.14194e-13
  1773.500  1.14255e-13
  1774.000  1.14316e-13
  1774.500  1.14378e-13
  1775.000  1.14439e-13
  1775.500  1.14395e-13
  1776.000  1.14351e-13
  1776.500  1.14308e-13
  1777.000  1.14264e-13
  1777.500  1.14221e-13
  1778.000  1.14177e-13
  1778.500  1.14134e-13
  1779.000  1.14090e-13
  1779.500  1.14047e-13
  1780.000  1.14003e-13
  1780.500  1.13960e-13
  1781.000  1.13916e-13
  1781.500  1.13873e-13
  1782.000  1.13829e-13
  1782.500  1.13786e-13
  1783.000  1.13743e-13
  1783.500  1.13699e-13
  1784.000  1.13656e-13
  1784.500  1.13612e-13
  1785.000  1.13569e-13
  1785.500  1.13677e-13
  1786.000  1.13786e-13
  1786.500  1.13894e-13
  1787.000  1.14003e-13
  1787.500  1.14111e-13
  1788.000  1.14219e-13
  1788.500  1.14328e-13
  1789.000  1.14436e-13
  1789.500  1.14545e-13
  1790.000  1.14653e-13
  1790.500  1.14761e-13
  1791.000  1.14870e-13
  1791.500  1.14978e-13
  1792.000  1.15087e-13
  1792.500  1.15195e-13
  1793.000  1.15304e-13
  1793.500  1.15412e-13
  1794.000  1.15521e-13
  1794.500  1.15629e-13
  1795.000  1.15738e-13
  1795.500  1.15686e-13
  1796.000  1.15635e-13
  1796.500  1.15586e-13
  1797.000  1.15540e-13
  1797.500  1.15502e-13
  1798.000  1.15479e-13
  1798.500  1.15488e-13
  1799.000  1.15553e-13
  1799.500  1.15722e-13
  1800.000  1.16066e-13
  1800.500  1.16698e-13
  1801.000  1.17777e-13
  1801.500  1.19517e-13
  1802.000  1.22184e-13
  1802.500  1.26076e-13
  1803.000  1.31492e-13
  1803.500  1.38671e-13
  1804.000  1.47724e-13
  1804.500  1.58555e-13
  1805.000  1.70804e-13
  1805.500  1.83886e-13
  1806.000  1.96821e-13
  1806.500  2.08526e-13
  1807.000  2.17889e-13
  1807.500  2.23943e-13
  1808.000  2.26028e-13
  1808.500  2.23913e-13
  1809.000  2.17836e-13
  1809.500  2.08461e-13
  1810.000  1.96760e-13
  1810.500  1.83843e-13
  1811.000  1.70795e-13
  1811.500  1.58524e-13
  1812.000  1.47678e-13
  1812.500  1.38613e-13
  1813.000  1.31422e-13
  1813.500  1.25991e-13
  1814.000  1.22080e-13
  1814.500  1.19391e-13
  1815.000  1.17623e-13
  1815.500  1.16439e-13
  1816.000  1.15700e-13
  1816.500  1.15246e-13
  1817.000  1.14967e-13
  1817.500  1.14790e-13
  1818.000  1.14670e-13
  1818.500  1.14581e-13
  1819.000  1.14506e-13
  1819.500  1.14440e-13
  1820.000  1.14377e-13
  1820.500  1.14316e-13
  1821.000  1.14255e-13
  1821.500  1.14195e-13
  1822.000  1.14134e-13
  1822.500  1.14074e-13
  1823.000  1.14014e-13
  1823.500  1.13954e-13
  1824.000  1.13894e-13
  1824.500  1.13834e-13
  1825.000  1.13773e-13
  1825.500  1.13718e-13
  1826.000  1.13662e-13
  1826.500  1.13606e-13
  1827.000  1.13550e-13
  1827.500  1.13494e-13
  1828.000  1.13438e-13
  1828.500  1.13383e-13
  1829.000  1.13327e-13
  1829.500  1.13271e-13
  1830.000  1.13215e-13
  1830.500  1.13160e-13
  1831.000  1.13104e-13
  1831.500  1.13048e-13
  1832.000  1.12993e-13
  1832.500  1.12937e-13
  1833.000  1.12881e-13
  1833.500  1.12826e-13
  1834.000  1.12770e-13
  1834.500  1.12714e-13
  1835.000  1.12659e-13
  1835.500  1.12602e-13
  1836.000  1.12545e-13
  1836.500  1.12489e-13
  1837.000  1.12432e-13
  1837.500  1.12376e-13
  1838.000  1.12319e-13
  1838.500  1.12263e-13
  1839.000  1.12206e-13
  1839.500  1.12150e-13
  1840.000  1.12093e-13
  1840.500  1.12037e-13
  1841.000  1.11980e-13
  1841.500  1.11924e-13
  1842.000  1.11868e-13
  1842.500  1.11811e-13
  1843.000  1.11754e-13
  1843.500  1.11698e-13
  1844.000  1.11642e-13
  1844.500  1.11585e-13
  1845.000  1.11529e-13
  1845.500  1.11573e-13
  1846.000  1.11617e-13
  1846.500  1.11662e-13
  1847.000  1.11706e-13
  1847.500  1.11750e-13
  1848.000  1.11795e-13
  1848.500  1.11839e-13
  1849.000  1.11883e-13
  1849.500  1.11928e-13
  1850.000  1.11972e-13
  1850.500  1.12017e-13
  1851.000  1.12061e-13
  1851.500  1.12105e-13
  1852.000  1.12150e-13
  1852.500  1.12194e-13
  1853.000  1.12239e-13
  1853.500  1.12283e-13
  1854.000  1.12327e-13
  1854.500  1.12372e-13
  1855.000  1.12416e-13
  1855.500  1.12456e-13
  1856.000  1.12496e-13
  1856.500  1.12535e-13
  1857.000  1.12575e-13
  1857.500  1.12614e-13
  1858.000  1.12654e-13
  1858.500  1.12694e-13
  1859.000  1.12733e-13
  1859.500  1.12773e-13
  1860.000  1.12813e-13
  1860.500  1.12852e-13
  1861.000  1.12892e-13
  1861.500  1.12931e-13
  1862.000  1.12971e-13
  1862.500  1.13011e-13
  1863.000  1.13050e-13
  1863.500  1.13090e-13
  1864.000  1.13130e-13
  1864.500  1.13170e-13
  1865.000  1.13209e-13
  1865.500  1.13170e-13
  1866.000  1.13130e-13
  1866.500  1.13090e-13
  1867.000  1.13051e-13
  1867.500  1.13011e-13
  1868.000  1.12972e-13
  1868.500  1.12932e-13
  1869.000  1.12892e-13
  1869.500  1.12853e-13
  1870.000  1.12813e-13
  1870.500  1.12774e-13
  1871.000  1.12734e-13
  1871.500  1.12695e-13
  1872.000  1.12655e-13
  1872.500  1.12616e-13
  1873.000  1.12576e-13
  1873.500  1.12537e-13
  1874.000  1.12497e-13
  1874.500  1.12458e-13
  1875.000  1.12418e-13
  1875.500  1.12409e-13
  1876.000  1.12410e-13
  1876.500  1.12412e-13
  1877.000  1.12413e-13
  1877.500  1.12414e-13
  1878.000  1.12416e-13
  1878.500  1.12417e-13
  1879.000  1.12419e-13
  1879.500  1.12420e-13
  1880.000  1.12421e-13
  1880.500  1.12423e-13
  1881.000  1.12424e-13
  1881.500  1.12426e-13
  1882.000  1.12427e-13
  1882.500  1.12429e-13
  1883.000  1.12430e-13
  1883.500  1.12432e-13
  1884.000  1.12433e-13
  1884.500  1.12435e-13
  1885.000  1.12437e-13
  1885.500  1.12474e-13
  1886.000  1.12511e-13
  1886.500  1.12549e-13
  1887.000  1.12587e-13
  1887.500  1.12626e-13
  1888.000  1.12667e-13
  1888.500  1.12712e-13
  1889.000  1.12762e-13
  1889.500  1.12820e-13
  1890.000  1.12894e-13
  1890.500  1.12989e-13
  1891.000  1.13119e-13
  1891.500  1.13304e-13
  1892.000  1.13569e-13
  1892.500  1.13956e-13
  1893.000  1.14517e-13
  1893.500  1.15331e-13
  1894.000  1.16500e-13
  1894.500  1.18160e-13
  1895.000  1.20488e-13
  1895.500  1.23616e-13
  1896.000  1.27913e-13
  1896.500  1.33715e-13
  1897.000  1.41415e-13
  1897.500  1.51460e-13
  1898.000  1.64344e-13
  1898.500  1.80590e-13
  1899.000  2.00724e-13
  1899.500  2.25244e-13
  1900.000  2.54580e-13
  1900.500  2.89045e-13
  1901.000  3.28787e-13
  1901.500  3.73738e-13
  1902.000  4.23574e-13
  1902.500  4.77673e-13
  1903.000  5.35107e-13
  1903.500  5.94639e-13
  1904.000  6.54753e-13
  1904.500  7.13697e-13
  1905.000  7.69579e-13
  1905.500  8.20514e-13
  1906.000  8.64524e-13
  1906.500  8.99887e-13
  1907.000  9.25154e-13
  1907.500  9.39255e-13
  1908.000  9.41579e-13
  1908.500  9.32019e-13
  1909.000  9.10971e-13
  1909.500  8.79303e-13
  1910.000  8.38323e-13
  1910.500  7.89659e-13
  1911.000  7.35159e-13
  1911.500  6.76796e-13
  1912.000  6.16521e-13
  1912.500  5.56175e-13
  1913.000  4.97399e-13
  1913.500  4.41571e-13
  1914.000  3.89753e-13
  1914.500  3.42698e-13
  1915.000  3.00846e-13
  1915.500  2.64307e-13
  1916.000  2.33049e-13
  1916.500  2.06805e-13
  1917.000  1.85166e-13
  1917.500  1.67640e-13
  1918.000  1.53691e-13
  1918.500  1.42777e-13
  1919.000  1.34381e-13
  1919.500  1.28028e-13
  1920.000  1.23298e-13
  1920.500  1.19831e-13
  1921.000  1.17330e-13
  1921.500  1.15551e-13
  1922.000  1.14303e-13
  1922.500  1.13438e-13
  1923.000  1.12845e-13
  1923.500  1.12440e-13
  1924.000  1.12164e-13
  1924.500  1.11975e-13
  1925.000  1.11843e-13
  1925.500  1.11640e-13
  1926.000  1.11461e-13
  1926.500  1.11297e-13
  1927.000  1.11141e-13
  1927.500  1.10992e-13
  1928.000  1.10845e-13
  1928.500  1.10700e-13
  1929.000  1.10557e-13
  1929.500  1.10414e-13
  1930.000  1.10272e-13
  1930.500  1.10130e-13
  1931.000  1.09988e-13
  1931.500  1.09846e-13
  1932.000  1.09704e-13
  1932.500  1.09563e-13
  1933.000  1.09421e-13
  1933.500  1.09279e-13
  1934.000  1.09137e-13
  1934.500  1.08996e-13
  1935.000  1.08854e-13
  1935.500  1.09029e-13
  1936.000  1.09204e-13
  1936.500  1.09379e-13
  1937.000  1.09554e-13
  1937.500  1.09729e-13
  1938.000  1.09904e-13
  1938.500  1.10079e-13
  1939.000  1.10254e-13
  1939.500  1.10429e-13
  1940.000  1.10604e-13
  1940.500  1.10779e-13
  1941.000  1.10954e-13
  1941.500  1.11129e-13
  1942.000  1.11304e-13
  1942.500  1.11479e-13
  1943.000  1.11654e-13
  1943.500  1.11829e-13
  1944.000  1.12004e-13
  1944.500  1.12180e-13
  1945.000  1.12354e-13
  1945.500  1.12350e-13
  1946.000  1.12346e-13
  1946.500  1.12341e-13
  1947.000  1.12337e-13
  1947.500  1.12333e-13
  1948.000  1.12329e-13
  1948.500  1.12325e-13
  1949.000  1.12321e-13
  1949.500  1.12317e-13
  1950.000  1.12312e-13
  1950.500  1.12308e-13
  1951.000  1.12304e-13
  1951.500  1.12300e-13
  1952.000  1.12296e-13
  1952.500  1.12292e-13
  1953.000  1.12288e-13
  1953.500  1.12250e-13
  1954.000  1.12246e-13
  1954.500  1.12239e-13
  1955.000  1.12234e-13
  1955.500  1.12274e-13
  1956.000  1.12314e-13
  1956.500  1.12347e-13
  1957.000  1.12386e-13
  1957.500  1.12426e-13
  1958.000  1.12465e-13
  1958.500  1.12505e-13
  1959.000  1.12545e-13
  1959.500  1.12584e-13
  1960.000  1.12624e-13
  1960.500  1.12664e-13
  1961.000  1.12703e-13
  1961.500  1.12743e-13
  1962.000  1.12783e-13
  1962.500  1.12806e-13
  1963.000  1.12846e-13
  1963.500  1.12885e-13
  1964.000  1.12925e-13
  1964.500  1.12965e-13
  1965.000  1.13004e-13
  1965.500  1.13044e-13
  1966.000  1.13084e-13
  1966.500  1.13124e-13
  1967.000  1.13163e-13
  1967.500  1.13124e-13
  1968.000  1.13087e-13
  1968.500  1.13050e-13
  1969.000  1.13013e-13
  1969.500  1.12977e-13
  1970.000  1.12940e-13
  1970.500  1.12904e-13
  1971.000  1.12867e-13
  1971.500  1.12830e-13
  1972.000  1.12794e-13
  1972.500  1.12757e-13
  1973.000  1.12720e-13
  1973.500  1.12684e-13
  1974.000  1.12647e-13
  1974.500  1.12610e-13
  1975.000  1.12574e-13
  1975.500  1.12537e-13
  1976.000  1.12501e-13
  1976.500  1.12501e-13
  1977.000  1.12500e-13
  1977.500  1.12500e-13
  1978.000  1.12499e-13
  1978.500  1.12499e-13
  1979.000  1.12499e-13
  1979.500  1.12499e-13
  1980.000  1.12498e-13
  1980.500  1.12498e-13
  1981.000  1.12498e-13
  1981.500  1.12497e-13
  1982.000  1.12497e-13
  1982.500  1.12497e-13
  1983.000  1.12496e-13
  1983.500  1.12496e-13
  1984.000  1.12496e-13
  1984.500  1.12473e-13
  1985.000  1.12450e-13
  1985.500  1.12426e-13
  1986.000  1.12403e-13
  1986.500  1.12380e-13
  1987.000  1.12357e-13
  1987.500  1.12334e-13
  1988.000  1.12311e-13
  1988.500  1.12287e-13
  1989.000  1.12264e-13
  1989.500  1.12241e-13
  1990.000  1.12218e-13
  1990.500  1.12195e-13
  1991.000  1.12172e-13
  1991.500  1.12149e-13
  1992.000  1.12126e-13
  1992.500  1.12103e-13
  1993.000  1.12080e-13
  1993.500  1.12057e-13
  1994.000  1.12034e-13
  1994.500  1.12011e-13
  1995.000  1.11988e-13
  1995.500  1.11933e-13
  1996.000  1.11879e-13
  1996.500  1.11824e-13
  1997.000  1.11770e-13
  1997.500  1.11715e-13
  1998.000  1.11661e-13
  1998.500  1.11606e-13
  1999.000  1.11552e-13
  1999.500  1.11481e-13
  2000.000  1.11427e-13
  2000.500  1.11372e-13
  2001.000  1.11318e-13
  2001.500  1.11264e-13
  2002.000  1.11209e-13
  2002.500  1.11155e-13
  2003.000  1.11100e-13
  2003.500  1.11046e-13
  2004.000  1.10992e-13
  2004.500  1.10937e-13
  2005.000  1.10883e-13
  2005.500  1.10847e-13
  2006.000  1.10812e-13
  2006.500  1.10777e-13
  2007.000  1.10742e-13
  2007.500  1.10707e-13
  2008.000  1.10671e-13
  2008.500  1.10636e-13
  2009.000  1.10601e-13
  2009.500  1.10566e-13
  2010.000  1.10531e-13
  2010.500  1.10496e-13
  2011.000  1.10460e-13
  2011.500  1.10425e-13
  2012.000  1.10390e-13
  2012.500  1.10355e-13
  2013.000  1.10320e-13
  2013.500  1.10285e-13
  2014.000  1.10250e-13
  2014.500  1.10214e-13
  2015.000  1.10180e-13
  2015.500  1.10134e-13
  2016.000  1.10091e-13
  2016.500  1.10047e-13
  2017.000  1.10004e-13
  2017.500  1.09961e-13
  2018.000  1.09917e-13
  2018.500  1.09873e-13
  2019.000  1.09830e-13
  2019.500  1.09787e-13
  2020.000  1.09743e-13
  2020.500  1.09700e-13
  2021.000  1.09656e-13
  2021.500  1.09613e-13
  2022.000  1.09569e-13
  2022.500  1.09526e-13
  2023.000  1.09483e-13
  2023.500  1.09432e-13
  2024.000  1.09388e-13
  2024.500  1.09344e-13
  2025.000  1.09301e-13
  2025.500  1.09370e-13
  2026.000  1.09438e-13
  2026.500  1.09507e-13
  2027.000  1.09576e-13
  2027.500  1.09645e-13
  2028.000  1.09714e-13
  2028.500  1.09783e-13
  2029.000  1.09852e-13
  2029.500  1.09921e-13
  2030.000  1.09990e-13
  2030.500  1.10059e-13
  2031.000  1.10128e-13
  2031.500  1.10197e-13
  2032.000  1.10266e-13
  2032.500  1.10334e-13
  2033.000  1.10404e-13
  2033.500  1.10473e-13
  2034.000  1.10542e-13
  2034.500  1.10611e-13
  2035.000  1.10679e-13
  2035.500  1.10727e-13
  2036.000  1.10775e-13
  2036.500  1.10822e-13
  2037.000  1.10867e-13
  2037.500  1.10914e-13
  2038.000  1.10962e-13
  2038.500  1.11010e-13
  2039.000  1.11057e-13
  2039.500  1.11105e-13
  2040.000  1.11153e-13
  2040.500  1.11200e-13
  2041.000  1.11248e-13
  2041.500  1.11295e-13
  2042.000  1.11343e-13
  2042.500  1.11391e-13
  2043.000  1.11438e-13
  2043.500  1.11486e-13
  2044.000  1.11534e-13
  2044.500  1.11582e-13
  2045.000  1.11629e-13
  2045.500  1.11574e-13
  2046.000  1.11519e-13
  2046.500  1.11463e-13
  2047.000  1.11408e-13
  2047.500  1.11353e-13
  2048.000  1.11297e-13
  2048.500  1.11242e-13
  2049.000  1.11185e-13
  2049.500  1.11130e-13
  2050.000  1.11075e-13
  2050.500  1.10949e-13
  2051.000  1.10894e-13
  2051.500  1.10839e-13
  2052.000  1.10784e-13
  2052.500  1.10728e-13
  2053.000  1.10673e-13
  2053.500  1.10618e-13
  2054.000  1.10562e-13
  2054.500  1.10506e-13
  2055.000  1.10451e-13
  2055.500  1.10408e-13
  2056.000  1.10366e-13
  2056.500  1.10323e-13
  2057.000  1.10280e-13
  2057.500  1.10237e-13
  2058.000  1.10195e-13
  2058.500  1.10152e-13
  2059.000  1.10109e-13
  2059.500  1.10067e-13
  2060.000  1.10024e-13
  2060.500  1.09981e-13
  2061.000  1.09939e-13
  2061.500  1.09896e-13
  2062.000  1.09853e-13
  2062.500  1.09811e-13
  2063.000  1.09768e-13
  2063.500  1.09726e-13
  2064.000  1.09683e-13
  2064.500  1.09640e-13
  2065.000  1.09598e-13
  2065.500  1.09715e-13
  2066.000  1.09832e-13
  2066.500  1.09949e-13
  2067.000  1.10066e-13
  2067.500  1.10183e-13
  2068.000  1.10300e-13
  2068.500  1.10417e-13
  2069.000  1.10534e-13
  2069.500  1.10651e-13
  2070.000  1.10768e-13
  2070.500  1.10885e-13
  2071.000  1.11002e-13
  2071.500  1.11119e-13
  2072.000  1.11236e-13
  2072.500  1.11353e-13
  2073.000  1.11470e-13
  2073.500  1.11587e-13
  2074.000  1.11704e-13
  2074.500  1.11996e-13
  2075.000  1.12289e-13
  2075.500  1.12581e-13
  2076.000  1.12873e-13
  2076.500  1.13166e-13
  2077.000  1.13458e-13
  2077.500  1.13750e-13
  2078.000  1.14043e-13
  2078.500  1.14050e-13
  2079.000  1.14057e-13
  2079.500  1.14064e-13
  2080.000  1.14072e-13
  2080.500  1.14079e-13
  2081.000  1.14086e-13
  2081.500  1.14093e-13
  2082.000  1.14100e-13
  2082.500  1.14107e-13
  2083.000  1.14114e-13
  2083.500  1.14121e-13
  2084.000  1.14129e-13
  2084.500  1.14136e-13
  2085.000  1.14143e-13
  2085.500  1.14081e-13
  2086.000  1.14018e-13
  2086.500  1.13956e-13
  2087.000  1.13894e-13
  2087.500  1.13832e-13
  2088.000  1.13770e-13
  2088.500  1.13708e-13
  2089.000  1.13645e-13
  2089.500  1.13583e-13
  2090.000  1.13521e-13
  2090.500  1.13459e-13
  2091.000  1.13397e-13
  2091.500  1.13335e-13
  2092.000  1.13273e-13
  2092.500  1.13211e-13
  2093.000  1.13149e-13
  2093.500  1.13086e-13
  2094.000  1.13024e-13
  2094.500  1.12962e-13
  2095.000  1.12900e-13
  2095.500  1.12820e-13
  2096.000  1.12740e-13
  2096.500  1.12661e-13
  2097.000  1.12581e-13
  2097.500  1.12501e-13
  2098.000  1.12421e-13
  2098.500  1.12341e-13
  2099.000  1.12261e-13
  2099.500  1.12181e-13
  2100.000  1.12102e-13
  2100.500  1.12022e-13
  2101.000  1.11942e-13
  2101.500  1.11862e-13
  2102.000  1.11782e-13
  2102.500  1.11702e-13
  2103.000  1.11623e-13
  2103.500  1.11543e-13
  2104.000  1.11463e-13
  2104.500  1.11383e-13
  2105.000  1.11304e-13
  2105.500  1.11322e-13
  2106.000  1.11341e-13
  2106.500  1.11360e-13
  2107.000  1.11379e-13
  2107.500  1.11397e-13
  2108.000  1.11416e-13
  2108.500  1.11435e-13
  2109.000  1.11454e-13
  2109.500  1.11473e-13
  2110.000  1.11491e-13
  2110.500  1.11510e-13
  2111.000  1.11529e-13
  2111.500  1.11548e-13
  2112.000  1.11567e-13
  2112.500  1.11586e-13
  2113.000  1.11605e-13
  2113.500  1.11624e-13
  2114.000  1.11643e-13
  2114.500  1.11661e-13
  2115.000  1.11680e-13
  2115.500  1.11659e-13
  2116.000  1.11638e-13
  2116.500  1.11617e-13
  2117.000  1.11596e-13
  2117.500  1.11574e-13
  2118.000  1.11553e-13
  2118.500  1.11532e-13
  2119.000  1.11511e-13
  2119.500  1.11490e-13
  2120.000  1.11468e-13
  2120.500  1.11447e-13
  2121.000  1.11426e-13
  2121.500  1.11405e-13
  2122.000  1.11384e-13
  2122.500  1.11363e-13
  2123.000  1.11341e-13
  2123.500  1.11320e-13
  2124.000  1.11299e-13
  2124.500  1.11278e-13
  2125.000  1.11257e-13
  2125.500  1.11123e-13
  2126.000  1.10988e-13
  2126.500  1.10854e-13
  2127.000  1.10719e-13
  2127.500  1.10585e-13
  2128.000  1.10450e-13
  2128.500  1.10316e-13
  2129.000  1.10181e-13
  2129.500  1.10047e-13
  2130.000  1.09912e-13
  2130.500  1.09778e-13
  2131.000  1.09643e-13
  2131.500  1.09509e-13
  2132.000  1.09374e-13
  2132.500  1.09240e-13
  2133.000  1.09106e-13
  2133.500  1.08971e-13
  2134.000  1.08837e-13
  2134.500  1.08703e-13
  2135.000  1.08568e-13
  2135.500  1.08685e-13
  2136.000  1.08802e-13
  2136.500  1.08919e-13
  2137.000  1.09036e-13
  2137.500  1.09153e-13
  2138.000  1.09270e-13
  2138.500  1.09387e-13
  2139.000  1.09504e-13
  2139.500  1.09621e-13
  2140.000  1.09738e-13
  2140.500  1.09855e-13
  2141.000  1.09972e-13
  2141.500  1.10089e-13
  2142.000  1.10206e-13
  2142.500  1.10323e-13
  2143.000  1.10440e-13
  2143.500  1.10557e-13
  2144.000  1.10674e-13
  2144.500  1.10791e-13
  2145.000  1.10908e-13
  2145.500  1.10917e-13
  2146.000  1.10926e-13
  2146.500  1.10935e-13
  2147.000  1.10944e-13
  2147.500  1.10953e-13
  2148.000  1.10962e-13
  2148.500  1.10971e-13
  2149.000  1.10979e-13
  2149.500  1.10989e-13
  2150.000  1.10997e-13
  2150.500  1.11006e-13
  2151.000  1.11015e-13
  2151.500  1.11024e-13
  2152.000  1.11033e-13
  2152.500  1.11042e-13
  2153.000  1.11051e-13
  2153.500  1.11060e-13
  2154.000  1.11069e-13
  2154.500  1.11078e-13
  2155.000  1.11087e-13
  2155.500  1.10996e-13
  2156.000  1.10904e-13
  2156.500  1.10813e-13
  2157.000  1.10722e-13
  2157.500  1.10630e-13
  2158.000  1.10539e-13
  2158.500  1.10447e-13
  2159.000  1.10356e-13
  2159.500  1.10265e-13
  2160.000  1.10173e-13
  2160.500  1.10082e-13
  2161.000  1.09991e-13
  2161.500  1.09899e-13
  2162.000  1.09808e-13
  2162.500  1.09717e-13
  2163.000  1.09625e-13
  2163.500  1.09534e-13
  2164.000  1.09443e-13
  2164.500  1.09351e-13
  2165.000  1.09260e-13
  2165.500  1.09264e-13
  2166.000  1.09268e-13
  2166.500  1.09271e-13
  2167.000  1.09275e-13
  2167.500  1.09279e-13
  2168.000  1.09283e-13
  2168.500  1.09286e-13
  2169.000  1.09290e-13
  2169.500  1.09294e-13
  2170.000  1.09298e-13
  2170.500  1.09302e-13
  2171.000  1.09306e-13
  2171.500  1.09309e-13
  2172.000  1.09313e-13
  2172.500  1.09317e-13
  2173.000  1.09321e-13
  2173.500  1.09325e-13
  2174.000  1.09329e-13
  2174.500  1.09324e-13
  2175.000  1.09328e-13
  2175.500  1.09376e-13
  2176.000  1.09424e-13
  2176.500  1.09471e-13
  2177.000  1.09520e-13
  2177.500  1.09567e-13
  2178.000  1.09615e-13
  2178.500  1.09663e-13
  2179.000  1.09711e-13
  2179.500  1.09759e-13
  2180.000  1.09807e-13
  2180.500  1.09855e-13
  2181.000  1.09903e-13
  2181.500  1.09951e-13
  2182.000  1.09999e-13
  2182.500  1.10047e-13
  2183.000  1.10095e-13
  2183.500  1.10143e-13
  2184.000  1.10191e-13
  2184.500  1.10239e-13
  2185.000  1.10287e-13
  2185.500  1.10338e-13
  2186.000  1.10390e-13
  2186.500  1.10441e-13
  2187.000  1.10492e-13
  2187.500  1.10544e-13
  2188.000  1.10595e-13
  2188.500  1.10646e-13
  2189.000  1.10698e-13
  2189.500  1.10749e-13
  2190.000  1.10800e-13
  2190.500  1.10851e-13
  2191.000  1.10903e-13
  2191.500  1.10954e-13
  2192.000  1.11006e-13
  2192.500  1.11057e-13
  2193.000  1.11108e-13
  2193.500  1.11160e-13
  2194.000  1.11211e-13
  2194.500  1.11263e-13
  2195.000  1.11314e-13
  2195.500  1.11254e-13
  2196.000  1.11194e-13
  2196.500  1.11134e-13
  2197.000  1.11074e-13
  2197.500  1.11014e-13
  2198.000  1.10954e-13
  2198.500  1.10894e-13
  2199.000  1.10834e-13
  2199.500  1.10774e-13
  2200.000  1.10714e-13
  2200.500  1.10654e-13
  2201.000  1.10594e-13
  2201.500  1.10534e-13
  2202.000  1.10474e-13
  2202.500  1.10414e-13
  2203.000  1.10354e-13
  2203.500  1.10294e-13
  2204.000  1.10234e-13
  2204.500  1.10174e-13
  2205.000  1.10114e-13
  2205.500  1.09981e-13
  2206.000  1.09847e-13
  2206.500  1.09714e-13
  2207.000  1.09581e-13
  2207.500  1.09447e-13
  2208.000  1.09314e-13
  2208.500  1.09181e-13
  2209.000  1.09047e-13
  2209.500  1.08914e-13
  2210.000  1.08781e-13
  2210.500  1.08647e-13
  2211.000  1.08514e-13
  2211.500  1.08381e-13
  2212.000  1.08247e-13
  2212.500  1.08114e-13
  2213.000  1.07981e-13
  2213.500  1.07847e-13
  2214.000  1.07714e-13
  2214.500  1.07581e-13
  2215.000  1.07448e-13
  2215.500  1.07437e-13
  2216.000  1.07427e-13
  2216.500  1.07416e-13
  2217.000  1.07406e-13
  2217.500  1.07395e-13
  2218.000  1.07385e-13
  2218.500  1.07374e-13
  2219.000  1.07364e-13
  2219.500  1.07353e-13
  2220.000  1.07343e-13
  2220.500  1.07332e-13
  2221.000  1.07322e-13
  2221.500  1.07311e-13
  2222.000  1.07301e-13
  2222.500  1.07290e-13
  2223.000  1.07280e-13
  2223.500  1.07269e-13
  2224.000  1.07259e-13
  2224.500  1.07248e-13
  2225.000  1.07238e-13
  2225.500  1.07396e-13
  2226.000  1.07554e-13
  2226.500  1.07713e-13
  2227.000  1.07871e-13
  2227.500  1.08029e-13
  2228.000  1.08188e-13
  2228.500  1.08346e-13
  2229.000  1.08504e-13
  2229.500  1.08662e-13
  2230.000  1.08820e-13
  2230.500  1.08979e-13
  2231.000  1.09137e-13
  2231.500  1.09295e-13
  2232.000  1.09454e-13
  2232.500  1.09612e-13
  2233.000  1.09770e-13
  2233.500  1.09929e-13
  2234.000  1.10087e-13
  2234.500  1.10245e-13
  2235.000  1.10404e-13
  2235.500  1.10331e-13
  2236.000  1.10259e-13
  2236.500  1.10187e-13
  2237.000  1.10114e-13
  2237.500  1.10042e-13
  2238.000  1.09969e-13
  2238.500  1.09897e-13
  2239.000  1.09825e-13
  2239.500  1.09752e-13
  2240.000  1.09680e-13
  2240.500  1.09608e-13
  2241.000  1.09535e-13
  2241.500  1.09463e-13
  2242.000  1.09391e-13
  2242.500  1.09318e-13
  2243.000  1.09246e-13
  2243.500  1.09173e-13
  2244.000  1.09101e-13
  2244.500  1.09029e-13
  2245.000  1.08956e-13
  2245.500  1.08824e-13
  2246.000  1.08692e-13
  2246.500  1.08561e-13
  2247.000  1.08429e-13
  2247.500  1.08298e-13
  2248.000  1.08166e-13
  2248.500  1.08034e-13
  2249.000  1.07903e-13
  2249.500  1.07771e-13
  2250.000  1.07640e-13
  2250.500  1.07508e-13
  2251.000  1.07376e-13
  2251.500  1.07245e-13
  2252.000  1.07113e-13
  2252.500  1.06981e-13
  2253.000  1.06850e-13
  2253.500  1.06718e-13
  2254.000  1.06587e-13
  2254.500  1.06455e-13
  2255.000  1.06324e-13
  2255.500  1.06318e-13
  2256.000  1.06311e-13
  2256.500  1.06305e-13
  2257.000  1.06299e-13
  2257.500  1.06292e-13
  2258.000  1.06286e-13
  2258.500  1.06280e-13
  2259.000  1.06273e-13
  2259.500  1.06267e-13
  2260.000  1.06261e-13
  2260.500  1.06254e-13
  2261.000  1.06248e-13
  2261.500  1.06242e-13
  2262.000  1.06236e-13
  2262.500  1.06227e-13
  2263.000  1.06221e-13
  2263.500  1.06215e-13
  2264.000  1.06209e-13
  2264.500  1.06202e-13
  2265.000  1.06196e-13
  2265.500  1.06271e-13
  2266.000  1.06346e-13
  2266.500  1.06420e-13
  2267.000  1.06495e-13
  2267.500  1.06570e-13
  2268.000  1.06645e-13
  2268.500  1.06719e-13
  2269.000  1.06794e-13
  2269.500  1.06869e-13
  2270.000  1.06944e-13
  2270.500  1.07018e-13
  2271.000  1.07093e-13
  2271.500  1.07168e-13
  2272.000  1.07243e-13
  2272.500  1.07317e-13
  2273.000  1.07393e-13
  2273.500  1.07467e-13
  2274.000  1.07542e-13
  2274.500  1.07617e-13
  2275.000  1.07692e-13
  2275.500  1.07762e-13
  2276.000  1.07833e-13
  2276.500  1.07904e-13
  2277.000  1.07975e-13
  2277.500  1.08046e-13
  2278.000  1.08116e-13
  2278.500  1.08187e-13
  2279.000  1.08258e-13
  2279.500  1.08328e-13
  2280.000  1.08399e-13
  2280.500  1.08470e-13
  2281.000  1.08541e-13
  2281.500  1.08612e-13
  2282.000  1.08683e-13
  2282.500  1.08753e-13
  2283.000  1.08824e-13
  2283.500  1.08895e-13
  2284.000  1.08966e-13
  2284.500  1.09036e-13
  2285.000  1.09107e-13
  2285.500  1.09023e-13
  2286.000  1.08938e-13
  2286.500  1.08853e-13
  2287.000  1.08768e-13
  2287.500  1.08683e-13
  2288.000  1.08598e-13
  2288.500  1.08514e-13
  2289.000  1.08429e-13
  2289.500  1.08344e-13
  2290.000  1.08259e-13
  2290.500  1.08175e-13
  2291.000  1.08090e-13
  2291.500  1.08005e-13
  2292.000  1.07920e-13
  2292.500  1.07836e-13
  2293.000  1.07751e-13
  2293.500  1.07666e-13
  2294.000  1.07581e-13
  2294.500  1.07496e-13
  2295.000  1.07412e-13
  2295.500  1.07463e-13
  2296.000  1.07515e-13
  2296.500  1.07567e-13
  2297.000  1.07618e-13
  2297.500  1.07670e-13
  2298.000  1.07721e-13
  2298.500  1.07773e-13
  2299.000  1.07825e-13
  2299.500  1.07876e-13
  2300.000  1.07928e-13
  2300.500  1.07980e-13
  2301.000  1.08031e-13
  2301.500  1.08083e-13
  2302.000  1.08135e-13
  2302.500  1.08187e-13
  2303.000  1.08238e-13
  2303.500  1.08290e-13
  2304.000  1.08342e-13
  2304.500  1.08393e-13
  2305.000  1.08445e-13
  2305.500  1.08360e-13
  2306.000  1.08276e-13
  2306.500  1.08191e-13
  2307.000  1.08106e-13
  2307.500  1.08021e-13
  2308.000  1.07937e-13
  2308.500  1.07852e-13
  2309.000  1.07768e-13
  2309.500  1.07685e-13
  2310.000  1.07604e-13
  2310.500  1.07526e-13
  2311.000  1.07453e-13
  2311.500  1.07391e-13
  2312.000  1.07347e-13
  2312.500  1.07333e-13
  2313.000  1.07368e-13
  2313.500  1.07484e-13
  2314.000  1.07725e-13
  2314.500  1.08156e-13
  2315.000  1.08867e-13
  2315.500  1.09808e-13
  2316.000  1.11309e-13
  2316.500  1.13568e-13
  2317.000  1.16817e-13
  2317.500  1.21316e-13
  2318.000  1.27338e-13
  2318.500  1.35142e-13
  2319.000  1.44946e-13
  2319.500  1.56878e-13
  2320.000  1.70944e-13
  2320.500  1.86986e-13
  2321.000  2.04653e-13
  2321.500  2.23390e-13
  2322.000  2.42452e-13
  2322.500  2.60940e-13
  2323.000  2.77865e-13
  2323.500  2.92233e-13
  2324.000  3.03136e-13
  2324.500  3.09845e-13
  2325.000  3.11894e-13
  2325.500  3.09424e-13
  2326.000  3.02306e-13
  2326.500  2.91022e-13
  2327.000  2.76308e-13
  2327.500  2.59076e-13
  2328.000  2.40326e-13
  2328.500  2.21041e-13
  2329.000  2.02116e-13
  2329.500  1.84289e-13
  2330.000  1.68106e-13
  2330.500  1.53908e-13
  2331.000  1.41848e-13
  2331.500  1.31913e-13
  2332.000  1.23969e-13
  2332.500  1.17798e-13
  2333.000  1.13138e-13
  2333.500  1.09717e-13
  2334.000  1.07276e-13
  2334.500  1.05582e-13
  2335.000  1.04443e-13
  2335.500  1.03556e-13
  2336.000  1.02946e-13
  2336.500  1.02522e-13
  2337.000  1.02221e-13
  2337.500  1.01999e-13
  2338.000  1.01826e-13
  2338.500  1.01682e-13
  2339.000  1.01556e-13
  2339.500  1.01440e-13
  2340.000  1.01329e-13
  2340.500  1.01222e-13
  2341.000  1.01116e-13
  2341.500  1.01011e-13
  2342.000  1.00906e-13
  2342.500  1.00802e-13
  2343.000  1.00697e-13
  2343.500  1.00593e-13
  2344.000  1.00488e-13
  2344.500  1.00384e-13
  2345.000  1.00280e-13
  2345.500  1.00490e-13
  2346.000  1.00700e-13
  2346.500  1.00910e-13
  2347.000  1.01120e-13
  2347.500  1.01330e-13
  2348.000  1.01539e-13
  2348.500  1.01749e-13
  2349.000  1.01959e-13
  2349.500  1.02169e-13
  2350.000  1.02379e-13
  2350.500  1.02589e-13
  2351.000  1.02799e-13
  2351.500  1.03008e-13
  2352.000  1.03218e-13
  2352.500  1.03428e-13
  2353.000  1.03638e-13
  2353.500  1.03848e-13
  2354.000  1.04058e-13
  2354.500  1.04268e-13
  2355.000  1.04478e-13
  2355.500  1.04262e-13
  2356.000  1.04046e-13
  2356.500  1.03830e-13
  2357.000  1.03615e-13
  2357.500  1.03399e-13
  2358.000  1.03183e-13
  2358.500  1.02968e-13
  2359.000  1.02752e-13
  2359.500  1.02536e-13
  2360.000  1.02321e-13
  2360.500  1.02105e-13
  2361.000  1.01890e-13
  2361.500  1.01674e-13
  2362.000  1.01459e-13
  2362.500  1.01243e-13
  2363.000  1.01027e-13
  2363.500  1.00812e-13
  2364.000  1.00596e-13
  2364.500  1.00380e-13
  2365.000  1.00166e-13
  2365.500  1.00257e-13
  2366.000  1.00349e-13
  2366.500  1.00441e-13
  2367.000  1.00532e-13
  2367.500  1.00624e-13
  2368.000  1.00715e-13
  2368.500  1.00807e-13
  2369.000  1.00899e-13
  2369.500  1.00991e-13
  2370.000  1.01082e-13
  2370.500  1.01174e-13
  2371.000  1.01266e-13
  2371.500  1.01358e-13
  2372.000  1.01450e-13
  2372.500  1.01542e-13
  2373.000  1.01633e-13
  2373.500  1.01725e-13
  2374.000  1.01817e-13
  2374.500  1.01909e-13
  2375.000  1.02000e-13
  2375.500  1.01830e-13
  2376.000  1.01659e-13
  2376.500  1.01488e-13
  2377.000  1.01318e-13
  2377.500  1.01147e-13
  2378.000  1.00976e-13
  2378.500  1.00806e-13
  2379.000  1.00635e-13
  2379.500  1.00464e-13
  2380.000  1.00293e-13
  2380.500  1.00123e-13
  2381.000  9.99521e-14
  2381.500  9.97814e-14
  2382.000  9.96109e-14
  2382.500  9.94402e-14
  2383.000  9.92693e-14
  2383.500  9.90988e-14
  2384.000  9.89281e-14
  2384.500  9.87576e-14
  2385.000  9.85874e-14
  2385.500  9.86509e-14
  2386.000  9.87142e-14
  2386.500  9.87777e-14
  2387.000  9.88413e-14
  2387.500  9.89048e-14
  2388.000  9.89684e-14
  2388.500  9.90319e-14
  2389.000  9.90955e-14
  2389.500  9.91590e-14
  2390.000  9.92226e-14
  2390.500  9.92860e-14
  2391.000  9.93496e-14
  2391.500  9.94132e-14
  2392.000  9.94767e-14
  2392.500  9.95403e-14
  2393.000  9.96037e-14
  2393.500  9.96672e-14
  2394.000  9.97308e-14
  2394.500  9.97943e-14
  2395.000  9.98578e-14
  2395.500  9.98395e-14
  2396.000  9.98211e-14
  2396.500  9.98026e-14
  2397.000  9.97843e-14
  2397.500  9.97659e-14
  2398.000  9.97474e-14
  2398.500  9.97293e-14
  2399.000  9.97109e-14
  2399.500  9.96925e-14
  2400.000  9.96741e-14
  2400.500  9.96557e-14
  2401.000  9.96373e-14
  2401.500  9.96192e-14
  2402.000  9.96007e-14
  2402.500  9.95824e-14
  2403.000  9.95640e-14
  2403.500  9.95459e-14
  2404.000  9.95275e-14
  2404.500  9.95090e-14
  2405.000  9.94907e-14
  2405.500  9.95538e-14
  2406.000  9.96167e-14
  2406.500  9.96797e-14
  2407.000  9.97428e-14
  2407.500  9.98058e-14
  2408.000  9.98687e-14
  2408.500  9.99319e-14
  2409.000  9.99949e-14
  2409.500  1.00058e-13
  2410.000  1.00121e-13
  2410.500  1.00184e-13
  2411.000  1.00247e-13
  2411.500  1.00310e-13
  2412.000  1.00374e-13
  2412.500  1.00437e-13
  2413.000  1.00500e-13
  2413.500  1.00564e-13
  2414.000  1.00628e-13
  2414.500  1.00693e-13
  2415.000  1.00758e-13
  2415.500  1.00974e-13
  2416.000  1.01192e-13
  2416.500  1.01412e-13
  2417.000  1.01636e-13
  2417.500  1.01866e-13
  2418.000  1.02103e-13
  2418.500  1.02351e-13
  2419.000  1.02614e-13
  2419.500  1.02897e-13
  2420.000  1.03207e-13
  2420.500  1.03553e-13
  2421.000  1.03948e-13
  2421.500  1.04406e-13
  2422.000  1.04945e-13
  2422.500  1.05588e-13
  2423.000  1.06363e-13
  2423.500  1.07301e-13
  2424.000  1.08441e-13
  2424.500  1.09827e-13
  2425.000  1.11507e-13
  2425.500  1.13314e-13
  2426.000  1.15531e-13
  2426.500  1.18219e-13
  2427.000  1.21443e-13
  2427.500  1.25267e-13
  2428.000  1.29750e-13
  2428.500  1.34947e-13
  2429.000  1.40899e-13
  2429.500  1.47636e-13
  2430.000  1.55168e-13
  2430.500  1.63483e-13
  2431.000  1.72544e-13
  2431.500  1.82284e-13
  2432.000  1.92608e-13
  2432.500  2.03389e-13
  2433.000  2.14473e-13
  2433.500  2.25673e-13
  2434.000  2.36771e-13
  2434.500  2.47571e-13
  2435.000  2.57826e-13
  2435.500  2.67378e-13
  2436.000  2.75918e-13
  2436.500  2.83231e-13
  2437.000  2.89129e-13
  2437.500  2.93456e-13
  2438.000  2.96096e-13
  2438.500  2.96977e-13
  2439.000  2.96075e-13
  2439.500  2.93420e-13
  2440.000  2.89086e-13
  2440.500  2.83194e-13
  2441.000  2.75891e-13
  2441.500  2.67389e-13
  2442.000  2.57897e-13
  2442.500  2.47642e-13
  2443.000  2.36862e-13
  2443.500  2.25791e-13
  2444.000  2.14651e-13
  2444.500  2.03645e-13
  2445.000  1.92956e-13
  2445.500  1.82675e-13
  2446.000  1.72987e-13
  2446.500  1.63986e-13
  2447.000  1.55735e-13
  2447.500  1.48269e-13
  2448.000  1.41598e-13
  2448.500  1.35709e-13
  2449.000  1.30573e-13
  2449.500  1.26146e-13
  2450.000  1.22373e-13
  2450.500  1.19194e-13
  2451.000  1.16546e-13
  2451.500  1.14364e-13
  2452.000  1.12585e-13
  2452.500  1.11152e-13
  2453.000  1.10009e-13
  2453.500  1.09107e-13
  2454.000  1.08402e-13
  2454.500  1.07860e-13
  2455.000  1.07446e-13
  2455.500  1.07071e-13
  2456.000  1.06779e-13
  2456.500  1.06549e-13
  2457.000  1.06366e-13
  2457.500  1.06219e-13
  2458.000  1.06097e-13
  2458.500  1.05996e-13
  2459.000  1.05909e-13
  2459.500  1.05833e-13
  2460.000  1.05764e-13
  2460.500  1.05700e-13
  2461.000  1.05639e-13
  2461.500  1.05582e-13
  2462.000  1.05526e-13
  2462.500  1.05471e-13
  2463.000  1.05417e-13
  2463.500  1.05364e-13
  2464.000  1.05311e-13
  2464.500  1.05258e-13
  2465.000  1.05205e-13
  2465.500  1.05140e-13
  2466.000  1.05074e-13
  2466.500  1.05009e-13
  2467.000  1.04944e-13
  2467.500  1.04878e-13
  2468.000  1.04813e-13
  2468.500  1.04748e-13
  2469.000  1.04682e-13
  2469.500  1.04617e-13
  2470.000  1.04552e-13
  2470.500  1.04486e-13
  2471.000  1.04421e-13
  2471.500  1.04356e-13
  2472.000  1.04289e-13
  2472.500  1.04224e-13
  2473.000  1.04158e-13
  2473.500  1.04093e-13
  2474.000  1.04028e-13
  2474.500  1.03963e-13
  2475.000  1.03897e-13
  2475.500  1.03841e-13
  2476.000  1.03786e-13
  2476.500  1.03730e-13
  2477.000  1.03674e-13
  2477.500  1.03619e-13
  2478.000  1.03563e-13
  2478.500  1.03507e-13
  2479.000  1.03451e-13
  2479.500  1.03396e-13
  2480.000  1.03340e-13
  2480.500  1.03284e-13
  2481.000  1.03229e-13
  2481.500  1.03173e-13
  2482.000  1.03117e-13
  2482.500  1.03062e-13
  2483.000  1.03006e-13
  2483.500  1.02950e-13
  2484.000  1.02895e-13
  2484.500  1.02839e-13
  2485.000  1.02783e-13
  2485.500  1.02778e-13
  2486.000  1.02773e-13
  2486.500  1.02767e-13
  2487.000  1.02762e-13
  2487.500  1.02757e-13
  2488.000  1.02752e-13
  2488.500  1.02747e-13
  2489.000  1.02742e-13
  2489.500  1.02736e-13
  2490.000  1.02731e-13
  2490.500  1.02726e-13
  2491.000  1.02721e-13
  2491.500  1.02716e-13
  2492.000  1.02711e-13
  2492.500  1.02706e-13
  2493.000  1.02700e-13
  2493.500  1.02695e-13
  2494.000  1.02690e-13
  2494.500  1.02685e-13
  2495.000  1.02680e-13
  2495.500  1.02890e-13
  2496.000  1.03101e-13
  2496.500  1.03311e-13
  2497.000  1.03522e-13
  2497.500  1.03732e-13
  2498.000  1.03943e-13
  2498.500  1.04153e-13
  2499.000  1.04364e-13
  2499.500  1.04574e-13
  2500.000  1.04784e-13
  2500.500  1.04995e-13
  2501.000  1.05206e-13
  2501.500  1.05416e-13
  2502.000  1.05627e-13
  2502.500  1.05837e-13
  2503.000  1.06048e-13
  2503.500  1.06258e-13
  2504.000  1.06469e-13
  2504.500  1.06679e-13
  2505.000  1.06890e-13
  2505.500  1.06496e-13
  2506.000  1.06102e-13
  2506.500  1.05690e-13
  2507.000  1.05297e-13
  2507.500  1.04902e-13
  2508.000  1.04509e-13
  2508.500  1.04114e-13
  2509.000  1.03720e-13
  2509.500  1.03326e-13
  2510.000  1.02932e-13
  2510.500  1.02538e-13
  2511.000  1.02144e-13
  2511.500  1.01751e-13
  2512.000  1.01356e-13
  2512.500  1.00963e-13
  2513.000  1.00569e-13
  2513.500  1.00482e-13
  2514.000  1.00394e-13
  2514.500  1.00307e-13
  2515.000  1.00219e-13
  2515.500  1.00129e-13
  2516.000  1.00042e-13
  2516.500  9.99541e-14
  2517.000  9.98668e-14
  2517.500  9.97792e-14
  2518.000  9.96916e-14
  2518.500  9.96670e-14
  2519.000  9.96423e-14
  2519.500  9.96176e-14
  2520.000  9.95928e-14
  2520.500  9.95681e-14
  2521.000  9.95434e-14
  2521.500  9.95164e-14
  2522.000  9.94918e-14
  2522.500  9.94669e-14
  2523.000  9.94422e-14
  2523.500  9.94176e-14
  2524.000  9.93929e-14
  2524.500  9.93683e-14
  2525.000  9.93436e-14
  2525.500  9.94076e-14
  2526.000  9.94717e-14
  2526.500  9.95337e-14
  2527.000  9.95977e-14
  2527.500  9.96618e-14
  2528.000  9.97258e-14
  2528.500  9.97899e-14
  2529.000  9.98539e-14
  2529.500  9.99178e-14
  2530.000  9.99819e-14
  2530.500  1.00046e-13
  2531.000  1.00110e-13
  2531.500  1.00168e-13
  2532.000  1.00232e-13
  2532.500  1.00296e-13
  2533.000  1.00360e-13
  2533.500  1.00424e-13
  2534.000  1.00488e-13
  2534.500  1.00552e-13
  2535.000  1.00616e-13
  2535.500  1.00643e-13
  2536.000  1.00669e-13
  2536.500  1.00696e-13
  2537.000  1.00722e-13
  2537.500  1.00748e-13
  2538.000  1.00775e-13
  2538.500  1.00801e-13
  2539.000  1.00827e-13
  2539.500  1.00854e-13
  2540.000  1.00881e-13
  2540.500  1.00907e-13
  2541.000  1.00933e-13
  2541.500  1.00960e-13
  2542.000  1.00986e-13
  2542.500  1.01013e-13
  2543.000  1.01039e-13
  2543.500  1.01066e-13
  2544.000  1.01092e-13
  2544.500  1.01119e-13
  2545.000  1.01146e-13
  2545.500  1.01325e-13
  2546.000  1.01504e-13
  2546.500  1.01683e-13
  2547.000  1.01863e-13
  2547.500  1.02042e-13
  2548.000  1.02221e-13
  2548.500  1.02401e-13
  2549.000  1.02580e-13
  2549.500  1.02759e-13
  2550.000  1.02939e-13
  2550.500  1.03118e-13
  2551.000  1.03297e-13
  2551.500  1.03477e-13
  2552.000  1.03656e-13
  2552.500  1.03836e-13
  2553.000  1.04015e-13
  2553.500  1.04194e-13
  2554.000  1.04374e-13
  2554.500  1.04553e-13
  2555.000  1.04732e-13
  2555.500  1.04594e-13
  2556.000  1.04455e-13
  2556.500  1.04316e-13
  2557.000  1.04178e-13
  2557.500  1.04039e-13
  2558.000  1.03901e-13
  2558.500  1.03762e-13
  2559.000  1.03624e-13
  2559.500  1.03485e-13
  2560.000  1.03346e-13
  2560.500  1.03208e-13
  2561.000  1.03069e-13
  2561.500  1.02931e-13
  2562.000  1.02792e-13
  2562.500  1.02653e-13
  2563.000  1.02515e-13
  2563.500  1.02376e-13
  2564.000  1.02238e-13
  2564.500  1.02099e-13
  2565.000  1.01961e-13
  2565.500  1.02057e-13
  2566.000  1.02154e-13
  2566.500  1.02250e-13
  2567.000  1.02347e-13
  2567.500  1.02443e-13
  2568.000  1.02540e-13
  2568.500  1.02636e-13
  2569.000  1.02732e-13
  2569.500  1.02829e-13
  2570.000  1.02925e-13
  2570.500  1.03022e-13
  2571.000  1.03118e-13
  2571.500  1.03214e-13
  2572.000  1.03311e-13
  2572.500  1.03407e-13
  2573.000  1.03504e-13
  2573.500  1.03600e-13
  2574.000  1.03697e-13
  2574.500  1.03793e-13
  2575.000  1.03889e-13
  2575.500  1.03820e-13
  2576.000  1.03751e-13
  2576.500  1.03682e-13
  2577.000  1.03612e-13
  2577.500  1.03543e-13
  2578.000  1.03474e-13
  2578.500  1.03404e-13
  2579.000  1.03335e-13
  2579.500  1.03266e-13
  2580.000  1.03197e-13
  2580.500  1.03128e-13
  2581.000  1.03058e-13
  2581.500  1.02989e-13
  2582.000  1.02920e-13
  2582.500  1.02851e-13
  2583.000  1.02782e-13
  2583.500  1.02713e-13
  2584.000  1.02643e-13
  2584.500  1.02574e-13
  2585.000  1.02505e-13
  2585.500  1.02436e-13
  2586.000  1.02340e-13
  2586.500  1.02271e-13
  2587.000  1.02202e-13
  2587.500  1.02133e-13
  2588.000  1.02065e-13
  2588.500  1.01996e-13
  2589.000  1.01927e-13
  2589.500  1.01858e-13
  2590.000  1.01789e-13
  2590.500  1.01720e-13
  2591.000  1.01652e-13
  2591.500  1.01583e-13
  2592.000  1.01514e-13
  2592.500  1.01445e-13
  2593.000  1.01376e-13
  2593.500  1.01307e-13
  2594.000  1.01239e-13
  2594.500  1.01170e-13
  2595.000  1.01101e-13
  2595.500  1.01031e-13
  2596.000  1.00962e-13
  2596.500  1.00892e-13
  2597.000  1.00822e-13
  2597.500  1.00752e-13
  2598.000  1.00683e-13
  2598.500  1.00613e-13
  2599.000  1.00543e-13
  2599.500  1.00473e-13
  2600.000  1.00404e-13
  2600.500  9.99196e-14
  2601.000  9.98498e-14
  2601.500  9.97801e-14
  2602.000  9.97104e-14
  2602.500  9.96405e-14
  2603.000  9.95709e-14
  2603.500  9.95010e-14
  2604.000  9.94315e-14
  2604.500  9.93616e-14
  2605.000  9.92921e-14
  2605.500  9.92475e-14
  2606.000  9.92031e-14
  2606.500  9.91587e-14
  2607.000  9.91143e-14
  2607.500  9.90699e-14
  2608.000  9.90255e-14
  2608.500  9.89812e-14
  2609.000  9.89367e-14
  2609.500  9.88924e-14
  2610.000  9.88479e-14
  2610.500  9.88037e-14
  2611.000  9.87594e-14
  2611.500  9.87149e-14
  2612.000  9.86706e-14
  2612.500  9.86261e-14
  2613.000  9.85818e-14
  2613.500  9.85373e-14
  2614.000  9.84931e-14
  2614.500  9.84488e-14
  2615.000  9.84043e-14
  2615.500  9.85447e-14
  2616.000  9.86852e-14
  2616.500  9.88252e-14
  2617.000  9.89656e-14
  2617.500  9.91059e-14
  2618.000  9.92461e-14
  2618.500  9.93865e-14
  2619.000  9.95269e-14
  2619.500  9.96671e-14
  2620.000  9.98074e-14
  2620.500  9.99478e-14
  2621.000  1.00088e-13
  2621.500  1.00228e-13
  2622.000  1.00369e-13
  2622.500  1.00509e-13
  2623.000  1.00649e-13
  2623.500  1.00789e-13
  2624.000  1.00930e-13
  2624.500  1.01068e-13
  2625.000  1.01208e-13
  2625.500  1.01432e-13
  2626.000  1.01655e-13
  2626.500  1.01878e-13
  2627.000  1.02102e-13
  2627.500  1.02325e-13
  2628.000  1.02549e-13
  2628.500  1.02772e-13
  2629.000  1.02995e-13
  2629.500  1.03219e-13
  2630.000  1.03442e-13
  2630.500  1.03666e-13
  2631.000  1.03889e-13
  2631.500  1.04113e-13
  2632.000  1.04336e-13
  2632.500  1.04559e-13
  2633.000  1.04783e-13
  2633.500  1.05006e-13
  2634.000  1.05230e-13
  2634.500  1.05453e-13
  2635.000  1.05677e-13
  2635.500  1.06010e-13
  2636.000  1.06344e-13
  2636.500  1.06678e-13
  2637.000  1.07012e-13
  2637.500  1.07346e-13
  2638.000  1.07679e-13
  2638.500  1.08013e-13
  2639.000  1.08347e-13
  2639.500  1.08680e-13
  2640.000  1.09014e-13
  2640.500  1.09348e-13
  2641.000  1.09682e-13
  2641.500  1.10015e-13
  2642.000  1.10349e-13
  2642.500  1.10683e-13
  2643.000  1.11017e-13
  2643.500  1.11350e-13
  2644.000  1.11684e-13
  2644.500  1.12018e-13
  2645.000  1.12352e-13
  2645.500  1.12574e-13
  2646.000  1.12796e-13
  2646.500  1.13019e-13
  2647.000  1.13241e-13
  2647.500  1.13463e-13
  2648.000  1.13685e-13
  2648.500  1.13908e-13
  2649.000  1.14130e-13
  2649.500  1.14352e-13
  2650.000  1.14575e-13
  2650.500  1.14797e-13
  2651.000  1.15019e-13
  2651.500  1.15242e-13
  2652.000  1.15464e-13
  2652.500  1.15686e-13
  2653.000  1.15909e-13
  2653.500  1.16131e-13
  2654.000  1.16353e-13
  2654.500  1.16576e-13
  2655.000  1.16798e-13
  2655.500  1.16385e-13
  2656.000  1.15974e-13
  2656.500  1.15561e-13
  2657.000  1.15150e-13
  2657.500  1.14737e-13
  2658.000  1.14325e-13
  2658.500  1.13913e-13
  2659.000  1.13501e-13
  2659.500  1.13089e-13
  2660.000  1.12677e-13
  2660.500  1.12265e-13
  2661.000  1.11853e-13
  2661.500  1.11440e-13
  2662.000  1.11028e-13
  2662.500  1.10616e-13
  2663.000  1.10204e-13
  2663.500  1.09792e-13
  2664.000  1.09380e-13
  2664.500  1.08968e-13
  2665.000  1.08556e-13
  2665.500  1.08671e-13
  2666.000  1.08786e-13
  2666.500  1.08901e-13
  2667.000  1.09016e-13
  2667.500  1.09131e-13
  2668.000  1.09246e-13
  2668.500  1.09361e-13
  2669.000  1.09475e-13
  2669.500  1.09590e-13
  2670.000  1.09705e-13
  2670.500  1.09820e-13
  2671.000  1.09935e-13
  2671.500  1.10050e-13
  2672.000  1.10165e-13
  2672.500  1.10280e-13
  2673.000  1.10395e-13
  2673.500  1.10510e-13
  2674.000  1.10625e-13
  2674.500  1.10740e-13
  2675.000  1.10854e-13
  2675.500  1.10913e-13
  2676.000  1.10972e-13
  2676.500  1.11031e-13
  2677.000  1.11089e-13
  2677.500  1.11148e-13
  2678.000  1.11207e-13
  2678.500  1.11266e-13
  2679.000  1.11324e-13
  2679.500  1.11383e-13
  2680.000  1.11442e-13
  2680.500  1.11501e-13
  2681.000  1.11559e-13
  2681.500  1.11618e-13
  2682.000  1.11677e-13
  2682.500  1.11736e-13
  2683.000  1.11795e-13
  2683.500  1.11853e-13
  2684.000  1.11912e-13
  2684.500  1.11971e-13
  2685.000  1.12029e-13
  2685.500  1.11833e-13
  2686.000  1.11637e-13
  2686.500  1.11440e-13
  2687.000  1.11244e-13
  2687.500  1.11048e-13
  2688.000  1.10852e-13
  2688.500  1.10656e-13
  2689.000  1.10460e-13
  2689.500  1.10263e-13
  2690.000  1.10067e-13
  2690.500  1.09871e-13
  2691.000  1.09676e-13
  2691.500  1.09480e-13
  2692.000  1.09284e-13
  2692.500  1.09088e-13
  2693.000  1.08893e-13
  2693.500  1.08697e-13
  2694.000  1.08502e-13
  2694.500  1.08307e-13
  2695.000  1.08113e-13
  2695.500  1.08279e-13
  2696.000  1.08445e-13
  2696.500  1.08612e-13
  2697.000  1.08779e-13
  2697.500  1.08946e-13
  2698.000  1.09114e-13
  2698.500  1.09282e-13
  2699.000  1.09450e-13
  2699.500  1.09619e-13
  2700.000  1.09788e-13
  2700.500  1.09957e-13
  2701.000  1.10128e-13
  2701.500  1.10298e-13
  2702.000  1.10470e-13
  2702.500  1.10642e-13
  2703.000  1.10815e-13
  2703.500  1.10989e-13
  2704.000  1.11164e-13
  2704.500  1.11339e-13
  2705.000  1.11516e-13
  2705.500  1.11278e-13
  2706.000  1.11041e-13
  2706.500  1.10805e-13
  2707.000  1.10571e-13
  2707.500  1.10338e-13
  2708.000  1.10106e-13
  2708.500  1.09877e-13
  2709.000  1.09649e-13
  2709.500  1.09423e-13
  2710.000  1.09200e-13
  2710.500  1.08979e-13
  2711.000  1.08761e-13
  2711.500  1.08547e-13
  2712.000  1.08336e-13
  2712.500  1.08130e-13
  2713.000  1.07930e-13
  2713.500  1.07736e-13
  2714.000  1.07550e-13
  2714.500  1.07373e-13
  2715.000  1.07206e-13
  2715.500  1.07243e-13
  2716.000  1.07295e-13
  2716.500  1.07365e-13
  2717.000  1.07457e-13
  2717.500  1.07574e-13
  2718.000  1.07720e-13
  2718.500  1.07900e-13
  2719.000  1.08119e-13
  2719.500  1.08380e-13
  2720.000  1.08690e-13
  2720.500  1.09053e-13
  2721.000  1.09474e-13
  2721.500  1.09956e-13
  2722.000  1.10505e-13
  2722.500  1.11122e-13
  2723.000  1.11810e-13
  2723.500  1.12568e-13
  2724.000  1.13396e-13
  2724.500  1.14289e-13
  2725.000  1.15244e-13
  2725.500  1.16424e-13
  2726.000  1.17648e-13
  2726.500  1.18904e-13
  2727.000  1.20179e-13
  2727.500  1.21458e-13
  2728.000  1.22722e-13
  2728.500  1.23954e-13
  2729.000  1.25135e-13
  2729.500  1.26245e-13
  2730.000  1.27267e-13
  2730.500  1.28182e-13
  2731.000  1.28969e-13
  2731.500  1.29624e-13
  2732.000  1.30131e-13
  2732.500  1.30480e-13
  2733.000  1.30663e-13
  2733.500  1.30686e-13
  2734.000  1.30547e-13
  2734.500  1.30252e-13
  2735.000  1.29808e-13
  2735.500  1.28698e-13
  2736.000  1.27464e-13
  2736.500  1.26125e-13
  2737.000  1.24697e-13
  2737.500  1.23201e-13
  2738.000  1.21655e-13
  2738.500  1.20077e-13
  2739.000  1.18487e-13
  2739.500  1.16900e-13
  2740.000  1.15334e-13
  2740.500  1.13800e-13
  2741.000  1.12311e-13
  2741.500  1.10876e-13
  2742.000  1.09503e-13
  2742.500  1.08196e-13
  2743.000  1.06958e-13
  2743.500  1.05791e-13
  2744.000  1.04694e-13
  2744.500  1.03666e-13
  2745.000  1.02703e-13
  2745.500  1.02355e-13
  2746.000  1.02064e-13
  2746.500  1.01826e-13
  2747.000  1.01636e-13
  2747.500  1.01489e-13
  2748.000  1.01380e-13
  2748.500  1.01305e-13
  2749.000  1.01258e-13
  2749.500  1.01237e-13
  2750.000  1.01237e-13
  2750.500  1.01255e-13
  2751.000  1.01289e-13
  2751.500  1.01335e-13
  2752.000  1.01393e-13
  2752.500  1.01459e-13
  2753.000  1.01534e-13
  2753.500  1.01614e-13
  2754.000  1.01700e-13
  2754.500  1.01791e-13
  2755.000  1.01886e-13
  2755.500  1.02001e-13
  2756.000  1.02118e-13
  2756.500  1.02239e-13
  2757.000  1.02361e-13
  2757.500  1.02486e-13
  2758.000  1.02613e-13
  2758.500  1.02741e-13
  2759.000  1.02871e-13
  2759.500  1.03000e-13
  2760.000  1.03133e-13
  2760.500  1.03264e-13
  2761.000  1.03399e-13
  2761.500  1.03535e-13
  2762.000  1.03672e-13
  2762.500  1.03810e-13
  2763.000  1.03949e-13
  2763.500  1.04089e-13
  2764.000  1.04230e-13
  2764.500  1.04371e-13
  2765.000  1.04513e-13
  2765.500  1.04631e-13
  2766.000  1.04751e-13
  2766.500  1.04871e-13
  2767.000  1.04992e-13
  2767.500  1.05112e-13
  2768.000  1.05234e-13
  2768.500  1.05356e-13
  2769.000  1.05477e-13
  2769.500  1.05600e-13
  2770.000  1.05722e-13
  2770.500  1.05845e-13
  2771.000  1.05968e-13
  2771.500  1.06091e-13
  2772.000  1.06214e-13
  2772.500  1.06338e-13
  2773.000  1.06461e-13
  2773.500  1.06585e-13
  2774.000  1.06708e-13
  2774.500  1.06832e-13
  2775.000  1.06956e-13
  2775.500  1.06662e-13
  2776.000  1.06368e-13
  2776.500  1.06073e-13
  2777.000  1.05779e-13
  2777.500  1.05485e-13
  2778.000  1.05191e-13
  2778.500  1.04898e-13
  2779.000  1.04605e-13
  2779.500  1.04313e-13
  2780.000  1.04023e-13
  2780.500  1.03737e-13
  2781.000  1.03456e-13
  2781.500  1.03184e-13
  2782.000  1.02926e-13
  2782.500  1.02690e-13
  2783.000  1.02488e-13
  2783.500  1.02337e-13
  2784.000  1.02263e-13
  2784.500  1.02299e-13
  2785.000  1.02495e-13
  2785.500  1.02816e-13
  2786.000  1.03443e-13
  2786.500  1.04481e-13
  2787.000  1.06062e-13
  2787.500  1.08343e-13
  2788.000  1.11508e-13
  2788.500  1.15765e-13
  2789.000  1.21336e-13
  2789.500  1.28451e-13
  2790.000  1.37329e-13
  2790.500  1.48166e-13
  2791.000  1.61078e-13
  2791.500  1.76184e-13
  2792.000  1.93432e-13
  2792.500  2.12673e-13
  2793.000  2.33623e-13
  2793.500  2.55862e-13
  2794.000  2.78825e-13
  2794.500  3.01825e-13
  2795.000  3.24082e-13
  2795.500  3.45216e-13
  2796.000  3.63929e-13
  2796.500  3.79437e-13
  2797.000  3.91054e-13
  2797.500  3.98246e-13
  2798.000  4.00686e-13
  2798.500  3.98257e-13
  2799.000  3.91080e-13
  2799.500  3.79490e-13
  2800.000  3.64022e-13
  2800.500  3.45367e-13
  2801.000  3.24312e-13
  2801.500  3.01699e-13
  2802.000  2.78363e-13
  2802.500  2.55082e-13
  2803.000  2.32540e-13
  2803.500  2.11296e-13
  2804.000  1.91772e-13
  2804.500  1.74246e-13
  2805.000  1.58863e-13
  2805.500  1.46112e-13
  2806.000  1.35458e-13
  2806.500  1.26757e-13
  2807.000  1.19816e-13
  2807.500  1.14413e-13
  2808.000  1.10320e-13
  2808.500  1.07313e-13
  2809.000  1.05185e-13
  2809.500  1.03754e-13
  2810.000  1.02862e-13
  2810.500  1.02379e-13
  2811.000  1.02199e-13
  2811.500  1.02240e-13
  2812.000  1.02438e-13
  2812.500  1.02746e-13
  2813.000  1.03130e-13
  2813.500  1.03565e-13
  2814.000  1.04033e-13
  2814.500  1.04523e-13
  2815.000  1.05027e-13
  2815.500  1.05340e-13
  2816.000  1.05658e-13
  2816.500  1.05980e-13
  2817.000  1.06303e-13
  2817.500  1.06627e-13
  2818.000  1.06952e-13
  2818.500  1.07278e-13
  2819.000  1.07603e-13
  2819.500  1.07929e-13
  2820.000  1.08254e-13
  2820.500  1.08580e-13
  2821.000  1.08906e-13
  2821.500  1.09232e-13
  2822.000  1.09558e-13
  2822.500  1.09884e-13
  2823.000  1.10209e-13
  2823.500  1.10535e-13
  2824.000  1.10861e-13
  2824.500  1.11186e-13
  2825.000  1.11512e-13
  2825.500  1.11462e-13
  2826.000  1.11411e-13
  2826.500  1.11361e-13
  2827.000  1.11310e-13
  2827.500  1.11259e-13
  2828.000  1.11208e-13
  2828.500  1.11157e-13
  2829.000  1.11106e-13
  2829.500  1.11056e-13
  2830.000  1.11005e-13
  2830.500  1.10954e-13
  2831.000  1.10903e-13
  2831.500  1.10852e-13
  2832.000  1.10802e-13
  2832.500  1.10751e-13
  2833.000  1.10700e-13
  2833.500  1.10650e-13
  2834.000  1.10599e-13
  2834.500  1.10548e-13
  2835.000  1.10497e-13
  2835.500  1.10395e-13
  2836.000  1.10292e-13
  2836.500  1.10189e-13
  2837.000  1.10087e-13
  2837.500  1.09984e-13
  2838.000  1.09882e-13
  2838.500  1.09779e-13
  2839.000  1.09677e-13
  2839.500  1.09574e-13
  2840.000  1.09471e-13
  2840.500  1.09369e-13
  2841.000  1.09266e-13
  2841.500  1.09164e-13
  2842.000  1.09061e-13
  2842.500  1.08959e-13
  2843.000  1.08856e-13
  2843.500  1.08754e-13
  2844.000  1.08651e-13
  2844.500  1.08548e-13
  2845.000  1.08446e-13
  2845.500  1.08220e-13
  2846.000  1.07993e-13
  2846.500  1.07767e-13
  2847.000  1.07540e-13
  2847.500  1.07314e-13
  2848.000  1.07088e-13
  2848.500  1.06861e-13
  2849.000  1.06635e-13
  2849.500  1.06409e-13
  2850.000  1.06182e-13
  2850.500  1.05956e-13
  2851.000  1.05730e-13
  2851.500  1.05503e-13
  2852.000  1.05277e-13
  2852.500  1.05050e-13
  2853.000  1.04824e-13
  2853.500  1.04598e-13
  2854.000  1.04371e-13
  2854.500  1.04145e-13
  2855.000  1.03919e-13
  2855.500  1.04306e-13
  2856.000  1.04694e-13
  2856.500  1.05081e-13
  2857.000  1.05469e-13
  2857.500  1.05857e-13
  2858.000  1.06245e-13
  2858.500  1.06633e-13
  2859.000  1.07021e-13
  2859.500  1.07409e-13
  2860.000  1.07796e-13
  2860.500  1.08184e-13
  2861.000  1.08572e-13
  2861.500  1.08960e-13
  2862.000  1.09348e-13
  2862.500  1.09736e-13
  2863.000  1.10123e-13
  2863.500  1.10511e-13
  2864.000  1.10899e-13
  2864.500  1.11287e-13
  2865.000  1.11675e-13
  2865.500  1.11799e-13
  2866.000  1.11924e-13
  2866.500  1.12048e-13
  2867.000  1.12172e-13
  2867.500  1.12297e-13
  2868.000  1.12421e-13
  2868.500  1.12545e-13
  2869.000  1.12670e-13
  2869.500  1.12794e-13
  2870.000  1.12919e-13
  2870.500  1.13043e-13
  2871.000  1.13167e-13
  2871.500  1.13292e-13
  2872.000  1.13416e-13
  2872.500  1.13540e-13
  2873.000  1.13665e-13
  2873.500  1.13789e-13
  2874.000  1.13914e-13
  2874.500  1.14038e-13
  2875.000  1.14162e-13
  2875.500  1.14136e-13
  2876.000  1.14110e-13
  2876.500  1.14084e-13
  2877.000  1.14057e-13
  2877.500  1.14031e-13
  2878.000  1.14005e-13
  2878.500  1.13979e-13
  2879.000  1.13953e-13
  2879.500  1.13927e-13
  2880.000  1.13901e-13
  2880.500  1.13875e-13
  2881.000  1.13849e-13
  2881.500  1.13823e-13
  2882.000  1.13797e-13
  2882.500  1.13771e-13
  2883.000  1.13745e-13
  2883.500  1.13719e-13
  2884.000  1.13693e-13
  2884.500  1.13667e-13
  2885.000  1.13641e-13
  2885.500  1.13727e-13
  2886.000  1.13814e-13
  2886.500  1.13900e-13
  2887.000  1.13987e-13
  2887.500  1.14073e-13
  2888.000  1.14160e-13
  2888.500  1.14246e-13
  2889.000  1.14333e-13
  2889.500  1.14419e-13
  2890.000  1.14506e-13
  2890.500  1.14592e-13
  2891.000  1.14679e-13
  2891.500  1.14765e-13
  2892.000  1.14852e-13
  2892.500  1.14938e-13
  2893.000  1.15025e-13
  2893.500  1.15111e-13
  2894.000  1.15198e-13
  2894.500  1.15284e-13
  2895.000  1.15371e-13
  2895.500  1.15660e-13
  2896.000  1.15949e-13
  2896.500  1.16238e-13
  2897.000  1.16527e-13
  2897.500  1.16816e-13
  2898.000  1.17105e-13
  2898.500  1.17394e-13
  2899.000  1.17682e-13
  2899.500  1.17971e-13
  2900.000  1.18260e-13
  2900.500  1.18549e-13
  2901.000  1.18838e-13
  2901.500  1.19127e-13
  2902.000  1.19416e-13
  2902.500  1.19705e-13
  2903.000  1.19994e-13
  2903.500  1.20283e-13
  2904.000  1.20572e-13
  2904.500  1.20861e-13
  2905.000  1.21150e-13
  2905.500  1.21439e-13
  2906.000  1.21728e-13
  2906.500  1.22017e-13
  2907.000  1.22306e-13
  2907.500  1.22595e-13
  2908.000  1.22884e-13
  2908.500  1.23172e-13
  2909.000  1.23461e-13
  2909.500  1.23750e-13
  2910.000  1.24039e-13
  2910.500  1.23986e-13
  2911.000  1.23934e-13
  2911.500  1.23881e-13
  2912.000  1.23829e-13
  2912.500  1.23777e-13
  2913.000  1.23724e-13
  2913.500  1.23672e-13
  2914.000  1.23619e-13
  2914.500  1.23567e-13
  2915.000  1.23515e-13
  2915.500  1.23463e-13
  2916.000  1.23410e-13
  2916.500  1.23358e-13
  2917.000  1.23305e-13
  2917.500  1.23253e-13
  2918.000  1.23201e-13
  2918.500  1.23148e-13
  2919.000  1.23096e-13
  2919.500  1.23044e-13
  2920.000  1.22991e-13
  2920.500  1.22939e-13
  2921.000  1.22887e-13
  2921.500  1.22834e-13
  2922.000  1.22782e-13
  2922.500  1.22729e-13
  2923.000  1.22677e-13
  2923.500  1.22625e-13
  2924.000  1.22573e-13
  2924.500  1.22520e-13
  2925.000  1.22468e-13
  2925.500  1.22416e-13
  2926.000  1.22363e-13
  2926.500  1.22311e-13
  2927.000  1.22259e-13
  2927.500  1.22206e-13
  2928.000  1.22154e-13
  2928.500  1.22102e-13
  2929.000  1.22049e-13
  2929.500  1.21996e-13
  2930.000  1.21944e-13
  2930.500  1.21929e-13
  2931.000  1.21915e-13
  2931.500  1.21900e-13
  2932.000  1.21885e-13
  2932.500  1.21870e-13
  2933.000  1.21856e-13
  2933.500  1.21841e-13
  2934.000  1.21826e-13
  2934.500  1.21811e-13
  2935.000  1.21796e-13
  2935.500  1.21782e-13
  2936.000  1.21767e-13
  2936.500  1.21752e-13
  2937.000  1.21737e-13
  2937.500  1.21723e-13
  2938.000  1.21708e-13
  2938.500  1.21693e-13
  2939.000  1.21678e-13
  2939.500  1.21664e-13
  2940.000  1.21649e-13
  2940.500  1.21634e-13
  2941.000  1.21619e-13
  2941.500  1.21604e-13
  2942.000  1.21590e-13
  2942.500  1.21575e-13
  2943.000  1.21560e-13
  2943.500  1.21546e-13
  2944.000  1.21531e-13
  2944.500  1.21516e-13
  2945.000  1.21501e-13
  2945.500  1.21486e-13
  2946.000  1.21472e-13
  2946.500  1.21457e-13
  2947.000  1.21442e-13
  2947.500  1.21427e-13
  2948.000  1.21413e-13
  2948.500  1.21398e-13
  2949.000  1.21383e-13
  2949.500  1.21369e-13
  2950.000  1.21354e-13
  2950.500  1.21413e-13
  2951.000  1.21471e-13
  2951.500  1.21530e-13
  2952.000  1.21589e-13
  2952.500  1.21647e-13
  2953.000  1.21706e-13
  2953.500  1.21765e-13
  2954.000  1.21823e-13
  2954.500  1.21882e-13
  2955.000  1.21941e-13
  2955.500  1.21999e-13
  2956.000  1.22058e-13
  2956.500  1.22117e-13
  2957.000  1.22176e-13
  2957.500  1.22234e-13
  2958.000  1.22293e-13
  2958.500  1.22352e-13
  2959.000  1.22410e-13
  2959.500  1.22469e-13
  2960.000  1.22528e-13
  2960.500  1.22586e-13
  2961.000  1.22645e-13
  2961.500  1.22703e-13
  2962.000  1.22762e-13
  2962.500  1.22821e-13
  2963.000  1.22879e-13
  2963.500  1.22938e-13
  2964.000  1.22997e-13
  2964.500  1.23055e-13
  2965.000  1.23114e-13
  2965.500  1.23173e-13
  2966.000  1.23232e-13
  2966.500  1.23290e-13
  2967.000  1.23349e-13
  2967.500  1.23408e-13
  2968.000  1.23467e-13
  2968.500  1.23525e-13
  2969.000  1.23584e-13
  2969.500  1.23643e-13
  2970.000  1.23701e-13
  2970.500  1.23752e-13
  2971.000  1.23802e-13
  2971.500  1.23853e-13
  2972.000  1.23904e-13
  2972.500  1.23954e-13
  2973.000  1.24005e-13
  2973.500  1.24056e-13
  2974.000  1.24106e-13
  2974.500  1.24157e-13
  2975.000  1.24208e-13
  2975.500  1.24258e-13
  2976.000  1.24309e-13
  2976.500  1.24359e-13
  2977.000  1.24410e-13
  2977.500  1.24461e-13
  2978.000  1.24511e-13
  2978.500  1.24562e-13
  2979.000  1.24613e-13
  2979.500  1.24663e-13
  2980.000  1.24714e-13
  2980.500  1.24765e-13
  2981.000  1.24815e-13
  2981.500  1.24866e-13
  2982.000  1.24917e-13
  2982.500  1.24967e-13
  2983.000  1.25018e-13
  2983.500  1.25068e-13
  2984.000  1.25119e-13
  2984.500  1.25170e-13
  2985.000  1.25221e-13
  2985.500  1.25271e-13
  2986.000  1.25322e-13
  2986.500  1.25372e-13
  2987.000  1.25423e-13
  2987.500  1.25474e-13
  2988.000  1.25524e-13
  2988.500  1.25575e-13
  2989.000  1.25626e-13
  2989.500  1.25676e-13
  2990.000  1.25727e-13
  2990.500  1.25749e-13
  2991.000  1.25772e-13
  2991.500  1.25794e-13
  2992.000  1.25817e-13
  2992.500  1.25839e-13
  2993.000  1.25862e-13
  2993.500  1.25884e-13
  2994.000  1.25907e-13
  2994.500  1.25929e-13
  2995.000  1.25951e-13
  2995.500  1.25974e-13
  2996.000  1.25996e-13
  2996.500  1.26019e-13
  2997.000  1.26041e-13
  2997.500  1.26064e-13
  2998.000  1.26086e-13
  2998.500  1.26109e-13
  2999.000  1.26131e-13
  2999.500  1.26154e-13
  3000.000  1.26176e-13
  3000.500  1.26199e-13
  3001.000  1.26221e-13
  3001.500  1.26244e-13
  3002.000  1.26266e-13
  3002.500  1.26289e-13
  3003.000  1.26311e-13
  3003.500  1.26334e-13
  3004.000  1.26356e-13
  3004.500  1.26379e-13
  3005.000  1.26401e-13
  3005.500  1.26424e-13
  3006.000  1.26446e-13
  3006.500  1.26468e-13
  3007.000  1.26491e-13
  3007.500  1.26514e-13
  3008.000  1.26536e-13
  3008.500  1.26558e-13
  3009.000  1.26581e-13
  3009.500  1.26604e-13
  3010.000  1.26626e-13
  3010.500  1.26651e-13
  3011.000  1.26675e-13
  3011.500  1.26699e-13
  3012.000  1.26723e-13
  3012.500  1.26748e-13
  3013.000  1.26772e-13
  3013.500  1.26796e-13
  3014.000  1.26821e-13
  3014.500  1.26845e-13
  3015.000  1.26870e-13
  3015.500  1.26894e-13
  3016.000  1.26919e-13
  3016.500  1.26943e-13
  3017.000  1.26968e-13
  3017.500  1.26992e-13
  3018.000  1.27017e-13
  3018.500  1.27042e-13
  3019.000  1.27067e-13
  3019.500  1.27092e-13
  3020.000  1.27118e-13
  3020.500  1.27145e-13
  3021.000  1.27171e-13
  3021.500  1.27199e-13
  3022.000  1.27228e-13
  3022.500  1.27258e-13
  3023.000  1.27290e-13
  3023.500  1.27325e-13
  3024.000  1.27363e-13
  3024.500  1.27404e-13
  3025.000  1.27450e-13
  3025.500  1.27502e-13
  3026.000  1.27561e-13
  3026.500  1.27629e-13
  3027.000  1.27708e-13
  3027.500  1.27800e-13
  3028.000  1.27907e-13
  3028.500  1.28032e-13
  3029.000  1.28179e-13
  3029.500  1.28352e-13
  3030.000  1.28553e-13
  3030.500  1.28786e-13
  3031.000  1.29057e-13
  3031.500  1.29371e-13
  3032.000  1.29734e-13
  3032.500  1.30149e-13
  3033.000  1.30622e-13
  3033.500  1.31159e-13
  3034.000  1.31763e-13
  3034.500  1.32438e-13
  3035.000  1.33189e-13
  3035.500  1.34018e-13
  3036.000  1.34926e-13
  3036.500  1.35912e-13
  3037.000  1.36976e-13
  3037.500  1.38115e-13
  3038.000  1.39322e-13
  3038.500  1.40593e-13
  3039.000  1.41917e-13
  3039.500  1.43285e-13
  3040.000  1.44684e-13
  3040.500  1.46098e-13
  3041.000  1.47513e-13
  3041.500  1.48911e-13
  3042.000  1.50274e-13
  3042.500  1.51584e-13
  3043.000  1.52821e-13
  3043.500  1.53967e-13
  3044.000  1.55004e-13
  3044.500  1.55916e-13
  3045.000  1.56687e-13
  3045.500  1.57306e-13
  3046.000  1.57760e-13
  3046.500  1.58043e-13
  3047.000  1.58150e-13
  3047.500  1.58080e-13
  3048.000  1.57835e-13
  3048.500  1.57419e-13
  3049.000  1.56839e-13
  3049.500  1.56107e-13
  3050.000  1.55235e-13
  3050.500  1.54212e-13
  3051.000  1.53081e-13
  3051.500  1.51860e-13
  3052.000  1.50568e-13
  3052.500  1.49222e-13
  3053.000  1.47843e-13
  3053.500  1.46447e-13
  3054.000  1.45053e-13
  3054.500  1.43675e-13
  3055.000  1.42329e-13
  3055.500  1.41026e-13
  3056.000  1.39778e-13
  3056.500  1.38593e-13
  3057.000  1.37477e-13
  3057.500  1.36436e-13
  3058.000  1.35473e-13
  3058.500  1.34589e-13
  3059.000  1.33783e-13
  3059.500  1.33055e-13
  3060.000  1.32402e-13
  3060.500  1.31821e-13
  3061.000  1.31307e-13
  3061.500  1.30856e-13
  3062.000  1.30463e-13
  3062.500  1.30123e-13
  3063.000  1.29831e-13
  3063.500  1.29581e-13
  3064.000  1.29369e-13
  3064.500  1.29191e-13
  3065.000  1.29041e-13
  3065.500  1.28917e-13
  3066.000  1.28813e-13
  3066.500  1.28728e-13
  3067.000  1.28659e-13
  3067.500  1.28602e-13
  3068.000  1.28556e-13
  3068.500  1.28518e-13
  3069.000  1.28488e-13
  3069.500  1.28464e-13
  3070.000  1.28444e-13
  3070.500  1.28416e-13
  3071.000  1.28391e-13
  3071.500  1.28369e-13
  3072.000  1.28349e-13
  3072.500  1.28329e-13
  3073.000  1.28311e-13
  3073.500  1.28294e-13
  3074.000  1.28278e-13
  3074.500  1.28262e-13
  3075.000  1.28246e-13
  3075.500  1.28231e-13
  3076.000  1.28215e-13
  3076.500  1.28200e-13
  3077.000  1.28185e-13
  3077.500  1.28171e-13
  3078.000  1.28156e-13
  3078.500  1.28141e-13
  3079.000  1.28126e-13
  3079.500  1.28111e-13
  3080.000  1.28097e-13
  3080.500  1.28082e-13
  3081.000  1.28067e-13
  3081.500  1.28053e-13
  3082.000  1.28038e-13
  3082.500  1.28023e-13
  3083.000  1.28009e-13
  3083.500  1.27994e-13
  3084.000  1.27980e-13
  3084.500  1.27965e-13
  3085.000  1.27950e-13
  3085.500  1.27936e-13
  3086.000  1.27921e-13
  3086.500  1.27906e-13
  3087.000  1.27892e-13
  3087.500  1.27877e-13
  3088.000  1.27863e-13
  3088.500  1.27848e-13
  3089.000  1.27833e-13
  3089.500  1.27819e-13
  3090.000  1.27804e-13
  3090.500  1.27854e-13
  3091.000  1.27904e-13
  3091.500  1.27954e-13
  3092.000  1.28005e-13
  3092.500  1.28055e-13
  3093.000  1.28105e-13
  3093.500  1.28155e-13
  3094.000  1.28205e-13
  3094.500  1.28256e-13
  3095.000  1.28306e-13
  3095.500  1.28356e-13
  3096.000  1.28406e-13
  3096.500  1.28457e-13
  3097.000  1.28507e-13
  3097.500  1.28557e-13
  3098.000  1.28607e-13
  3098.500  1.28658e-13
  3099.000  1.28708e-13
  3099.500  1.28758e-13
  3100.000  1.28809e-13
  3100.500  1.28859e-13
  3101.000  1.28909e-13
  3101.500  1.28960e-13
  3102.000  1.29011e-13
  3102.500  1.29062e-13
  3103.000  1.29113e-13
  3103.500  1.29165e-13
  3104.000  1.29217e-13
  3104.500  1.29270e-13
  3105.000  1.29323e-13
  3105.500  1.29378e-13
  3106.000  1.29435e-13
  3106.500  1.29494e-13
  3107.000  1.29555e-13
  3107.500  1.29619e-13
  3108.000  1.29688e-13
  3108.500  1.29763e-13
  3109.000  1.29844e-13
  3109.500  1.29934e-13
  3110.000  1.30034e-13
  3110.500  1.30022e-13
  3111.000  1.30025e-13
  3111.500  1.30048e-13
  3112.000  1.30095e-13
  3112.500  1.30169e-13
  3113.000  1.30277e-13
  3113.500  1.30424e-13
  3114.000  1.30617e-13
  3114.500  1.30863e-13
  3115.000  1.31172e-13
  3115.500  1.31550e-13
  3116.000  1.32009e-13
  3116.500  1.32558e-13
  3117.000  1.33207e-13
  3117.500  1.33968e-13
  3118.000  1.34849e-13
  3118.500  1.35863e-13
  3119.000  1.37017e-13
  3119.500  1.38322e-13
  3120.000  1.39785e-13
  3120.500  1.41410e-13
  3121.000  1.43202e-13
  3121.500  1.45162e-13
  3122.000  1.47193e-13
  3122.500  1.49481e-13
  3123.000  1.51921e-13
  3123.500  1.54501e-13
  3124.000  1.57206e-13
  3124.500  1.60015e-13
  3125.000  1.62904e-13
  3125.500  1.65847e-13
  3126.000  1.68811e-13
  3126.500  1.71764e-13
  3127.000  1.74668e-13
  3127.500  1.77487e-13
  3128.000  1.80181e-13
  3128.500  1.82712e-13
  3129.000  1.85041e-13
  3129.500  1.87132e-13
  3130.000  1.88952e-13
  3130.500  1.90574e-13
  3131.000  1.91870e-13
  3131.500  1.92816e-13
  3132.000  1.93399e-13
  3132.500  1.93609e-13
  3133.000  1.93442e-13
  3133.500  1.92903e-13
  3134.000  1.92000e-13
  3134.500  1.90749e-13
  3135.000  1.89172e-13
  3135.500  1.87294e-13
  3136.000  1.85147e-13
  3136.500  1.82762e-13
  3137.000  1.80177e-13
  3137.500  1.77431e-13
  3138.000  1.74561e-13
  3138.500  1.71608e-13
  3139.000  1.68608e-13
  3139.500  1.65597e-13
  3140.000  1.62610e-13
  3140.500  1.59677e-13
  3141.000  1.56826e-13
  3141.500  1.54080e-13
  3142.000  1.51458e-13
  3142.500  1.48978e-13
  3143.000  1.46651e-13
  3143.500  1.44486e-13
  3144.000  1.42486e-13
  3144.500  1.40655e-13
  3145.000  1.38990e-13
  3145.500  1.37488e-13
  3146.000  1.36144e-13
  3146.500  1.34948e-13
  3147.000  1.33895e-13
  3147.500  1.32972e-13
  3148.000  1.32170e-13
  3148.500  1.31479e-13
  3149.000  1.30888e-13
  3149.500  1.30386e-13
  3150.000  1.29965e-13
  3150.500  1.29665e-13
  3151.000  1.29427e-13
  3151.500  1.29241e-13
  3152.000  1.29102e-13
  3152.500  1.29002e-13
  3153.000  1.28939e-13
  3153.500  1.28900e-13
  3154.000  1.28885e-13
  3154.500  1.28889e-13
  3155.000  1.28909e-13
  3155.500  1.28942e-13
  3156.000  1.28986e-13
  3156.500  1.29038e-13
  3157.000  1.29097e-13
  3157.500  1.29162e-13
  3158.000  1.29231e-13
  3158.500  1.29304e-13
  3159.000  1.29380e-13
  3159.500  1.29458e-13
  3160.000  1.29538e-13
  3160.500  1.29620e-13
  3161.000  1.29703e-13
  3161.500  1.29786e-13
  3162.000  1.29871e-13
  3162.500  1.29957e-13
  3163.000  1.30043e-13
  3163.500  1.30131e-13
  3164.000  1.30219e-13
  3164.500  1.30308e-13
  3165.000  1.30397e-13
  3165.500  1.30488e-13
  3166.000  1.30579e-13
  3166.500  1.30671e-13
  3167.000  1.30765e-13
  3167.500  1.30859e-13
  3168.000  1.30954e-13
  3168.500  1.31050e-13
  3169.000  1.31148e-13
  3169.500  1.31247e-13
  3170.000  1.31347e-13
  3170.500  1.31222e-13
  3171.000  1.31098e-13
  3171.500  1.30975e-13
  3172.000  1.30855e-13
  3172.500  1.30736e-13
  3173.000  1.30620e-13
  3173.500  1.30505e-13
  3174.000  1.30393e-13
  3174.500  1.30283e-13
  3175.000  1.30175e-13
  3175.500  1.30071e-13
  3176.000  1.29970e-13
  3176.500  1.29872e-13
  3177.000  1.29778e-13
  3177.500  1.29689e-13
  3178.000  1.29604e-13
  3178.500  1.29525e-13
  3179.000  1.29453e-13
  3179.500  1.29388e-13
  3180.000  1.29331e-13
  3180.500  1.29284e-13
  3181.000  1.29249e-13
  3181.500  1.29227e-13
  3182.000  1.29220e-13
  3182.500  1.29232e-13
  3183.000  1.29264e-13
  3183.500  1.29320e-13
  3184.000  1.29404e-13
  3184.500  1.29519e-13
  3185.000  1.29671e-13
  3185.500  1.29862e-13
  3186.000  1.30100e-13
  3186.500  1.30388e-13
  3187.000  1.30733e-13
  3187.500  1.31140e-13
  3188.000  1.31615e-13
  3188.500  1.32163e-13
  3189.000  1.32790e-13
  3189.500  1.33500e-13
  3190.000  1.34297e-13
  3190.500  1.35422e-13
  3191.000  1.36640e-13
  3191.500  1.37952e-13
  3192.000  1.39357e-13
  3192.500  1.40855e-13
  3193.000  1.42440e-13
  3193.500  1.44106e-13
  3194.000  1.45847e-13
  3194.500  1.47651e-13
  3195.000  1.49507e-13
  3195.500  1.51400e-13
  3196.000  1.53315e-13
  3196.500  1.55232e-13
  3197.000  1.57133e-13
  3197.500  1.58998e-13
  3198.000  1.60804e-13
  3198.500  1.62530e-13
  3199.000  1.64155e-13
  3199.500  1.65657e-13
  3200.000  1.67016e-13
  3200.500  1.68214e-13
  3201.000  1.69234e-13
  3201.500  1.70062e-13
  3202.000  1.70686e-13
  3202.500  1.71098e-13
  3203.000  1.71293e-13
  3203.500  1.71269e-13
  3204.000  1.71029e-13
  3204.500  1.70576e-13
  3205.000  1.69921e-13
  3205.500  1.69074e-13
  3206.000  1.68049e-13
  3206.500  1.66864e-13
  3207.000  1.65537e-13
  3207.500  1.64088e-13
  3208.000  1.62538e-13
  3208.500  1.60910e-13
  3209.000  1.59224e-13
  3209.500  1.57502e-13
  3210.000  1.55764e-13
  3210.500  1.53807e-13
  3211.000  1.51872e-13
  3211.500  1.49974e-13
  3212.000  1.48129e-13
  3212.500  1.46348e-13
  3213.000  1.44641e-13
  3213.500  1.43016e-13
  3214.000  1.41478e-13
  3214.500  1.40033e-13
  3215.000  1.38681e-13
  3215.500  1.37424e-13
  3216.000  1.36260e-13
  3216.500  1.35187e-13
  3217.000  1.34201e-13
  3217.500  1.33299e-13
  3218.000  1.32475e-13
  3218.500  1.31723e-13
  3219.000  1.31040e-13
  3219.500  1.30418e-13
  3220.000  1.29853e-13
  3220.500  1.29339e-13
  3221.000  1.28869e-13
  3221.500  1.28440e-13
  3222.000  1.28048e-13
  3222.500  1.27686e-13
  3223.000  1.27352e-13
  3223.500  1.27041e-13
  3224.000  1.26752e-13
  3224.500  1.26480e-13
  3225.000  1.26224e-13
  3225.500  1.25980e-13
  3226.000  1.25749e-13
  3226.500  1.25527e-13
  3227.000  1.25313e-13
  3227.500  1.25107e-13
  3228.000  1.24907e-13
  3228.500  1.24713e-13
  3229.000  1.24524e-13
  3229.500  1.24339e-13
  3230.000  1.24159e-13
  3230.500  1.24383e-13
  3231.000  1.24610e-13
  3231.500  1.24841e-13
  3232.000  1.25074e-13
  3232.500  1.25310e-13
  3233.000  1.25548e-13
  3233.500  1.25788e-13
  3234.000  1.26030e-13
  3234.500  1.26274e-13
  3235.000  1.26519e-13
  3235.500  1.26766e-13
  3236.000  1.27014e-13
  3236.500  1.27265e-13
  3237.000  1.27516e-13
  3237.500  1.27769e-13
  3238.000  1.28023e-13
  3238.500  1.28278e-13
  3239.000  1.28535e-13
  3239.500  1.28792e-13
  3240.000  1.29050e-13
  3240.500  1.29310e-13
  3241.000  1.29570e-13
  3241.500  1.29830e-13
  3242.000  1.30091e-13
  3242.500  1.30353e-13
  3243.000  1.30616e-13
  3243.500  1.30879e-13
  3244.000  1.31143e-13
  3244.500  1.31407e-13
  3245.000  1.31672e-13
  3245.500  1.31937e-13
  3246.000  1.32202e-13
  3246.500  1.32468e-13
  3247.000  1.32734e-13
  3247.500  1.33000e-13
  3248.000  1.33267e-13
  3248.500  1.33534e-13
  3249.000  1.33801e-13
  3249.500  1.34068e-13
  3250.000  1.34335e-13
  3250.500  1.34464e-13
  3251.000  1.34593e-13
  3251.500  1.34723e-13
  3252.000  1.34852e-13
  3252.500  1.34982e-13
  3253.000  1.35111e-13
  3253.500  1.35237e-13
  3254.000  1.35367e-13
  3254.500  1.35497e-13
  3255.000  1.35627e-13
  3255.500  1.35758e-13
  3256.000  1.35888e-13
  3256.500  1.36018e-13
  3257.000  1.36148e-13
  3257.500  1.36279e-13
  3258.000  1.36409e-13
  3258.500  1.36539e-13
  3259.000  1.36670e-13
  3259.500  1.36800e-13
  3260.000  1.36930e-13
  3260.500  1.37060e-13
  3261.000  1.37191e-13
  3261.500  1.37321e-13
  3262.000  1.37451e-13
  3262.500  1.37582e-13
  3263.000  1.37712e-13
  3263.500  1.37842e-13
  3264.000  1.37972e-13
  3264.500  1.38103e-13
  3265.000  1.38233e-13
  3265.500  1.38363e-13
  3266.000  1.38494e-13
  3266.500  1.38624e-13
  3267.000  1.38754e-13
  3267.500  1.38884e-13
  3268.000  1.39015e-13
  3268.500  1.39145e-13
  3269.000  1.39275e-13
  3269.500  1.39406e-13
  3270.000  1.39536e-13
  3270.500  1.39520e-13
  3271.000  1.39505e-13
  3271.500  1.39490e-13
  3272.000  1.39475e-13
  3272.500  1.39459e-13
  3273.000  1.39444e-13
  3273.500  1.39429e-13
  3274.000  1.39413e-13
  3274.500  1.39398e-13
  3275.000  1.39383e-13
  3275.500  1.39367e-13
  3276.000  1.39352e-13
  3276.500  1.39337e-13
  3277.000  1.39322e-13
  3277.500  1.39306e-13
  3278.000  1.39291e-13
  3278.500  1.39276e-13
  3279.000  1.39260e-13
  3279.500  1.39245e-13
  3280.000  1.39230e-13
  3280.500  1.39215e-13
  3281.000  1.39199e-13
  3281.500  1.39184e-13
  3282.000  1.39169e-13
  3282.500  1.39153e-13
  3283.000  1.39138e-13
  3283.500  1.39123e-13
  3284.000  1.39108e-13
  3284.500  1.39092e-13
  3285.000  1.39077e-13
  3285.500  1.39062e-13
  3286.000  1.39046e-13
  3286.500  1.39031e-13
  3287.000  1.39016e-13
  3287.500  1.39001e-13
  3288.000  1.38986e-13
  3288.500  1.38970e-13
  3289.000  1.38955e-13
  3289.500  1.38940e-13
  3290.000  1.38924e-13
  3290.500  1.38875e-13
  3291.000  1.38825e-13
  3291.500  1.38776e-13
  3292.000  1.38726e-13
  3292.500  1.38677e-13
  3293.000  1.38627e-13
  3293.500  1.38578e-13
  3294.000  1.38528e-13
  3294.500  1.38479e-13
  3295.000  1.38429e-13
  3295.500  1.38380e-13
  3296.000  1.38330e-13
  3296.500  1.38281e-13
  3297.000  1.38231e-13
  3297.500  1.38181e-13
  3298.000  1.38132e-13
  3298.500  1.38083e-13
  3299.000  1.38033e-13
  3299.500  1.37984e-13
  3300.000  1.37934e-13
  3300.500  1.37885e-13
  3301.000  1.37835e-13
  3301.500  1.37786e-13
  3302.000  1.37737e-13
  3302.500  1.37687e-13
  3303.000  1.37638e-13
  3303.500  1.37589e-13
  3304.000  1.37540e-13
  3304.500  1.37491e-13
  3305.000  1.37442e-13
  3305.500  1.37393e-13
  3306.000  1.37344e-13
  3306.500  1.37296e-13
  3307.000  1.37248e-13
  3307.500  1.37200e-13
  3308.000  1.37152e-13
  3308.500  1.37105e-13
  3309.000  1.37059e-13
  3309.500  1.37013e-13
  3310.000  1.36967e-13
  3310.500  1.36996e-13
  3311.000  1.37026e-13
  3311.500  1.37056e-13
  3312.000  1.37089e-13
  3312.500  1.37123e-13
  3313.000  1.37158e-13
  3313.500  1.37196e-13
  3314.000  1.37237e-13
  3314.500  1.37280e-13
  3315.000  1.37327e-13
  3315.500  1.37378e-13
  3316.000  1.37433e-13
  3316.500  1.37493e-13
  3317.000  1.37559e-13
  3317.500  1.37631e-13
  3318.000  1.37711e-13
  3318.500  1.37798e-13
  3319.000  1.37895e-13
  3319.500  1.38001e-13
  3320.000  1.38119e-13
  3320.500  1.38249e-13
  3321.000  1.38393e-13
  3321.500  1.38551e-13
  3322.000  1.38725e-13
  3322.500  1.38916e-13
  3323.000  1.39127e-13
  3323.500  1.39358e-13
  3324.000  1.39610e-13
  3324.500  1.39885e-13
  3325.000  1.40185e-13
  3325.500  1.40511e-13
  3326.000  1.40865e-13
  3326.500  1.41246e-13
  3327.000  1.41657e-13
  3327.500  1.42099e-13
  3328.000  1.42572e-13
  3328.500  1.43077e-13
  3329.000  1.43614e-13
  3329.500  1.44184e-13
  3330.000  1.44786e-13
  3330.500  1.45366e-13
  3331.000  1.45978e-13
  3331.500  1.46620e-13
  3332.000  1.47291e-13
  3332.500  1.47989e-13
  3333.000  1.48711e-13
  3333.500  1.49457e-13
  3334.000  1.50221e-13
  3334.500  1.51003e-13
  3335.000  1.51797e-13
  3335.500  1.52600e-13
  3336.000  1.53407e-13
  3336.500  1.54214e-13
  3337.000  1.55017e-13
  3337.500  1.55810e-13
  3338.000  1.56587e-13
  3338.500  1.57345e-13
  3339.000  1.58078e-13
  3339.500  1.58779e-13
  3340.000  1.59445e-13
  3340.500  1.60070e-13
  3341.000  1.60649e-13
  3341.500  1.61177e-13
  3342.000  1.61650e-13
  3342.500  1.62065e-13
  3343.000  1.62416e-13
  3343.500  1.62703e-13
  3344.000  1.62921e-13
  3344.500  1.63069e-13
  3345.000  1.63145e-13
  3345.500  1.63149e-13
  3346.000  1.63080e-13
  3346.500  1.62938e-13
  3347.000  1.62724e-13
  3347.500  1.62441e-13
  3348.000  1.62089e-13
  3348.500  1.61672e-13
  3349.000  1.61193e-13
  3349.500  1.60656e-13
  3350.000  1.60063e-13
  3350.500  1.59226e-13
  3351.000  1.58344e-13
  3351.500  1.57421e-13
  3352.000  1.56463e-13
  3352.500  1.55474e-13
  3353.000  1.54460e-13
  3353.500  1.53426e-13
  3354.000  1.52378e-13
  3354.500  1.51321e-13
  3355.000  1.50259e-13
  3355.500  1.49197e-13
  3356.000  1.48140e-13
  3356.500  1.47092e-13
  3357.000  1.46058e-13
  3357.500  1.45040e-13
  3358.000  1.44041e-13
  3358.500  1.43065e-13
  3359.000  1.42115e-13
  3359.500  1.41191e-13
  3360.000  1.40297e-13
  3360.500  1.39433e-13
  3361.000  1.38600e-13
  3361.500  1.37800e-13
  3362.000  1.37031e-13
  3362.500  1.36296e-13
  3363.000  1.35592e-13
  3363.500  1.34921e-13
  3364.000  1.34281e-13
  3364.500  1.33671e-13
  3365.000  1.33091e-13
  3365.500  1.32539e-13
  3366.000  1.32014e-13
  3366.500  1.31515e-13
  3367.000  1.31040e-13
  3367.500  1.30589e-13
  3368.000  1.30159e-13
  3368.500  1.29749e-13
  3369.000  1.29358e-13
  3369.500  1.28984e-13
  3370.000  1.28627e-13
  3370.500  1.28608e-13
  3371.000  1.28603e-13
  3371.500  1.28610e-13
  3372.000  1.28627e-13
  3372.500  1.28655e-13
  3373.000  1.28692e-13
  3373.500  1.28736e-13
  3374.000  1.28788e-13
  3374.500  1.28847e-13
  3375.000  1.28911e-13
  3375.500  1.28979e-13
  3376.000  1.29053e-13
  3376.500  1.29130e-13
  3377.000  1.29211e-13
  3377.500  1.29294e-13
  3378.000  1.29380e-13
  3378.500  1.29468e-13
  3379.000  1.29558e-13
  3379.500  1.29650e-13
  3380.000  1.29744e-13
  3380.500  1.29838e-13
  3381.000  1.29934e-13
  3381.500  1.30030e-13
  3382.000  1.30128e-13
  3382.500  1.30226e-13
  3383.000  1.30325e-13
  3383.500  1.30425e-13
  3384.000  1.30525e-13
  3384.500  1.30626e-13
  3385.000  1.30728e-13
  3385.500  1.30830e-13
  3386.000  1.30933e-13
  3386.500  1.31038e-13
  3387.000  1.31143e-13
  3387.500  1.31250e-13
  3388.000  1.31358e-13
  3388.500  1.31468e-13
  3389.000  1.31580e-13
  3389.500  1.31695e-13
  3390.000  1.31812e-13
  3390.500  1.31884e-13
  3391.000  1.31960e-13
  3391.500  1.32041e-13
  3392.000  1.32127e-13
  3392.500  1.32219e-13
  3393.000  1.32319e-13
  3393.500  1.32427e-13
  3394.000  1.32544e-13
  3394.500  1.32672e-13
  3395.000  1.32813e-13
  3395.500  1.32969e-13
  3396.000  1.33140e-13
  3396.500  1.33330e-13
  3397.000  1.33540e-13
  3397.500  1.33774e-13
  3398.000  1.34034e-13
  3398.500  1.34323e-13
  3399.000  1.34644e-13
  3399.500  1.35001e-13
  3400.000  1.35398e-13
  3400.500  1.35838e-13
  3401.000  1.36326e-13
  3401.500  1.36866e-13
  3402.000  1.37462e-13
  3402.500  1.38119e-13
  3403.000  1.38843e-13
  3403.500  1.39637e-13
  3404.000  1.40507e-13
  3404.500  1.41457e-13
  3405.000  1.42493e-13
  3405.500  1.43619e-13
  3406.000  1.44839e-13
  3406.500  1.46158e-13
  3407.000  1.47579e-13
  3407.500  1.49107e-13
  3408.000  1.50742e-13
  3408.500  1.52489e-13
  3409.000  1.54348e-13
  3409.500  1.56320e-13
  3410.000  1.58405e-13
  3410.500  1.60609e-13
  3411.000  1.62924e-13
  3411.500  1.65346e-13
  3412.000  1.67870e-13
  3412.500  1.70490e-13
  3413.000  1.73200e-13
  3413.500  1.75992e-13
  3414.000  1.78856e-13
  3414.500  1.81782e-13
  3415.000  1.84758e-13
  3415.500  1.87772e-13
  3416.000  1.90809e-13
  3416.500  1.93855e-13
  3417.000  1.96894e-13
  3417.500  1.99909e-13
  3418.000  2.02883e-13
  3418.500  2.05799e-13
  3419.000  2.08638e-13
  3419.500  2.11383e-13
  3420.000  2.14015e-13
  3420.500  2.16517e-13
  3421.000  2.18872e-13
  3421.500  2.21064e-13
  3422.000  2.22120e-13
  3422.500  2.23938e-13
  3423.000  2.25549e-13
  3423.500  2.26942e-13
  3424.000  2.28105e-13
  3424.500  2.29030e-13
  3425.000  2.29711e-13
  3425.500  2.30142e-13
  3426.000  2.30320e-13
  3426.500  2.30246e-13
  3427.000  2.29918e-13
  3427.500  2.29341e-13
  3428.000  2.28521e-13
  3428.500  2.27462e-13
  3429.000  2.26175e-13
  3429.500  2.24671e-13
  3430.000  2.22959e-13
  3430.500  2.21114e-13
  3431.000  2.19091e-13
  3431.500  2.16906e-13
  3432.000  2.14574e-13
  3432.500  2.12114e-13
  3433.000  2.09542e-13
  3433.500  2.06877e-13
  3434.000  2.04137e-13
  3434.500  2.01340e-13
  3435.000  1.98503e-13
  3435.500  1.95643e-13
  3436.000  1.92777e-13
  3436.500  1.89920e-13
  3437.000  1.87089e-13
  3437.500  1.84295e-13
  3438.000  1.81553e-13
  3438.500  1.78873e-13
  3439.000  1.76266e-13
  3439.500  1.73742e-13
  3440.000  1.71308e-13
  3440.500  1.68971e-13
  3441.000  1.66736e-13
  3441.500  1.64608e-13
  3442.000  1.62590e-13
  3442.500  1.60684e-13
  3443.000  1.58890e-13
  3443.500  1.57210e-13
  3444.000  1.55642e-13
  3444.500  1.54184e-13
  3445.000  1.52836e-13
  3445.500  1.51592e-13
  3446.000  1.50451e-13
  3446.500  1.49409e-13
  3447.000  1.48460e-13
  3447.500  1.47601e-13
  3448.000  1.46827e-13
  3448.500  1.46134e-13
  3449.000  1.45516e-13
  3449.500  1.44968e-13
  3450.000  1.44486e-13
  3450.500  1.43968e-13
  3451.000  1.43506e-13
  3451.500  1.43096e-13
  3452.000  1.42733e-13
  3452.500  1.42414e-13
  3453.000  1.42134e-13
  3453.500  1.41889e-13
  3454.000  1.41676e-13
  3454.500  1.41493e-13
  3455.000  1.41335e-13
  3455.500  1.41200e-13
  3456.000  1.41086e-13
  3456.500  1.40990e-13
  3457.000  1.40910e-13
  3457.500  1.40844e-13
  3458.000  1.40791e-13
  3458.500  1.40749e-13
  3459.000  1.40716e-13
  3459.500  1.40691e-13
  3460.000  1.40674e-13
  3460.500  1.40662e-13
  3461.000  1.40656e-13
  3461.500  1.40655e-13
  3462.000  1.40657e-13
  3462.500  1.40663e-13
  3463.000  1.40672e-13
  3463.500  1.40683e-13
  3464.000  1.40696e-13
  3464.500  1.40710e-13
  3465.000  1.40727e-13
  3465.500  1.40744e-13
  3466.000  1.40762e-13
  3466.500  1.40781e-13
  3467.000  1.40801e-13
  3467.500  1.40822e-13
  3468.000  1.40843e-13
  3468.500  1.40864e-13
  3469.000  1.40886e-13
  3469.500  1.40907e-13
  3470.000  1.40929e-13
  3470.500  1.41028e-13
  3471.000  1.41127e-13
  3471.500  1.41226e-13
  3472.000  1.41326e-13
  3472.500  1.41425e-13
  3473.000  1.41524e-13
  3473.500  1.41624e-13
  3474.000  1.41723e-13
  3474.500  1.41823e-13
  3475.000  1.41922e-13
  3475.500  1.42022e-13
  3476.000  1.42121e-13
  3476.500  1.42221e-13
  3477.000  1.42320e-13
  3477.500  1.42420e-13
  3478.000  1.42520e-13
  3478.500  1.42619e-13
  3479.000  1.42719e-13
  3479.500  1.42818e-13
  3480.000  1.42918e-13
  3480.500  1.43017e-13
  3481.000  1.43117e-13
  3481.500  1.43217e-13
  3482.000  1.43316e-13
  3482.500  1.43416e-13
  3483.000  1.43515e-13
  3483.500  1.43615e-13
  3484.000  1.43715e-13
  3484.500  1.43814e-13
  3485.000  1.43914e-13
  3485.500  1.44013e-13
  3486.000  1.44113e-13
  3486.500  1.44213e-13
  3487.000  1.44312e-13
  3487.500  1.44412e-13
  3488.000  1.44511e-13
  3488.500  1.44611e-13
  3489.000  1.44711e-13
  3489.500  1.44810e-13
  3490.000  1.44910e-13
  3490.500  1.45013e-13
  3491.000  1.45116e-13
  3491.500  1.45219e-13
  3492.000  1.45322e-13
  3492.500  1.45425e-13
  3493.000  1.45528e-13
  3493.500  1.45631e-13
  3494.000  1.45733e-13
  3494.500  1.45836e-13
  3495.000  1.45939e-13
  3495.500  1.46042e-13
  3496.000  1.46145e-13
  3496.500  1.46248e-13
  3497.000  1.46351e-13
  3497.500  1.46454e-13
  3498.000  1.46557e-13
  3498.500  1.46660e-13
  3499.000  1.46763e-13
  3499.500  1.46866e-13
  3500.000  1.46969e-13
  3500.500  1.47072e-13
  3501.000  1.47175e-13
  3501.500  1.47278e-13
  3502.000  1.47381e-13
  3502.500  1.47484e-13
  3503.000  1.47586e-13
  3503.500  1.47686e-13
  3504.000  1.47788e-13
  3504.500  1.47891e-13
  3505.000  1.47994e-13
  3505.500  1.48097e-13
  3506.000  1.48200e-13
  3506.500  1.48303e-13
  3507.000  1.48406e-13
  3507.500  1.48509e-13
  3508.000  1.48612e-13
  3508.500  1.48715e-13
  3509.000  1.48818e-13
  3509.500  1.48920e-13
  3510.000  1.49023e-13
  3510.500  1.48859e-13
  3511.000  1.48695e-13
  3511.500  1.48531e-13
  3512.000  1.48367e-13
  3512.500  1.48203e-13
  3513.000  1.48039e-13
  3513.500  1.47875e-13
  3514.000  1.47711e-13
  3514.500  1.47547e-13
  3515.000  1.47383e-13
  3515.500  1.47219e-13
  3516.000  1.47055e-13
  3516.500  1.46891e-13
  3517.000  1.46727e-13
  3517.500  1.46563e-13
  3518.000  1.46399e-13
  3518.500  1.46235e-13
  3519.000  1.46071e-13
  3519.500  1.45907e-13
  3520.000  1.45743e-13
  3520.500  1.45579e-13
  3521.000  1.45416e-13
  3521.500  1.45251e-13
  3522.000  1.45087e-13
  3522.500  1.44924e-13
  3523.000  1.44760e-13
  3523.500  1.44596e-13
  3524.000  1.44432e-13
  3524.500  1.44268e-13
  3525.000  1.44104e-13
  3525.500  1.43940e-13
  3526.000  1.43776e-13
  3526.500  1.43612e-13
  3527.000  1.43448e-13
  3527.500  1.43282e-13
  3528.000  1.43118e-13
  3528.500  1.42954e-13
  3529.000  1.42790e-13
  3529.500  1.42626e-13
  3530.000  1.42462e-13
  3530.500  1.42601e-13
  3531.000  1.42739e-13
  3531.500  1.42877e-13
  3532.000  1.43016e-13
  3532.500  1.43154e-13
  3533.000  1.43292e-13
  3533.500  1.43430e-13
  3534.000  1.43569e-13
  3534.500  1.43707e-13
  3535.000  1.43845e-13
  3535.500  1.43984e-13
  3536.000  1.44122e-13
  3536.500  1.44260e-13
  3537.000  1.44396e-13
  3537.500  1.44534e-13
  3538.000  1.44673e-13
  3538.500  1.44811e-13
  3539.000  1.44949e-13
  3539.500  1.45087e-13
  3540.000  1.45226e-13
  3540.500  1.45364e-13
  3541.000  1.45502e-13
  3541.500  1.45641e-13
  3542.000  1.45779e-13
  3542.500  1.45917e-13
  3543.000  1.46055e-13
  3543.500  1.46194e-13
  3544.000  1.46332e-13
  3544.500  1.46471e-13
  3545.000  1.46609e-13
  3545.500  1.46747e-13
  3546.000  1.46885e-13
  3546.500  1.47024e-13
  3547.000  1.47162e-13
  3547.500  1.47300e-13
  3548.000  1.47439e-13
  3548.500  1.47577e-13
  3549.000  1.47715e-13
  3549.500  1.47853e-13
  3550.000  1.47991e-13
  3550.500  1.47673e-13
  3551.000  1.47355e-13
  3551.500  1.47037e-13
  3552.000  1.46719e-13
  3552.500  1.46401e-13
  3553.000  1.46083e-13
  3553.500  1.45764e-13
  3554.000  1.45446e-13
  3554.500  1.45128e-13
  3555.000  1.44810e-13
  3555.500  1.44492e-13
  3556.000  1.44174e-13
  3556.500  1.43856e-13
  3557.000  1.43537e-13
  3557.500  1.43219e-13
  3558.000  1.42901e-13
  3558.500  1.42583e-13
  3559.000  1.42265e-13
  3559.500  1.41947e-13
  3560.000  1.41629e-13
  3560.500  1.41311e-13
  3561.000  1.40993e-13
  3561.500  1.40675e-13
  3562.000  1.40357e-13
  3562.500  1.40039e-13
  3563.000  1.39721e-13
  3563.500  1.39403e-13
  3564.000  1.39085e-13
  3564.500  1.38767e-13
  3565.000  1.38449e-13
  3565.500  1.38131e-13
  3566.000  1.37813e-13
  3566.500  1.37495e-13
  3567.000  1.37177e-13
  3567.500  1.36859e-13
  3568.000  1.36540e-13
  3568.500  1.36222e-13
  3569.000  1.35904e-13
  3569.500  1.35587e-13
  3570.000  1.35269e-13
  3570.500  1.35345e-13
  3571.000  1.35421e-13
  3571.500  1.35497e-13
  3572.000  1.35574e-13
  3572.500  1.35650e-13
  3573.000  1.35726e-13
  3573.500  1.35802e-13
  3574.000  1.35878e-13
  3574.500  1.35954e-13
  3575.000  1.36031e-13
  3575.500  1.36107e-13
  3576.000  1.36183e-13
  3576.500  1.36258e-13
  3577.000  1.36334e-13
  3577.500  1.36410e-13
  3578.000  1.36487e-13
  3578.500  1.36563e-13
  3579.000  1.36639e-13
  3579.500  1.36715e-13
  3580.000  1.36792e-13
  3580.500  1.36868e-13
  3581.000  1.36944e-13
  3581.500  1.37020e-13
  3582.000  1.37096e-13
  3582.500  1.37173e-13
  3583.000  1.37249e-13
  3583.500  1.37325e-13
  3584.000  1.37402e-13
  3584.500  1.37477e-13
  3585.000  1.37554e-13
  3585.500  1.37630e-13
  3586.000  1.37706e-13
  3586.500  1.37783e-13
  3587.000  1.37859e-13
  3587.500  1.37935e-13
  3588.000  1.38011e-13
  3588.500  1.38087e-13
  3589.000  1.38164e-13
  3589.500  1.38240e-13
  3590.000  1.38316e-13
  3590.500  1.38588e-13
  3591.000  1.38860e-13
  3591.500  1.39132e-13
  3592.000  1.39404e-13
  3592.500  1.39676e-13
  3593.000  1.39948e-13
  3593.500  1.40219e-13
  3594.000  1.40491e-13
  3594.500  1.40763e-13
  3595.000  1.41035e-13
  3595.500  1.41307e-13
  3596.000  1.41579e-13
  3596.500  1.41851e-13
  3597.000  1.42123e-13
  3597.500  1.42394e-13
  3598.000  1.42666e-13
  3598.500  1.42938e-13
  3599.000  1.43210e-13
  3599.500  1.43482e-13
  3600.000  1.43753e-13
  3600.500  1.44025e-13
  3601.000  1.44297e-13
  3601.500  1.44569e-13
  3602.000  1.44841e-13
  3602.500  1.45113e-13
  3603.000  1.45385e-13
  3603.500  1.45656e-13
  3604.000  1.45928e-13
  3604.500  1.46200e-13
  3605.000  1.46472e-13
  3605.500  1.46744e-13
  3606.000  1.47016e-13
  3606.500  1.47288e-13
  3607.000  1.47559e-13
  3607.500  1.47831e-13
  3608.000  1.48103e-13
  3608.500  1.48375e-13
  3609.000  1.48646e-13
  3609.500  1.48918e-13
  3610.000  1.49190e-13
  3610.500  1.49238e-13
  3611.000  1.49287e-13
  3611.500  1.49336e-13
  3612.000  1.49384e-13
  3612.500  1.49432e-13
  3613.000  1.49481e-13
  3613.500  1.49530e-13
  3614.000  1.49578e-13
  3614.500  1.49627e-13
  3615.000  1.49676e-13
  3615.500  1.49724e-13
  3616.000  1.49773e-13
  3616.500  1.49821e-13
  3617.000  1.49870e-13
  3617.500  1.49919e-13
  3618.000  1.49967e-13
  3618.500  1.50016e-13
  3619.000  1.50065e-13
  3619.500  1.50113e-13
  3620.000  1.50162e-13
  3620.500  1.50210e-13
  3621.000  1.50256e-13
  3621.500  1.50305e-13
  3622.000  1.50354e-13
  3622.500  1.50403e-13
  3623.000  1.50451e-13
  3623.500  1.50500e-13
  3624.000  1.50548e-13
  3624.500  1.50597e-13
  3625.000  1.50645e-13
  3625.500  1.50694e-13
  3626.000  1.50743e-13
  3626.500  1.50792e-13
  3627.000  1.50840e-13
  3627.500  1.50889e-13
  3628.000  1.50938e-13
  3628.500  1.50986e-13
  3629.000  1.51035e-13
  3629.500  1.51083e-13
  3630.000  1.51132e-13
  3630.500  1.51115e-13
  3631.000  1.51098e-13
  3631.500  1.51081e-13
  3632.000  1.51064e-13
  3632.500  1.51047e-13
  3633.000  1.51030e-13
  3633.500  1.51014e-13
  3634.000  1.50997e-13
  3634.500  1.50980e-13
  3635.000  1.50963e-13
  3635.500  1.50946e-13
  3636.000  1.50929e-13
  3636.500  1.50912e-13
  3637.000  1.50895e-13
  3637.500  1.50878e-13
  3638.000  1.50861e-13
  3638.500  1.50844e-13
  3639.000  1.50828e-13
  3639.500  1.50810e-13
  3640.000  1.50794e-13
  3640.500  1.50909e-13
  3641.000  1.51024e-13
  3641.500  1.51139e-13
  3642.000  1.51253e-13
  3642.500  1.51368e-13
  3643.000  1.51483e-13
  3643.500  1.51598e-13
  3644.000  1.51713e-13
  3644.500  1.51828e-13
  3645.000  1.51943e-13
  3645.500  1.52036e-13
  3646.000  1.52150e-13
  3646.500  1.52265e-13
  3647.000  1.52381e-13
  3647.500  1.41949e-13
  3648.000  1.42063e-13
  3648.500  1.42178e-13
  3649.000  1.42292e-13
  3649.500  1.42406e-13
  3650.000  1.42520e-13
  3650.500  1.42572e-13
  3651.000  1.42625e-13
  3651.500  1.42678e-13
  3652.000  1.42730e-13
  3652.500  1.42783e-13
  3653.000  1.42836e-13
  3653.500  1.42889e-13
  3654.000  1.42941e-13
  3654.500  1.42994e-13
  3655.000  1.43047e-13
  3655.500  1.43099e-13
  3656.000  1.43152e-13
  3656.500  1.43205e-13
  3657.000  1.43258e-13
  3657.500  1.43310e-13
  3658.000  1.43363e-13
  3658.500  1.43416e-13
  3659.000  1.43469e-13
  3659.500  1.43521e-13
  3660.000  1.43574e-13
  3660.500  1.43627e-13
  3661.000  1.43680e-13
  3661.500  1.43732e-13
  3662.000  1.43785e-13
  3662.500  1.43838e-13
  3663.000  1.43891e-13
  3663.500  1.43943e-13
  3664.000  1.43996e-13
  3664.500  1.44049e-13
  3665.000  1.44101e-13
  3665.500  1.44154e-13
  3666.000  1.44207e-13
  3666.500  1.44260e-13
  3667.000  1.44312e-13
  3667.500  1.44365e-13
  3668.000  1.44418e-13
  3668.500  1.44471e-13
  3669.000  1.44523e-13
  3669.500  1.44576e-13
  3670.000  1.44629e-13
  3670.500  1.44484e-13
  3671.000  1.44340e-13
  3671.500  1.44196e-13
  3672.000  1.44052e-13
  3672.500  1.43908e-13
  3673.000  1.43763e-13
  3673.500  1.43619e-13
  3674.000  1.43475e-13
  3674.500  1.43331e-13
  3675.000  1.43186e-13
  3675.500  1.43042e-13
  3676.000  1.42898e-13
  3676.500  1.42754e-13
  3677.000  1.42609e-13
  3677.500  1.42465e-13
  3678.000  1.42321e-13
  3678.500  1.42177e-13
  3679.000  1.42033e-13
  3679.500  1.41888e-13
  3680.000  1.41558e-13
  3680.500  1.41414e-13
  3681.000  1.41270e-13
  3681.500  1.41126e-13
  3682.000  1.40982e-13
  3682.500  1.40837e-13
  3683.000  1.40693e-13
  3683.500  1.40549e-13
  3684.000  1.40404e-13
  3684.500  1.40260e-13
  3685.000  1.40116e-13
  3685.500  1.39972e-13
  3686.000  1.39828e-13
  3686.500  1.39684e-13
  3687.000  1.39539e-13
  3687.500  1.39395e-13
  3688.000  1.39251e-13
  3688.500  1.39107e-13
  3689.000  1.38962e-13
  3689.500  1.38818e-13
  3690.000  1.38674e-13
  3690.500  1.38905e-13
  3691.000  1.39135e-13
  3691.500  1.39365e-13
  3692.000  1.39596e-13
  3692.500  1.39826e-13
  3693.000  1.40057e-13
  3693.500  1.40287e-13
  3694.000  1.40518e-13
  3694.500  1.40748e-13
  3695.000  1.40978e-13
  3695.500  1.41209e-13
  3696.000  1.41439e-13
  3696.500  1.41670e-13
  3697.000  1.41900e-13
  3697.500  1.42131e-13
  3698.000  1.42361e-13
  3698.500  1.42592e-13
  3699.000  1.42822e-13
  3699.500  1.43053e-13
  3700.000  1.43283e-13
  3700.500  1.43514e-13
  3701.000  1.43744e-13
  3701.500  1.43975e-13
  3702.000  1.44207e-13
  3702.500  1.44438e-13
  3703.000  1.44670e-13
  3703.500  1.44903e-13
  3704.000  1.45138e-13
  3704.500  1.45374e-13
  3705.000  1.45612e-13
  3705.500  1.45854e-13
  3706.000  1.46101e-13
  3706.500  1.46354e-13
  3707.000  1.46617e-13
  3707.500  1.46892e-13
  3708.000  1.47184e-13
  3708.500  1.47498e-13
  3709.000  1.47841e-13
  3709.500  1.48222e-13
  3710.000  1.48651e-13
  3710.500  1.48465e-13
  3711.000  1.48358e-13
  3711.500  1.48348e-13
  3712.000  1.48459e-13
  3712.500  1.48718e-13
  3713.000  1.49156e-13
  3713.500  1.49806e-13
  3714.000  1.50709e-13
  3714.500  1.51905e-13
  3715.000  1.53439e-13
  3715.500  1.55358e-13
  3716.000  1.57710e-13
  3716.500  1.60540e-13
  3717.000  1.63892e-13
  3717.500  1.67805e-13
  3718.000  1.72310e-13
  3718.500  1.77427e-13
  3719.000  1.83166e-13
  3719.500  1.89519e-13
  3720.000  1.96464e-13
  3720.500  2.03956e-13
  3721.000  2.11933e-13
  3721.500  2.20309e-13
  3722.000  2.28978e-13
  3722.500  2.37815e-13
  3723.000  2.46676e-13
  3723.500  2.55403e-13
  3724.000  2.63827e-13
  3724.500  2.71774e-13
  3725.000  2.79069e-13
  3725.500  2.85543e-13
  3726.000  2.91039e-13
  3726.500  2.95417e-13
  3727.000  2.98562e-13
  3727.500  3.00385e-13
  3728.000  3.00827e-13
  3728.500  2.99867e-13
  3729.000  2.97515e-13
  3729.500  2.93819e-13
  3730.000  2.88855e-13
  3730.500  2.83449e-13
  3731.000  2.77018e-13
  3731.500  2.69717e-13
  3732.000  2.61715e-13
  3732.500  2.53188e-13
  3733.000  2.44315e-13
  3733.500  2.35272e-13
  3734.000  2.26223e-13
  3734.500  2.17321e-13
  3735.000  2.08699e-13
  3735.500  2.00474e-13
  3736.000  1.92737e-13
  3736.500  1.85560e-13
  3737.000  1.78992e-13
  3737.500  1.73061e-13
  3738.000  1.67778e-13
  3738.500  1.63135e-13
  3739.000  1.59114e-13
  3739.500  1.55682e-13
  3740.000  1.52801e-13
  3740.500  1.50425e-13
  3741.000  1.48507e-13
  3741.500  1.46996e-13
  3742.000  1.45844e-13
  3742.500  1.45003e-13
  3743.000  1.44430e-13
  3743.500  1.44084e-13
  3744.000  1.43929e-13
  3744.500  1.43931e-13
  3745.000  1.44063e-13
  3745.500  1.44299e-13
  3746.000  1.44620e-13
  3746.500  1.45008e-13
  3747.000  1.45448e-13
  3747.500  1.45929e-13
  3748.000  1.46439e-13
  3748.500  1.46971e-13
  3749.000  1.47519e-13
  3749.500  1.48076e-13
  3750.000  1.48638e-13
  3750.500  1.49305e-13
  3751.000  1.49969e-13
  3751.500  1.50629e-13
  3752.000  1.51280e-13
  3752.500  1.51922e-13
  3753.000  1.52551e-13
  3753.500  1.53167e-13
  3754.000  1.53767e-13
  3754.500  1.54350e-13
  3755.000  1.54914e-13
  3755.500  1.55459e-13
  3756.000  1.55982e-13
  3756.500  1.56483e-13
  3757.000  1.56961e-13
  3757.500  1.57416e-13
  3758.000  1.57847e-13
  3758.500  1.58253e-13
  3759.000  1.58634e-13
  3759.500  1.58989e-13
  3760.000  1.59321e-13
  3760.500  1.59627e-13
  3761.000  1.59910e-13
  3761.500  1.60169e-13
  3762.000  1.60405e-13
  3762.500  1.60619e-13
  3763.000  1.60812e-13
  3763.500  1.60985e-13
  3764.000  1.61139e-13
  3764.500  1.61276e-13
  3765.000  1.61397e-13
  3765.500  1.61504e-13
  3766.000  1.61598e-13
  3766.500  1.61680e-13
  3767.000  1.61752e-13
  3767.500  1.61817e-13
  3768.000  1.61875e-13
  3768.500  1.61929e-13
  3769.000  1.61979e-13
  3769.500  1.62027e-13
  3770.000  1.62074e-13
  3770.500  1.61943e-13
  3771.000  1.61814e-13
  3771.500  1.61689e-13
  3772.000  1.61569e-13
  3772.500  1.61454e-13
  3773.000  1.61346e-13
  3773.500  1.61246e-13
  3774.000  1.61155e-13
  3774.500  1.61072e-13
  3775.000  1.61000e-13
  3775.500  1.60937e-13
  3776.000  1.60885e-13
  3776.500  1.60844e-13
  3777.000  1.60814e-13
  3777.500  1.60795e-13
  3778.000  1.60787e-13
  3778.500  1.60790e-13
  3779.000  1.60804e-13
  3779.500  1.60829e-13
  3780.000  1.60865e-13
  3780.500  1.60910e-13
  3781.000  1.60966e-13
  3781.500  1.61032e-13
  3782.000  1.61106e-13
  3782.500  1.61190e-13
  3783.000  1.61281e-13
  3783.500  1.61381e-13
  3784.000  1.61489e-13
  3784.500  1.61603e-13
  3785.000  1.61725e-13
  3785.500  1.61852e-13
  3786.000  1.61986e-13
  3786.500  1.62125e-13
  3787.000  1.62269e-13
  3787.500  1.62417e-13
  3788.000  1.62570e-13
  3788.500  1.62727e-13
  3789.000  1.62887e-13
  3789.500  1.63050e-13
  3790.000  1.63217e-13
  3790.500  1.63264e-13
  3791.000  1.63314e-13
  3791.500  1.63366e-13
  3792.000  1.63420e-13
  3792.500  1.63475e-13
  3793.000  1.63533e-13
  3793.500  1.63591e-13
  3794.000  1.63651e-13
  3794.500  1.63712e-13
  3795.000  1.63774e-13
  3795.500  1.63837e-13
  3796.000  1.63901e-13
  3796.500  1.63965e-13
  3797.000  1.64030e-13
  3797.500  1.64095e-13
  3798.000  1.64161e-13
  3798.500  1.64227e-13
  3799.000  1.64293e-13
  3799.500  1.64360e-13
  3800.000  1.64427e-13
  3800.500  1.64494e-13
  3801.000  1.64562e-13
  3801.500  1.64629e-13
  3802.000  1.64697e-13
  3802.500  1.64764e-13
  3803.000  1.64832e-13
  3803.500  1.64900e-13
  3804.000  1.64968e-13
  3804.500  1.65036e-13
  3805.000  1.65104e-13
  3805.500  1.65172e-13
  3806.000  1.65241e-13
  3806.500  1.65309e-13
  3807.000  1.65377e-13
  3807.500  1.65445e-13
  3808.000  1.65514e-13
  3808.500  1.65582e-13
  3809.000  1.65650e-13
  3809.500  1.65718e-13
  3810.000  1.65786e-13
  3810.500  1.65041e-13
  3811.000  1.64296e-13
  3811.500  1.63551e-13
  3812.000  1.62806e-13
  3812.500  1.62061e-13
  3813.000  1.61317e-13
  3813.500  1.60572e-13
  3814.000  1.59827e-13
  3814.500  1.59082e-13
  3815.000  1.58337e-13
  3815.500  1.57593e-13
  3816.000  1.56848e-13
  3816.500  1.56103e-13
  3817.000  1.55358e-13
  3817.500  1.54613e-13
  3818.000  1.53869e-13
  3818.500  1.53124e-13
  3819.000  1.52379e-13
  3819.500  1.51634e-13
  3820.000  1.50889e-13
  3820.500  1.50144e-13
  3821.000  1.49399e-13
  3821.500  1.48655e-13
  3822.000  1.47910e-13
  3822.500  1.47165e-13
  3823.000  1.46420e-13
  3823.500  1.45676e-13
  3824.000  1.44931e-13
  3824.500  1.44186e-13
  3825.000  1.43441e-13
  3825.500  1.42697e-13
  3826.000  1.41952e-13
  3826.500  1.41207e-13
  3827.000  1.40462e-13
  3827.500  1.39718e-13
  3828.000  1.38974e-13
  3828.500  1.38229e-13
  3829.000  1.37484e-13
  3829.500  1.36740e-13
  3830.000  1.35997e-13
  3830.500  1.36528e-13
  3831.000  1.37059e-13
  3831.500  1.37591e-13
  3832.000  1.38123e-13
  3832.500  1.38656e-13
  3833.000  1.39189e-13
  3833.500  1.39723e-13
  3834.000  1.40258e-13
  3834.500  1.40794e-13
  3835.000  1.41332e-13
  3835.500  1.41872e-13
  3836.000  1.42414e-13
  3836.500  1.42960e-13
  3837.000  1.43508e-13
  3837.500  1.44062e-13
  3838.000  1.44620e-13
  3838.500  1.45186e-13
  3839.000  1.45777e-13
  3839.500  1.46361e-13
  3840.000  1.46957e-13
  3840.500  1.47566e-13
  3841.000  1.48192e-13
  3841.500  1.48836e-13
  3842.000  1.49504e-13
  3842.500  1.50197e-13
  3843.000  1.50921e-13
  3843.500  1.51680e-13
  3844.000  1.52479e-13
  3844.500  1.53326e-13
  3845.000  1.54225e-13
  3845.500  1.55185e-13
  3846.000  1.56213e-13
  3846.500  1.57318e-13
  3847.000  1.58508e-13
  3847.500  1.59795e-13
  3848.000  1.61187e-13
  3848.500  1.62695e-13
  3849.000  1.64330e-13
  3849.500  1.66104e-13
  3850.000  1.68028e-13
  3850.500  1.69736e-13
  3851.000  1.71617e-13
  3851.500  1.73681e-13
  3852.000  1.75936e-13
  3852.500  1.78394e-13
  3853.000  1.81060e-13
  3853.500  1.83941e-13
  3854.000  1.87041e-13
  3854.500  1.90363e-13
  3855.000  1.93907e-13
  3855.500  1.97670e-13
  3856.000  2.01646e-13
  3856.500  2.05828e-13
  3857.000  2.10204e-13
  3857.500  2.14758e-13
  3858.000  2.19474e-13
  3858.500  2.24328e-13
  3859.000  2.29296e-13
  3859.500  2.34350e-13
  3860.000  2.39458e-13
  3860.500  2.44588e-13
  3861.000  2.49703e-13
  3861.500  2.54764e-13
  3862.000  2.59732e-13
  3862.500  2.64565e-13
  3863.000  2.69225e-13
  3863.500  2.73668e-13
  3864.000  2.77855e-13
  3864.500  2.81748e-13
  3865.000  2.85310e-13
  3865.500  2.88508e-13
  3866.000  2.91311e-13
  3866.500  2.93692e-13
  3867.000  2.95631e-13
  3867.500  2.97108e-13
  3868.000  2.98114e-13
  3868.500  2.98640e-13
  3869.000  2.98685e-13
  3869.500  2.98255e-13
  3870.000  2.97356e-13
  3870.500  2.95619e-13
  3871.000  2.93448e-13
  3871.500  2.90872e-13
  3872.000  2.87917e-13
  3872.500  2.84617e-13
  3873.000  2.81007e-13
  3873.500  2.77125e-13
  3874.000  2.73011e-13
  3874.500  2.68707e-13
  3875.000  2.64255e-13
  3875.500  2.59695e-13
  3876.000  2.55067e-13
  3876.500  2.50413e-13
  3877.000  2.45768e-13
  3877.500  2.41167e-13
  3878.000  2.36642e-13
  3878.500  2.32223e-13
  3879.000  2.27934e-13
  3879.500  2.23797e-13
  3880.000  2.19830e-13
  3880.500  2.16047e-13
  3881.000  2.12458e-13
  3881.500  2.09071e-13
  3882.000  2.05888e-13
  3882.500  2.02911e-13
  3883.000  2.00135e-13
  3883.500  1.97557e-13
  3884.000  1.95168e-13
  3884.500  1.92959e-13
  3885.000  1.90918e-13
  3885.500  1.89034e-13
  3886.000  1.87293e-13
  3886.500  1.85681e-13
  3887.000  1.84184e-13
  3887.500  1.82790e-13
  3888.000  1.81484e-13
  3888.500  1.80252e-13
  3889.000  1.79084e-13
  3889.500  1.77967e-13
  3890.000  1.76893e-13
  3890.500  1.76801e-13
  3891.000  1.76734e-13
  3891.500  1.76684e-13
  3892.000  1.76646e-13
  3892.500  1.76617e-13
  3893.000  1.76592e-13
  3893.500  1.76569e-13
  3894.000  1.76548e-13
  3894.500  1.76527e-13
  3895.000  1.76508e-13
  3895.500  1.76490e-13
  3896.000  1.76477e-13
  3896.500  1.76469e-13
  3897.000  1.76468e-13
  3897.500  1.76477e-13
  3898.000  1.76499e-13
  3898.500  1.76535e-13
  3899.000  1.76590e-13
  3899.500  1.76663e-13
  3900.000  1.76759e-13
  3900.500  1.76878e-13
  3901.000  1.77022e-13
  3901.500  1.77192e-13
  3902.000  1.77390e-13
  3902.500  1.77615e-13
  3903.000  1.77869e-13
  3903.500  1.78152e-13
  3904.000  1.78463e-13
  3904.500  1.78802e-13
  3905.000  1.79169e-13
  3905.500  1.79562e-13
  3906.000  1.79980e-13
  3906.500  1.80423e-13
  3907.000  1.80889e-13
  3907.500  1.81378e-13
  3908.000  1.81887e-13
  3908.500  1.82415e-13
  3909.000  1.82961e-13
  3909.500  1.83524e-13
  3910.000  1.84099e-13
  3910.500  1.82629e-13
  3911.000  1.81171e-13
  3911.500  1.79725e-13
  3912.000  1.78289e-13
  3912.500  1.76863e-13
  3913.000  1.75444e-13
  3913.500  1.74033e-13
  3914.000  1.72628e-13
  3914.500  1.71230e-13
  3915.000  1.69836e-13
  3915.500  1.68447e-13
  3916.000  1.67063e-13
  3916.500  1.65681e-13
  3917.000  1.64303e-13
  3917.500  1.62927e-13
  3918.000  1.61554e-13
  3918.500  1.60184e-13
  3919.000  1.58815e-13
  3919.500  1.57448e-13
  3920.000  1.56082e-13
  3920.500  1.54718e-13
  3921.000  1.53355e-13
  3921.500  1.51994e-13
  3922.000  1.50632e-13
  3922.500  1.49273e-13
  3923.000  1.47913e-13
  3923.500  1.46555e-13
  3924.000  1.45198e-13
  3924.500  1.43841e-13
  3925.000  1.42486e-13
  3925.500  1.41130e-13
  3926.000  1.39775e-13
  3926.500  1.38421e-13
  3927.000  1.37067e-13
  3927.500  1.35714e-13
  3928.000  1.34362e-13
  3928.500  1.33010e-13
  3929.000  1.31658e-13
  3929.500  1.30307e-13
  3930.000  1.28960e-13
  3930.500  1.29904e-13
  3931.000  1.30848e-13
  3931.500  1.31792e-13
  3932.000  1.32738e-13
  3932.500  1.33684e-13
  3933.000  1.34631e-13
  3933.500  1.35578e-13
  3934.000  1.36527e-13
  3934.500  1.37477e-13
  3935.000  1.38429e-13
  3935.500  1.39382e-13
  3936.000  1.40338e-13
  3936.500  1.41295e-13
  3937.000  1.42255e-13
  3937.500  1.43219e-13
  3938.000  1.44186e-13
  3938.500  1.45158e-13
  3939.000  1.46135e-13
  3939.500  1.47104e-13
  3940.000  1.48095e-13
  3940.500  1.49096e-13
  3941.000  1.50107e-13
  3941.500  1.51128e-13
  3942.000  1.52163e-13
  3942.500  1.53213e-13
  3943.000  1.54279e-13
  3943.500  1.55366e-13
  3944.000  1.56474e-13
  3944.500  1.57607e-13
  3945.000  1.58768e-13
  3945.500  1.59959e-13
  3946.000  1.61185e-13
  3946.500  1.62448e-13
  3947.000  1.63753e-13
  3947.500  1.65104e-13
  3948.000  1.66503e-13
  3948.500  1.67957e-13
  3949.000  1.69466e-13
  3949.500  1.71037e-13
  3950.000  1.72669e-13
  3950.500  1.72474e-13
  3951.000  1.72350e-13
  3951.500  1.72300e-13
  3952.000  1.72326e-13
  3952.500  1.72429e-13
  3953.000  1.72612e-13
  3953.500  1.72873e-13
  3954.000  1.73212e-13
  3954.500  1.73628e-13
  3955.000  1.74118e-13
  3955.500  1.74679e-13
  3956.000  1.75305e-13
  3956.500  1.75991e-13
  3957.000  1.76729e-13
  3957.500  1.77512e-13
  3958.000  1.78331e-13
  3958.500  1.79175e-13
  3959.000  1.80031e-13
  3959.500  1.80890e-13
  3960.000  1.81736e-13
  3960.500  1.82557e-13
  3961.000  1.83339e-13
  3961.500  1.84067e-13
  3962.000  1.84727e-13
  3962.500  1.85304e-13
  3963.000  1.85784e-13
  3963.500  1.86155e-13
  3964.000  1.86402e-13
  3964.500  1.86516e-13
  3965.000  1.86483e-13
  3965.500  1.86296e-13
  3966.000  1.85947e-13
  3966.500  1.85428e-13
  3967.000  1.84737e-13
  3967.500  1.83870e-13
  3968.000  1.82826e-13
  3968.500  1.81606e-13
  3969.000  1.80214e-13
  3969.500  1.78652e-13
  3970.000  1.76931e-13
  3970.500  1.77877e-13
  3971.000  1.78678e-13
  3971.500  1.79345e-13
  3972.000  1.79890e-13
  3972.500  1.80326e-13
  3973.000  1.80667e-13
  3973.500  1.80925e-13
  3974.000  1.81117e-13
  3974.500  1.81255e-13
  3975.000  1.81355e-13
  3975.500  1.81432e-13
  3976.000  1.81516e-13
  3976.500  1.81585e-13
  3977.000  1.81668e-13
  3977.500  1.81777e-13
  3978.000  1.81922e-13
  3978.500  1.82112e-13
  3979.000  1.82357e-13
  3979.500  1.82660e-13
  3980.000  1.83030e-13
  3980.500  1.83471e-13
  3981.000  1.83987e-13
  3981.500  1.84579e-13
  3982.000  1.85251e-13
  3982.500  1.86000e-13
  3983.000  1.86830e-13
  3983.500  1.87737e-13
  3984.000  1.88720e-13
  3984.500  1.89779e-13
  3985.000  1.90906e-13
  3985.500  1.92103e-13
  3986.000  1.93364e-13
  3986.500  1.94687e-13
  3987.000  1.96066e-13
  3987.500  1.97499e-13
  3988.000  1.98982e-13
  3988.500  2.00509e-13
  3989.000  2.02079e-13
  3989.500  2.03687e-13
  3990.000  2.05327e-13
  3990.500  2.05534e-13
  3991.000  2.05769e-13
  3991.500  2.06029e-13
  3992.000  2.06312e-13
  3992.500  2.06615e-13
  3993.000  2.06936e-13
  3993.500  2.07272e-13
  3994.000  2.07622e-13
  3994.500  2.07985e-13
  3995.000  2.08358e-13
  3995.500  2.08742e-13
  3996.000  2.09134e-13
  3996.500  2.09533e-13
  3997.000  2.09941e-13
  3997.500  2.10354e-13
  3998.000  2.10774e-13
  3998.500  2.11199e-13
  3999.000  2.11630e-13
  3999.500  2.12068e-13
  4000.000  2.12510e-13
  4000.500  2.12959e-13
  4001.000  2.13414e-13
  4001.500  2.13876e-13
  4002.000  2.14345e-13
  4002.500  2.14822e-13
  4003.000  2.15308e-13
  4003.500  2.15802e-13
  4004.000  2.16307e-13
  4004.500  2.16822e-13
  4005.000  2.17350e-13
  4005.500  2.17889e-13
  4006.000  2.18443e-13
  4006.500  2.19012e-13
  4007.000  2.19596e-13
  4007.500  2.20197e-13
  4008.000  2.20816e-13
  4008.500  2.21454e-13
  4009.000  2.22112e-13
  4009.500  2.22789e-13
  4010.000  2.23488e-13
  4010.500  2.23699e-13
  4011.000  2.23932e-13
  4011.500  2.24187e-13
  4012.000  2.24464e-13
  4012.500  2.24762e-13
  4013.000  2.25082e-13
  4013.500  2.25421e-13
  4014.000  2.25779e-13
  4014.500  2.26155e-13
  4015.000  2.26546e-13
  4015.500  2.26951e-13
  4016.000  2.27367e-13
  4016.500  2.27791e-13
  4017.000  2.28221e-13
  4017.500  2.28653e-13
  4018.000  2.29083e-13
  4018.500  2.29509e-13
  4019.000  2.29925e-13
  4019.500  2.30329e-13
  4020.000  2.30716e-13
  4020.500  2.31082e-13
  4021.000  2.31425e-13
  4021.500  2.31737e-13
  4022.000  2.32017e-13
  4022.500  2.32262e-13
  4023.000  2.32467e-13
  4023.500  2.32630e-13
  4024.000  2.32748e-13
  4024.500  2.32819e-13
  4025.000  2.32842e-13
  4025.500  2.32816e-13
  4026.000  2.32738e-13
  4026.500  2.32611e-13
  4027.000  2.32433e-13
  4027.500  2.32205e-13
  4028.000  2.31930e-13
  4028.500  2.31608e-13
  4029.000  2.31241e-13
  4029.500  2.30834e-13
  4030.000  2.30388e-13
  4030.500  2.29915e-13
  4031.000  2.29410e-13
  4031.500  2.28877e-13
  4032.000  2.28322e-13
  4032.500  2.27746e-13
  4033.000  2.27156e-13
  4033.500  2.26555e-13
  4034.000  2.25947e-13
  4034.500  2.25337e-13
  4035.000  2.24727e-13
  4035.500  2.24123e-13
  4036.000  2.23527e-13
  4036.500  2.22943e-13
  4037.000  2.22373e-13
  4037.500  2.21821e-13
  4038.000  2.21289e-13
  4038.500  2.20779e-13
  4039.000  2.20294e-13
  4039.500  2.19834e-13
  4040.000  2.19400e-13
  4040.500  2.18995e-13
  4041.000  2.18619e-13
  4041.500  2.18272e-13
  4042.000  2.17955e-13
  4042.500  2.17668e-13
  4043.000  2.17412e-13
  4043.500  2.17185e-13
  4044.000  2.16989e-13
  4044.500  2.16822e-13
  4045.000  2.16685e-13
  4045.500  2.16577e-13
  4046.000  2.16498e-13
  4046.500  2.16447e-13
  4047.000  2.16423e-13
  4047.500  2.16427e-13
  4048.000  2.16458e-13
  4048.500  2.16514e-13
  4049.000  2.16596e-13
  4049.500  2.16704e-13
  4050.000  2.16835e-13
  4050.500  2.16895e-13
  4051.000  2.16978e-13
  4051.500  2.17118e-13
  4052.000  2.17249e-13
  4052.500  2.17401e-13
  4053.000  2.17575e-13
  4053.500  2.17768e-13
  4054.000  2.17981e-13
  4054.500  2.18212e-13
  4055.000  2.18460e-13
  4055.500  2.18724e-13
  4056.000  2.19003e-13
  4056.500  2.19295e-13
  4057.000  2.19599e-13
  4057.500  2.19913e-13
  4058.000  2.20236e-13
  4058.500  2.20566e-13
  4059.000  2.20901e-13
  4059.500  2.21239e-13
  4060.000  2.21578e-13
  4060.500  2.21916e-13
  4061.000  2.22251e-13
  4061.500  2.22580e-13
  4062.000  2.22901e-13
  4062.500  2.23213e-13
  4063.000  2.23512e-13
  4063.500  2.23797e-13
  4064.000  2.24064e-13
  4064.500  2.24313e-13
  4065.000  2.24541e-13
  4065.500  2.24745e-13
  4066.000  2.24924e-13
  4066.500  2.25075e-13
  4067.000  2.25198e-13
  4067.500  2.25291e-13
  4068.000  2.25352e-13
  4068.500  2.25379e-13
  4069.000  2.25373e-13
  4069.500  2.25332e-13
  4070.000  2.25257e-13
  4070.500  2.25772e-13
  4071.000  2.26251e-13
  4071.500  2.26695e-13
  4072.000  2.27104e-13
  4072.500  2.27478e-13
  4073.000  2.27818e-13
  4073.500  2.28125e-13
  4074.000  2.28402e-13
  4074.500  2.28650e-13
  4075.000  2.28869e-13
  4075.500  2.29064e-13
  4076.000  2.29235e-13
  4076.500  2.29368e-13
  4077.000  2.29503e-13
  4077.500  2.29623e-13
  4078.000  2.29732e-13
  4078.500  2.29833e-13
  4079.000  2.29928e-13
  4079.500  2.30023e-13
  4080.000  2.30119e-13
  4080.500  2.30222e-13
  4081.000  2.30333e-13
  4081.500  2.30458e-13
  4082.000  2.30600e-13
  4082.500  2.30762e-13
  4083.000  2.30947e-13
  4083.500  2.31160e-13
  4084.000  2.31402e-13
  4084.500  2.31677e-13
  4085.000  2.31987e-13
  4085.500  2.32335e-13
  4086.000  2.32723e-13
  4086.500  2.33151e-13
  4087.000  2.33622e-13
  4087.500  2.34136e-13
  4088.000  2.34693e-13
  4088.500  2.35292e-13
  4089.000  2.35935e-13
  4089.500  2.36618e-13
  4090.000  2.37339e-13
  4090.500  2.37137e-13
  4091.000  2.36969e-13
  4091.500  2.36832e-13
  4092.000  2.36722e-13
  4092.500  2.36635e-13
  4093.000  2.36565e-13
  4093.500  2.36509e-13
  4094.000  2.36460e-13
  4094.500  2.36414e-13
  4095.000  2.36363e-13
  4095.500  2.36304e-13
  4096.000  2.36228e-13
  4096.500  2.36132e-13
  4097.000  2.36008e-13
  4097.500  2.35852e-13
  4098.000  2.35659e-13
  4098.500  2.35422e-13
  4099.000  2.35139e-13
  4099.500  2.34804e-13
  4100.000  2.34415e-13
  4100.500  2.33969e-13
  4101.000  2.33463e-13
  4101.500  2.32896e-13
  4102.000  2.32267e-13
  4102.500  2.31576e-13
  4103.000  2.30823e-13
  4103.500  2.30010e-13
  4104.000  2.29138e-13
  4104.500  2.28211e-13
  4105.000  2.27230e-13
  4105.500  2.26199e-13
  4106.000  2.25123e-13
  4106.500  2.24005e-13
  4107.000  2.22851e-13
  4107.500  2.21665e-13
  4108.000  2.20452e-13
  4108.500  2.19217e-13
  4109.000  2.17966e-13
  4109.500  2.16704e-13
  4110.000  2.15435e-13
  4110.500  2.14991e-13
  4111.000  2.14549e-13
  4111.500  2.14114e-13
  4112.000  2.13691e-13
  4112.500  2.13282e-13
  4113.000  2.12891e-13
  4113.500  2.12521e-13
  4114.000  2.12174e-13
  4114.500  2.11852e-13
  4115.000  2.11558e-13
  4115.500  2.11291e-13
  4116.000  2.11054e-13
  4116.500  2.10846e-13
  4117.000  2.10669e-13
  4117.500  2.10521e-13
  4118.000  2.10403e-13
  4118.500  2.10313e-13
  4119.000  2.10252e-13
  4119.500  2.10218e-13
  4120.000  2.10210e-13
  4120.500  2.10227e-13
  4121.000  2.10268e-13
  4121.500  2.10330e-13
  4122.000  2.10414e-13
  4122.500  2.10517e-13
  4123.000  2.10639e-13
  4123.500  2.10777e-13
  4124.000  2.10931e-13
  4124.500  2.11099e-13
  4125.000  2.11280e-13
  4125.500  2.11472e-13
  4126.000  2.11674e-13
  4126.500  2.11887e-13
  4127.000  2.12107e-13
  4127.500  2.12336e-13
  4128.000  2.12571e-13
  4128.500  2.12813e-13
  4129.000  2.13060e-13
  4129.500  2.13312e-13
  4130.000  2.13567e-13
  4130.500  2.13538e-13
  4131.000  2.13511e-13
  4131.500  2.13488e-13
  4132.000  2.13467e-13
  4132.500  2.13449e-13
  4133.000  2.13433e-13
  4133.500  2.13418e-13
  4134.000  2.13406e-13
  4134.500  2.13395e-13
  4135.000  2.13385e-13
  4135.500  2.13377e-13
  4136.000  2.13370e-13
  4136.500  2.13364e-13
  4137.000  2.13359e-13
  4137.500  2.13355e-13
  4138.000  2.13352e-13
  4138.500  2.13349e-13
  4139.000  2.13348e-13
  4139.500  2.13347e-13
  4140.000  2.13346e-13
  4140.500  2.13347e-13
  4141.000  2.13348e-13
  4141.500  2.13349e-13
  4142.000  2.13351e-13
  4142.500  2.13354e-13
  4143.000  2.13357e-13
  4143.500  2.13361e-13
  4144.000  2.13365e-13
  4144.500  2.13369e-13
  4145.000  2.13374e-13
  4145.500  2.13379e-13
  4146.000  2.13385e-13
  4146.500  2.13391e-13
  4147.000  2.13398e-13
  4147.500  2.13404e-13
  4148.000  2.13411e-13
  4148.500  2.13419e-13
  4149.000  2.13426e-13
  4149.500  2.13434e-13
  4150.000  2.13442e-13
  4150.500  2.13402e-13
  4151.000  2.13363e-13
  4151.500  2.13323e-13
  4152.000  2.13254e-13
  4152.500  2.13218e-13
  4153.000  2.13181e-13
  4153.500  2.13145e-13
  4154.000  2.13108e-13
  4154.500  2.13072e-13
  4155.000  2.13035e-13
  4155.500  2.12999e-13
  4156.000  2.12962e-13
  4156.500  2.12926e-13
  4157.000  2.12890e-13
  4157.500  2.12853e-13
  4158.000  2.12816e-13
  4158.500  2.12780e-13
  4159.000  2.12743e-13
  4159.500  2.12707e-13
  4160.000  2.12671e-13
  4160.500  2.12634e-13
  4161.000  2.12598e-13
  4161.500  2.12561e-13
  4162.000  2.12525e-13
  4162.500  2.12489e-13
  4163.000  2.12452e-13
  4163.500  2.12416e-13
  4164.000  2.12379e-13
  4164.500  2.12343e-13
  4165.000  2.12306e-13
  4165.500  2.12270e-13
  4166.000  2.12234e-13
  4166.500  2.12197e-13
  4167.000  2.12161e-13
  4167.500  2.12124e-13
  4168.000  2.12088e-13
  4168.500  2.12051e-13
  4169.000  2.12015e-13
  4169.500  2.11978e-13
  4170.000  2.11942e-13
  4170.500  2.11952e-13
  4171.000  2.11962e-13
  4171.500  2.11972e-13
  4172.000  2.11983e-13
  4172.500  2.11993e-13
  4173.000  2.12003e-13
  4173.500  2.12013e-13
  4174.000  2.12023e-13
  4174.500  2.12033e-13
  4175.000  2.12043e-13
  4175.500  2.12053e-13
  4176.000  2.12063e-13
  4176.500  2.12073e-13
  4177.000  2.12083e-13
  4177.500  2.12093e-13
  4178.000  2.12104e-13
  4178.500  2.12114e-13
  4179.000  2.12124e-13
  4179.500  2.12134e-13
  4180.000  2.12144e-13
  4180.500  2.12154e-13
  4181.000  2.12164e-13
  4181.500  2.12174e-13
  4182.000  2.12184e-13
  4182.500  2.12195e-13
  4183.000  2.12205e-13
  4183.500  2.12215e-13
  4184.000  2.12225e-13
  4184.500  2.12235e-13
  4185.000  2.12245e-13
  4185.500  2.12255e-13
  4186.000  2.12265e-13
  4186.500  2.12275e-13
  4187.000  2.12286e-13
  4187.500  2.12296e-13
  4188.000  2.12306e-13
  4188.500  2.12316e-13
  4189.000  2.12326e-13
  4189.500  2.12336e-13
  4190.000  2.12346e-13
  4190.500  2.12337e-13
  4191.000  2.12328e-13
  4191.500  2.12320e-13
  4192.000  2.12311e-13
  4192.500  2.12302e-13
  4193.000  2.12293e-13
  4193.500  2.12284e-13
  4194.000  2.12275e-13
  4194.500  2.12267e-13
  4195.000  2.12258e-13
  4195.500  2.12249e-13
  4196.000  2.12240e-13
  4196.500  2.12231e-13
  4197.000  2.12222e-13
  4197.500  2.12213e-13
  4198.000  2.12204e-13
  4198.500  2.12196e-13
  4199.000  2.12187e-13
  4199.500  2.12178e-13
  4200.000  2.12169e-13
  4200.500  2.12160e-13
  4201.000  2.12151e-13
  4201.500  2.12143e-13
  4202.000  2.12134e-13
  4202.500  2.12125e-13
  4203.000  2.12116e-13
  4203.500  2.12107e-13
  4204.000  2.12098e-13
  4204.500  2.12090e-13
  4205.000  2.12081e-13
  4205.500  2.12072e-13
  4206.000  2.12063e-13
  4206.500  2.12054e-13
  4207.000  2.12045e-13
  4207.500  2.12037e-13
  4208.000  2.12028e-13
  4208.500  2.12019e-13
  4209.000  2.12010e-13
  4209.500  2.12001e-13
  4210.000  2.11992e-13
  4210.500  2.11765e-13
  4211.000  2.11538e-13
  4211.500  2.11310e-13
  4212.000  2.11083e-13
  4212.500  2.10856e-13
  4213.000  2.10629e-13
  4213.500  2.10401e-13
  4214.000  2.10174e-13
  4214.500  2.09947e-13
  4215.000  2.09720e-13
  4215.500  2.09493e-13
  4216.000  2.09265e-13
  4216.500  2.09038e-13
  4217.000  2.08811e-13
  4217.500  2.08584e-13
  4218.000  2.08357e-13
  4218.500  2.08129e-13
  4219.000  2.07902e-13
  4219.500  2.07675e-13
  4220.000  2.07448e-13
  4220.500  2.07220e-13
  4221.000  2.06993e-13
  4221.500  2.06766e-13
  4222.000  2.06539e-13
  4222.500  2.06312e-13
  4223.000  2.06084e-13
  4223.500  2.05857e-13
  4224.000  2.05630e-13
  4224.500  2.05403e-13
  4225.000  2.05176e-13
  4225.500  2.04948e-13
  4226.000  2.04721e-13
  4226.500  2.04494e-13
  4227.000  2.04267e-13
  4227.500  2.04039e-13
  4228.000  2.03812e-13
  4228.500  2.03585e-13
  4229.000  2.03358e-13
  4229.500  2.03131e-13
  4230.000  2.02904e-13
  4230.500  2.03179e-13
  4231.000  2.03454e-13
  4231.500  2.03729e-13
  4232.000  2.04004e-13
  4232.500  2.04279e-13
  4233.000  2.04554e-13
  4233.500  2.04830e-13
  4234.000  2.05105e-13
  4234.500  2.05380e-13
  4235.000  2.05655e-13
  4235.500  2.05930e-13
  4236.000  2.06205e-13
  4236.500  2.06480e-13
  4237.000  2.06755e-13
  4237.500  2.07030e-13
  4238.000  2.07305e-13
  4238.500  2.07580e-13
  4239.000  2.07855e-13
  4239.500  2.08130e-13
  4240.000  2.08405e-13
  4240.500  2.08680e-13
  4241.000  2.08955e-13
  4241.500  2.09231e-13
  4242.000  2.09506e-13
  4242.500  2.09781e-13
  4243.000  2.10056e-13
  4243.500  2.10331e-13
  4244.000  2.10606e-13
  4244.500  2.10881e-13
  4245.000  2.11156e-13
  4245.500  2.11431e-13
  4246.000  2.11706e-13
  4246.500  2.11981e-13
  4247.000  2.12256e-13
  4247.500  2.12532e-13
  4248.000  2.12807e-13
  4248.500  2.13082e-13
  4249.000  2.13357e-13
  4249.500  2.13632e-13
  4250.000  2.13907e-13
  4250.500  2.13722e-13
  4251.000  2.13538e-13
  4251.500  2.13353e-13
  4252.000  2.13169e-13
  4252.500  2.12984e-13
  4253.000  2.12800e-13
  4253.500  2.12616e-13
  4254.000  2.12431e-13
  4254.500  2.12247e-13
  4255.000  2.12062e-13
  4255.500  2.11878e-13
  4256.000  2.11693e-13
  4256.500  2.11509e-13
  4257.000  2.11324e-13
  4257.500  2.11140e-13
  4258.000  2.10956e-13
  4258.500  2.10769e-13
  4259.000  2.10585e-13
  4259.500  2.10401e-13
  4260.000  2.10216e-13
  4260.500  2.10032e-13
  4261.000  2.09847e-13
  4261.500  2.09663e-13
  4262.000  2.09479e-13
  4262.500  2.09294e-13
  4263.000  2.09110e-13
  4263.500  2.08926e-13
  4264.000  2.08741e-13
  4264.500  2.08557e-13
  4265.000  2.08372e-13
  4265.500  2.08188e-13
  4266.000  2.08004e-13
  4266.500  2.07819e-13
  4267.000  2.07635e-13
  4267.500  2.07450e-13
  4268.000  2.07266e-13
  4268.500  2.07082e-13
  4269.000  2.06897e-13
  4269.500  2.06713e-13
  4270.000  2.06529e-13
  4270.500  2.06406e-13
  4271.000  2.06283e-13
  4271.500  2.06160e-13
  4272.000  2.06038e-13
  4272.500  2.05915e-13
  4273.000  2.05792e-13
  4273.500  2.05669e-13
  4274.000  2.05547e-13
  4274.500  2.05424e-13
  4275.000  2.05301e-13
  4275.500  2.05178e-13
  4276.000  2.05056e-13
  4276.500  2.04933e-13
  4277.000  2.04810e-13
  4277.500  2.04687e-13
  4278.000  2.04565e-13
  4278.500  2.04442e-13
  4279.000  2.04319e-13
  4279.500  2.04197e-13
  4280.000  2.04074e-13
  4280.500  2.03951e-13
  4281.000  2.03828e-13
  4281.500  2.03706e-13
  4282.000  2.03583e-13
  4282.500  2.03460e-13
  4283.000  2.03337e-13
  4283.500  2.03215e-13
  4284.000  2.03092e-13
  4284.500  2.02969e-13
  4285.000  2.02847e-13
  4285.500  2.02724e-13
  4286.000  2.02601e-13
  4286.500  2.02478e-13
  4287.000  2.02356e-13
  4287.500  2.02233e-13
  4288.000  2.02110e-13
  4288.500  2.01988e-13
  4289.000  2.01865e-13
  4289.500  2.01742e-13
  4290.000  2.01619e-13
  4290.500  2.01403e-13
  4291.000  2.01093e-13
  4291.500  2.00785e-13
  4292.000  2.00477e-13
  4292.500  2.00169e-13
  4293.000  1.99862e-13
  4293.500  1.99555e-13
  4294.000  1.99249e-13
  4294.500  1.98944e-13
  4295.000  1.98640e-13
  4295.500  1.98336e-13
  4296.000  1.98033e-13
  4296.500  1.97731e-13
  4297.000  1.97429e-13
  4297.500  1.97129e-13
  4298.000  1.96829e-13
  4298.500  1.96530e-13
  4299.000  1.96233e-13
  4299.500  1.95936e-13
  4300.000  1.95640e-13
  4300.500  1.95346e-13
  4301.000  1.95052e-13
  4301.500  1.94760e-13
  4302.000  1.94469e-13
  4302.500  1.94180e-13
  4303.000  1.93892e-13
  4303.500  1.93606e-13
  4304.000  1.93321e-13
  4304.500  1.93039e-13
  4305.000  1.92758e-13
  4305.500  1.92479e-13
  4306.000  1.92203e-13
  4306.500  1.91930e-13
  4307.000  1.91659e-13
  4307.500  1.91392e-13
  4308.000  1.91128e-13
  4308.500  1.90868e-13
  4309.000  1.90613e-13
  4309.500  1.90362e-13
  4310.000  1.90117e-13
  4310.500  1.90951e-13
  4311.000  1.91792e-13
  4311.500  1.92641e-13
  4312.000  1.93498e-13
  4312.500  1.94365e-13
  4313.000  1.95242e-13
  4313.500  1.96131e-13
  4314.000  1.97033e-13
  4314.500  1.97950e-13
  4315.000  1.98884e-13
  4315.500  1.99834e-13
  4316.000  2.00805e-13
  4316.500  2.01796e-13
  4317.000  2.02811e-13
  4317.500  2.03852e-13
  4318.000  2.04920e-13
  4318.500  2.06018e-13
  4319.000  2.07148e-13
  4319.500  2.08312e-13
  4320.000  2.09513e-13
  4320.500  2.10753e-13
  4321.000  2.12033e-13
  4321.500  2.13357e-13
  4322.000  2.14725e-13
  4322.500  2.16140e-13
  4323.000  2.17603e-13
  4323.500  2.19115e-13
  4324.000  2.20677e-13
  4324.500  2.22291e-13
  4325.000  2.23955e-13
  4325.500  2.25669e-13
  4326.000  2.27434e-13
  4326.500  2.29247e-13
  4327.000  2.31107e-13
  4327.500  2.33012e-13
  4328.000  2.34957e-13
  4328.500  2.36940e-13
  4329.000  2.38956e-13
  4329.500  2.41001e-13
  4330.000  2.43068e-13
  4330.500  2.44284e-13
  4331.000  2.45511e-13
  4331.500  2.46742e-13
  4332.000  2.47969e-13
  4332.500  2.49185e-13
  4333.000  2.50380e-13
  4333.500  2.51549e-13
  4334.000  2.52681e-13
  4334.500  2.53770e-13
  4335.000  2.54806e-13
  4335.500  2.55783e-13
  4336.000  2.56691e-13
  4336.500  2.57526e-13
  4337.000  2.58279e-13
  4337.500  2.58946e-13
  4338.000  2.59521e-13
  4338.500  2.59999e-13
  4339.000  2.60378e-13
  4339.500  2.60655e-13
  4340.000  2.60829e-13
  4340.500  2.60898e-13
  4341.000  2.60865e-13
  4341.500  2.60730e-13
  4342.000  2.60496e-13
  4342.500  2.60166e-13
  4343.000  2.59747e-13
  4343.500  2.59242e-13
  4344.000  2.58658e-13
  4344.500  2.58002e-13
  4345.000  2.57282e-13
  4345.500  2.56506e-13
  4346.000  2.55681e-13
  4346.500  2.54818e-13
  4347.000  2.53923e-13
  4347.500  2.53006e-13
  4348.000  2.52076e-13
  4348.500  2.51140e-13
  4349.000  2.50207e-13
  4349.500  2.49283e-13
  4350.000  2.48378e-13
  4350.500  2.48195e-13
  4351.000  2.48042e-13
  4351.500  2.47920e-13
  4352.000  2.47835e-13
  4352.500  2.47790e-13
  4353.000  2.47785e-13
  4353.500  2.47823e-13
  4354.000  2.47903e-13
  4354.500  2.48025e-13
  4355.000  2.48188e-13
  4355.500  2.48389e-13
  4356.000  2.48625e-13
  4356.500  2.48894e-13
  4357.000  2.49191e-13
  4357.500  2.49512e-13
  4358.000  2.49852e-13
  4358.500  2.50207e-13
  4359.000  2.50571e-13
  4359.500  2.50940e-13
  4360.000  2.51308e-13
  4360.500  2.51672e-13
  4361.000  2.52025e-13
  4361.500  2.52365e-13
  4362.000  2.52687e-13
  4362.500  2.52988e-13
  4363.000  2.53264e-13
  4363.500  2.53514e-13
  4364.000  2.53735e-13
  4364.500  2.53926e-13
  4365.000  2.54087e-13
  4365.500  2.54216e-13
  4366.000  2.54315e-13
  4366.500  2.54383e-13
  4367.000  2.54423e-13
  4367.500  2.54435e-13
  4368.000  2.54423e-13
  4368.500  2.54387e-13
  4369.000  2.54332e-13
  4369.500  2.54260e-13
  4370.000  2.54173e-13
  4370.500  2.53083e-13
  4371.000  2.51987e-13
  4371.500  2.50886e-13
  4372.000  2.49786e-13
  4372.500  2.48688e-13
  4373.000  2.47596e-13
  4373.500  2.46514e-13
  4374.000  2.45444e-13
  4374.500  2.44388e-13
  4375.000  2.43349e-13
  4375.500  2.42329e-13
  4376.000  2.41330e-13
  4376.500  2.40354e-13
  4377.000  2.39402e-13
  4377.500  2.38474e-13
  4378.000  2.37573e-13
  4378.500  2.36697e-13
  4379.000  2.35848e-13
  4379.500  2.35026e-13
  4380.000  2.34230e-13
  4380.500  2.33460e-13
  4381.000  2.32715e-13
  4381.500  2.31996e-13
  4382.000  2.31300e-13
  4382.500  2.30627e-13
  4383.000  2.29976e-13
  4383.500  2.29346e-13
  4384.000  2.28736e-13
  4384.500  2.28145e-13
  4385.000  2.27572e-13
  4385.500  2.27014e-13
  4386.000  2.26472e-13
  4386.500  2.25944e-13
  4387.000  2.25429e-13
  4387.500  2.24926e-13
  4388.000  2.24434e-13
  4388.500  2.23951e-13
  4389.000  2.23478e-13
  4389.500  2.23012e-13
  4390.000  2.22555e-13
  4390.500  2.22636e-13
  4391.000  2.22632e-13
  4391.500  2.22731e-13
  4392.000  2.22834e-13
  4392.500  2.22940e-13
  4393.000  2.23050e-13
  4393.500  2.23163e-13
  4394.000  2.23279e-13
  4394.500  2.23396e-13
  4395.000  2.23515e-13
  4395.500  2.23636e-13
  4396.000  2.23758e-13
  4396.500  2.23882e-13
  4397.000  2.24006e-13
  4397.500  2.24131e-13
  4398.000  2.24257e-13
  4398.500  2.24384e-13
  4399.000  2.24511e-13
  4399.500  2.24638e-13
  4400.000  2.24766e-13
  4400.500  2.24894e-13
  4401.000  2.25022e-13
  4401.500  2.25151e-13
  4402.000  2.25280e-13
  4402.500  2.25409e-13
  4403.000  2.25538e-13
  4403.500  2.25667e-13
  4404.000  2.25796e-13
  4404.500  2.25925e-13
  4405.000  2.26054e-13
  4405.500  2.26183e-13
  4406.000  2.26313e-13
  4406.500  2.26442e-13
  4407.000  2.26571e-13
  4407.500  2.26701e-13
  4408.000  2.26830e-13
  4408.500  2.26959e-13
  4409.000  2.27089e-13
  4409.500  2.27218e-13
  4410.000  2.27348e-13
  4410.500  2.27559e-13
  4411.000  2.27770e-13
  4411.500  2.27982e-13
  4412.000  2.28193e-13
  4412.500  2.28405e-13
  4413.000  2.28616e-13
  4413.500  2.28828e-13
  4414.000  2.29039e-13
  4414.500  2.29251e-13
  4415.000  2.29462e-13
  4415.500  2.29674e-13
  4416.000  2.29885e-13
  4416.500  2.30096e-13
  4417.000  2.30308e-13
  4417.500  2.30519e-13
  4418.000  2.30731e-13
  4418.500  2.30942e-13
  4419.000  2.31154e-13
  4419.500  2.31365e-13
  4420.000  2.31577e-13
  4420.500  2.31788e-13
  4421.000  2.31999e-13
  4421.500  2.32227e-13
  4422.000  2.32439e-13
  4422.500  2.32652e-13
  4423.000  2.32865e-13
  4423.500  2.33078e-13
  4424.000  2.33290e-13
  4424.500  2.33503e-13
  4425.000  2.33716e-13
  4425.500  2.33929e-13
  4426.000  2.34143e-13
  4426.500  2.34356e-13
  4427.000  2.34569e-13
  4427.500  2.34783e-13
  4428.000  2.34997e-13
  4428.500  2.35210e-13
  4429.000  2.35424e-13
  4429.500  2.35638e-13
  4430.000  2.35852e-13
  4430.500  2.35954e-13
  4431.000  2.36056e-13
  4431.500  2.36158e-13
  4432.000  2.36261e-13
  4432.500  2.36363e-13
  4433.000  2.36466e-13
  4433.500  2.36569e-13
  4434.000  2.36672e-13
  4434.500  2.36775e-13
  4435.000  2.36879e-13
  4435.500  2.36982e-13
  4436.000  2.37087e-13
  4436.500  2.37191e-13
  4437.000  2.37296e-13
  4437.500  2.37401e-13
  4438.000  2.37507e-13
  4438.500  2.37613e-13
  4439.000  2.37719e-13
  4439.500  2.37827e-13
  4440.000  2.37935e-13
  4440.500  2.38043e-13
  4441.000  2.38152e-13
  4441.500  2.38263e-13
  4442.000  2.38374e-13
  4442.500  2.38487e-13
  4443.000  2.38600e-13
  4443.500  2.38715e-13
  4444.000  2.38832e-13
  4444.500  2.38950e-13
  4445.000  2.39070e-13
  4445.500  2.39193e-13
  4446.000  2.39317e-13
  4446.500  2.39444e-13
  4447.000  2.39574e-13
  4447.500  2.39706e-13
  4448.000  2.39842e-13
  4448.500  2.39981e-13
  4449.000  2.40124e-13
  4449.500  2.40271e-13
  4450.000  2.40422e-13
  4450.500  2.40742e-13
  4451.000  2.41066e-13
  4451.500  2.41395e-13
  4452.000  2.41730e-13
  4452.500  2.42070e-13
  4453.000  2.42415e-13
  4453.500  2.42767e-13
  4454.000  2.43124e-13
  4454.500  2.43487e-13
  4455.000  2.43857e-13
  4455.500  2.44233e-13
  4456.000  2.44615e-13
  4456.500  2.44998e-13
  4457.000  2.45392e-13
  4457.500  2.45791e-13
  4458.000  2.46196e-13
  4458.500  2.46605e-13
  4459.000  2.47019e-13
  4459.500  2.47438e-13
  4460.000  2.47860e-13
  4460.500  2.48284e-13
  4461.000  2.48711e-13
  4461.500  2.49140e-13
  4462.000  2.49569e-13
  4462.500  2.49998e-13
  4463.000  2.50425e-13
  4463.500  2.50850e-13
  4464.000  2.51273e-13
  4464.500  2.51691e-13
  4465.000  2.52104e-13
  4465.500  2.52511e-13
  4466.000  2.52910e-13
  4466.500  2.53302e-13
  4467.000  2.53684e-13
  4467.500  2.54057e-13
  4468.000  2.54418e-13
  4468.500  2.54768e-13
  4469.000  2.55106e-13
  4469.500  2.55431e-13
  4470.000  2.55743e-13
  4470.500  2.55870e-13
  4471.000  2.55984e-13
  4471.500  2.56084e-13
  4472.000  2.56169e-13
  4472.500  2.56241e-13
  4473.000  2.56298e-13
  4473.500  2.56341e-13
  4474.000  2.56372e-13
  4474.500  2.56389e-13
  4475.000  2.56394e-13
  4475.500  2.56388e-13
  4476.000  2.56371e-13
  4476.500  2.56344e-13
  4477.000  2.56308e-13
  4477.500  2.56264e-13
  4478.000  2.56213e-13
  4478.500  2.56156e-13
  4479.000  2.56093e-13
  4479.500  2.56027e-13
  4480.000  2.55957e-13
  4480.500  2.55886e-13
  4481.000  2.55813e-13
  4481.500  2.55740e-13
  4482.000  2.55668e-13
  4482.500  2.55597e-13
  4483.000  2.55529e-13
  4483.500  2.55463e-13
  4484.000  2.55401e-13
  4484.500  2.55343e-13
  4485.000  2.55290e-13
  4485.500  2.55242e-13
  4486.000  2.55199e-13
  4486.500  2.55162e-13
  4487.000  2.55131e-13
  4487.500  2.55105e-13
  4488.000  2.55086e-13
  4488.500  2.55073e-13
  4489.000  2.55066e-13
  4489.500  2.55065e-13
  4490.000  2.55071e-13
  4490.500  2.55635e-13
  4491.000  2.56205e-13
  4491.500  2.56781e-13
  4492.000  2.57362e-13
  4492.500  2.57948e-13
  4493.000  2.58538e-13
  4493.500  2.59133e-13
  4494.000  2.59732e-13
  4494.500  2.60335e-13
  4495.000  2.60942e-13
  4495.500  2.61552e-13
  4496.000  2.62165e-13
  4496.500  2.62782e-13
  4497.000  2.63400e-13
  4497.500  2.64022e-13
  4498.000  2.64645e-13
  4498.500  2.65271e-13
  4499.000  2.65898e-13
  4499.500  2.66528e-13
  4500.000  2.67159e-13
  4500.500  2.67791e-13
  4501.000  2.68424e-13
  4501.500  2.69059e-13
  4502.000  2.69694e-13
  4502.500  2.70330e-13
  4503.000  2.70968e-13
  4503.500  2.71605e-13
  4504.000  2.72244e-13
  4504.500  2.72883e-13
  4505.000  2.73523e-13
  4505.500  2.74163e-13
  4506.000  2.74804e-13
  4506.500  2.75444e-13
  4507.000  2.76086e-13
  4507.500  2.76728e-13
  4508.000  2.77369e-13
  4508.500  2.78012e-13
  4509.000  2.78654e-13
  4509.500  2.79297e-13
  4510.000  2.79937e-13
  4510.500  2.79219e-13
  4511.000  2.78502e-13
  4511.500  2.77784e-13
  4512.000  2.77068e-13
  4512.500  2.76351e-13
  4513.000  2.75634e-13
  4513.500  2.74917e-13
  4514.000  2.74201e-13
  4514.500  2.73484e-13
  4515.000  2.72768e-13
  4515.500  2.72052e-13
  4516.000  2.71336e-13
  4516.500  2.70620e-13
  4517.000  2.69904e-13
  4517.500  2.69189e-13
  4518.000  2.68473e-13
  4518.500  2.67758e-13
  4519.000  2.67042e-13
  4519.500  2.66327e-13
  4520.000  2.65611e-13
  4520.500  2.64896e-13
  4521.000  2.64181e-13
  4521.500  2.63466e-13
  4522.000  2.62736e-13
  4522.500  2.62023e-13
  4523.000  2.61308e-13
  4523.500  2.60594e-13
  4524.000  2.59881e-13
  4524.500  2.59167e-13
  4525.000  2.58453e-13
  4525.500  2.57739e-13
  4526.000  2.57025e-13
  4526.500  2.56311e-13
  4527.000  2.55597e-13
  4527.500  2.54883e-13
  4528.000  2.54169e-13
  4528.500  2.53455e-13
  4529.000  2.52741e-13
  4529.500  2.52027e-13
  4530.000  2.51314e-13
  4530.500  2.51522e-13
  4531.000  2.51731e-13
  4531.500  2.51939e-13
  4532.000  2.52147e-13
  4532.500  2.52355e-13
  4533.000  2.52564e-13
  4533.500  2.52772e-13
  4534.000  2.52980e-13
  4534.500  2.53189e-13
  4535.000  2.53397e-13
  4535.500  2.53605e-13
  4536.000  2.53813e-13
  4536.500  2.54021e-13
  4537.000  2.54229e-13
  4537.500  2.54438e-13
  4538.000  2.54646e-13
  4538.500  2.54854e-13
  4539.000  2.55062e-13
  4539.500  2.55271e-13
  4540.000  2.55479e-13
  4540.500  2.55687e-13
  4541.000  2.55896e-13
  4541.500  2.56104e-13
  4542.000  2.56312e-13
  4542.500  2.56520e-13
  4543.000  2.56729e-13
  4543.500  2.56937e-13
  4544.000  2.57145e-13
  4544.500  2.57354e-13
  4545.000  2.57562e-13
  4545.500  2.57770e-13
  4546.000  2.57978e-13
  4546.500  2.58187e-13
  4547.000  2.58395e-13
  4547.500  2.58603e-13
  4548.000  2.58812e-13
  4548.500  2.59020e-13
  4549.000  2.59228e-13
  4549.500  2.59436e-13
  4550.000  2.59645e-13
  4550.500  2.60052e-13
  4551.000  2.60460e-13
  4551.500  2.60867e-13
  4552.000  2.61274e-13
  4552.500  2.61682e-13
  4553.000  2.62089e-13
  4553.500  2.62496e-13
  4554.000  2.62904e-13
  4554.500  2.63311e-13
  4555.000  2.63719e-13
  4555.500  2.64126e-13
  4556.000  2.64533e-13
  4556.500  2.64940e-13
  4557.000  2.65348e-13
  4557.500  2.65755e-13
  4558.000  2.66162e-13
  4558.500  2.66570e-13
  4559.000  2.66977e-13
  4559.500  2.67385e-13
  4560.000  2.67792e-13
  4560.500  2.68199e-13
  4561.000  2.68607e-13
  4561.500  2.69014e-13
  4562.000  2.69421e-13
  4562.500  2.69829e-13
  4563.000  2.70236e-13
  4563.500  2.70643e-13
  4564.000  2.71050e-13
  4564.500  2.71458e-13
  4565.000  2.71865e-13
  4565.500  2.72272e-13
  4566.000  2.72680e-13
  4566.500  2.73087e-13
  4567.000  2.73495e-13
  4567.500  2.73902e-13
  4568.000  2.74309e-13
  4568.500  2.74717e-13
  4569.000  2.75124e-13
  4569.500  2.75531e-13
  4570.000  2.75938e-13
  4570.500  2.75644e-13
  4571.000  2.75350e-13
  4571.500  2.75056e-13
  4572.000  2.74762e-13
  4572.500  2.74468e-13
  4573.000  2.74174e-13
  4573.500  2.73879e-13
  4574.000  2.73585e-13
  4574.500  2.73291e-13
  4575.000  2.72997e-13
  4575.500  2.72703e-13
  4576.000  2.72409e-13
  4576.500  2.72115e-13
  4577.000  2.71821e-13
  4577.500  2.71527e-13
  4578.000  2.71233e-13
  4578.500  2.70939e-13
  4579.000  2.70645e-13
  4579.500  2.70351e-13
  4580.000  2.70057e-13
  4580.500  2.69763e-13
  4581.000  2.69469e-13
  4581.500  2.69175e-13
  4582.000  2.68881e-13
  4582.500  2.68587e-13
  4583.000  2.68293e-13
  4583.500  2.67999e-13
  4584.000  2.67705e-13
  4584.500  2.67411e-13
  4585.000  2.67117e-13
  4585.500  2.66823e-13
  4586.000  2.66529e-13
  4586.500  2.66235e-13
  4587.000  2.65941e-13
  4587.500  2.65647e-13
  4588.000  2.65353e-13
  4588.500  2.65059e-13
  4589.000  2.64765e-13
  4589.500  2.64471e-13
  4590.000  2.64178e-13
  4590.500  2.64342e-13
  4591.000  2.64506e-13
  4591.500  2.64670e-13
  4592.000  2.64834e-13
  4592.500  2.64998e-13
  4593.000  2.65162e-13
  4593.500  2.65326e-13
  4594.000  2.65490e-13
  4594.500  2.65654e-13
  4595.000  2.65818e-13
  4595.500  2.65982e-13
  4596.000  2.66146e-13
  4596.500  2.66310e-13
  4597.000  2.66474e-13
  4597.500  2.66638e-13
  4598.000  2.66802e-13
  4598.500  2.66966e-13
  4599.000  2.67130e-13
  4599.500  2.67294e-13
  4600.000  2.67458e-13
  4600.500  2.67622e-13
  4601.000  2.67786e-13
  4601.500  2.67950e-13
  4602.000  2.68114e-13
  4602.500  2.68278e-13
  4603.000  2.68442e-13
  4603.500  2.68607e-13
  4604.000  2.68771e-13
  4604.500  2.68935e-13
  4605.000  2.69099e-13
  4605.500  2.69263e-13
  4606.000  2.69427e-13
  4606.500  2.69591e-13
  4607.000  2.69755e-13
  4607.500  2.69919e-13
  4608.000  2.70083e-13
  4608.500  2.70247e-13
  4609.000  2.70411e-13
  4609.500  2.70575e-13
  4610.000  2.70739e-13
  4610.500  2.70584e-13
  4611.000  2.70430e-13
  4611.500  2.70276e-13
  4612.000  2.70122e-13
  4612.500  2.69968e-13
  4613.000  2.69814e-13
  4613.500  2.69655e-13
  4614.000  2.69501e-13
  4614.500  2.69347e-13
  4615.000  2.69193e-13
  4615.500  2.69039e-13
  4616.000  2.68885e-13
  4616.500  2.68732e-13
  4617.000  2.68578e-13
  4617.500  2.68424e-13
  4618.000  2.68270e-13
  4618.500  2.68117e-13
  4619.000  2.67963e-13
  4619.500  2.67810e-13
  4620.000  2.67657e-13
  4620.500  2.67504e-13
  4621.000  2.67351e-13
  4621.500  2.67198e-13
  4622.000  2.67045e-13
  4622.500  2.66893e-13
  4623.000  2.66741e-13
  4623.500  2.66590e-13
  4624.000  2.66439e-13
  4624.500  2.66288e-13
  4625.000  2.66139e-13
  4625.500  2.65989e-13
  4626.000  2.65841e-13
  4626.500  2.65693e-13
  4627.000  2.65547e-13
  4627.500  2.65401e-13
  4628.000  2.65257e-13
  4628.500  2.65114e-13
  4629.000  2.64973e-13
  4629.500  2.64834e-13
  4630.000  2.64697e-13
  4630.500  2.64761e-13
  4631.000  2.64828e-13
  4631.500  2.64897e-13
  4632.000  2.64969e-13
  4632.500  2.65045e-13
  4633.000  2.65124e-13
  4633.500  2.65206e-13
  4634.000  2.65293e-13
  4634.500  2.65385e-13
  4635.000  2.65481e-13
  4635.500  2.65747e-13
  4636.000  2.65865e-13
  4636.500  2.65989e-13
  4637.000  2.66119e-13
  4637.500  2.66257e-13
  4638.000  2.66402e-13
  4638.500  2.66555e-13
  4639.000  2.66715e-13
  4639.500  2.66884e-13
  4640.000  2.67061e-13
  4640.500  2.67246e-13
  4641.000  2.67440e-13
  4641.500  2.67643e-13
  4642.000  2.67854e-13
  4642.500  2.68074e-13
  4643.000  2.68302e-13
  4643.500  2.68539e-13
  4644.000  2.68783e-13
  4644.500  2.69035e-13
  4645.000  2.69294e-13
  4645.500  2.69559e-13
  4646.000  2.69831e-13
  4646.500  2.70108e-13
  4647.000  2.70390e-13
  4647.500  2.70675e-13
  4648.000  2.70964e-13
  4648.500  2.71255e-13
  4649.000  2.71548e-13
  4649.500  2.71841e-13
  4650.000  2.72134e-13
  4650.500  2.72611e-13
  4651.000  2.73085e-13
  4651.500  2.73556e-13
  4652.000  2.74024e-13
  4652.500  2.74487e-13
  4653.000  2.74944e-13
  4653.500  2.75396e-13
  4654.000  2.75842e-13
  4654.500  2.76281e-13
  4655.000  2.76713e-13
  4655.500  2.77139e-13
  4656.000  2.77558e-13
  4656.500  2.77971e-13
  4657.000  2.78379e-13
  4657.500  2.78783e-13
  4658.000  2.79182e-13
  4658.500  2.79580e-13
  4659.000  2.79976e-13
  4659.500  2.80373e-13
  4660.000  2.80772e-13
  4660.500  2.81176e-13
  4661.000  2.81587e-13
  4661.500  2.82007e-13
  4662.000  2.82439e-13
  4662.500  2.82885e-13
  4663.000  2.83348e-13
  4663.500  2.83831e-13
  4664.000  2.84337e-13
  4664.500  2.84868e-13
  4665.000  2.85427e-13
  4665.500  2.86017e-13
  4666.000  2.86641e-13
  4666.500  2.87300e-13
  4667.000  2.87997e-13
  4667.500  2.88734e-13
  4668.000  2.89512e-13
  4668.500  2.90333e-13
  4669.000  2.91198e-13
  4669.500  2.92107e-13
  4670.000  2.93060e-13
  4670.500  2.93646e-13
  4671.000  2.94276e-13
  4671.500  2.94947e-13
  4672.000  2.95659e-13
  4672.500  2.96408e-13
  4673.000  2.97191e-13
  4673.500  2.98006e-13
  4674.000  2.98847e-13
  4674.500  2.99712e-13
  4675.000  3.00594e-13
  4675.500  3.01488e-13
  4676.000  3.02389e-13
  4676.500  3.03291e-13
  4677.000  3.04187e-13
  4677.500  3.05071e-13
  4678.000  3.05935e-13
  4678.500  3.06774e-13
  4679.000  3.07579e-13
  4679.500  3.08344e-13
  4680.000  3.09063e-13
  4680.500  3.09729e-13
  4681.000  3.10335e-13
  4681.500  3.10876e-13
  4682.000  3.11346e-13
  4682.500  3.11740e-13
  4683.000  3.12054e-13
  4683.500  3.12283e-13
  4684.000  3.12424e-13
  4684.500  3.12476e-13
  4685.000  3.12434e-13
  4685.500  3.12300e-13
  4686.000  3.12072e-13
  4686.500  3.11751e-13
  4687.000  3.11337e-13
  4687.500  3.10833e-13
  4688.000  3.10240e-13
  4688.500  3.09564e-13
  4689.000  3.08806e-13
  4689.500  3.07972e-13
  4690.000  3.07066e-13
  4690.500  3.06103e-13
  4691.000  3.05080e-13
  4691.500  3.04004e-13
  4692.000  3.02879e-13
  4692.500  3.01713e-13
  4693.000  3.00513e-13
  4693.500  2.99285e-13
  4694.000  2.98036e-13
  4694.500  2.96772e-13
  4695.000  2.95501e-13
  4695.500  2.94227e-13
  4696.000  2.92958e-13
  4696.500  2.91698e-13
  4697.000  2.90453e-13
  4697.500  2.89227e-13
  4698.000  2.88025e-13
  4698.500  2.86850e-13
  4699.000  2.85707e-13
  4699.500  2.84597e-13
  4700.000  2.83523e-13
  4700.500  2.82487e-13
  4701.000  2.81490e-13
  4701.500  2.80533e-13
  4702.000  2.79617e-13
  4702.500  2.78742e-13
  4703.000  2.77907e-13
  4703.500  2.77112e-13
  4704.000  2.76356e-13
  4704.500  2.75637e-13
  4705.000  2.74954e-13
  4705.500  2.74306e-13
  4706.000  2.73691e-13
  4706.500  2.73106e-13
  4707.000  2.72549e-13
  4707.500  2.72019e-13
  4708.000  2.71513e-13
  4708.500  2.71029e-13
  4709.000  2.70565e-13
  4709.500  2.70120e-13
  4710.000  2.69691e-13
  4710.500  2.69576e-13
  4711.000  2.69475e-13
  4711.500  2.69384e-13
  4712.000  2.69304e-13
  4712.500  2.69232e-13
  4713.000  2.69168e-13
  4713.500  2.69111e-13
  4714.000  2.69060e-13
  4714.500  2.69014e-13
  4715.000  2.68974e-13
  4715.500  2.68939e-13
  4716.000  2.68908e-13
  4716.500  2.68883e-13
  4717.000  2.68862e-13
  4717.500  2.68847e-13
  4718.000  2.68838e-13
  4718.500  2.68834e-13
  4719.000  2.68837e-13
  4719.500  2.68848e-13
  4720.000  2.68866e-13
  4720.500  2.68892e-13
  4721.000  2.68926e-13
  4721.500  2.68970e-13
  4722.000  2.69024e-13
  4722.500  2.69088e-13
  4723.000  2.69162e-13
  4723.500  2.69247e-13
  4724.000  2.69343e-13
  4724.500  2.69450e-13
  4725.000  2.69569e-13
  4725.500  2.69699e-13
  4726.000  2.69840e-13
  4726.500  2.69993e-13
  4727.000  2.70155e-13
  4727.500  2.70328e-13
  4728.000  2.70510e-13
  4728.500  2.70702e-13
  4729.000  2.70902e-13
  4729.500  2.71108e-13
  4730.000  2.71322e-13
  4730.500  2.71478e-13
  4731.000  2.71638e-13
  4731.500  2.71802e-13
  4732.000  2.71967e-13
  4732.500  2.72134e-13
  4733.000  2.72301e-13
  4733.500  2.72467e-13
  4734.000  2.72629e-13
  4734.500  2.72788e-13
  4735.000  2.72943e-13
  4735.500  2.73091e-13
  4736.000  2.73080e-13
  4736.500  2.73223e-13
  4737.000  2.73356e-13
  4737.500  2.73479e-13
  4738.000  2.73591e-13
  4738.500  2.73691e-13
  4739.000  2.73779e-13
  4739.500  2.73854e-13
  4740.000  2.73917e-13
  4740.500  2.73966e-13
  4741.000  2.74003e-13
  4741.500  2.74026e-13
  4742.000  2.74036e-13
  4742.500  2.74034e-13
  4743.000  2.74020e-13
  4743.500  2.73993e-13
  4744.000  2.73955e-13
  4744.500  2.73907e-13
  4745.000  2.73849e-13
  4745.500  2.73781e-13
  4746.000  2.73706e-13
  4746.500  2.73623e-13
  4747.000  2.73533e-13
  4747.500  2.73438e-13
  4748.000  2.73338e-13
  4748.500  2.73235e-13
  4749.000  2.73128e-13
  4749.500  2.73020e-13
  4750.000  2.72911e-13
  4750.500  2.72545e-13
  4751.000  2.72180e-13
  4751.500  2.71816e-13
  4752.000  2.71455e-13
  4752.500  2.71096e-13
  4753.000  2.70741e-13
  4753.500  2.70391e-13
  4754.000  2.70045e-13
  4754.500  2.69704e-13
  4755.000  2.69369e-13
  4755.500  2.69039e-13
  4756.000  2.68715e-13
  4756.500  2.68398e-13
  4757.000  2.68087e-13
  4757.500  2.67782e-13
  4758.000  2.67484e-13
  4758.500  2.67192e-13
  4759.000  2.66906e-13
  4759.500  2.66627e-13
  4760.000  2.66353e-13
  4760.500  2.66086e-13
  4761.000  2.65824e-13
  4761.500  2.65567e-13
  4762.000  2.65316e-13
  4762.500  2.65069e-13
  4763.000  2.64828e-13
  4763.500  2.64591e-13
  4764.000  2.64358e-13
  4764.500  2.64128e-13
  4765.000  2.63903e-13
  4765.500  2.63681e-13
  4766.000  2.63462e-13
  4766.500  2.63246e-13
  4767.000  2.63032e-13
  4767.500  2.62821e-13
  4768.000  2.62613e-13
  4768.500  2.62406e-13
  4769.000  2.62201e-13
  4769.500  2.61997e-13
  4770.000  2.61796e-13
  4770.500  2.61847e-13
  4771.000  2.61900e-13
  4771.500  2.61954e-13
  4772.000  2.62009e-13
  4772.500  2.62064e-13
  4773.000  2.62120e-13
  4773.500  2.62177e-13
  4774.000  2.62235e-13
  4774.500  2.62293e-13
  4775.000  2.62351e-13
  4775.500  2.62410e-13
  4776.000  2.62469e-13
  4776.500  2.62529e-13
  4777.000  2.62588e-13
  4777.500  2.62648e-13
  4778.000  2.62708e-13
  4778.500  2.62768e-13
  4779.000  2.62829e-13
  4779.500  2.62889e-13
  4780.000  2.62950e-13
  4780.500  2.63011e-13
  4781.000  2.63071e-13
  4781.500  2.63132e-13
  4782.000  2.63193e-13
  4782.500  2.63253e-13
  4783.000  2.63314e-13
  4783.500  2.63375e-13
  4784.000  2.63436e-13
  4784.500  2.63497e-13
  4785.000  2.63558e-13
  4785.500  2.63619e-13
  4786.000  2.63680e-13
  4786.500  2.63741e-13
  4787.000  2.63802e-13
  4787.500  2.63863e-13
  4788.000  2.63924e-13
  4788.500  2.63985e-13
  4789.000  2.64046e-13
  4789.500  2.64107e-13
  4790.000  2.64168e-13
  4790.500  2.64299e-13
  4791.000  2.64430e-13
  4791.500  2.64560e-13
  4792.000  2.64691e-13
  4792.500  2.64822e-13
  4793.000  2.64953e-13
  4793.500  2.65083e-13
  4794.000  2.65214e-13
  4794.500  2.65345e-13
  4795.000  2.65476e-13
  4795.500  2.65606e-13
  4796.000  2.65737e-13
  4796.500  2.65868e-13
  4797.000  2.65999e-13
  4797.500  2.66130e-13
  4798.000  2.66260e-13
  4798.500  2.66391e-13
  4799.000  2.66522e-13
  4799.500  2.66653e-13
  4800.000  2.66783e-13
  4800.500  2.66914e-13
  4801.000  2.67045e-13
  4801.500  2.67176e-13
  4802.000  2.67306e-13
  4802.500  2.67437e-13
  4803.000  2.67568e-13
  4803.500  2.67699e-13
  4804.000  2.67829e-13
  4804.500  2.67960e-13
  4805.000  2.68091e-13
  4805.500  2.68222e-13
  4806.000  2.68353e-13
  4806.500  2.68483e-13
  4807.000  2.68614e-13
  4807.500  2.68745e-13
  4808.000  2.68876e-13
  4808.500  2.69007e-13
  4809.000  2.69137e-13
  4809.500  2.69268e-13
  4810.000  2.69399e-13
  4810.500  2.69510e-13
  4811.000  2.70129e-13
  4811.500  2.70271e-13
  4812.000  2.70414e-13
  4812.500  2.70559e-13
  4813.000  2.70706e-13
  4813.500  2.70854e-13
  4814.000  2.71004e-13
  4814.500  2.71156e-13
  4815.000  2.71310e-13
  4815.500  2.71466e-13
  4816.000  2.71624e-13
  4816.500  2.71784e-13
  4817.000  2.71947e-13
  4817.500  2.72112e-13
  4818.000  2.72280e-13
  4818.500  2.72450e-13
  4819.000  2.72624e-13
  4819.500  2.72800e-13
  4820.000  2.72980e-13
  4820.500  2.73163e-13
  4821.000  2.73351e-13
  4821.500  2.73542e-13
  4822.000  2.73737e-13
  4822.500  2.73937e-13
  4823.000  2.74143e-13
  4823.500  2.74354e-13
  4824.000  2.74571e-13
  4824.500  2.74795e-13
  4825.000  2.75026e-13
  4825.500  2.75266e-13
  4826.000  2.75514e-13
  4826.500  2.75772e-13
  4827.000  2.76042e-13
  4827.500  2.76324e-13
  4828.000  2.76619e-13
  4828.500  2.76928e-13
  4829.000  2.77254e-13
  4829.500  2.77598e-13
  4830.000  2.77962e-13
  4830.500  2.77940e-13
  4831.000  2.77943e-13
  4831.500  2.77971e-13
  4832.000  2.78029e-13
  4832.500  2.78118e-13
  4833.000  2.78242e-13
  4833.500  2.78403e-13
  4834.000  2.78605e-13
  4834.500  2.78852e-13
  4835.000  2.79144e-13
  4835.500  2.79489e-13
  4836.000  2.79889e-13
  4836.500  2.80347e-13
  4837.000  2.80868e-13
  4837.500  2.81455e-13
  4838.000  2.82113e-13
  4838.500  2.82845e-13
  4839.000  2.83654e-13
  4839.500  2.84545e-13
  4840.000  2.85520e-13
  4840.500  2.86583e-13
  4841.000  2.87737e-13
  4841.500  2.88984e-13
  4842.000  2.90325e-13
  4842.500  2.91763e-13
  4843.000  2.93298e-13
  4843.500  2.94931e-13
  4844.000  2.96661e-13
  4844.500  2.98486e-13
  4845.000  3.00406e-13
  4845.500  3.02417e-13
  4846.000  3.04516e-13
  4846.500  3.06698e-13
  4847.000  3.08957e-13
  4847.500  3.11288e-13
  4848.000  3.13682e-13
  4848.500  3.16131e-13
  4849.000  3.18627e-13
  4849.500  3.21158e-13
  4850.000  3.23714e-13
  4850.500  3.26096e-13
  4851.000  3.28479e-13
  4851.500  3.30850e-13
  4852.000  3.33193e-13
  4852.500  3.35495e-13
  4853.000  3.37742e-13
  4853.500  3.39919e-13
  4854.000  3.42011e-13
  4854.500  3.44002e-13
  4855.000  3.45879e-13
  4855.500  3.47627e-13
  4856.000  3.49232e-13
  4856.500  3.50682e-13
  4857.000  3.51964e-13
  4857.500  3.53066e-13
  4858.000  3.53977e-13
  4858.500  3.54690e-13
  4859.000  3.55195e-13
  4859.500  3.55486e-13
  4860.000  3.55557e-13
  4860.500  3.55406e-13
  4861.000  3.55029e-13
  4861.500  3.54426e-13
  4862.000  3.53597e-13
  4862.500  3.52546e-13
  4863.000  3.51274e-13
  4863.500  3.49790e-13
  4864.000  3.48099e-13
  4864.500  3.46209e-13
  4865.000  3.44129e-13
  4865.500  3.41871e-13
  4866.000  3.39445e-13
  4866.500  3.36864e-13
  4867.000  3.34141e-13
  4867.500  3.31291e-13
  4868.000  3.28326e-13
  4868.500  3.25263e-13
  4869.000  3.22115e-13
  4869.500  3.18899e-13
  4870.000  3.15627e-13
  4870.500  3.13450e-13
  4871.000  3.11248e-13
  4871.500  3.09033e-13
  4872.000  3.06819e-13
  4872.500  3.04619e-13
  4873.000  3.02445e-13
  4873.500  3.00307e-13
  4874.000  2.98216e-13
  4874.500  2.96181e-13
  4875.000  2.94210e-13
  4875.500  2.92310e-13
  4876.000  2.90488e-13
  4876.500  2.88750e-13
  4877.000  2.87100e-13
  4877.500  2.85541e-13
  4878.000  2.84076e-13
  4878.500  2.82708e-13
  4879.000  2.81437e-13
  4879.500  2.80263e-13
  4880.000  2.79187e-13
  4880.500  2.78207e-13
  4881.000  2.77321e-13
  4881.500  2.76529e-13
  4882.000  2.75827e-13
  4882.500  2.75212e-13
  4883.000  2.74682e-13
  4883.500  2.74234e-13
  4884.000  2.73862e-13
  4884.500  2.73565e-13
  4885.000  2.73338e-13
  4885.500  2.73177e-13
  4886.000  2.73078e-13
  4886.500  2.73037e-13
  4887.000  2.73052e-13
  4887.500  2.73117e-13
  4888.000  2.73230e-13
  4888.500  2.73386e-13
  4889.000  2.73583e-13
  4889.500  2.73818e-13
  4890.000  2.74085e-13
  4890.500  2.73730e-13
  4891.000  2.73404e-13
  4891.500  2.73104e-13
  4892.000  2.72828e-13
  4892.500  2.72574e-13
  4893.000  2.72340e-13
  4893.500  2.72123e-13
  4894.000  2.71923e-13
  4894.500  2.71738e-13
  4895.000  2.71566e-13
  4895.500  2.71405e-13
  4896.000  2.71256e-13
  4896.500  2.71117e-13
  4897.000  2.70987e-13
  4897.500  2.70864e-13
  4898.000  2.70749e-13
  4898.500  2.70641e-13
  4899.000  2.70539e-13
  4899.500  2.70443e-13
  4900.000  2.70351e-13
  4900.500  2.70265e-13
  4901.000  2.70182e-13
  4901.500  2.70104e-13
  4902.000  2.70030e-13
  4902.500  2.69959e-13
  4903.000  2.69891e-13
  4903.500  2.69826e-13
  4904.000  2.69765e-13
  4904.500  2.69706e-13
  4905.000  2.69649e-13
  4905.500  2.69595e-13
  4906.000  2.69543e-13
  4906.500  2.69494e-13
  4907.000  2.69447e-13
  4907.500  2.69401e-13
  4908.000  2.69358e-13
  4908.500  2.69316e-13
  4909.000  2.69277e-13
  4909.500  2.69244e-13
  4910.000  2.69208e-13
  4910.500  2.69016e-13
  4911.000  2.68825e-13
  4911.500  2.68165e-13
  4912.000  2.68005e-13
  4912.500  2.67847e-13
  4913.000  2.67689e-13
  4913.500  2.67532e-13
  4914.000  2.67377e-13
  4914.500  2.67222e-13
  4915.000  2.67070e-13
  4915.500  2.66919e-13
  4916.000  2.66771e-13
  4916.500  2.66625e-13
  4917.000  2.66483e-13
  4917.500  2.66345e-13
  4918.000  2.66212e-13
  4918.500  2.66084e-13
  4919.000  2.65963e-13
  4919.500  2.65849e-13
  4920.000  2.65744e-13
  4920.500  2.65649e-13
  4921.000  2.65566e-13
  4921.500  2.65497e-13
  4922.000  2.65443e-13
  4922.500  2.65408e-13
  4923.000  2.65395e-13
  4923.500  2.65405e-13
  4924.000  2.65442e-13
  4924.500  2.65511e-13
  4925.000  2.65616e-13
  4925.500  2.65761e-13
  4926.000  2.65951e-13
  4926.500  2.66193e-13
  4927.000  2.66493e-13
  4927.500  2.66856e-13
  4928.000  2.67292e-13
  4928.500  2.67809e-13
  4929.000  2.68414e-13
  4929.500  2.69118e-13
  4930.000  2.69931e-13
  4930.500  2.71181e-13
  4931.000  2.72563e-13
  4931.500  2.74088e-13
  4932.000  2.75770e-13
  4932.500  2.77621e-13
  4933.000  2.79656e-13
  4933.500  2.81890e-13
  4934.000  2.84337e-13
  4934.500  2.87012e-13
  4935.000  2.89931e-13
  4935.500  2.93110e-13
  4936.000  2.96564e-13
  4936.500  3.00309e-13
  4937.000  3.04359e-13
  4937.500  3.08729e-13
  4938.000  3.13433e-13
  4938.500  3.18484e-13
  4939.000  3.23893e-13
  4939.500  3.29670e-13
  4940.000  3.35825e-13
  4940.500  3.42363e-13
  4941.000  3.49290e-13
  4941.500  3.56609e-13
  4942.000  3.64318e-13
  4942.500  3.72415e-13
  4943.000  3.80896e-13
  4943.500  3.89748e-13
  4944.000  3.98964e-13
  4944.500  4.08523e-13
  4945.000  4.18408e-13
  4945.500  4.28598e-13
  4946.000  4.39063e-13
  4946.500  4.49774e-13
  4947.000  4.60699e-13
  4947.500  4.71799e-13
  4948.000  4.83032e-13
  4948.500  4.94357e-13
  4949.000  5.05727e-13
  4949.500  5.17090e-13
  4950.000  5.28396e-13
  4950.500  5.39274e-13
  4951.000  5.49985e-13
  4951.500  5.60473e-13
  4952.000  5.70680e-13
  4952.500  5.80550e-13
  4953.000  5.90024e-13
  4953.500  5.99049e-13
  4954.000  6.07566e-13
  4954.500  6.15525e-13
  4955.000  6.22876e-13
  4955.500  6.29569e-13
  4956.000  6.35564e-13
  4956.500  6.40837e-13
  4957.000  6.45321e-13
  4957.500  6.49001e-13
  4958.000  6.51851e-13
  4958.500  6.53850e-13
  4959.000  6.54986e-13
  4959.500  6.55250e-13
  4960.000  6.54640e-13
  4960.500  6.53160e-13
  4961.000  6.50818e-13
  4961.500  6.47627e-13
  4962.000  6.43616e-13
  4962.500  6.38809e-13
  4963.000  6.33237e-13
  4963.500  6.26936e-13
  4964.000  6.19949e-13
  4964.500  6.12323e-13
  4965.000  6.04108e-13
  4965.500  5.95354e-13
  4966.000  5.86122e-13
  4966.500  5.76465e-13
  4967.000  5.66446e-13
  4967.500  5.56128e-13
  4968.000  5.45574e-13
  4968.500  5.34843e-13
  4969.000  5.24002e-13
  4969.500  5.13115e-13
  4970.000  5.02241e-13
  4970.500  4.91237e-13
  4971.000  4.80368e-13
  4971.500  4.69695e-13
  4972.000  4.59275e-13
  4972.500  4.49161e-13
  4973.000  4.39410e-13
  4973.500  4.30072e-13
  4974.000  4.21197e-13
  4974.500  4.12833e-13
  4975.000  4.05026e-13
  4975.500  3.97818e-13
  4976.000  3.91256e-13
  4976.500  3.85378e-13
  4977.000  3.80226e-13
  4977.500  3.75839e-13
  4978.000  3.72253e-13
  4978.500  3.69506e-13
  4979.000  3.67635e-13
  4979.500  3.66676e-13
  4980.000  3.66665e-13
  4980.500  3.67634e-13
  4981.000  3.69620e-13
  4981.500  3.72654e-13
  4982.000  3.76772e-13
  4982.500  3.82004e-13
  4983.000  3.88383e-13
  4983.500  3.95939e-13
  4984.000  4.04698e-13
  4984.500  4.14689e-13
  4985.000  4.25934e-13
  4985.500  4.38455e-13
  4986.000  4.52268e-13
  4986.500  4.67390e-13
  4987.000  4.83829e-13
  4987.500  5.01586e-13
  4988.000  5.20663e-13
  4988.500  5.41048e-13
  4989.000  5.62730e-13
  4989.500  5.85683e-13
  4990.000  6.09876e-13
  4990.500  6.35332e-13
  4991.000  6.61938e-13
  4991.500  6.89638e-13
  4992.000  7.18366e-13
  4992.500  7.48040e-13
  4993.000  7.78575e-13
  4993.500  8.09869e-13
  4994.000  8.41817e-13
  4994.500  8.74299e-13
  4995.000  9.07190e-13
  4995.500  9.40352e-13
  4996.000  9.73643e-13
  4996.500  1.00691e-12
  4997.000  1.04000e-12
  4997.500  1.07274e-12
  4998.000  1.10498e-12
  4998.500  1.13653e-12
  4999.000  1.16723e-12
  4999.500  1.19692e-12
  5000.000  1.22541e-12
  5000.500  1.25254e-12
  5001.000  1.27815e-12
  5001.500  1.30208e-12
  5002.000  1.32419e-12
  5002.500  1.34434e-12
  5003.000  1.36239e-12
  5003.500  1.37823e-12
  5004.000  1.39176e-12
  5004.500  1.40289e-12
  5005.000  1.41153e-12
  5005.500  1.41763e-12
  5006.000  1.42115e-12
  5006.500  1.42206e-12
  5007.000  1.42037e-12
  5007.500  1.41606e-12
  5008.000  1.40917e-12
  5008.500  1.39974e-12
  5009.000  1.38784e-12
  5009.500  1.37355e-12
  5010.000  1.35693e-12
  5010.500  1.33869e-12
  5011.000  1.31836e-12
  5011.500  1.29608e-12
  5012.000  1.27197e-12
  5012.500  1.24619e-12
  5013.000  1.21889e-12
  5013.500  1.19023e-12
  5014.000  1.16039e-12
  5014.500  1.12952e-12
  5015.000  1.09781e-12
  5015.500  1.06541e-12
  5016.000  1.03249e-12
  5016.500  9.99226e-13
  5017.000  9.65768e-13
  5017.500  9.32274e-13
  5018.000  8.98888e-13
  5018.500  8.65751e-13
  5019.000  8.32995e-13
  5019.500  8.00741e-13
  5020.000  7.69103e-13
  5020.500  7.38179e-13
  5021.000  7.08064e-13
  5021.500  6.78836e-13
  5022.000  6.50568e-13
  5022.500  6.23316e-13
  5023.000  5.97130e-13
  5023.500  5.72052e-13
  5024.000  5.48106e-13
  5024.500  5.25313e-13
  5025.000  5.03686e-13
  5025.500  4.83226e-13
  5026.000  4.63928e-13
  5026.500  4.45781e-13
  5027.000  4.28766e-13
  5027.500  4.12857e-13
  5028.000  3.98030e-13
  5028.500  3.84248e-13
  5029.000  3.71475e-13
  5029.500  3.59672e-13
  5030.000  3.48797e-13
  5030.500  3.38473e-13
  5031.000  3.28987e-13
  5031.500  3.20295e-13
  5032.000  3.12349e-13
  5032.500  3.05105e-13
  5033.000  2.98516e-13
  5033.500  2.92538e-13
  5034.000  2.87127e-13
  5034.500  2.82242e-13
  5035.000  2.77842e-13
  5035.500  2.73887e-13
  5036.000  2.70341e-13
  5036.500  2.67170e-13
  5037.000  2.64338e-13
  5037.500  2.61816e-13
  5038.000  2.59575e-13
  5038.500  2.57586e-13
  5039.000  2.55825e-13
  5039.500  2.54269e-13
  5040.000  2.52896e-13
  5040.500  2.51687e-13
  5041.000  2.50623e-13
  5041.500  2.49689e-13
  5042.000  2.48869e-13
  5042.500  2.48150e-13
  5043.000  2.47520e-13
  5043.500  2.46968e-13
  5044.000  2.46485e-13
  5044.500  2.46061e-13
  5045.000  2.45689e-13
  5045.500  2.45363e-13
  5046.000  2.45076e-13
  5046.500  2.44822e-13
  5047.000  2.44598e-13
  5047.500  2.44399e-13
  5048.000  2.44222e-13
  5048.500  2.44063e-13
  5049.000  2.43919e-13
  5049.500  2.43789e-13
  5050.000  2.43671e-13
  5050.500  2.43724e-13
  5051.000  2.43785e-13
  5051.500  2.43852e-13
  5052.000  2.43926e-13
  5052.500  2.44004e-13
  5053.000  2.44087e-13
  5053.500  2.44172e-13
  5054.000  2.44261e-13
  5054.500  2.44352e-13
  5055.000  2.44444e-13
  5055.500  2.44538e-13
  5056.000  2.44634e-13
  5056.500  2.44731e-13
  5057.000  2.44813e-13
  5057.500  2.44914e-13
  5058.000  2.45016e-13
  5058.500  2.45117e-13
  5059.000  2.45218e-13
  5059.500  2.45320e-13
  5060.000  2.45421e-13
  5060.500  2.45522e-13
  5061.000  2.45623e-13
  5061.500  2.45725e-13
  5062.000  2.45826e-13
  5062.500  2.45927e-13
  5063.000  2.46029e-13
  5063.500  2.46130e-13
  5064.000  2.46231e-13
  5064.500  2.46332e-13
  5065.000  2.46434e-13
  5065.500  2.46535e-13
  5066.000  2.46636e-13
  5066.500  2.46738e-13
  5067.000  2.46839e-13
  5067.500  2.46940e-13
  5068.000  2.47041e-13
  5068.500  2.47143e-13
  5069.000  2.47244e-13
  5069.500  2.47345e-13
  5070.000  2.47446e-13
  5070.500  2.47218e-13
  5071.000  2.46989e-13
  5071.500  2.46760e-13
  5072.000  2.46531e-13
  5072.500  2.46303e-13
  5073.000  2.46074e-13
  5073.500  2.45845e-13
  5074.000  2.45616e-13
  5074.500  2.45388e-13
  5075.000  2.45159e-13
  5075.500  2.44930e-13
  5076.000  2.44702e-13
  5076.500  2.44473e-13
  5077.000  2.44244e-13
  5077.500  2.44015e-13
  5078.000  2.43787e-13
  5078.500  2.43558e-13
  5079.000  2.43329e-13
  5079.500  2.43100e-13
  5080.000  2.42872e-13
  5080.500  2.42643e-13
  5081.000  2.42414e-13
  5081.500  2.42186e-13
  5082.000  2.41957e-13
  5082.500  2.41728e-13
  5083.000  2.41499e-13
  5083.500  2.41271e-13
  5084.000  2.41042e-13
  5084.500  2.40813e-13
  5085.000  2.40584e-13
  5085.500  2.40356e-13
  5086.000  2.40127e-13
  5086.500  2.39898e-13
  5087.000  2.39670e-13
  5087.500  2.39441e-13
  5088.000  2.39212e-13
  5088.500  2.38984e-13
  5089.000  2.38755e-13
  5089.500  2.38526e-13
  5090.000  2.38298e-13
  5090.500  2.38399e-13
  5091.000  2.38500e-13
  5091.500  2.38602e-13
  5092.000  2.38703e-13
  5092.500  2.38804e-13
  5093.000  2.38906e-13
  5093.500  2.39007e-13
  5094.000  2.39108e-13
  5094.500  2.39210e-13
  5095.000  2.39311e-13
  5095.500  2.39413e-13
  5096.000  2.39514e-13
  5096.500  2.39615e-13
  5097.000  2.39717e-13
  5097.500  2.39818e-13
  5098.000  2.39920e-13
  5098.500  2.40021e-13
  5099.000  2.40122e-13
  5099.500  2.40224e-13
  5100.000  2.40325e-13
  5100.500  2.40427e-13
  5101.000  2.40528e-13
  5101.500  2.40629e-13
  5102.000  2.40731e-13
  5102.500  2.40832e-13
  5103.000  2.40933e-13
  5103.500  2.41035e-13
  5104.000  2.41136e-13
  5104.500  2.41238e-13
  5105.000  2.41339e-13
  5105.500  2.41440e-13
  5106.000  2.41542e-13
  5106.500  2.41643e-13
  5107.000  2.41744e-13
  5107.500  2.41846e-13
  5108.000  2.41947e-13
  5108.500  2.42055e-13
  5109.000  2.42157e-13
  5109.500  2.42259e-13
  5110.000  2.42361e-13
  5110.500  2.42182e-13
  5111.000  2.42003e-13
  5111.500  2.41824e-13
  5112.000  2.41646e-13
  5112.500  2.41467e-13
  5113.000  2.41289e-13
  5113.500  2.41110e-13
  5114.000  2.40933e-13
  5114.500  2.40755e-13
  5115.000  2.40577e-13
  5115.500  2.40400e-13
  5116.000  2.40223e-13
  5116.500  2.40046e-13
  5117.000  2.39869e-13
  5117.500  2.39693e-13
  5118.000  2.39518e-13
  5118.500  2.39342e-13
  5119.000  2.39167e-13
  5119.500  2.38992e-13
  5120.000  2.38818e-13
  5120.500  2.38644e-13
  5121.000  2.38471e-13
  5121.500  2.38298e-13
  5122.000  2.38126e-13
  5122.500  2.37955e-13
  5123.000  2.37784e-13
  5123.500  2.37614e-13
  5124.000  2.37444e-13
  5124.500  2.37275e-13
  5125.000  2.37107e-13
  5125.500  2.36940e-13
  5126.000  2.36773e-13
  5126.500  2.36607e-13
  5127.000  2.36443e-13
  5127.500  2.36279e-13
  5128.000  2.36116e-13
  5128.500  2.35954e-13
  5129.000  2.35793e-13
  5129.500  2.35633e-13
  5130.000  2.35474e-13
  5130.500  2.35332e-13
  5131.000  2.35191e-13
  5131.500  2.35051e-13
  5132.000  2.34913e-13
  5132.500  2.34775e-13
  5133.000  2.34639e-13
  5133.500  2.34503e-13
  5134.000  2.34370e-13
  5134.500  2.34237e-13
  5135.000  2.34104e-13
  5135.500  2.33974e-13
  5136.000  2.33844e-13
  5136.500  2.33715e-13
  5137.000  2.33588e-13
  5137.500  2.33461e-13
  5138.000  2.33336e-13
  5138.500  2.33211e-13
  5139.000  2.33087e-13
  5139.500  2.32964e-13
  5140.000  2.32842e-13
  5140.500  2.32720e-13
  5141.000  2.32599e-13
  5141.500  2.32479e-13
  5142.000  2.32359e-13
  5142.500  2.32239e-13
  5143.000  2.32120e-13
  5143.500  2.32000e-13
  5144.000  2.31881e-13
  5144.500  2.31762e-13
  5145.000  2.31643e-13
  5145.500  2.31523e-13
  5146.000  2.31404e-13
  5146.500  2.31283e-13
  5147.000  2.31162e-13
  5147.500  2.31040e-13
  5148.000  2.30918e-13
  5148.500  2.30794e-13
  5149.000  2.30670e-13
  5149.500  2.30544e-13
  5150.000  2.30417e-13
  5150.500  2.30237e-13
  5151.000  2.30055e-13
  5151.500  2.29872e-13
  5152.000  2.29687e-13
  5152.500  2.29500e-13
  5153.000  2.29312e-13
  5153.500  2.29121e-13
  5154.000  2.28928e-13
  5154.500  2.28733e-13
  5155.000  2.28535e-13
  5155.500  2.28336e-13
  5156.000  2.28134e-13
  5156.500  2.27929e-13
  5157.000  2.27722e-13
  5157.500  2.27512e-13
  5158.000  2.27300e-13
  5158.500  2.27086e-13
  5159.000  2.26868e-13
  5159.500  2.26649e-13
  5160.000  2.26427e-13
  5160.500  2.26202e-13
  5161.000  2.25975e-13
  5161.500  2.25745e-13
  5162.000  2.25513e-13
  5162.500  2.25279e-13
  5163.000  2.25042e-13
  5163.500  2.24803e-13
  5164.000  2.24563e-13
  5164.500  2.24320e-13
  5165.000  2.24075e-13
  5165.500  2.23829e-13
  5166.000  2.23580e-13
  5166.500  2.23330e-13
  5167.000  2.23079e-13
  5167.500  2.22826e-13
  5168.000  2.22572e-13
  5168.500  2.22317e-13
  5169.000  2.22061e-13
  5169.500  2.21804e-13
  5170.000  2.21547e-13
  5170.500  2.21683e-13
  5171.000  2.21819e-13
  5171.500  2.21955e-13
  5172.000  2.22091e-13
  5172.500  2.22227e-13
  5173.000  2.22365e-13
  5173.500  2.22503e-13
  5174.000  2.22642e-13
  5174.500  2.22783e-13
  5175.000  2.22926e-13
  5175.500  2.23072e-13
  5176.000  2.23220e-13
  5176.500  2.23372e-13
  5177.000  2.23529e-13
  5177.500  2.23690e-13
  5178.000  2.23858e-13
  5178.500  2.24031e-13
  5179.000  2.24213e-13
  5179.500  2.24403e-13
  5180.000  2.24604e-13
  5180.500  2.24815e-13
  5181.000  2.25040e-13
  5181.500  2.25278e-13
  5182.000  2.25532e-13
  5182.500  2.25803e-13
  5183.000  2.26093e-13
  5183.500  2.26403e-13
  5184.000  2.26736e-13
  5184.500  2.27092e-13
  5185.000  2.27473e-13
  5185.500  2.27881e-13
  5186.000  2.28316e-13
  5186.500  2.28779e-13
  5187.000  2.29272e-13
  5187.500  2.29795e-13
  5188.000  2.30347e-13
  5188.500  2.30928e-13
  5189.000  2.31537e-13
  5189.500  2.32173e-13
  5190.000  2.32833e-13
  5190.500  2.33658e-13
  5191.000  2.34502e-13
  5191.500  2.35362e-13
  5192.000  2.36233e-13
  5192.500  2.37112e-13
  5193.000  2.37993e-13
  5193.500  2.38870e-13
  5194.000  2.39738e-13
  5194.500  2.40591e-13
  5195.000  2.41424e-13
  5195.500  2.42229e-13
  5196.000  2.43003e-13
  5196.500  2.43737e-13
  5197.000  2.44427e-13
  5197.500  2.45069e-13
  5198.000  2.45658e-13
  5198.500  2.46190e-13
  5199.000  2.46663e-13
  5199.500  2.47074e-13
  5200.000  2.47421e-13
  5200.500  2.47706e-13
  5201.000  2.47927e-13
  5201.500  2.48086e-13
  5202.000  2.48186e-13
  5202.500  2.48228e-13
  5203.000  2.48218e-13
  5203.500  2.48159e-13
  5204.000  2.48056e-13
  5204.500  2.47914e-13
  5205.000  2.47739e-13
  5205.500  2.47537e-13
  5206.000  2.47314e-13
  5206.500  2.47076e-13
  5207.000  2.46828e-13
  5207.500  2.46577e-13
  5208.000  2.46327e-13
  5208.500  2.46083e-13
  5209.000  2.45845e-13
  5209.500  2.45628e-13
  5210.000  2.45430e-13
  5210.500  2.45452e-13
  5211.000  2.45498e-13
  5211.500  2.45569e-13
  5212.000  2.45667e-13
  5212.500  2.45794e-13
  5213.000  2.45949e-13
  5213.500  2.46132e-13
  5214.000  2.46344e-13
  5214.500  2.46582e-13
  5215.000  2.46848e-13
  5215.500  2.47138e-13
  5216.000  2.47453e-13
  5216.500  2.47790e-13
  5217.000  2.48148e-13
  5217.500  2.48526e-13
  5218.000  2.48920e-13
  5218.500  2.49331e-13
  5219.000  2.49756e-13
  5219.500  2.50195e-13
  5220.000  2.50644e-13
  5220.500  2.51104e-13
  5221.000  2.51574e-13
  5221.500  2.52050e-13
  5222.000  2.52534e-13
  5222.500  2.53024e-13
  5223.000  2.53518e-13
  5223.500  2.54017e-13
  5224.000  2.54519e-13
  5224.500  2.55025e-13
  5225.000  2.55533e-13
  5225.500  2.56043e-13
  5226.000  2.56555e-13
  5226.500  2.57068e-13
  5227.000  2.57583e-13
  5227.500  2.58098e-13
  5228.000  2.58614e-13
  5228.500  2.59131e-13
  5229.000  2.59649e-13
  5229.500  2.60167e-13
  5230.000  2.60684e-13
  5230.500  2.60922e-13
  5231.000  2.61159e-13
  5231.500  2.61396e-13
  5232.000  2.61634e-13
  5232.500  2.61871e-13
  5233.000  2.62109e-13
  5233.500  2.62347e-13
  5234.000  2.62584e-13
  5234.500  2.62822e-13
  5235.000  2.63060e-13
  5235.500  2.63298e-13
  5236.000  2.63536e-13
  5236.500  2.63774e-13
  5237.000  2.64011e-13
  5237.500  2.64249e-13
  5238.000  2.64487e-13
  5238.500  2.64725e-13
  5239.000  2.64963e-13
  5239.500  2.65201e-13
  5240.000  2.65439e-13
  5240.500  2.65677e-13
  5241.000  2.65915e-13
  5241.500  2.66152e-13
  5242.000  2.66390e-13
  5242.500  2.66628e-13
  5243.000  2.66866e-13
  5243.500  2.67104e-13
  5244.000  2.67342e-13
  5244.500  2.67580e-13
  5245.000  2.67818e-13
  5245.500  2.68055e-13
  5246.000  2.68293e-13
  5246.500  2.68531e-13
  5247.000  2.68769e-13
  5247.500  2.69007e-13
  5248.000  2.69245e-13
  5248.500  2.69483e-13
  5249.000  2.69721e-13
  5249.500  2.69958e-13
  5250.000  2.70196e-13
  5250.500  2.69524e-13
  5251.000  2.68851e-13
  5251.500  2.68179e-13
  5252.000  2.67507e-13
  5252.500  2.66835e-13
  5253.000  2.66164e-13
  5253.500  2.65490e-13
  5254.000  2.64819e-13
  5254.500  2.64146e-13
  5255.000  2.63474e-13
  5255.500  2.62802e-13
  5256.000  2.62130e-13
  5256.500  2.61458e-13
  5257.000  2.60785e-13
  5257.500  2.60114e-13
  5258.000  2.59441e-13
  5258.500  2.58769e-13
  5259.000  2.58111e-13
  5259.500  2.57440e-13
  5260.000  2.56770e-13
  5260.500  2.56099e-13
  5261.000  2.55429e-13
  5261.500  2.54760e-13
  5262.000  2.54090e-13
  5262.500  2.53421e-13
  5263.000  2.52752e-13
  5263.500  2.52083e-13
  5264.000  2.51415e-13
  5264.500  2.50747e-13
  5265.000  2.50079e-13
  5265.500  2.49411e-13
  5266.000  2.48745e-13
  5266.500  2.48078e-13
  5267.000  2.47412e-13
  5267.500  2.46748e-13
  5268.000  2.46082e-13
  5268.500  2.45418e-13
  5269.000  2.44754e-13
  5269.500  2.44091e-13
  5270.000  2.43430e-13
  5270.500  2.44198e-13
  5271.000  2.44966e-13
  5271.500  2.45737e-13
  5272.000  2.46506e-13
  5272.500  2.47278e-13
  5273.000  2.48050e-13
  5273.500  2.48823e-13
  5274.000  2.49597e-13
  5274.500  2.50372e-13
  5275.000  2.51150e-13
  5275.500  2.51927e-13
  5276.000  2.52706e-13
  5276.500  2.53486e-13
  5277.000  2.54268e-13
  5277.500  2.55051e-13
  5278.000  2.55836e-13
  5278.500  2.56622e-13
  5279.000  2.57409e-13
  5279.500  2.58198e-13
  5280.000  2.58989e-13
  5280.500  2.59781e-13
  5281.000  2.60575e-13
  5281.500  2.61370e-13
  5282.000  2.62168e-13
  5282.500  2.62966e-13
  5283.000  2.63767e-13
  5283.500  2.64569e-13
  5284.000  2.65373e-13
  5284.500  2.66178e-13
  5285.000  2.66985e-13
  5285.500  2.67793e-13
  5286.000  2.68604e-13
  5286.500  2.69416e-13
  5287.000  2.70230e-13
  5287.500  2.71045e-13
  5288.000  2.71861e-13
  5288.500  2.72679e-13
  5289.000  2.73497e-13
  5289.500  2.74318e-13
  5290.000  2.75139e-13
  5290.500  2.75535e-13
  5291.000  2.75932e-13
  5291.500  2.76331e-13
  5292.000  2.76729e-13
  5292.500  2.77128e-13
  5293.000  2.77529e-13
  5293.500  2.77929e-13
  5294.000  2.78329e-13
  5294.500  2.78729e-13
  5295.000  2.79129e-13
  5295.500  2.79529e-13
  5296.000  2.79928e-13
  5296.500  2.80327e-13
  5297.000  2.80724e-13
  5297.500  2.81120e-13
  5298.000  2.81516e-13
  5298.500  2.81910e-13
  5299.000  2.82303e-13
  5299.500  2.82693e-13
  5300.000  2.83083e-13
  5300.500  2.83470e-13
  5301.000  2.83854e-13
  5301.500  2.84237e-13
  5302.000  2.84617e-13
  5302.500  2.84994e-13
  5303.000  2.85368e-13
  5303.500  2.85740e-13
  5304.000  2.86108e-13
  5304.500  2.86474e-13
  5305.000  2.86836e-13
  5305.500  2.87194e-13
  5306.000  2.87549e-13
  5306.500  2.87901e-13
  5307.000  2.88249e-13
  5307.500  2.88593e-13
  5308.000  2.88934e-13
  5308.500  2.89271e-13
  5309.000  2.89604e-13
  5309.500  2.89933e-13
  5310.000  2.90257e-13
  5310.500  2.89536e-13
  5311.000  2.88810e-13
  5311.500  2.88081e-13
  5312.000  2.87349e-13
  5312.500  2.86612e-13
  5313.000  2.85873e-13
  5313.500  2.85130e-13
  5314.000  2.84384e-13
  5314.500  2.83633e-13
  5315.000  2.82881e-13
  5315.500  2.82126e-13
  5316.000  2.81368e-13
  5316.500  2.80607e-13
  5317.000  2.79844e-13
  5317.500  2.79078e-13
  5318.000  2.78309e-13
  5318.500  2.77540e-13
  5319.000  2.76768e-13
  5319.500  2.75995e-13
  5320.000  2.75220e-13
  5320.500  2.74444e-13
  5321.000  2.73666e-13
  5321.500  2.72887e-13
  5322.000  2.72108e-13
  5322.500  2.71328e-13
  5323.000  2.70548e-13
  5323.500  2.69767e-13
  5324.000  2.68986e-13
  5324.500  2.68206e-13
  5325.000  2.67426e-13
  5325.500  2.66644e-13
  5326.000  2.65865e-13
  5326.500  2.65085e-13
  5327.000  2.64306e-13
  5327.500  2.63529e-13
  5328.000  2.62751e-13
  5328.500  2.61976e-13
  5329.000  2.61200e-13
  5329.500  2.60427e-13
  5330.000  2.59657e-13
  5330.500  2.60086e-13
  5331.000  2.60516e-13
  5331.500  2.60948e-13
  5332.000  2.61381e-13
  5332.500  2.61817e-13
  5333.000  2.62253e-13
  5333.500  2.62691e-13
  5334.000  2.63131e-13
  5334.500  2.63572e-13
  5335.000  2.64015e-13
  5335.500  2.64460e-13
  5336.000  2.64907e-13
  5336.500  2.65355e-13
  5337.000  2.65805e-13
  5337.500  2.66256e-13
  5338.000  2.66710e-13
  5338.500  2.67164e-13
  5339.000  2.67621e-13
  5339.500  2.68079e-13
  5340.000  2.68538e-13
  5340.500  2.68999e-13
  5341.000  2.69461e-13
  5341.500  2.69925e-13
  5342.000  2.70390e-13
  5342.500  2.70856e-13
  5343.000  2.71323e-13
  5343.500  2.71792e-13
  5344.000  2.72262e-13
  5344.500  2.72733e-13
  5345.000  2.73205e-13
  5345.500  2.73678e-13
  5346.000  2.74152e-13
  5346.500  2.74627e-13
  5347.000  2.75103e-13
  5347.500  2.75580e-13
  5348.000  2.76057e-13
  5348.500  2.76535e-13
  5349.000  2.77014e-13
  5349.500  2.77494e-13
  5350.000  2.77973e-13
  5350.500  2.77906e-13
  5351.000  2.77839e-13
  5351.500  2.77772e-13
  5352.000  2.77706e-13
  5352.500  2.77641e-13
  5353.000  2.77575e-13
  5353.500  2.77511e-13
  5354.000  2.77446e-13
  5354.500  2.77382e-13
  5355.000  2.77319e-13
  5355.500  2.77255e-13
  5356.000  2.77192e-13
  5356.500  2.77129e-13
  5357.000  2.77066e-13
  5357.500  2.77004e-13
  5358.000  2.76941e-13
  5358.500  2.76879e-13
  5359.000  2.76817e-13
  5359.500  2.76744e-13
  5360.000  2.76683e-13
  5360.500  2.76623e-13
  5361.000  2.76562e-13
  5361.500  2.76530e-13
  5362.000  2.76471e-13
  5362.500  2.76412e-13
  5363.000  2.76353e-13
  5363.500  2.76294e-13
  5364.000  2.76236e-13
  5364.500  2.76177e-13
  5365.000  2.76118e-13
  5365.500  2.76060e-13
  5366.000  2.76001e-13
  5366.500  2.75943e-13
  5367.000  2.75885e-13
  5367.500  2.75827e-13
  5368.000  2.75769e-13
  5368.500  2.75711e-13
  5369.000  2.75653e-13
  5369.500  2.75595e-13
  5370.000  2.75538e-13
  5370.500  2.75399e-13
  5371.000  2.75260e-13
  5371.500  2.75122e-13
  5372.000  2.74983e-13
  5372.500  2.74845e-13
  5373.000  2.74707e-13
  5373.500  2.74570e-13
  5374.000  2.74432e-13
  5374.500  2.74295e-13
  5375.000  2.74159e-13
  5375.500  2.74022e-13
  5376.000  2.73887e-13
  5376.500  2.73751e-13
  5377.000  2.73617e-13
  5377.500  2.73482e-13
  5378.000  2.73349e-13
  5378.500  2.73216e-13
  5379.000  2.73083e-13
  5379.500  2.72952e-13
  5380.000  2.72821e-13
  5380.500  2.72691e-13
  5381.000  2.72562e-13
  5381.500  2.72434e-13
  5382.000  2.72307e-13
  5382.500  2.72182e-13
  5383.000  2.72057e-13
  5383.500  2.71935e-13
  5384.000  2.71813e-13
  5384.500  2.71693e-13
  5385.000  2.71575e-13
  5385.500  2.71458e-13
  5386.000  2.71343e-13
  5386.500  2.71230e-13
  5387.000  2.71119e-13
  5387.500  2.71010e-13
  5388.000  2.70903e-13
  5388.500  2.70798e-13
  5389.000  2.70695e-13
  5389.500  2.70595e-13
  5390.000  2.70497e-13
  5390.500  2.70467e-13
  5391.000  2.70439e-13
  5391.500  2.70413e-13
  5392.000  2.70390e-13
  5392.500  2.70370e-13
  5393.000  2.70352e-13
  5393.500  2.70335e-13
  5394.000  2.70322e-13
  5394.500  2.70311e-13
  5395.000  2.70301e-13
  5395.500  2.70294e-13
  5396.000  2.70289e-13
  5396.500  2.70285e-13
  5397.000  2.70283e-13
  5397.500  2.70283e-13
  5398.000  2.70283e-13
  5398.500  2.70285e-13
  5399.000  2.70287e-13
  5399.500  2.70290e-13
  5400.000  2.70293e-13
  5400.500  2.70296e-13
  5401.000  2.70298e-13
  5401.500  2.70300e-13
  5402.000  2.70300e-13
  5402.500  2.70300e-13
  5403.000  2.70297e-13
  5403.500  2.70293e-13
  5404.000  2.70286e-13
  5404.500  2.70277e-13
  5405.000  2.70265e-13
  5405.500  2.70249e-13
  5406.000  2.70229e-13
  5406.500  2.70206e-13
  5407.000  2.70178e-13
  5407.500  2.70146e-13
  5408.000  2.70110e-13
  5408.500  2.70068e-13
  5409.000  2.70022e-13
  5409.500  2.69970e-13
  5410.000  2.69912e-13
  5410.500  2.69962e-13
  5411.000  2.70005e-13
  5411.500  2.70043e-13
  5412.000  2.70075e-13
  5412.500  2.70102e-13
  5413.000  2.70123e-13
  5413.500  2.70139e-13
  5414.000  2.70149e-13
  5414.500  2.70154e-13
  5415.000  2.70154e-13
  5415.500  2.70149e-13
  5416.000  2.70139e-13
  5416.500  2.70125e-13
  5417.000  2.70107e-13
  5417.500  2.70084e-13
  5418.000  2.70058e-13
  5418.500  2.70029e-13
  5419.000  2.69997e-13
  5419.500  2.69962e-13
  5420.000  2.69925e-13
  5420.500  2.69886e-13
  5421.000  2.69845e-13
  5421.500  2.69803e-13
  5422.000  2.69759e-13
  5422.500  2.69715e-13
  5423.000  2.69671e-13
  5423.500  2.69627e-13
  5424.000  2.69583e-13
  5424.500  2.69539e-13
  5425.000  2.69496e-13
  5425.500  2.69454e-13
  5426.000  2.69413e-13
  5426.500  2.69374e-13
  5427.000  2.69336e-13
  5427.500  2.69300e-13
  5428.000  2.69266e-13
  5428.500  2.69234e-13
  5429.000  2.69204e-13
  5429.500  2.69176e-13
  5430.000  2.69151e-13
  5430.500  2.69191e-13
  5431.000  2.69233e-13
  5431.500  2.69278e-13
  5432.000  2.69325e-13
  5432.500  2.69374e-13
  5433.000  2.69426e-13
  5433.500  2.69481e-13
  5434.000  2.69537e-13
  5434.500  2.69596e-13
  5435.000  2.69657e-13
  5435.500  2.69721e-13
  5436.000  2.69786e-13
  5436.500  2.69854e-13
  5437.000  2.69923e-13
  5437.500  2.69994e-13
  5438.000  2.70067e-13
  5438.500  2.70142e-13
  5439.000  2.70219e-13
  5439.500  2.70297e-13
  5440.000  2.70376e-13
  5440.500  2.70456e-13
  5441.000  2.70538e-13
  5441.500  2.70621e-13
  5442.000  2.70706e-13
  5442.500  2.70791e-13
  5443.000  2.70877e-13
  5443.500  2.70964e-13
  5444.000  2.71052e-13
  5444.500  2.71141e-13
  5445.000  2.71230e-13
  5445.500  2.71320e-13
  5446.000  2.71411e-13
  5446.500  2.71502e-13
  5447.000  2.71594e-13
  5447.500  2.71686e-13
  5448.000  2.71778e-13
  5448.500  2.71871e-13
  5449.000  2.71964e-13
  5449.500  2.72058e-13
  5450.000  2.72151e-13
  5450.500  2.72104e-13
  5451.000  2.72055e-13
  5451.500  2.72008e-13
  5452.000  2.71960e-13
  5452.500  2.71913e-13
  5453.000  2.71866e-13
  5453.500  2.71819e-13
  5454.000  2.71772e-13
  5454.500  2.71725e-13
  5455.000  2.71679e-13
  5455.500  2.71632e-13
  5456.000  2.71586e-13
  5456.500  2.71540e-13
  5457.000  2.71493e-13
  5457.500  2.71447e-13
  5458.000  2.71401e-13
  5458.500  2.71356e-13
  5459.000  2.71310e-13
  5459.500  2.71264e-13
  5460.000  2.71218e-13
  5460.500  2.71173e-13
  5461.000  2.71127e-13
  5461.500  2.71081e-13
  5462.000  2.71010e-13
  5462.500  2.70966e-13
  5463.000  2.70922e-13
  5463.500  2.70877e-13
  5464.000  2.70833e-13
  5464.500  2.70789e-13
  5465.000  2.70745e-13
  5465.500  2.70701e-13
  5466.000  2.70657e-13
  5466.500  2.70613e-13
  5467.000  2.70568e-13
  5467.500  2.70525e-13
  5468.000  2.70480e-13
  5468.500  2.70436e-13
  5469.000  2.70392e-13
  5469.500  2.70348e-13
  5470.000  2.70304e-13
  5470.500  2.70364e-13
  5471.000  2.70425e-13
  5471.500  2.70485e-13
  5472.000  2.70545e-13
  5472.500  2.70606e-13
  5473.000  2.70666e-13
  5473.500  2.70726e-13
  5474.000  2.70787e-13
  5474.500  2.70847e-13
  5475.000  2.70907e-13
  5475.500  2.70968e-13
  5476.000  2.71028e-13
  5476.500  2.71089e-13
  5477.000  2.71150e-13
  5477.500  2.71210e-13
  5478.000  2.71271e-13
  5478.500  2.71332e-13
  5479.000  2.71392e-13
  5479.500  2.71453e-13
  5480.000  2.71514e-13
  5480.500  2.71575e-13
  5481.000  2.71636e-13
  5481.500  2.71698e-13
  5482.000  2.71759e-13
  5482.500  2.71821e-13
  5483.000  2.71883e-13
  5483.500  2.71945e-13
  5484.000  2.72007e-13
  5484.500  2.72069e-13
  5485.000  2.72132e-13
  5485.500  2.72195e-13
  5486.000  2.72258e-13
  5486.500  2.72321e-13
  5487.000  2.72385e-13
  5487.500  2.72450e-13
  5488.000  2.72514e-13
  5488.500  2.72579e-13
  5489.000  2.72645e-13
  5489.500  2.72710e-13
  5490.000  2.72776e-13
  5490.500  2.72676e-13
  5491.000  2.72575e-13
  5491.500  2.72476e-13
  5492.000  2.72377e-13
  5492.500  2.72278e-13
  5493.000  2.72180e-13
  5493.500  2.72083e-13
  5494.000  2.71987e-13
  5494.500  2.71891e-13
  5495.000  2.71796e-13
  5495.500  2.71702e-13
  5496.000  2.71609e-13
  5496.500  2.71517e-13
  5497.000  2.71426e-13
  5497.500  2.71335e-13
  5498.000  2.71245e-13
  5498.500  2.71156e-13
  5499.000  2.71068e-13
  5499.500  2.70981e-13
  5500.000  2.70895e-13
  5500.500  2.70809e-13
  5501.000  2.70725e-13
  5501.500  2.70641e-13
  5502.000  2.70558e-13
  5502.500  2.70475e-13
  5503.000  2.70394e-13
  5503.500  2.70313e-13
  5504.000  2.70232e-13
  5504.500  2.70152e-13
  5505.000  2.70073e-13
  5505.500  2.69994e-13
  5506.000  2.69915e-13
  5506.500  2.69837e-13
  5507.000  2.69759e-13
  5507.500  2.69681e-13
  5508.000  2.69603e-13
  5508.500  2.69525e-13
  5509.000  2.69447e-13
  5509.500  2.69369e-13
  5510.000  2.69291e-13
  5510.500  2.69549e-13
  5511.000  2.69807e-13
  5511.500  2.70064e-13
  5512.000  2.70321e-13
  5512.500  2.70577e-13
  5513.000  2.70833e-13
  5513.500  2.71088e-13
  5514.000  2.71342e-13
  5514.500  2.71596e-13
  5515.000  2.71848e-13
  5515.500  2.72101e-13
  5516.000  2.72351e-13
  5516.500  2.72601e-13
  5517.000  2.72850e-13
  5517.500  2.73098e-13
  5518.000  2.73345e-13
  5518.500  2.73591e-13
  5519.000  2.73836e-13
  5519.500  2.74080e-13
  5520.000  2.74324e-13
  5520.500  2.74566e-13
  5521.000  2.74807e-13
  5521.500  2.75048e-13
  5522.000  2.75288e-13
  5522.500  2.75527e-13
  5523.000  2.75765e-13
  5523.500  2.76003e-13
  5524.000  2.76239e-13
  5524.500  2.76475e-13
  5525.000  2.76710e-13
  5525.500  2.76944e-13
  5526.000  2.77178e-13
  5526.500  2.77411e-13
  5527.000  2.77643e-13
  5527.500  2.77874e-13
  5528.000  2.78105e-13
  5528.500  2.78335e-13
  5529.000  2.78565e-13
  5529.500  2.78793e-13
  5530.000  2.79021e-13
  5530.500  2.79084e-13
  5531.000  2.79147e-13
  5531.500  2.79210e-13
  5532.000  2.79271e-13
  5532.500  2.79331e-13
  5533.000  2.79391e-13
  5533.500  2.79450e-13
  5534.000  2.79507e-13
  5534.500  2.79564e-13
  5535.000  2.79619e-13
  5535.500  2.79674e-13
  5536.000  2.79727e-13
  5536.500  2.79779e-13
  5537.000  2.79831e-13
  5537.500  2.79880e-13
  5538.000  2.79929e-13
  5538.500  2.79977e-13
  5539.000  2.80024e-13
  5539.500  2.80070e-13
  5540.000  2.80114e-13
  5540.500  2.80158e-13
  5541.000  2.80201e-13
  5541.500  2.80242e-13
  5542.000  2.80283e-13
  5542.500  2.80323e-13
  5543.000  2.80362e-13
  5543.500  2.80400e-13
  5544.000  2.80438e-13
  5544.500  2.80476e-13
  5545.000  2.80513e-13
  5545.500  2.80549e-13
  5546.000  2.80585e-13
  5546.500  2.80621e-13
  5547.000  2.80657e-13
  5547.500  2.80693e-13
  5548.000  2.80729e-13
  5548.500  2.80765e-13
  5549.000  2.80801e-13
  5549.500  2.80838e-13
  5550.000  2.80876e-13
  5550.500  2.80747e-13
  5551.000  2.80619e-13
  5551.500  2.80492e-13
  5552.000  2.80366e-13
  5552.500  2.80241e-13
  5553.000  2.80117e-13
  5553.500  2.79995e-13
  5554.000  2.79874e-13
  5554.500  2.79755e-13
  5555.000  2.79637e-13
  5555.500  2.79522e-13
  5556.000  2.79408e-13
  5556.500  2.79297e-13
  5557.000  2.79188e-13
  5557.500  2.79082e-13
  5558.000  2.78979e-13
  5558.500  2.78879e-13
  5559.000  2.78782e-13
  5559.500  2.78687e-13
  5560.000  2.78597e-13
  5560.500  2.78510e-13
  5561.000  2.78427e-13
  5561.500  2.78348e-13
  5562.000  2.78273e-13
  5562.500  2.78201e-13
  5563.000  2.78134e-13
  5563.500  2.78071e-13
  5564.000  2.78012e-13
  5564.500  2.77957e-13
  5565.000  2.77906e-13
  5565.500  2.77859e-13
  5566.000  2.77815e-13
  5566.500  2.77774e-13
  5567.000  2.77737e-13
  5567.500  2.77701e-13
  5568.000  2.77668e-13
  5568.500  2.77636e-13
  5569.000  2.77606e-13
  5569.500  2.77576e-13
  5570.000  2.77545e-13
  5570.500  2.77455e-13
  5571.000  2.77362e-13
  5571.500  2.77268e-13
  5572.000  2.77170e-13
  5572.500  2.77069e-13
  5573.000  2.76964e-13
  5573.500  2.76854e-13
  5574.000  2.76738e-13
  5574.500  2.76617e-13
  5575.000  2.76489e-13
  5575.500  2.76354e-13
  5576.000  2.76212e-13
  5576.500  2.76063e-13
  5577.000  2.75906e-13
  5577.500  2.75741e-13
  5578.000  2.75569e-13
  5578.500  2.75389e-13
  5579.000  2.75202e-13
  5579.500  2.75009e-13
  5580.000  2.74809e-13
  5580.500  2.74602e-13
  5581.000  2.74390e-13
  5581.500  2.74174e-13
  5582.000  2.73953e-13
  5582.500  2.73728e-13
  5583.000  2.73500e-13
  5583.500  2.73270e-13
  5584.000  2.73037e-13
  5584.500  2.72804e-13
  5585.000  2.72570e-13
  5585.500  2.72337e-13
  5586.000  2.72104e-13
  5586.500  2.71872e-13
  5587.000  2.71642e-13
  5587.500  2.71414e-13
  5588.000  2.71188e-13
  5588.500  2.70966e-13
  5589.000  2.70746e-13
  5589.500  2.70529e-13
  5590.000  2.70316e-13
  5590.500  2.70469e-13
  5591.000  2.70626e-13
  5591.500  2.70785e-13
  5592.000  2.70948e-13
  5592.500  2.71114e-13
  5593.000  2.71284e-13
  5593.500  2.71456e-13
  5594.000  2.71632e-13
  5594.500  2.71810e-13
  5595.000  2.71991e-13
  5595.500  2.72174e-13
  5596.000  2.72360e-13
  5596.500  2.72547e-13
  5597.000  2.72736e-13
  5597.500  2.72927e-13
  5598.000  2.73119e-13
  5598.500  2.73314e-13
  5599.000  2.73509e-13
  5599.500  2.73705e-13
  5600.000  2.73902e-13
  5600.500  2.74100e-13
  5601.000  2.74298e-13
  5601.500  2.74498e-13
  5602.000  2.74698e-13
  5602.500  2.74898e-13
  5603.000  2.75098e-13
  5603.500  2.75300e-13
  5604.000  2.75501e-13
  5604.500  2.75702e-13
  5605.000  2.75904e-13
  5605.500  2.76106e-13
  5606.000  2.76308e-13
  5606.500  2.76510e-13
  5607.000  2.76712e-13
  5607.500  2.76915e-13
  5608.000  2.77117e-13
  5608.500  2.77320e-13
  5609.000  2.77522e-13
  5609.500  2.77724e-13
  5610.000  2.77926e-13
  5610.500  2.77930e-13
  5611.000  2.77933e-13
  5611.500  2.77936e-13
  5612.000  2.77939e-13
  5612.500  2.77943e-13
  5613.000  2.77946e-13
  5613.500  2.77949e-13
  5614.000  2.77952e-13
  5614.500  2.77956e-13
  5615.000  2.77959e-13
  5615.500  2.77962e-13
  5616.000  2.77966e-13
  5616.500  2.77969e-13
  5617.000  2.77972e-13
  5617.500  2.77975e-13
  5618.000  2.77979e-13
  5618.500  2.77982e-13
  5619.000  2.77985e-13
  5619.500  2.77989e-13
  5620.000  2.77992e-13
  5620.500  2.77995e-13
  5621.000  2.77999e-13
  5621.500  2.78002e-13
  5622.000  2.78005e-13
  5622.500  2.78009e-13
  5623.000  2.78012e-13
  5623.500  2.78015e-13
  5624.000  2.78018e-13
  5624.500  2.78022e-13
  5625.000  2.78025e-13
  5625.500  2.78028e-13
  5626.000  2.78032e-13
  5626.500  2.78035e-13
  5627.000  2.78038e-13
  5627.500  2.78042e-13
  5628.000  2.78045e-13
  5628.500  2.78048e-13
  5629.000  2.78051e-13
  5629.500  2.78055e-13
  5630.000  2.78058e-13
  5630.500  2.78163e-13
  5631.000  2.78268e-13
  5631.500  2.78373e-13
  5632.000  2.78479e-13
  5632.500  2.78583e-13
  5633.000  2.78689e-13
  5633.500  2.78794e-13
  5634.000  2.78899e-13
  5634.500  2.79004e-13
  5635.000  2.79109e-13
  5635.500  2.79214e-13
  5636.000  2.79319e-13
  5636.500  2.79424e-13
  5637.000  2.79529e-13
  5637.500  2.79634e-13
  5638.000  2.79740e-13
  5638.500  2.79845e-13
  5639.000  2.79950e-13
  5639.500  2.80055e-13
  5640.000  2.80160e-13
  5640.500  2.80265e-13
  5641.000  2.80370e-13
  5641.500  2.80475e-13
  5642.000  2.80580e-13
  5642.500  2.80685e-13
  5643.000  2.80790e-13
  5643.500  2.80895e-13
  5644.000  2.81001e-13
  5644.500  2.81106e-13
  5645.000  2.81211e-13
  5645.500  2.81316e-13
  5646.000  2.81421e-13
  5646.500  2.81526e-13
  5647.000  2.81631e-13
  5647.500  2.81736e-13
  5648.000  2.81841e-13
  5648.500  2.81946e-13
  5649.000  2.82051e-13
  5649.500  2.82157e-13
  5650.000  2.82261e-13
  5650.500  2.82109e-13
  5651.000  2.81957e-13
  5651.500  2.81805e-13
  5652.000  2.81653e-13
  5652.500  2.81501e-13
  5653.000  2.81349e-13
  5653.500  2.81197e-13
  5654.000  2.81045e-13
  5654.500  2.80893e-13
  5655.000  2.80741e-13
  5655.500  2.80590e-13
  5656.000  2.80438e-13
  5656.500  2.80285e-13
  5657.000  2.80134e-13
  5657.500  2.79982e-13
  5658.000  2.79830e-13
  5658.500  2.79678e-13
  5659.000  2.79526e-13
  5659.500  2.79374e-13
  5660.000  2.79222e-13
  5660.500  2.79070e-13
  5661.000  2.78918e-13
  5661.500  2.78766e-13
  5662.000  2.78614e-13
  5662.500  2.78462e-13
  5663.000  2.78310e-13
  5663.500  2.78158e-13
  5664.000  2.78006e-13
  5664.500  2.77854e-13
  5665.000  2.77702e-13
  5665.500  2.77550e-13
  5666.000  2.77398e-13
  5666.500  2.77246e-13
  5667.000  2.77094e-13
  5667.500  2.76943e-13
  5668.000  2.76791e-13
  5668.500  2.76639e-13
  5669.000  2.76487e-13
  5669.500  2.76335e-13
  5670.000  2.76183e-13
  5670.500  2.76355e-13
  5671.000  2.76555e-13
  5671.500  2.76730e-13
  5672.000  2.76905e-13
  5672.500  2.77080e-13
  5673.000  2.77255e-13
  5673.500  2.77431e-13
  5674.000  2.77607e-13
  5674.500  2.77783e-13
  5675.000  2.77960e-13
  5675.500  2.78137e-13
  5676.000  2.78315e-13
  5676.500  2.78493e-13
  5677.000  2.78671e-13
  5677.500  2.78850e-13
  5678.000  2.79030e-13
  5678.500  2.79210e-13
  5679.000  2.79391e-13
  5679.500  2.79572e-13
  5680.000  2.79754e-13
  5680.500  2.79937e-13
  5681.000  2.80120e-13
  5681.500  2.80304e-13
  5682.000  2.80489e-13
  5682.500  2.80675e-13
  5683.000  2.80862e-13
  5683.500  2.81049e-13
  5684.000  2.81238e-13
  5684.500  2.81428e-13
  5685.000  2.81618e-13
  5685.500  2.81810e-13
  5686.000  2.82002e-13
  5686.500  2.82196e-13
  5687.000  2.82391e-13
  5687.500  2.82587e-13
  5688.000  2.82785e-13
  5688.500  2.82983e-13
  5689.000  2.83183e-13
  5689.500  2.83384e-13
  5690.000  2.83586e-13
  5690.500  2.83395e-13
  5691.000  2.83204e-13
  5691.500  2.83015e-13
  5692.000  2.82828e-13
  5692.500  2.82642e-13
  5693.000  2.82457e-13
  5693.500  2.82274e-13
  5694.000  2.82092e-13
  5694.500  2.81911e-13
  5695.000  2.81732e-13
  5695.500  2.81550e-13
  5696.000  2.81374e-13
  5696.500  2.81199e-13
  5697.000  2.81025e-13
  5697.500  2.80852e-13
  5698.000  2.80681e-13
  5698.500  2.80511e-13
  5699.000  2.80341e-13
  5699.500  2.80173e-13
  5700.000  2.80006e-13
  5700.500  2.79840e-13
  5701.000  2.79675e-13
  5701.500  2.79510e-13
  5702.000  2.79347e-13
  5702.500  2.79183e-13
  5703.000  2.79020e-13
  5703.500  2.78858e-13
  5704.000  2.78696e-13
  5704.500  2.78534e-13
  5705.000  2.78372e-13
  5705.500  2.78210e-13
  5706.000  2.78048e-13
  5706.500  2.77886e-13
  5707.000  2.77723e-13
  5707.500  2.77560e-13
  5708.000  2.77395e-13
  5708.500  2.77231e-13
  5709.000  2.77065e-13
  5709.500  2.76897e-13
  5710.000  2.76730e-13
  5710.500  2.77243e-13
  5711.000  2.77755e-13
  5711.500  2.78265e-13
  5712.000  2.78773e-13
  5712.500  2.79279e-13
  5713.000  2.79783e-13
  5713.500  2.80286e-13
  5714.000  2.80786e-13
  5714.500  2.81284e-13
  5715.000  2.81779e-13
  5715.500  2.82272e-13
  5716.000  2.82762e-13
  5716.500  2.83249e-13
  5717.000  2.83734e-13
  5717.500  2.84216e-13
  5718.000  2.84695e-13
  5718.500  2.85170e-13
  5719.000  2.85643e-13
  5719.500  2.86113e-13
  5720.000  2.86579e-13
  5720.500  2.87044e-13
  5721.000  2.87504e-13
  5721.500  2.87961e-13
  5722.000  2.88415e-13
  5722.500  2.88867e-13
  5723.000  2.89315e-13
  5723.500  2.89760e-13
  5724.000  2.90203e-13
  5724.500  2.90642e-13
  5725.000  2.91079e-13
  5725.500  2.91513e-13
  5726.000  2.91944e-13
  5726.500  2.92373e-13
  5727.000  2.92800e-13
  5727.500  2.93225e-13
  5728.000  2.93647e-13
  5728.500  2.94069e-13
  5729.000  2.94488e-13
  5729.500  2.94906e-13
  5730.000  2.95322e-13
  5730.500  2.95088e-13
  5731.000  2.94853e-13
  5731.500  2.94618e-13
  5732.000  2.94384e-13
  5732.500  2.94149e-13
  5733.000  2.93915e-13
  5733.500  2.93683e-13
  5734.000  2.93452e-13
  5734.500  2.93223e-13
  5735.000  2.92995e-13
  5735.500  2.92771e-13
  5736.000  2.92550e-13
  5736.500  2.92332e-13
  5737.000  2.92117e-13
  5737.500  2.91907e-13
  5738.000  2.91702e-13
  5738.500  2.91501e-13
  5739.000  2.91306e-13
  5739.500  2.91116e-13
  5740.000  2.90931e-13
  5740.500  2.90753e-13
  5741.000  2.90580e-13
  5741.500  2.90413e-13
  5742.000  2.90252e-13
  5742.500  2.90097e-13
  5743.000  2.89948e-13
  5743.500  2.89804e-13
  5744.000  2.89664e-13
  5744.500  2.89530e-13
  5745.000  2.89399e-13
  5745.500  2.89272e-13
  5746.000  2.89147e-13
  5746.500  2.89025e-13
  5747.000  2.88903e-13
  5747.500  2.88781e-13
  5748.000  2.88659e-13
  5748.500  2.88535e-13
  5749.000  2.88408e-13
  5749.500  2.88278e-13
  5750.000  2.88144e-13
  5750.500  2.88245e-13
  5751.000  2.88340e-13
  5751.500  2.88427e-13
  5752.000  2.88506e-13
  5752.500  2.88577e-13
  5753.000  2.88638e-13
  5753.500  2.88689e-13
  5754.000  2.88730e-13
  5754.500  2.88761e-13
  5755.000  2.88781e-13
  5755.500  2.88791e-13
  5756.000  2.88791e-13
  5756.500  2.88780e-13
  5757.000  2.88760e-13
  5757.500  2.88731e-13
  5758.000  2.88694e-13
  5758.500  2.88648e-13
  5759.000  2.88597e-13
  5759.500  2.88538e-13
  5760.000  2.88475e-13
  5760.500  2.88407e-13
  5761.000  2.88336e-13
  5761.500  2.88263e-13
  5762.000  2.88188e-13
  5762.500  2.88113e-13
  5763.000  2.88039e-13
  5763.500  2.87965e-13
  5764.000  2.87894e-13
  5764.500  2.87825e-13
  5765.000  2.87759e-13
  5765.500  2.87698e-13
  5766.000  2.87640e-13
  5766.500  2.87588e-13
  5767.000  2.87540e-13
  5767.500  2.87498e-13
  5768.000  2.87462e-13
  5768.500  2.87430e-13
  5769.000  2.87405e-13
  5769.500  2.87384e-13
  5770.000  2.87369e-13
  5770.500  2.87061e-13
  5771.000  2.86759e-13
  5771.500  2.86436e-13
  5772.000  2.86145e-13
  5772.500  2.85859e-13
  5773.000  2.85576e-13
  5773.500  2.85298e-13
  5774.000  2.85023e-13
  5774.500  2.84750e-13
  5775.000  2.84481e-13
  5775.500  2.84214e-13
  5776.000  2.83950e-13
  5776.500  2.83688e-13
  5777.000  2.83428e-13
  5777.500  2.83170e-13
  5778.000  2.82913e-13
  5778.500  2.82657e-13
  5779.000  2.82403e-13
  5779.500  2.82150e-13
  5780.000  2.81897e-13
  5780.500  2.81646e-13
  5781.000  2.81395e-13
  5781.500  2.81144e-13
  5782.000  2.80894e-13
  5782.500  2.80645e-13
  5783.000  2.80396e-13
  5783.500  2.80147e-13
  5784.000  2.79898e-13
  5784.500  2.79649e-13
  5785.000  2.79401e-13
  5785.500  2.79153e-13
  5786.000  2.78905e-13
  5786.500  2.78657e-13
  5787.000  2.78409e-13
  5787.500  2.78161e-13
  5788.000  2.77914e-13
  5788.500  2.77666e-13
  5789.000  2.77418e-13
  5789.500  2.77171e-13
  5790.000  2.76924e-13
  5790.500  2.77151e-13
  5791.000  2.77378e-13
  5791.500  2.77606e-13
  5792.000  2.77833e-13
  5792.500  2.78061e-13
  5793.000  2.78288e-13
  5793.500  2.78516e-13
  5794.000  2.78743e-13
  5794.500  2.78971e-13
  5795.000  2.79199e-13
  5795.500  2.79426e-13
  5796.000  2.79654e-13
  5796.500  2.79881e-13
  5797.000  2.80109e-13
  5797.500  2.80336e-13
  5798.000  2.80564e-13
  5798.500  2.80791e-13
  5799.000  2.81018e-13
  5799.500  2.81247e-13
  5800.000  2.81474e-13
  5800.500  2.81701e-13
  5801.000  2.81929e-13
  5801.500  2.82156e-13
  5802.000  2.82384e-13
  5802.500  2.82611e-13
  5803.000  2.82839e-13
  5803.500  2.83066e-13
  5804.000  2.83294e-13
  5804.500  2.83522e-13
  5805.000  2.83749e-13
  5805.500  2.83977e-13
  5806.000  2.84204e-13
  5806.500  2.84432e-13
  5807.000  2.84659e-13
  5807.500  2.84887e-13
  5808.000  2.85114e-13
  5808.500  2.85342e-13
  5809.000  2.85570e-13
  5809.500  2.85797e-13
  5810.000  2.86025e-13
  5810.500  2.86195e-13
  5811.000  2.86367e-13
  5811.500  2.86538e-13
  5812.000  2.86709e-13
  5812.500  2.86880e-13
  5813.000  2.87052e-13
  5813.500  2.87223e-13
  5814.000  2.87394e-13
  5814.500  2.87565e-13
  5815.000  2.87736e-13
  5815.500  2.87908e-13
  5816.000  2.88079e-13
  5816.500  2.88250e-13
  5817.000  2.88421e-13
  5817.500  2.88593e-13
  5818.000  2.88764e-13
  5818.500  2.88935e-13
  5819.000  2.89106e-13
  5819.500  2.89277e-13
  5820.000  2.89449e-13
  5820.500  2.89620e-13
  5821.000  2.89791e-13
  5821.500  2.89963e-13
  5822.000  2.90134e-13
  5822.500  2.90305e-13
  5823.000  2.90476e-13
  5823.500  2.90647e-13
  5824.000  2.90819e-13
  5824.500  2.90990e-13
  5825.000  2.91161e-13
  5825.500  2.91332e-13
  5826.000  2.91705e-13
  5826.500  2.91885e-13
  5827.000  2.92066e-13
  5827.500  2.92247e-13
  5828.000  2.92428e-13
  5828.500  2.92609e-13
  5829.000  2.92791e-13
  5829.500  2.92974e-13
  5830.000  2.93157e-13
  5830.500  2.92980e-13
  5831.000  2.92804e-13
  5831.500  2.92628e-13
  5832.000  2.92453e-13
  5832.500  2.92279e-13
  5833.000  2.92105e-13
  5833.500  2.91933e-13
  5834.000  2.91761e-13
  5834.500  2.91591e-13
  5835.000  2.91422e-13
  5835.500  2.91254e-13
  5836.000  2.91088e-13
  5836.500  2.90923e-13
  5837.000  2.90760e-13
  5837.500  2.90598e-13
  5838.000  2.90439e-13
  5838.500  2.90282e-13
  5839.000  2.90126e-13
  5839.500  2.89974e-13
  5840.000  2.89824e-13
  5840.500  2.89677e-13
  5841.000  2.89533e-13
  5841.500  2.89393e-13
  5842.000  2.89256e-13
  5842.500  2.89122e-13
  5843.000  2.88994e-13
  5843.500  2.88869e-13
  5844.000  2.88750e-13
  5844.500  2.88635e-13
  5845.000  2.88526e-13
  5845.500  2.88422e-13
  5846.000  2.88324e-13
  5846.500  2.88233e-13
  5847.000  2.88149e-13
  5847.500  2.88071e-13
  5848.000  2.88001e-13
  5848.500  2.87938e-13
  5849.000  2.87884e-13
  5849.500  2.87837e-13
  5850.000  2.87800e-13
  5850.500  2.87977e-13
  5851.000  2.88162e-13
  5851.500  2.88357e-13
  5852.000  2.88561e-13
  5852.500  2.88776e-13
  5853.000  2.89000e-13
  5853.500  2.89235e-13
  5854.000  2.89480e-13
  5854.500  2.89735e-13
  5855.000  2.90000e-13
  5855.500  2.90276e-13
  5856.000  2.90562e-13
  5856.500  2.90858e-13
  5857.000  2.91163e-13
  5857.500  2.91478e-13
  5858.000  2.91802e-13
  5858.500  2.92135e-13
  5859.000  2.92476e-13
  5859.500  2.92824e-13
  5860.000  2.93180e-13
  5860.500  2.93541e-13
  5861.000  2.93909e-13
  5861.500  2.94280e-13
  5862.000  2.94656e-13
  5862.500  2.95035e-13
  5863.000  2.95415e-13
  5863.500  2.95796e-13
  5864.000  2.96177e-13
  5864.500  2.96556e-13
  5865.000  2.96932e-13
  5865.500  2.97304e-13
  5866.000  2.97671e-13
  5866.500  2.98032e-13
  5867.000  2.98384e-13
  5867.500  2.98728e-13
  5868.000  2.99061e-13
  5868.500  2.99382e-13
  5869.000  2.99690e-13
  5869.500  2.99985e-13
  5870.000  3.00262e-13
  5870.500  2.99986e-13
  5871.000  2.99694e-13
  5871.500  2.99381e-13
  5872.000  2.99050e-13
  5872.500  2.98698e-13
  5873.000  2.98325e-13
  5873.500  2.97930e-13
  5874.000  2.97513e-13
  5874.500  2.97073e-13
  5875.000  2.96608e-13
  5875.500  2.96121e-13
  5876.000  2.95610e-13
  5876.500  2.95074e-13
  5877.000  2.94515e-13
  5877.500  2.93933e-13
  5878.000  2.93327e-13
  5878.500  2.92697e-13
  5879.000  2.92046e-13
  5879.500  2.91372e-13
  5880.000  2.90678e-13
  5880.500  2.89962e-13
  5881.000  2.89228e-13
  5881.500  2.88475e-13
  5882.000  2.87703e-13
  5882.500  2.86917e-13
  5883.000  2.86114e-13
  5883.500  2.85298e-13
  5884.000  2.84468e-13
  5884.500  2.83627e-13
  5885.000  2.82775e-13
  5885.500  2.81914e-13
  5886.000  2.81046e-13
  5886.500  2.80171e-13
  5887.000  2.79292e-13
  5887.500  2.78407e-13
  5888.000  2.77521e-13
  5888.500  2.76633e-13
  5889.000  2.75744e-13
  5889.500  2.74856e-13
  5890.000  2.73973e-13
  5890.500  2.74058e-13
  5891.000  2.74146e-13
  5891.500  2.74239e-13
  5892.000  2.74337e-13
  5892.500  2.74442e-13
  5893.000  2.74554e-13
  5893.500  2.74674e-13
  5894.000  2.74801e-13
  5894.500  2.74938e-13
  5895.000  2.75083e-13
  5895.500  2.75238e-13
  5896.000  2.75402e-13
  5896.500  2.75578e-13
  5897.000  2.75762e-13
  5897.500  2.75957e-13
  5898.000  2.76163e-13
  5898.500  2.76378e-13
  5899.000  2.76604e-13
  5899.500  2.76840e-13
  5900.000  2.77087e-13
  5900.500  2.77342e-13
  5901.000  2.77608e-13
  5901.500  2.77883e-13
  5902.000  2.78167e-13
  5902.500  2.78460e-13
  5903.000  2.78762e-13
  5903.500  2.79073e-13
  5904.000  2.79390e-13
  5904.500  2.79716e-13
  5905.000  2.80049e-13
  5905.500  2.80389e-13
  5906.000  2.80736e-13
  5906.500  2.81089e-13
  5907.000  2.81449e-13
  5907.500  2.81813e-13
  5908.000  2.82183e-13
  5908.500  2.82558e-13
  5909.000  2.82938e-13
  5909.500  2.83323e-13
  5910.000  2.83710e-13
  5910.500  2.83664e-13
  5911.000  2.83622e-13
  5911.500  2.83583e-13
  5912.000  2.83548e-13
  5912.500  2.83515e-13
  5913.000  2.83485e-13
  5913.500  2.83457e-13
  5914.000  2.83432e-13
  5914.500  2.83408e-13
  5915.000  2.83387e-13
  5915.500  2.83367e-13
  5916.000  2.83350e-13
  5916.500  2.83333e-13
  5917.000  2.83318e-13
  5917.500  2.83304e-13
  5918.000  2.83292e-13
  5918.500  2.83281e-13
  5919.000  2.83270e-13
  5919.500  2.83261e-13
  5920.000  2.83252e-13
  5920.500  2.83244e-13
  5921.000  2.83237e-13
  5921.500  2.83231e-13
  5922.000  2.83225e-13
  5922.500  2.83220e-13
  5923.000  2.83215e-13
  5923.500  2.83211e-13
  5924.000  2.83208e-13
  5924.500  2.83204e-13
  5925.000  2.83202e-13
  5925.500  2.83199e-13
  5926.000  2.83197e-13
  5926.500  2.83004e-13
  5927.000  2.83011e-13
  5927.500  2.83018e-13
  5928.000  2.83025e-13
  5928.500  2.83031e-13
  5929.000  2.83038e-13
  5929.500  2.83045e-13
  5930.000  2.83052e-13
  5930.500  2.83039e-13
  5931.000  2.83027e-13
  5931.500  2.83014e-13
  5932.000  2.83002e-13
  5932.500  2.82989e-13
  5933.000  2.82976e-13
  5933.500  2.82964e-13
  5934.000  2.82951e-13
  5934.500  2.82939e-13
  5935.000  2.82926e-13
  5935.500  2.82914e-13
  5936.000  2.82901e-13
  5936.500  2.82889e-13
  5937.000  2.82876e-13
  5937.500  2.82864e-13
  5938.000  2.82851e-13
  5938.500  2.82839e-13
  5939.000  2.82826e-13
  5939.500  2.82814e-13
  5940.000  2.82801e-13
  5940.500  2.82788e-13
  5941.000  2.82776e-13
  5941.500  2.82763e-13
  5942.000  2.82751e-13
  5942.500  2.82738e-13
  5943.000  2.82726e-13
  5943.500  2.82713e-13
  5944.000  2.82701e-13
  5944.500  2.82688e-13
  5945.000  2.82676e-13
  5945.500  2.82663e-13
  5946.000  2.82651e-13
  5946.500  2.82638e-13
  5947.000  2.82626e-13
  5947.500  2.82613e-13
  5948.000  2.82600e-13
  5948.500  2.82588e-13
  5949.000  2.82576e-13
  5949.500  2.82563e-13
  5950.000  2.82551e-13
  5950.500  2.82657e-13
  5951.000  2.82764e-13
  5951.500  2.82870e-13
  5952.000  2.82977e-13
  5952.500  2.83084e-13
  5953.000  2.83190e-13
  5953.500  2.83296e-13
  5954.000  2.83403e-13
  5954.500  2.83510e-13
  5955.000  2.83616e-13
  5955.500  2.83723e-13
  5956.000  2.83829e-13
  5956.500  2.83936e-13
  5957.000  2.84042e-13
  5957.500  2.84149e-13
  5958.000  2.84256e-13
  5958.500  2.84362e-13
  5959.000  2.84469e-13
  5959.500  2.84575e-13
  5960.000  2.84682e-13
  5960.500  2.84788e-13
  5961.000  2.84895e-13
  5961.500  2.85002e-13
  5962.000  2.85108e-13
  5962.500  2.85215e-13
  5963.000  2.85321e-13
  5963.500  2.85428e-13
  5964.000  2.85534e-13
  5964.500  2.85641e-13
  5965.000  2.85748e-13
  5965.500  2.85854e-13
  5966.000  2.85961e-13
  5966.500  2.86067e-13
  5967.000  2.86174e-13
  5967.500  2.86280e-13
  5968.000  2.86387e-13
  5968.500  2.86494e-13
  5969.000  2.86600e-13
  5969.500  2.86707e-13
  5970.000  2.86813e-13
  5970.500  2.86701e-13
  5971.000  2.86590e-13
  5971.500  2.86478e-13
  5972.000  2.86366e-13
  5972.500  2.86255e-13
  5973.000  2.86143e-13
  5973.500  2.86031e-13
  5974.000  2.85920e-13
  5974.500  2.85808e-13
  5975.000  2.85697e-13
  5975.500  2.85585e-13
  5976.000  2.85473e-13
  5976.500  2.85361e-13
  5977.000  2.85250e-13
  5977.500  2.85138e-13
  5978.000  2.85026e-13
  5978.500  2.84915e-13
  5979.000  2.84803e-13
  5979.500  2.84691e-13
  5980.000  2.84580e-13
  5980.500  2.84468e-13
  5981.000  2.84357e-13
  5981.500  2.84245e-13
  5982.000  2.84133e-13
  5982.500  2.84022e-13
  5983.000  2.83910e-13
  5983.500  2.83798e-13
  5984.000  2.83687e-13
  5984.500  2.83575e-13
  5985.000  2.83463e-13
  5985.500  2.83352e-13
  5986.000  2.83240e-13
  5986.500  2.83128e-13
  5987.000  2.83017e-13
  5987.500  2.82905e-13
  5988.000  2.82793e-13
  5988.500  2.82682e-13
  5989.000  2.82570e-13
  5989.500  2.82459e-13
  5990.000  2.82347e-13
  5990.500  2.82264e-13
  5991.000  2.82180e-13
  5991.500  2.82097e-13
  5992.000  2.82013e-13
  5992.500  2.81930e-13
  5993.000  2.81846e-13
  5993.500  2.81763e-13
  5994.000  2.81679e-13
  5994.500  2.81596e-13
  5995.000  2.81513e-13
  5995.500  2.81429e-13
  5996.000  2.81346e-13
  5996.500  2.81262e-13
  5997.000  2.81179e-13
  5997.500  2.81095e-13
  5998.000  2.81012e-13
  5998.500  2.80929e-13
  5999.000  2.80845e-13
  5999.500  2.80762e-13
  6000.000  2.80678e-13
  6000.500  2.80595e-13
  6001.000  2.80511e-13
  6001.500  2.80428e-13
  6002.000  2.80345e-13
  6002.500  2.80261e-13
  6003.000  2.80178e-13
  6003.500  2.80094e-13
  6004.000  2.80011e-13
  6004.500  2.79927e-13
  6005.000  2.79844e-13
  6005.500  2.79761e-13
  6006.000  2.79677e-13
  6006.500  2.79594e-13
  6007.000  2.79510e-13
  6007.500  2.79427e-13
  6008.000  2.79344e-13
  6008.500  2.79260e-13
  6009.000  2.79177e-13
  6009.500  2.79093e-13
  6010.000  2.79010e-13
  6010.500  2.79160e-13
  6011.000  2.79310e-13
  6011.500  2.79461e-13
  6012.000  2.79611e-13
  6012.500  2.79761e-13
  6013.000  2.79911e-13
  6013.500  2.80062e-13
  6014.000  2.80212e-13
  6014.500  2.80362e-13
  6015.000  2.80513e-13
  6015.500  2.80662e-13
  6016.000  2.80813e-13
  6016.500  2.80963e-13
  6017.000  2.81113e-13
  6017.500  2.81263e-13
  6018.000  2.81413e-13
  6018.500  2.81564e-13
  6019.000  2.81714e-13
  6019.500  2.81864e-13
  6020.000  2.82014e-13
  6020.500  2.82165e-13
  6021.000  2.82315e-13
  6021.500  2.82465e-13
  6022.000  2.82616e-13
  6022.500  2.82765e-13
  6023.000  2.82916e-13
  6023.500  2.83066e-13
  6024.000  2.83216e-13
  6024.500  2.83366e-13
  6025.000  2.83517e-13
  6025.500  2.83667e-13
  6026.000  2.83817e-13
  6026.500  2.83967e-13
  6027.000  2.84118e-13
  6027.500  2.84268e-13
  6028.000  2.84418e-13
  6028.500  2.84568e-13
  6029.000  2.84718e-13
  6029.500  2.84869e-13
  6030.000  2.85019e-13
  6030.500  2.85107e-13
  6031.000  2.85195e-13
  6031.500  2.85282e-13
  6032.000  2.85370e-13
  6032.500  2.85458e-13
  6033.000  2.85546e-13
  6033.500  2.85634e-13
  6034.000  2.85722e-13
  6034.500  2.85810e-13
  6035.000  2.85898e-13
  6035.500  2.85986e-13
  6036.000  2.86073e-13
  6036.500  2.86324e-13
  6037.000  2.86425e-13
  6037.500  2.86529e-13
  6038.000  2.86633e-13
  6038.500  2.86738e-13
  6039.000  2.86845e-13
  6039.500  2.86953e-13
  6040.000  2.87063e-13
  6040.500  2.87174e-13
  6041.000  2.87286e-13
  6041.500  2.87400e-13
  6042.000  2.87516e-13
  6042.500  2.87634e-13
  6043.000  2.87754e-13
  6043.500  2.87876e-13
  6044.000  2.88000e-13
  6044.500  2.88126e-13
  6045.000  2.88255e-13
  6045.500  2.88386e-13
  6046.000  2.88519e-13
  6046.500  2.88655e-13
  6047.000  2.88794e-13
  6047.500  2.88935e-13
  6048.000  2.89080e-13
  6048.500  2.89227e-13
  6049.000  2.89377e-13
  6049.500  2.89531e-13
  6050.000  2.89688e-13
  6050.500  2.89726e-13
  6051.000  2.89767e-13
  6051.500  2.89812e-13
  6052.000  2.89861e-13
  6052.500  2.89913e-13
  6053.000  2.89969e-13
  6053.500  2.90029e-13
  6054.000  2.90093e-13
  6054.500  2.90160e-13
  6055.000  2.90232e-13
  6055.500  2.90308e-13
  6056.000  2.90388e-13
  6056.500  2.90471e-13
  6057.000  2.90559e-13
  6057.500  2.90651e-13
  6058.000  2.90747e-13
  6058.500  2.90846e-13
  6059.000  2.90950e-13
  6059.500  2.91058e-13
  6060.000  2.91170e-13
  6060.500  2.91285e-13
  6061.000  2.91404e-13
  6061.500  2.91527e-13
  6062.000  2.91653e-13
  6062.500  2.91783e-13
  6063.000  2.91915e-13
  6063.500  2.92051e-13
  6064.000  2.92190e-13
  6064.500  2.92332e-13
  6065.000  2.92475e-13
  6065.500  2.92622e-13
  6066.000  2.92770e-13
  6066.500  2.92920e-13
  6067.000  2.93072e-13
  6067.500  2.93225e-13
  6068.000  2.93379e-13
  6068.500  2.93534e-13
  6069.000  2.93690e-13
  6069.500  2.93845e-13
  6070.000  2.94000e-13
  6070.500  2.93981e-13
  6071.000  2.93961e-13
  6071.500  2.93940e-13
  6072.000  2.93918e-13
  6072.500  2.93893e-13
  6073.000  2.93866e-13
  6073.500  2.93837e-13
  6074.000  2.93805e-13
  6074.500  2.93769e-13
  6075.000  2.93730e-13
  6075.500  2.93686e-13
  6076.000  2.93638e-13
  6076.500  2.93586e-13
  6077.000  2.93528e-13
  6077.500  2.93465e-13
  6078.000  2.93396e-13
  6078.500  2.93321e-13
  6079.000  2.93240e-13
  6079.500  2.93151e-13
  6080.000  2.93056e-13
  6080.500  2.92954e-13
  6081.000  2.92844e-13
  6081.500  2.92726e-13
  6082.000  2.92600e-13
  6082.500  2.92467e-13
  6083.000  2.92324e-13
  6083.500  2.92174e-13
  6084.000  2.92014e-13
  6084.500  2.91846e-13
  6085.000  2.91669e-13
  6085.500  2.91483e-13
  6086.000  2.91287e-13
  6086.500  2.91083e-13
  6087.000  2.90870e-13
  6087.500  2.90647e-13
  6088.000  2.90416e-13
  6088.500  2.90175e-13
  6089.000  2.89926e-13
  6089.500  2.89668e-13
  6090.000  2.89402e-13
  6090.500  2.89350e-13
  6091.000  2.89291e-13
  6091.500  2.89224e-13
  6092.000  2.89148e-13
  6092.500  2.89065e-13
  6093.000  2.88974e-13
  6093.500  2.88877e-13
  6094.000  2.88772e-13
  6094.500  2.88660e-13
  6095.000  2.88542e-13
  6095.500  2.88418e-13
  6096.000  2.88288e-13
  6096.500  2.88153e-13
  6097.000  2.88013e-13
  6097.500  2.87868e-13
  6098.000  2.87719e-13
  6098.500  2.87566e-13
  6099.000  2.87409e-13
  6099.500  2.87248e-13
  6100.000  2.87085e-13
  6100.500  2.86919e-13
  6101.000  2.86751e-13
  6101.500  2.86581e-13
  6102.000  2.86410e-13
  6102.500  2.86237e-13
  6103.000  2.86064e-13
  6103.500  2.85890e-13
  6104.000  2.85717e-13
  6104.500  2.85543e-13
  6105.000  2.85370e-13
  6105.500  2.85197e-13
  6106.000  2.85026e-13
  6106.500  2.84856e-13
  6107.000  2.84687e-13
  6107.500  2.84521e-13
  6108.000  2.84356e-13
  6108.500  2.84194e-13
  6109.000  2.84035e-13
  6109.500  2.83878e-13
  6110.000  2.83723e-13
  6110.500  2.83248e-13
  6111.000  2.82776e-13
  6111.500  2.82307e-13
  6112.000  2.81841e-13
  6112.500  2.81380e-13
  6113.000  2.80922e-13
  6113.500  2.80468e-13
  6114.000  2.80018e-13
  6114.500  2.79571e-13
  6115.000  2.79129e-13
  6115.500  2.78690e-13
  6116.000  2.78256e-13
  6116.500  2.77826e-13
  6117.000  2.77400e-13
  6117.500  2.76978e-13
  6118.000  2.76560e-13
  6118.500  2.76145e-13
  6119.000  2.75735e-13
  6119.500  2.75329e-13
  6120.000  2.74927e-13
  6120.500  2.74528e-13
  6121.000  2.74133e-13
  6121.500  2.73742e-13
  6122.000  2.73355e-13
  6122.500  2.72971e-13
  6123.000  2.72590e-13
  6123.500  2.72213e-13
  6124.000  2.71839e-13
  6124.500  2.71469e-13
  6125.000  2.71101e-13
  6125.500  2.70736e-13
  6126.000  2.70375e-13
  6126.500  2.70016e-13
  6127.000  2.69659e-13
  6127.500  2.69306e-13
  6128.000  2.68955e-13
  6128.500  2.68606e-13
  6129.000  2.68259e-13
  6129.500  2.67915e-13
  6130.000  2.67573e-13
  6130.500  2.67713e-13
  6131.000  2.67855e-13
  6131.500  2.67999e-13
  6132.000  2.68144e-13
  6132.500  2.68291e-13
  6133.000  2.68440e-13
  6133.500  2.68590e-13
  6134.000  2.68741e-13
  6134.500  2.68894e-13
  6135.000  2.69049e-13
  6135.500  2.69204e-13
  6136.000  2.69360e-13
  6136.500  2.69518e-13
  6137.000  2.69529e-13
  6137.500  2.69701e-13
  6138.000  2.69872e-13
  6138.500  2.70044e-13
  6139.000  2.70215e-13
  6139.500  2.70387e-13
  6140.000  2.70559e-13
  6140.500  2.70730e-13
  6141.000  2.70902e-13
  6141.500  2.71074e-13
  6142.000  2.71245e-13
  6142.500  2.71417e-13
  6143.000  2.71588e-13
  6143.500  2.71760e-13
  6144.000  2.71931e-13
  6144.500  2.72103e-13
  6145.000  2.72275e-13
  6145.500  2.72446e-13
  6146.000  2.72618e-13
  6146.500  2.72790e-13
  6147.000  2.72962e-13
  6147.500  2.73133e-13
  6148.000  2.73305e-13
  6148.500  2.73476e-13
  6149.000  2.73648e-13
  6149.500  2.73820e-13
  6150.000  2.73990e-13
  6150.500  2.73661e-13
  6151.000  2.73332e-13
  6151.500  2.73002e-13
  6152.000  2.72674e-13
  6152.500  2.72345e-13
  6153.000  2.72016e-13
  6153.500  2.71687e-13
  6154.000  2.71358e-13
  6154.500  2.71029e-13
  6155.000  2.70699e-13
  6155.500  2.70371e-13
  6156.000  2.70042e-13
  6156.500  2.69712e-13
  6157.000  2.69383e-13
  6157.500  2.69054e-13
  6158.000  2.68725e-13
  6158.500  2.68396e-13
  6159.000  2.68067e-13
  6159.500  2.67738e-13
  6160.000  2.67409e-13
  6160.500  2.67080e-13
  6161.000  2.66751e-13
  6161.500  2.66422e-13
  6162.000  2.66093e-13
  6162.500  2.65764e-13
  6163.000  2.65435e-13
  6163.500  2.65106e-13
  6164.000  2.64777e-13
  6164.500  2.64448e-13
  6165.000  2.64119e-13
  6165.500  2.63791e-13
  6166.000  2.63461e-13
  6166.500  2.63132e-13
  6167.000  2.62803e-13
  6167.500  2.62474e-13
  6168.000  2.62145e-13
  6168.500  2.61816e-13
  6169.000  2.61487e-13
  6169.500  2.61158e-13
  6170.000  2.60831e-13
  6170.500  2.61195e-13
  6171.000  2.61559e-13
  6171.500  2.61923e-13
  6172.000  2.62286e-13
  6172.500  2.62650e-13
  6173.000  2.63014e-13
  6173.500  2.63378e-13
  6174.000  2.63741e-13
  6174.500  2.64105e-13
  6175.000  2.64469e-13
  6175.500  2.64833e-13
  6176.000  2.65196e-13
  6176.500  2.65561e-13
  6177.000  2.65924e-13
  6177.500  2.66288e-13
  6178.000  2.66652e-13
  6178.500  2.67015e-13
  6179.000  2.67379e-13
  6179.500  2.67743e-13
  6180.000  2.68107e-13
  6180.500  2.68471e-13
  6181.000  2.68834e-13
  6181.500  2.69198e-13
  6182.000  2.69562e-13
  6182.500  2.69926e-13
  6183.000  2.70290e-13
  6183.500  2.70653e-13
  6184.000  2.71017e-13
  6184.500  2.71381e-13
  6185.000  2.71745e-13
  6185.500  2.72108e-13
  6186.000  2.72472e-13
  6186.500  2.72836e-13
  6187.000  2.73199e-13
  6187.500  2.73564e-13
  6188.000  2.73927e-13
  6188.500  2.74291e-13
  6189.000  2.74655e-13
  6189.500  2.75019e-13
  6190.000  2.75382e-13
  6190.500  2.75300e-13
  6191.000  2.75217e-13
  6191.500  2.75134e-13
  6192.000  2.75051e-13
  6192.500  2.74968e-13
  6193.000  2.74885e-13
  6193.500  2.74802e-13
  6194.000  2.74720e-13
  6194.500  2.74637e-13
  6195.000  2.74554e-13
  6195.500  2.74471e-13
  6196.000  2.74388e-13
  6196.500  2.74305e-13
  6197.000  2.74222e-13
  6197.500  2.74139e-13
  6198.000  2.74056e-13
  6198.500  2.73974e-13
  6199.000  2.73891e-13
  6199.500  2.73808e-13
  6200.000  2.73725e-13
  6200.500  2.73642e-13
  6201.000  2.73559e-13
  6201.500  2.73477e-13
  6202.000  2.73394e-13
  6202.500  2.73311e-13
  6203.000  2.73228e-13
  6203.500  2.73145e-13
  6204.000  2.73062e-13
  6204.500  2.72979e-13
  6205.000  2.72897e-13
  6205.500  2.72814e-13
  6206.000  2.72731e-13
  6206.500  2.72648e-13
  6207.000  2.72565e-13
  6207.500  2.72482e-13
  6208.000  2.72399e-13
  6208.500  2.72317e-13
  6209.000  2.72233e-13
  6209.500  2.72151e-13
  6210.000  2.72068e-13
  6210.500  2.71896e-13
  6211.000  2.71724e-13
  6211.500  2.71552e-13
  6212.000  2.71380e-13
  6212.500  2.71208e-13
  6213.000  2.71036e-13
  6213.500  2.70865e-13
  6214.000  2.70693e-13
  6214.500  2.70521e-13
  6215.000  2.70349e-13
  6215.500  2.70177e-13
  6216.000  2.70005e-13
  6216.500  2.69833e-13
  6217.000  2.69661e-13
  6217.500  2.69489e-13
  6218.000  2.69318e-13
  6218.500  2.69146e-13
  6219.000  2.68974e-13
  6219.500  2.68802e-13
  6220.000  2.68630e-13
  6220.500  2.68458e-13
  6221.000  2.68286e-13
  6221.500  2.68114e-13
  6222.000  2.67942e-13
  6222.500  2.67771e-13
  6223.000  2.67599e-13
  6223.500  2.67427e-13
  6224.000  2.67255e-13
  6224.500  2.67083e-13
  6225.000  2.66911e-13
  6225.500  2.66739e-13
  6226.000  2.66567e-13
  6226.500  2.66396e-13
  6227.000  2.66224e-13
  6227.500  2.66052e-13
  6228.000  2.65880e-13
  6228.500  2.65708e-13
  6229.000  2.65536e-13
  6229.500  2.65364e-13
  6230.000  2.65193e-13
  6230.500  2.65021e-13
  6231.000  2.64850e-13
  6231.500  2.64678e-13
  6232.000  2.64507e-13
  6232.500  2.64336e-13
  6233.000  2.64165e-13
  6233.500  2.63993e-13
  6234.000  2.63822e-13
  6234.500  2.63651e-13
  6235.000  2.63479e-13
  6235.500  2.63308e-13
  6236.000  2.63137e-13
  6236.500  2.62965e-13
  6237.000  2.62794e-13
  6237.500  2.62623e-13
  6238.000  2.62451e-13
  6238.500  2.62280e-13
  6239.000  2.62109e-13
  6239.500  2.61937e-13
  6240.000  2.61766e-13
  6240.500  2.61595e-13
  6241.000  2.61424e-13
  6241.500  2.61252e-13
  6242.000  2.61081e-13
  6242.500  2.60910e-13
  6243.000  2.60738e-13
  6243.500  2.60567e-13
  6244.000  2.60396e-13
  6244.500  2.60225e-13
  6245.000  2.60053e-13
  6245.500  2.59882e-13
  6246.000  2.59710e-13
  6246.500  2.59539e-13
  6247.000  2.59368e-13
  6247.500  2.59197e-13
  6248.000  2.59025e-13
  6248.500  2.58854e-13
  6249.000  2.58683e-13
  6249.500  2.58511e-13
  6250.000  2.58341e-13
  6250.500  2.58575e-13
  6251.000  2.58810e-13
  6251.500  2.59044e-13
  6252.000  2.59279e-13
  6252.500  2.59513e-13
  6253.000  2.59748e-13
  6253.500  2.59982e-13
  6254.000  2.60217e-13
  6254.500  2.60451e-13
  6255.000  2.60686e-13
  6255.500  2.60921e-13
  6256.000  2.61155e-13
  6256.500  2.61390e-13
  6257.000  2.61624e-13
  6257.500  2.61859e-13
  6258.000  2.62094e-13
  6258.500  2.62328e-13
  6259.000  2.62564e-13
  6259.500  2.62798e-13
  6260.000  2.63033e-13
  6260.500  2.63268e-13
  6261.000  2.63504e-13
  6261.500  2.63740e-13
  6262.000  2.63975e-13
  6262.500  2.64212e-13
  6263.000  2.64449e-13
  6263.500  2.64686e-13
  6264.000  2.64924e-13
  6264.500  2.65163e-13
  6265.000  2.65402e-13
  6265.500  2.65643e-13
  6266.000  2.65885e-13
  6266.500  2.66130e-13
  6267.000  2.66376e-13
  6267.500  2.66625e-13
  6268.000  2.66876e-13
  6268.500  2.67131e-13
  6269.000  2.67391e-13
  6269.500  2.67654e-13
  6270.000  2.67924e-13
  6270.500  2.68080e-13
  6271.000  2.68244e-13
  6271.500  2.68417e-13
  6272.000  2.68601e-13
  6272.500  2.68795e-13
  6273.000  2.69004e-13
  6273.500  2.69227e-13
  6274.000  2.69468e-13
  6274.500  2.69728e-13
  6275.000  2.70010e-13
  6275.500  2.70317e-13
  6276.000  2.70651e-13
  6276.500  2.71016e-13
  6277.000  2.71414e-13
  6277.500  2.71849e-13
  6278.000  2.72324e-13
  6278.500  2.72844e-13
  6279.000  2.73411e-13
  6279.500  2.74030e-13
  6280.000  2.74705e-13
  6280.500  2.75438e-13
  6281.000  2.76235e-13
  6281.500  2.77097e-13
  6282.000  2.78030e-13
  6282.500  2.79035e-13
  6283.000  2.80115e-13
  6283.500  2.81273e-13
  6284.000  2.82510e-13
  6284.500  2.83828e-13
  6285.000  2.85226e-13
  6285.500  2.86704e-13
  6286.000  2.88262e-13
  6286.500  2.89897e-13
  6287.000  2.91606e-13
  6287.500  2.93385e-13
  6288.000  2.95229e-13
  6288.500  2.97132e-13
  6289.000  2.99088e-13
  6289.500  3.01087e-13
  6290.000  3.03120e-13
  6290.500  3.04922e-13
  6291.000  3.06737e-13
  6291.500  3.08553e-13
  6292.000  3.10359e-13
  6292.500  3.12141e-13
  6293.000  3.13885e-13
  6293.500  3.15578e-13
  6294.000  3.17205e-13
  6294.500  3.18753e-13
  6295.000  3.20208e-13
  6295.500  3.21556e-13
  6296.000  3.22786e-13
  6296.500  3.23885e-13
  6297.000  3.24841e-13
  6297.500  3.25647e-13
  6298.000  3.26291e-13
  6298.500  3.26768e-13
  6299.000  3.27072e-13
  6299.500  3.27198e-13
  6300.000  3.27144e-13
  6300.500  3.26909e-13
  6301.000  3.26494e-13
  6301.500  3.25902e-13
  6302.000  3.25137e-13
  6302.500  3.24204e-13
  6303.000  3.23110e-13
  6303.500  3.21866e-13
  6304.000  3.20480e-13
  6304.500  3.18963e-13
  6305.000  3.17328e-13
  6305.500  3.15586e-13
  6306.000  3.13752e-13
  6306.500  3.11839e-13
  6307.000  3.09861e-13
  6307.500  3.07832e-13
  6308.000  3.05766e-13
  6308.500  3.03676e-13
  6309.000  3.01577e-13
  6309.500  2.99478e-13
  6310.000  2.97394e-13
  6310.500  2.95546e-13
  6311.000  2.93733e-13
  6311.500  2.91964e-13
  6312.000  2.90247e-13
  6312.500  2.88589e-13
  6313.000  2.86997e-13
  6313.500  2.85475e-13
  6314.000  2.84026e-13
  6314.500  2.82656e-13
  6315.000  2.81364e-13
  6315.500  2.80153e-13
  6316.000  2.79023e-13
  6316.500  2.77973e-13
  6317.000  2.77002e-13
  6317.500  2.76108e-13
  6318.000  2.75290e-13
  6318.500  2.74545e-13
  6319.000  2.73869e-13
  6319.500  2.73259e-13
  6320.000  2.72712e-13
  6320.500  2.72224e-13
  6321.000  2.71791e-13
  6321.500  2.71410e-13
  6322.000  2.71076e-13
  6322.500  2.70787e-13
  6323.000  2.70538e-13
  6323.500  2.70326e-13
  6324.000  2.70147e-13
  6324.500  2.69999e-13
  6325.000  2.69878e-13
  6325.500  2.69782e-13
  6326.000  2.69708e-13
  6326.500  2.69653e-13
  6327.000  2.69616e-13
  6327.500  2.69595e-13
  6328.000  2.69587e-13
  6328.500  2.69591e-13
  6329.000  2.69606e-13
  6329.500  2.69630e-13
  6330.000  2.69662e-13
  6330.500  2.69639e-13
  6331.000  2.69623e-13
  6331.500  2.69613e-13
  6332.000  2.69608e-13
  6332.500  2.69609e-13
  6333.000  2.69614e-13
  6333.500  2.69624e-13
  6334.000  2.69639e-13
  6334.500  2.69659e-13
  6335.000  2.69684e-13
  6335.500  2.69714e-13
  6336.000  2.69750e-13
  6336.500  2.69792e-13
  6337.000  2.69840e-13
  6337.500  2.69896e-13
  6338.000  2.69961e-13
  6338.500  2.70034e-13
  6339.000  2.70118e-13
  6339.500  2.70212e-13
  6340.000  2.70318e-13
  6340.500  2.70438e-13
  6341.000  2.70572e-13
  6341.500  2.70722e-13
  6342.000  2.70890e-13
  6342.500  2.71075e-13
  6343.000  2.71281e-13
  6343.500  2.71508e-13
  6344.000  2.71758e-13
  6344.500  2.72031e-13
  6345.000  2.72330e-13
  6345.500  2.72656e-13
  6346.000  2.73008e-13
  6346.500  2.73390e-13
  6347.000  2.73800e-13
  6347.500  2.74241e-13
  6348.000  2.74711e-13
  6348.500  2.75212e-13
  6349.000  2.75742e-13
  6349.500  2.76302e-13
  6350.000  2.76890e-13
  6350.500  2.77468e-13
  6351.000  2.78072e-13
  6351.500  2.78700e-13
  6352.000  2.79349e-13
  6352.500  2.80017e-13
  6353.000  2.80700e-13
  6353.500  2.81396e-13
  6354.000  2.82100e-13
  6354.500  2.82808e-13
  6355.000  2.83516e-13
  6355.500  2.84219e-13
  6356.000  2.84912e-13
  6356.500  2.85591e-13
  6357.000  2.86249e-13
  6357.500  2.86883e-13
  6358.000  2.87486e-13
  6358.500  2.88054e-13
  6359.000  2.88581e-13
  6359.500  2.89064e-13
  6360.000  2.89498e-13
  6360.500  2.89878e-13
  6361.000  2.90202e-13
  6361.500  2.90465e-13
  6362.000  2.90666e-13
  6362.500  2.90802e-13
  6363.000  2.90872e-13
  6363.500  2.90874e-13
  6364.000  2.90809e-13
  6364.500  2.90676e-13
  6365.000  2.90478e-13
  6365.500  2.90214e-13
  6366.000  2.89888e-13
  6366.500  2.89502e-13
  6367.000  2.89059e-13
  6367.500  2.88563e-13
  6368.000  2.88018e-13
  6368.500  2.87428e-13
  6369.000  2.86798e-13
  6369.500  2.86133e-13
  6370.000  2.85438e-13
  6370.500  2.84854e-13
  6371.000  2.84250e-13
  6371.500  2.83632e-13
  6372.000  2.83003e-13
  6372.500  2.82371e-13
  6373.000  2.81738e-13
  6373.500  2.81109e-13
  6374.000  2.80489e-13
  6374.500  2.79881e-13
  6375.000  2.79289e-13
  6375.500  2.78716e-13
  6376.000  2.78164e-13
  6376.500  2.77636e-13
  6377.000  2.77134e-13
  6377.500  2.76659e-13
  6378.000  2.76213e-13
  6378.500  2.75796e-13
  6379.000  2.75409e-13
  6379.500  2.75052e-13
  6380.000  2.74725e-13
  6380.500  2.74429e-13
  6381.000  2.74161e-13
  6381.500  2.73921e-13
  6382.000  2.73709e-13
  6382.500  2.73524e-13
  6383.000  2.73364e-13
  6383.500  2.73227e-13
  6384.000  2.73114e-13
  6384.500  2.73081e-13
  6385.000  2.73013e-13
  6385.500  2.72964e-13
  6386.000  2.72932e-13
  6386.500  2.72916e-13
  6387.000  2.72915e-13
  6387.500  2.72927e-13
  6388.000  2.72952e-13
  6388.500  2.72987e-13
  6389.000  2.73033e-13
  6389.500  2.73088e-13
  6390.000  2.73151e-13
  6390.500  2.72972e-13
  6391.000  2.72800e-13
  6391.500  2.72633e-13
  6392.000  2.72472e-13
  6392.500  2.72315e-13
  6393.000  2.72163e-13
  6393.500  2.72014e-13
  6394.000  2.71869e-13
  6394.500  2.71727e-13
  6395.000  2.71587e-13
  6395.500  2.71450e-13
  6396.000  2.71314e-13
  6396.500  2.71181e-13
  6397.000  2.71049e-13
  6397.500  2.70920e-13
  6398.000  2.70791e-13
  6398.500  2.70664e-13
  6399.000  2.70539e-13
  6399.500  2.70414e-13
  6400.000  2.70290e-13
  6400.500  2.70168e-13
  6401.000  2.70047e-13
  6401.500  2.69927e-13
  6402.000  2.69808e-13
  6402.500  2.69690e-13
  6403.000  2.69573e-13
  6403.500  2.69457e-13
  6404.000  2.69341e-13
  6404.500  2.69227e-13
  6405.000  2.69114e-13
  6405.500  2.69001e-13
  6406.000  2.68889e-13
  6406.500  2.68778e-13
  6407.000  2.68668e-13
  6407.500  2.68559e-13
  6408.000  2.68450e-13
  6408.500  2.68343e-13
  6409.000  2.68236e-13
  6409.500  2.68130e-13
  6410.000  2.68024e-13
  6410.500  2.68109e-13
  6411.000  2.68195e-13
  6411.500  2.68281e-13
  6412.000  2.68368e-13
  6412.500  2.68456e-13
  6413.000  2.68543e-13
  6413.500  2.68632e-13
  6414.000  2.68720e-13
  6414.500  2.68809e-13
  6415.000  2.68897e-13
  6415.500  2.68987e-13
  6416.000  2.69076e-13
  6416.500  2.69165e-13
  6417.000  2.69254e-13
  6417.500  2.69343e-13
  6418.000  2.69432e-13
  6418.500  2.69521e-13
  6419.000  2.69609e-13
  6419.500  2.69697e-13
  6420.000  2.69784e-13
  6420.500  2.69871e-13
  6421.000  2.69958e-13
  6421.500  2.70044e-13
  6422.000  2.70128e-13
  6422.500  2.70213e-13
  6423.000  2.70296e-13
  6423.500  2.70378e-13
  6424.000  2.70460e-13
  6424.500  2.70540e-13
  6425.000  2.70619e-13
  6425.500  2.70697e-13
  6426.000  2.70773e-13
  6426.500  2.70849e-13
  6427.000  2.70922e-13
  6427.500  2.70995e-13
  6428.000  2.71066e-13
  6428.500  2.71135e-13
  6429.000  2.71202e-13
  6429.500  2.71268e-13
  6430.000  2.71332e-13
  6430.500  2.71284e-13
  6431.000  2.71234e-13
  6431.500  2.71183e-13
  6432.000  2.71130e-13
  6432.500  2.71075e-13
  6433.000  2.71018e-13
  6433.500  2.70959e-13
  6434.000  2.70898e-13
  6434.500  2.70835e-13
  6435.000  2.70770e-13
  6435.500  2.70704e-13
  6436.000  2.70635e-13
  6436.500  2.70565e-13
  6437.000  2.70492e-13
  6437.500  2.70418e-13
  6438.000  2.70342e-13
  6438.500  2.70264e-13
  6439.000  2.70184e-13
  6439.500  2.70103e-13
  6440.000  2.70019e-13
  6440.500  2.69935e-13
  6441.000  2.69848e-13
  6441.500  2.69760e-13
  6442.000  2.69671e-13
  6442.500  2.69579e-13
  6443.000  2.69487e-13
  6443.500  2.69393e-13
  6444.000  2.69298e-13
  6444.500  2.69202e-13
  6445.000  2.69105e-13
  6445.500  2.69006e-13
  6446.000  2.68906e-13
  6446.500  2.68806e-13
  6447.000  2.68704e-13
  6447.500  2.68602e-13
  6448.000  2.68499e-13
  6448.500  2.68396e-13
  6449.000  2.68292e-13
  6449.500  2.68187e-13
  6450.000  2.68082e-13
  6450.500  2.68013e-13
  6451.000  2.67943e-13
  6451.500  2.67874e-13
  6452.000  2.67804e-13
  6452.500  2.67734e-13
  6453.000  2.67665e-13
  6453.500  2.67595e-13
  6454.000  2.67525e-13
  6454.500  2.67456e-13
  6455.000  2.67386e-13
  6455.500  2.67317e-13
  6456.000  2.67249e-13
  6456.500  2.67180e-13
  6457.000  2.67112e-13
  6457.500  2.67045e-13
  6458.000  2.66978e-13
  6458.500  2.66912e-13
  6459.000  2.66846e-13
  6459.500  2.66781e-13
  6460.000  2.66717e-13
  6460.500  2.66653e-13
  6461.000  2.66590e-13
  6461.500  2.66528e-13
  6462.000  2.66466e-13
  6462.500  2.66405e-13
  6463.000  2.66345e-13
  6463.500  2.66287e-13
  6464.000  2.66228e-13
  6464.500  2.66171e-13
  6465.000  2.66114e-13
  6465.500  2.66058e-13
  6466.000  2.66004e-13
  6466.500  2.65950e-13
  6467.000  2.65897e-13
  6467.500  2.65844e-13
  6468.000  2.65793e-13
  6468.500  2.65742e-13
  6469.000  2.65693e-13
  6469.500  2.65644e-13
  6470.000  2.65595e-13
  6470.500  2.65460e-13
  6471.000  2.65325e-13
  6471.500  2.65191e-13
  6472.000  2.65058e-13
  6472.500  2.64926e-13
  6473.000  2.64794e-13
  6473.500  2.64663e-13
  6474.000  2.64532e-13
  6474.500  2.64403e-13
  6475.000  2.64274e-13
  6475.500  2.64145e-13
  6476.000  2.64018e-13
  6476.500  2.63890e-13
  6477.000  2.63764e-13
  6477.500  2.63638e-13
  6478.000  2.63513e-13
  6478.500  2.63388e-13
  6479.000  2.63263e-13
  6479.500  2.63140e-13
  6480.000  2.63016e-13
  6480.500  2.62891e-13
  6481.000  2.62769e-13
  6481.500  2.62647e-13
  6482.000  2.62525e-13
  6482.500  2.62404e-13
  6483.000  2.62283e-13
  6483.500  2.62162e-13
  6484.000  2.62041e-13
  6484.500  2.61921e-13
  6485.000  2.61747e-13
  6485.500  2.61631e-13
  6486.000  2.61516e-13
  6486.500  2.61400e-13
  6487.000  2.61285e-13
  6487.500  2.61169e-13
  6488.000  2.61054e-13
  6488.500  2.60938e-13
  6489.000  2.60823e-13
  6489.500  2.60708e-13
  6490.000  2.60593e-13
  6490.500  2.60782e-13
  6491.000  2.60971e-13
  6491.500  2.61160e-13
  6492.000  2.61349e-13
  6492.500  2.61538e-13
  6493.000  2.61727e-13
  6493.500  2.61916e-13
  6494.000  2.62105e-13
  6494.500  2.62294e-13
  6495.000  2.62484e-13
  6495.500  2.62673e-13
  6496.000  2.62862e-13
  6496.500  2.63051e-13
  6497.000  2.63240e-13
  6497.500  2.63429e-13
  6498.000  2.63618e-13
  6498.500  2.63807e-13
  6499.000  2.63997e-13
  6499.500  2.64186e-13
  6500.000  2.64375e-13
  6500.500  2.64564e-13
  6501.000  2.64754e-13
  6501.500  2.64943e-13
  6502.000  2.65132e-13
  6502.500  2.65322e-13
  6503.000  2.65511e-13
  6503.500  2.65701e-13
  6504.000  2.65890e-13
  6504.500  2.66081e-13
  6505.000  2.66271e-13
  6505.500  2.66461e-13
  6506.000  2.66652e-13
  6506.500  2.66844e-13
  6507.000  2.67036e-13
  6507.500  2.67228e-13
  6508.000  2.67422e-13
  6508.500  2.67617e-13
  6509.000  2.67813e-13
  6509.500  2.68011e-13
  6510.000  2.68210e-13
  6510.500  2.68239e-13
  6511.000  2.68271e-13
  6511.500  2.68306e-13
  6512.000  2.68346e-13
  6512.500  2.74048e-13
  6513.000  2.74327e-13
  6513.500  2.74624e-13
  6514.000  2.74941e-13
  6514.500  2.75282e-13
  6515.000  2.75648e-13
  6515.500  2.76043e-13
  6516.000  2.76470e-13
  6516.500  2.76933e-13
  6517.000  2.77438e-13
  6517.500  2.77988e-13
  6518.000  2.78589e-13
  6518.500  2.79248e-13
  6519.000  2.79971e-13
  6519.500  2.80766e-13
  6520.000  2.81640e-13
  6520.500  2.82604e-13
  6521.000  2.83666e-13
  6521.500  2.84838e-13
  6522.000  2.86130e-13
  6522.500  2.87554e-13
  6523.000  2.89125e-13
  6523.500  2.90855e-13
  6524.000  2.92816e-13
  6524.500  2.94915e-13
  6525.000  2.97220e-13
  6525.500  2.99747e-13
  6526.000  3.02515e-13
  6526.500  3.05540e-13
  6527.000  3.08841e-13
  6527.500  3.12435e-13
  6528.000  3.16339e-13
  6528.500  3.20572e-13
  6529.000  3.25150e-13
  6529.500  3.30088e-13
  6530.000  3.35402e-13
  6530.500  3.40934e-13
  6531.000  3.46867e-13
  6531.500  3.53210e-13
  6532.000  3.59972e-13
  6532.500  3.67158e-13
  6533.000  3.74769e-13
  6533.500  3.82806e-13
  6534.000  3.91263e-13
  6534.500  4.00133e-13
  6535.000  4.09405e-13
  6535.500  4.19063e-13
  6536.000  4.29086e-13
  6536.500  4.39455e-13
  6537.000  4.50139e-13
  6537.500  4.61108e-13
  6538.000  4.72325e-13
  6538.500  4.83753e-13
  6539.000  4.95349e-13
  6539.500  5.07066e-13
  6540.000  5.18858e-13
  6540.500  5.30673e-13
  6541.000  5.42458e-13
  6541.500  5.54160e-13
  6542.000  5.65724e-13
  6542.500  5.77093e-13
  6543.000  5.88215e-13
  6543.500  5.99037e-13
  6544.000  6.09505e-13
  6544.500  6.19571e-13
  6545.000  6.29186e-13
  6545.500  6.38310e-13
  6546.000  6.46901e-13
  6546.500  6.54926e-13
  6547.000  6.62354e-13
  6547.500  6.69161e-13
  6548.000  6.75330e-13
  6548.500  6.81135e-13
  6549.000  6.86010e-13
  6549.500  6.90224e-13
  6550.000  6.93784e-13
  6550.500  6.96585e-13
  6551.000  6.98758e-13
  6551.500  7.00325e-13
  6552.000  7.01317e-13
  6552.500  7.01766e-13
  6553.000  7.01710e-13
  6553.500  7.01191e-13
  6554.000  7.00255e-13
  6554.500  6.98952e-13
  6555.000  6.97337e-13
  6555.500  6.95465e-13
  6556.000  6.93392e-13
  6556.500  6.91180e-13
  6557.000  6.88891e-13
  6557.500  6.86586e-13
  6558.000  6.84327e-13
  6558.500  6.82180e-13
  6559.000  6.80206e-13
  6559.500  6.78468e-13
  6560.000  6.77028e-13
  6560.500  6.75945e-13
  6561.000  6.75277e-13
  6561.500  6.75087e-13
  6562.000  6.75423e-13
  6562.500  6.76341e-13
  6563.000  6.77890e-13
  6563.500  6.80114e-13
  6564.000  6.83057e-13
  6564.500  6.86756e-13
  6565.000  6.91244e-13
  6565.500  6.96547e-13
  6566.000  7.02689e-13
  6566.500  7.09684e-13
  6567.000  7.17542e-13
  6567.500  7.26262e-13
  6568.000  7.35836e-13
  6568.500  7.46252e-13
  6569.000  7.57484e-13
  6569.500  7.69498e-13
  6570.000  7.82251e-13
  6570.500  7.96293e-13
  6571.000  8.10959e-13
  6571.500  8.26173e-13
  6572.000  8.41853e-13
  6572.500  8.57910e-13
  6573.000  8.74240e-13
  6573.500  8.90734e-13
  6574.000  9.07276e-13
  6574.500  9.23740e-13
  6575.000  9.40000e-13
  6575.500  9.55920e-13
  6576.000  9.71364e-13
  6576.500  9.86192e-13
  6577.000  1.00027e-12
  6577.500  1.01346e-12
  6578.000  1.02562e-12
  6578.500  1.03663e-12
  6579.000  1.04636e-12
  6579.500  1.05471e-12
  6580.000  1.06156e-12
  6580.500  1.06683e-12
  6581.000  1.07043e-12
  6581.500  1.07230e-12
  6582.000  1.07239e-12
  6582.500  1.07065e-12
  6583.000  1.06707e-12
  6583.500  1.06164e-12
  6584.000  1.05438e-12
  6584.500  1.04531e-12
  6585.000  1.03448e-12
  6585.500  1.02195e-12
  6586.000  1.00780e-12
  6586.500  9.92097e-13
  6587.000  9.74962e-13
  6587.500  9.56497e-13
  6588.000  9.36827e-13
  6588.500  9.16080e-13
  6589.000  8.94387e-13
  6589.500  8.71893e-13
  6590.000  8.48737e-13
  6590.500  8.24775e-13
  6591.000  8.00437e-13
  6591.500  7.75865e-13
  6592.000  7.51196e-13
  6592.500  7.26563e-13
  6593.000  7.02088e-13
  6593.500  6.77893e-13
  6594.000  6.54085e-13
  6594.500  6.30766e-13
  6595.000  6.08028e-13
  6595.500  5.85950e-13
  6596.000  5.64603e-13
  6596.500  5.44048e-13
  6597.000  5.24334e-13
  6597.500  5.05499e-13
  6598.000  4.87574e-13
  6598.500  4.70578e-13
  6599.000  4.54523e-13
  6599.500  4.39409e-13
  6600.000  4.25233e-13
  6600.500  4.11983e-13
  6601.000  3.99639e-13
  6601.500  3.88179e-13
  6602.000  3.77572e-13
  6602.500  3.67787e-13
  6603.000  3.58789e-13
  6603.500  3.50539e-13
  6604.000  3.42997e-13
  6604.500  3.36123e-13
  6605.000  3.29874e-13
  6605.500  3.24210e-13
  6606.000  3.19087e-13
  6606.500  3.14466e-13
  6607.000  3.10307e-13
  6607.500  3.06572e-13
  6608.000  3.03224e-13
  6608.500  3.00227e-13
  6609.000  2.97550e-13
  6609.500  2.95161e-13
  6610.000  2.93031e-13
  6610.500  2.91061e-13
  6611.000  2.89299e-13
  6611.500  2.87721e-13
  6612.000  2.86308e-13
  6612.500  2.85039e-13
  6613.000  2.78506e-13
  6613.500  2.77685e-13
  6614.000  2.76953e-13
  6614.500  2.76300e-13
  6615.000  2.75715e-13
  6615.500  2.75188e-13
  6616.000  2.74712e-13
  6616.500  2.74279e-13
  6617.000  2.73883e-13
  6617.500  2.73520e-13
  6618.000  2.73184e-13
  6618.500  2.72871e-13
  6619.000  2.72578e-13
  6619.500  2.72303e-13
  6620.000  2.72042e-13
  6620.500  2.71794e-13
  6621.000  2.71558e-13
  6621.500  2.71330e-13
  6622.000  2.71112e-13
  6622.500  2.70900e-13
  6623.000  2.70696e-13
  6623.500  2.70497e-13
  6624.000  2.70304e-13
  6624.500  2.70064e-13
  6625.000  2.69885e-13
  6625.500  2.69709e-13
  6626.000  2.69538e-13
  6626.500  2.69370e-13
  6627.000  2.69207e-13
  6627.500  2.69047e-13
  6628.000  2.69017e-13
  6628.500  2.68870e-13
  6629.000  2.68726e-13
  6629.500  2.68586e-13
  6630.000  2.68449e-13
  6630.500  2.68350e-13
  6631.000  2.68254e-13
  6631.500  2.68162e-13
  6632.000  2.68074e-13
  6632.500  2.67990e-13
  6633.000  2.67909e-13
  6633.500  2.67832e-13
  6634.000  2.67753e-13
  6634.500  2.67684e-13
  6635.000  2.67619e-13
  6635.500  2.67557e-13
  6636.000  2.67499e-13
  6636.500  2.67444e-13
  6637.000  2.67394e-13
  6637.500  2.67347e-13
  6638.000  2.67304e-13
  6638.500  2.67264e-13
  6639.000  2.67228e-13
  6639.500  2.67196e-13
  6640.000  2.67168e-13
  6640.500  2.67143e-13
  6641.000  2.67122e-13
  6641.500  2.67105e-13
  6642.000  2.67091e-13
  6642.500  2.67081e-13
  6643.000  2.67075e-13
  6643.500  2.67072e-13
  6644.000  2.67073e-13
  6644.500  2.67078e-13
  6645.000  2.67087e-13
  6645.500  2.67099e-13
  6646.000  2.67115e-13
  6646.500  2.67136e-13
  6647.000  2.67159e-13
  6647.500  2.67187e-13
  6648.000  2.67218e-13
  6648.500  2.67254e-13
  6649.000  2.67024e-13
  6649.500  2.67086e-13
  6650.000  2.67150e-13
  6650.500  2.67075e-13
  6651.000  2.67003e-13
  6651.500  2.66934e-13
  6652.000  2.66868e-13
  6652.500  2.66804e-13
  6653.000  2.66744e-13
  6653.500  2.66686e-13
  6654.000  2.66632e-13
  6654.500  2.66581e-13
  6655.000  2.66532e-13
  6655.500  2.66486e-13
  6656.000  2.66444e-13
  6656.500  2.66404e-13
  6657.000  2.66367e-13
  6657.500  2.66332e-13
  6658.000  2.66300e-13
  6658.500  2.66270e-13
  6659.000  2.66243e-13
  6659.500  2.66218e-13
  6660.000  2.66194e-13
  6660.500  2.66172e-13
  6661.000  2.66153e-13
  6661.500  2.66133e-13
  6662.000  2.66116e-13
  6662.500  2.66099e-13
  6663.000  2.66083e-13
  6663.500  2.66067e-13
  6664.000  2.66051e-13
  6664.500  2.66035e-13
  6665.000  2.66018e-13
  6665.500  2.66001e-13
  6666.000  2.65983e-13
  6666.500  2.65963e-13
  6667.000  2.65941e-13
  6667.500  2.65917e-13
  6668.000  2.65890e-13
  6668.500  2.65861e-13
  6669.000  2.65829e-13
  6669.500  2.65793e-13
  6670.000  2.65754e-13
  6670.500  2.65869e-13
  6671.000  2.65979e-13
  6671.500  2.66085e-13
  6672.000  2.66186e-13
  6672.500  2.66282e-13
  6673.000  2.66372e-13
  6673.500  2.66457e-13
  6674.000  2.66536e-13
  6674.500  2.66609e-13
  6675.000  2.66675e-13
  6675.500  2.66736e-13
  6676.000  2.66790e-13
  6676.500  2.66837e-13
  6677.000  2.66879e-13
  6677.500  2.66913e-13
  6678.000  2.66941e-13
  6678.500  2.66963e-13
  6679.000  2.66979e-13
  6679.500  2.66989e-13
  6680.000  2.66992e-13
  6680.500  2.66991e-13
  6681.000  2.66984e-13
  6681.500  2.66972e-13
  6682.000  2.66956e-13
  6682.500  2.66936e-13
  6683.000  2.66912e-13
  6683.500  2.66886e-13
  6684.000  2.66858e-13
  6684.500  2.66830e-13
  6685.000  2.66800e-13
  6685.500  2.66772e-13
  6686.000  2.66745e-13
  6686.500  2.66721e-13
  6687.000  2.66701e-13
  6687.500  2.66687e-13
  6688.000  2.66680e-13
  6688.500  2.66682e-13
  6689.000  2.66694e-13
  6689.500  2.66718e-13
  6690.000  2.66757e-13
  6690.500  2.66550e-13
  6691.000  2.66361e-13
  6691.500  2.66193e-13
  6692.000  2.66048e-13
  6692.500  2.65929e-13
  6693.000  2.65839e-13
  6693.500  2.65779e-13
  6694.000  2.65753e-13
  6694.500  2.65763e-13
  6695.000  2.65812e-13
  6695.500  2.65904e-13
  6696.000  2.66041e-13
  6696.500  2.66225e-13
  6697.000  2.66459e-13
  6697.500  2.66746e-13
  6698.000  2.67089e-13
  6698.500  2.67490e-13
  6699.000  2.67950e-13
  6699.500  2.68472e-13
  6700.000  2.69058e-13
  6700.500  2.69710e-13
  6701.000  2.70426e-13
  6701.500  2.71211e-13
  6702.000  2.72062e-13
  6702.500  2.72982e-13
  6703.000  2.73969e-13
  6703.500  2.75023e-13
  6704.000  2.76144e-13
  6704.500  2.77329e-13
  6705.000  2.78578e-13
  6705.500  2.79888e-13
  6706.000  2.81257e-13
  6706.500  2.82683e-13
  6707.000  2.84163e-13
  6707.500  2.85693e-13
  6708.000  2.87270e-13
  6708.500  2.88892e-13
  6709.000  2.90554e-13
  6709.500  2.92252e-13
  6710.000  2.93984e-13
  6710.500  2.96103e-13
  6711.000  2.98246e-13
  6711.500  3.00411e-13
  6712.000  3.02594e-13
  6712.500  3.04791e-13
  6713.000  3.06998e-13
  6713.500  3.09211e-13
  6714.000  3.11427e-13
  6714.500  3.13642e-13
  6715.000  3.15852e-13
  6715.500  3.18054e-13
  6716.000  3.20244e-13
  6716.500  3.22417e-13
  6717.000  3.24571e-13
  6717.500  3.26700e-13
  6718.000  3.28799e-13
  6718.500  3.30865e-13
  6719.000  3.32892e-13
  6719.500  3.34874e-13
  6720.000  3.36805e-13
  6720.500  3.38679e-13
  6721.000  3.40490e-13
  6721.500  3.42230e-13
  6722.000  3.43891e-13
  6722.500  3.45466e-13
  6723.000  3.46947e-13
  6723.500  3.48325e-13
  6724.000  3.49593e-13
  6724.500  3.50741e-13
  6725.000  3.51760e-13
  6725.500  3.52644e-13
  6726.000  3.53383e-13
  6726.500  3.53970e-13
  6727.000  3.54398e-13
  6727.500  3.54662e-13
  6728.000  3.54754e-13
  6728.500  3.54551e-13
  6729.000  3.54293e-13
  6729.500  3.53854e-13
  6730.000  3.53231e-13
  6730.500  3.52198e-13
  6731.000  3.50983e-13
  6731.500  3.49588e-13
  6732.000  3.48018e-13
  6732.500  3.46278e-13
  6733.000  3.44375e-13
  6733.500  3.42315e-13
  6734.000  3.40109e-13
  6734.500  3.37767e-13
  6735.000  3.35299e-13
  6735.500  3.32718e-13
  6736.000  3.30037e-13
  6736.500  3.27269e-13
  6737.000  3.24428e-13
  6737.500  3.21528e-13
  6738.000  3.18583e-13
  6738.500  3.15609e-13
  6739.000  3.12618e-13
  6739.500  3.09625e-13
  6740.000  3.06643e-13
  6740.500  3.03685e-13
  6741.000  3.00763e-13
  6741.500  2.97889e-13
  6742.000  2.95073e-13
  6742.500  2.92324e-13
  6743.000  2.89651e-13
  6743.500  2.87062e-13
  6744.000  2.84562e-13
  6744.500  2.82158e-13
  6745.000  2.79855e-13
  6745.500  2.77654e-13
  6746.000  2.75559e-13
  6746.500  2.73570e-13
  6747.000  2.71689e-13
  6747.500  2.69916e-13
  6748.000  2.68248e-13
  6748.500  2.66685e-13
  6749.000  2.65223e-13
  6749.500  2.63861e-13
  6750.000  2.62595e-13
  6750.500  2.61545e-13
  6751.000  2.60584e-13
  6751.500  2.59706e-13
  6752.000  2.58907e-13
  6752.500  2.58183e-13
  6753.000  2.57528e-13
  6753.500  2.56939e-13
  6754.000  2.56410e-13
  6754.500  2.55937e-13
  6755.000  2.55517e-13
  6755.500  2.55143e-13
  6756.000  2.54813e-13
  6756.500  2.54522e-13
  6757.000  2.54268e-13
  6757.500  2.54046e-13
  6758.000  2.53853e-13
  6758.500  2.53686e-13
  6759.000  2.53542e-13
  6759.500  2.53420e-13
  6760.000  2.53316e-13
  6760.500  2.53228e-13
  6761.000  2.53155e-13
  6761.500  2.53094e-13
  6762.000  2.53045e-13
  6762.500  2.53005e-13
  6763.000  2.52974e-13
  6763.500  2.52949e-13
  6764.000  2.52931e-13
  6764.500  2.52919e-13
  6765.000  2.52911e-13
  6765.500  2.52907e-13
  6766.000  2.52907e-13
  6766.500  2.52909e-13
  6767.000  2.52914e-13
  6767.500  2.52921e-13
  6768.000  2.52930e-13
  6768.500  2.52940e-13
  6769.000  2.52951e-13
  6769.500  2.52963e-13
  6770.000  2.52976e-13
  6770.500  2.52898e-13
  6771.000  2.52820e-13
  6771.500  2.52744e-13
  6772.000  2.52667e-13
  6772.500  2.52591e-13
  6773.000  2.52515e-13
  6773.500  2.52439e-13
  6774.000  2.52363e-13
  6774.500  2.52288e-13
  6775.000  2.52212e-13
  6775.500  2.52137e-13
  6776.000  2.52062e-13
  6776.500  2.51986e-13
  6777.000  2.51911e-13
  6777.500  2.51836e-13
  6778.000  2.51761e-13
  6778.500  2.51686e-13
  6779.000  2.51611e-13
  6779.500  2.51536e-13
  6780.000  2.51461e-13
  6780.500  2.51386e-13
  6781.000  2.51311e-13
  6781.500  2.51236e-13
  6782.000  2.51161e-13
  6782.500  2.51086e-13
  6783.000  2.51011e-13
  6783.500  2.50936e-13
  6784.000  2.50861e-13
  6784.500  2.50786e-13
  6785.000  2.50711e-13
  6785.500  2.50636e-13
  6786.000  2.50561e-13
  6786.500  2.50486e-13
  6787.000  2.50411e-13
  6787.500  2.50336e-13
  6788.000  2.50261e-13
  6788.500  2.50186e-13
  6789.000  2.50111e-13
  6789.500  2.50036e-13
  6790.000  2.49961e-13
  6790.500  2.50000e-13
  6791.000  2.50038e-13
  6791.500  2.50077e-13
  6792.000  2.50115e-13
  6792.500  2.50154e-13
  6793.000  2.50192e-13
  6793.500  2.50231e-13
  6794.000  2.50269e-13
  6794.500  2.50308e-13
  6795.000  2.50347e-13
  6795.500  2.50385e-13
  6796.000  2.50424e-13
  6796.500  2.50462e-13
  6797.000  2.50501e-13
  6797.500  2.50539e-13
  6798.000  2.50578e-13
  6798.500  2.50616e-13
  6799.000  2.50655e-13
  6799.500  2.50693e-13
  6800.000  2.50732e-13
  6800.500  2.50770e-13
  6801.000  2.50809e-13
  6801.500  2.50847e-13
  6802.000  2.50886e-13
  6802.500  2.50925e-13
  6803.000  2.50963e-13
  6803.500  2.51002e-13
  6804.000  2.51040e-13
  6804.500  2.51079e-13
  6805.000  2.51117e-13
  6805.500  2.51156e-13
  6806.000  2.51194e-13
  6806.500  2.51233e-13
  6807.000  2.51271e-13
  6807.500  2.51310e-13
  6808.000  2.51348e-13
  6808.500  2.51387e-13
  6809.000  2.51426e-13
  6809.500  2.51464e-13
  6810.000  2.51503e-13
  6810.500  2.51574e-13
  6811.000  2.51645e-13
  6811.500  2.51716e-13
  6812.000  2.51787e-13
  6812.500  2.51859e-13
  6813.000  2.51930e-13
  6813.500  2.52001e-13
  6814.000  2.52072e-13
  6814.500  2.52143e-13
  6815.000  2.52214e-13
  6815.500  2.52285e-13
  6816.000  2.52357e-13
  6816.500  2.52428e-13
  6817.000  2.52499e-13
  6817.500  2.52570e-13
  6818.000  2.52641e-13
  6818.500  2.52713e-13
  6819.000  2.52784e-13
  6819.500  2.52855e-13
  6820.000  2.52926e-13
  6820.500  2.52997e-13
  6821.000  2.53069e-13
  6821.500  2.53140e-13
  6822.000  2.53211e-13
  6822.500  2.53282e-13
  6823.000  2.53353e-13
  6823.500  2.53424e-13
  6824.000  2.53496e-13
  6824.500  2.53567e-13
  6825.000  2.53638e-13
  6825.500  2.53709e-13
  6826.000  2.53780e-13
  6826.500  2.53851e-13
  6827.000  2.53923e-13
  6827.500  2.53994e-13
  6828.000  2.54065e-13
  6828.500  2.54136e-13
  6829.000  2.54207e-13
  6829.500  2.54279e-13
  6830.000  2.54350e-13
  6830.500  2.54226e-13
  6831.000  2.54102e-13
  6831.500  2.53978e-13
  6832.000  2.53854e-13
  6832.500  2.53731e-13
  6833.000  2.53607e-13
  6833.500  2.53483e-13
  6834.000  2.53359e-13
  6834.500  2.53235e-13
  6835.000  2.53111e-13
  6835.500  2.52988e-13
  6836.000  2.52864e-13
  6836.500  2.52740e-13
  6837.000  2.52616e-13
  6837.500  2.52492e-13
  6838.000  2.52368e-13
  6838.500  2.52245e-13
  6839.000  2.52121e-13
  6839.500  2.51997e-13
  6840.000  2.51873e-13
  6840.500  2.51749e-13
  6841.000  2.51625e-13
  6841.500  2.51502e-13
  6842.000  2.51378e-13
  6842.500  2.51254e-13
  6843.000  2.51130e-13
  6843.500  2.51006e-13
  6844.000  2.50882e-13
  6844.500  2.50759e-13
  6845.000  2.50635e-13
  6845.500  2.50511e-13
  6846.000  2.50387e-13
  6846.500  2.50263e-13
  6847.000  2.50139e-13
  6847.500  2.50016e-13
  6848.000  2.49892e-13
  6848.500  2.49768e-13
  6849.000  2.49644e-13
  6849.500  2.49520e-13
  6850.000  2.49397e-13
  6850.500  2.49475e-13
  6851.000  2.49553e-13
  6851.500  2.49631e-13
  6852.000  2.49709e-13
  6852.500  2.49786e-13
  6853.000  2.49864e-13
  6853.500  2.49942e-13
  6854.000  2.50020e-13
  6854.500  2.50098e-13
  6855.000  2.50176e-13
  6855.500  2.50254e-13
  6856.000  2.50332e-13
  6856.500  2.50410e-13
  6857.000  2.50488e-13
  6857.500  2.50565e-13
  6858.000  2.50643e-13
  6858.500  2.50721e-13
  6859.000  2.50799e-13
  6859.500  2.50877e-13
  6860.000  2.50955e-13
  6860.500  2.51033e-13
  6861.000  2.51111e-13
  6861.500  2.51188e-13
  6862.000  2.51266e-13
  6862.500  2.51344e-13
  6863.000  2.51422e-13
  6863.500  2.51500e-13
  6864.000  2.51578e-13
  6864.500  2.51656e-13
  6865.000  2.51734e-13
  6865.500  2.51812e-13
  6866.000  2.51890e-13
  6866.500  2.51967e-13
  6867.000  2.52045e-13
  6867.500  2.52123e-13
  6868.000  2.52201e-13
  6868.500  2.52279e-13
  6869.000  2.52357e-13
  6869.500  2.52435e-13
  6870.000  2.52513e-13
  6870.500  2.52582e-13
  6871.000  2.52652e-13
  6871.500  2.52722e-13
  6872.000  2.52792e-13
  6872.500  2.52862e-13
  6873.000  2.52931e-13
  6873.500  2.53001e-13
  6874.000  2.53071e-13
  6874.500  2.53140e-13
  6875.000  2.53210e-13
  6875.500  2.53280e-13
  6876.000  2.53350e-13
  6876.500  2.53420e-13
  6877.000  2.53490e-13
  6877.500  2.53559e-13
  6878.000  2.53629e-13
  6878.500  2.53699e-13
  6879.000  2.53769e-13
  6879.500  2.53838e-13
  6880.000  2.53908e-13
  6880.500  2.53978e-13
  6881.000  2.54048e-13
  6881.500  2.54117e-13
  6882.000  2.54187e-13
  6882.500  2.54257e-13
  6883.000  2.54327e-13
  6883.500  2.54397e-13
  6884.000  2.54466e-13
  6884.500  2.54536e-13
  6885.000  2.54606e-13
  6885.500  2.54676e-13
  6886.000  2.54745e-13
  6886.500  2.54815e-13
  6887.000  2.54885e-13
  6887.500  2.54955e-13
  6888.000  2.55025e-13
  6888.500  2.55094e-13
  6889.000  2.55164e-13
  6889.500  2.55234e-13
  6890.000  2.55303e-13
  6890.500  2.55300e-13
  6891.000  2.55297e-13
  6891.500  2.55292e-13
  6892.000  2.55289e-13
  6892.500  2.55285e-13
  6893.000  2.55282e-13
  6893.500  2.55279e-13
  6894.000  2.55275e-13
  6894.500  2.55272e-13
  6895.000  2.55269e-13
  6895.500  2.55265e-13
  6896.000  2.55262e-13
  6896.500  2.55259e-13
  6897.000  2.55256e-13
  6897.500  2.55252e-13
  6898.000  2.55249e-13
  6898.500  2.55246e-13
  6899.000  2.55242e-13
  6899.500  2.55239e-13
  6900.000  2.55235e-13
  6900.500  2.55232e-13
  6901.000  2.55229e-13
  6901.500  2.55226e-13
  6902.000  2.55222e-13
  6902.500  2.55219e-13
  6903.000  2.55216e-13
  6903.500  2.55212e-13
  6904.000  2.55209e-13
  6904.500  2.55206e-13
  6905.000  2.55202e-13
  6905.500  2.55199e-13
  6906.000  2.55196e-13
  6906.500  2.55192e-13
  6907.000  2.55189e-13
  6907.500  2.55186e-13
  6908.000  2.55182e-13
  6908.500  2.55179e-13
  6909.000  2.55176e-13
  6909.500  2.55172e-13
  6910.000  2.55169e-13
  6910.500  2.55139e-13
  6911.000  2.55109e-13
  6911.500  2.55080e-13
  6912.000  2.55049e-13
  6912.500  2.55020e-13
  6913.000  2.54990e-13
  6913.500  2.54960e-13
  6914.000  2.54930e-13
  6914.500  2.54900e-13
  6915.000  2.54870e-13
  6915.500  2.54841e-13
  6916.000  2.54811e-13
  6916.500  2.54781e-13
  6917.000  2.54751e-13
  6917.500  2.54721e-13
  6918.000  2.54691e-13
  6918.500  2.54661e-13
  6919.000  2.54631e-13
  6919.500  2.54601e-13
  6920.000  2.54572e-13
  6920.500  2.54542e-13
  6921.000  2.54512e-13
  6921.500  2.54482e-13
  6922.000  2.54452e-13
  6922.500  2.54422e-13
  6923.000  2.54392e-13
  6923.500  2.54362e-13
  6924.000  2.54333e-13
  6924.500  2.54303e-13
  6925.000  2.54273e-13
  6925.500  2.54243e-13
  6926.000  2.54213e-13
  6926.500  2.54183e-13
  6927.000  2.54153e-13
  6927.500  2.54123e-13
  6928.000  2.54094e-13
  6928.500  2.54064e-13
  6929.000  2.54034e-13
  6929.500  2.54004e-13
  6930.000  2.53974e-13
  6930.500  2.53984e-13
  6931.000  2.53994e-13
  6931.500  2.54003e-13
  6932.000  2.54013e-13
  6932.500  2.54023e-13
  6933.000  2.54032e-13
  6933.500  2.54042e-13
  6934.000  2.54052e-13
  6934.500  2.54061e-13
  6935.000  2.54071e-13
  6935.500  2.54081e-13
  6936.000  2.54091e-13
  6936.500  2.54100e-13
  6937.000  2.54110e-13
  6937.500  2.54120e-13
  6938.000  2.54129e-13
  6938.500  2.54139e-13
  6939.000  2.54149e-13
  6939.500  2.54158e-13
  6940.000  2.54168e-13
  6940.500  2.54178e-13
  6941.000  2.54188e-13
  6941.500  2.54197e-13
  6942.000  2.54207e-13
  6942.500  2.54216e-13
  6943.000  2.54226e-13
  6943.500  2.54236e-13
  6944.000  2.54246e-13
  6944.500  2.54255e-13
  6945.000  2.54265e-13
  6945.500  2.54275e-13
  6946.000  2.54284e-13
  6946.500  2.54294e-13
  6947.000  2.54304e-13
  6947.500  2.54314e-13
  6948.000  2.54323e-13
  6948.500  2.54333e-13
  6949.000  2.54343e-13
  6949.500  2.54352e-13
  6950.000  2.54362e-13
  6950.500  2.54422e-13
  6951.000  2.54483e-13
  6951.500  2.54543e-13
  6952.000  2.54603e-13
  6952.500  2.54663e-13
  6953.000  2.54723e-13
  6953.500  2.54784e-13
  6954.000  2.54844e-13
  6954.500  2.54904e-13
  6955.000  2.54964e-13
  6955.500  2.55107e-13
  6956.000  2.55173e-13
  6956.500  2.55239e-13
  6957.000  2.55305e-13
  6957.500  2.55372e-13
  6958.000  2.55439e-13
  6958.500  2.55506e-13
  6959.000  2.55574e-13
  6959.500  2.55641e-13
  6960.000  2.55710e-13
  6960.500  2.55778e-13
  6961.000  2.55847e-13
  6961.500  2.55917e-13
  6962.000  2.55987e-13
  6962.500  2.56057e-13
  6963.000  2.56128e-13
  6963.500  2.56199e-13
  6964.000  2.56271e-13
  6964.500  2.56343e-13
  6965.000  2.56416e-13
  6965.500  2.56489e-13
  6966.000  2.56562e-13
  6966.500  2.56637e-13
  6967.000  2.56711e-13
  6967.500  2.56786e-13
  6968.000  2.56862e-13
  6968.500  2.56938e-13
  6969.000  2.57015e-13
  6969.500  2.57093e-13
  6970.000  2.57170e-13
  6970.500  2.57134e-13
  6971.000  2.57098e-13
  6971.500  2.57063e-13
  6972.000  2.57029e-13
  6972.500  2.56995e-13
  6973.000  2.56961e-13
  6973.500  2.56928e-13
  6974.000  2.56896e-13
  6974.500  2.56864e-13
  6975.000  2.56833e-13
  6975.500  2.56802e-13
  6976.000  2.56771e-13
  6976.500  2.56741e-13
  6977.000  2.56712e-13
  6977.500  2.56683e-13
  6978.000  2.56655e-13
  6978.500  2.56627e-13
  6979.000  2.56600e-13
  6979.500  2.56573e-13
  6980.000  2.56546e-13
  6980.500  2.56519e-13
  6981.000  2.56493e-13
  6981.500  2.56468e-13
  6982.000  2.56442e-13
  6982.500  2.56417e-13
  6983.000  2.56392e-13
  6983.500  2.56367e-13
  6984.000  2.56342e-13
  6984.500  2.56318e-13
  6985.000  2.56293e-13
  6985.500  2.56269e-13
  6986.000  2.56244e-13
  6986.500  2.56220e-13
  6987.000  2.56195e-13
  6987.500  2.56171e-13
  6988.000  2.56146e-13
  6988.500  2.56121e-13
  6989.000  2.56096e-13
  6989.500  2.56070e-13
  6990.000  2.56045e-13
  6990.500  2.56000e-13
  6991.000  2.55954e-13
  6991.500  2.55908e-13
  6992.000  2.55861e-13
  6992.500  2.55814e-13
  6993.000  2.55766e-13
  6993.500  2.55718e-13
  6994.000  2.55669e-13
  6994.500  2.55619e-13
  6995.000  2.55569e-13
  6995.500  2.55518e-13
  6996.000  2.55466e-13
  6996.500  2.55413e-13
  6997.000  2.55359e-13
  6997.500  2.55304e-13
  6998.000  2.55249e-13
  6998.500  2.55192e-13
  6999.000  2.55134e-13
  6999.500  2.55075e-13
  7000.000  2.55015e-13
  7000.500  2.54955e-13
  7001.000  2.54892e-13
  7001.500  2.54829e-13
  7002.000  2.54764e-13
  7002.500  2.54699e-13
  7003.000  2.54632e-13
  7003.500  2.54564e-13
  7004.000  2.54495e-13
  7004.500  2.54424e-13
  7005.000  2.54352e-13
  7005.500  2.54279e-13
  7006.000  2.54205e-13
  7006.500  2.54129e-13
  7007.000  2.54053e-13
  7007.500  2.53975e-13
  7008.000  2.53895e-13
  7008.500  2.53815e-13
  7009.000  2.53733e-13
  7009.500  2.53650e-13
  7010.000  2.53567e-13
  7010.500  2.53648e-13
  7011.000  2.53728e-13
  7011.500  2.53806e-13
  7012.000  2.53884e-13
  7012.500  2.53961e-13
  7013.000  2.54036e-13
  7013.500  2.54111e-13
  7014.000  2.54184e-13
  7014.500  2.54257e-13
  7015.000  2.54418e-13
  7015.500  2.54492e-13
  7016.000  2.54566e-13
  7016.500  2.54639e-13
  7017.000  2.54712e-13
  7017.500  2.54784e-13
  7018.000  2.54856e-13
  7018.500  2.54927e-13
  7019.000  2.54999e-13
  7019.500  2.55069e-13
  7020.000  2.55140e-13
  7020.500  2.55211e-13
  7021.000  2.55282e-13
  7021.500  2.55352e-13
  7022.000  2.55423e-13
  7022.500  2.55494e-13
  7023.000  2.55565e-13
  7023.500  2.55637e-13
  7024.000  2.55708e-13
  7024.500  2.55781e-13
  7025.000  2.55853e-13
  7025.500  2.55927e-13
  7026.000  2.56001e-13
  7026.500  2.56076e-13
  7027.000  2.56152e-13
  7027.500  2.56228e-13
  7028.000  2.56306e-13
  7028.500  2.56384e-13
  7029.000  2.56464e-13
  7029.500  2.56545e-13
  7030.000  2.56627e-13
  7030.500  2.56669e-13
  7031.000  2.56712e-13
  7031.500  2.56757e-13
  7032.000  2.56804e-13
  7032.500  2.56852e-13
  7033.000  2.56902e-13
  7033.500  2.56953e-13
  7034.000  2.57006e-13
  7034.500  2.57061e-13
  7035.000  2.57118e-13
  7035.500  2.57176e-13
  7036.000  2.57237e-13
  7036.500  2.57299e-13
  7037.000  2.57364e-13
  7037.500  2.57430e-13
  7038.000  2.57499e-13
  7038.500  2.57569e-13
  7039.000  2.57642e-13
  7039.500  2.57717e-13
  7040.000  2.57793e-13
  7040.500  2.57872e-13
  7041.000  2.57953e-13
  7041.500  2.58036e-13
  7042.000  2.58121e-13
  7042.500  2.58208e-13
  7043.000  2.58296e-13
  7043.500  2.58386e-13
  7044.000  2.58479e-13
  7044.500  2.58573e-13
  7045.000  2.58668e-13
  7045.500  2.58765e-13
  7046.000  2.58864e-13
  7046.500  2.58964e-13
  7047.000  2.59065e-13
  7047.500  2.59167e-13
  7048.000  2.59271e-13
  7048.500  2.59375e-13
  7049.000  2.59480e-13
  7049.500  2.59586e-13
  7050.000  2.59692e-13
  7050.500  2.59600e-13
  7051.000  2.59509e-13
  7051.500  2.59418e-13
  7052.000  2.59327e-13
  7052.500  2.59235e-13
  7053.000  2.59143e-13
  7053.500  2.59050e-13
  7054.000  2.58956e-13
  7054.500  2.58862e-13
  7055.000  2.58766e-13
  7055.500  2.58669e-13
  7056.000  2.58494e-13
  7056.500  2.58399e-13
  7057.000  2.58302e-13
  7057.500  2.58202e-13
  7058.000  2.58100e-13
  7058.500  2.57996e-13
  7059.000  2.57889e-13
  7059.500  2.57780e-13
  7060.000  2.57667e-13
  7060.500  2.57552e-13
  7061.000  2.57434e-13
  7061.500  2.57312e-13
  7062.000  2.57187e-13
  7062.500  2.57059e-13
  7063.000  2.56928e-13
  7063.500  2.56794e-13
  7064.000  2.56655e-13
  7064.500  2.56514e-13
  7065.000  2.56369e-13
  7065.500  2.56220e-13
  7066.000  2.56068e-13
  7066.500  2.55913e-13
  7067.000  2.55754e-13
  7067.500  2.55591e-13
  7068.000  2.55426e-13
  7068.500  2.55257e-13
  7069.000  2.55085e-13
  7069.500  2.54909e-13
  7070.000  2.54731e-13
  7070.500  2.54475e-13
  7071.000  2.54215e-13
  7071.500  2.53954e-13
  7072.000  2.53690e-13
  7072.500  2.53423e-13
  7073.000  2.53154e-13
  7073.500  2.52883e-13
  7074.000  2.52610e-13
  7074.500  2.52334e-13
  7075.000  2.52057e-13
  7075.500  2.51779e-13
  7076.000  2.51499e-13
  7076.500  2.51218e-13
  7077.000  2.50936e-13
  7077.500  2.50653e-13
  7078.000  2.50368e-13
  7078.500  2.50084e-13
  7079.000  2.49799e-13
  7079.500  2.49513e-13
  7080.000  2.49228e-13
  7080.500  2.48942e-13
  7081.000  2.48656e-13
  7081.500  2.48371e-13
  7082.000  2.48086e-13
  7082.500  2.47801e-13
  7083.000  2.47517e-13
  7083.500  2.47234e-13
  7084.000  2.46951e-13
  7084.500  2.46669e-13
  7085.000  2.46389e-13
  7085.500  2.46109e-13
  7086.000  2.45947e-13
  7086.500  2.45683e-13
  7087.000  2.45422e-13
  7087.500  2.45163e-13
  7088.000  2.44907e-13
  7088.500  2.44655e-13
  7089.000  2.44405e-13
  7089.500  2.44160e-13
  7090.000  2.43918e-13
  7090.500  2.43676e-13
  7091.000  2.43438e-13
  7091.500  2.43205e-13
  7092.000  2.42976e-13
  7092.500  2.42751e-13
  7093.000  2.42532e-13
  7093.500  2.42318e-13
  7094.000  2.42109e-13
  7094.500  2.41906e-13
  7095.000  2.41709e-13
  7095.500  2.41518e-13
  7096.000  2.41332e-13
  7096.500  2.41155e-13
  7097.000  2.40984e-13
  7097.500  2.40820e-13
  7098.000  2.40663e-13
  7098.500  2.40514e-13
  7099.000  2.40374e-13
  7099.500  2.40242e-13
  7100.000  2.40119e-13
  7100.500  2.40004e-13
  7101.000  2.39900e-13
  7101.500  2.39805e-13
  7102.000  2.39719e-13
  7102.500  2.39644e-13
  7103.000  2.39581e-13
  7103.500  2.39527e-13
  7104.000  2.39485e-13
  7104.500  2.39455e-13
  7105.000  2.39436e-13
  7105.500  2.39430e-13
  7106.000  2.39435e-13
  7106.500  2.39454e-13
  7107.000  2.39484e-13
  7107.500  2.39528e-13
  7108.000  2.39585e-13
  7108.500  2.39655e-13
  7109.000  2.39739e-13
  7109.500  2.39835e-13
  7110.000  2.39946e-13
  7110.500  2.40162e-13
  7111.000  2.40393e-13
  7111.500  2.40636e-13
  7112.000  2.40892e-13
  7112.500  2.41161e-13
  7113.000  2.41443e-13
  7113.500  2.41736e-13
  7114.000  2.42042e-13
  7114.500  2.42359e-13
  7115.000  2.42687e-13
  7115.500  2.42940e-13
  7116.000  2.43291e-13
  7116.500  2.43651e-13
  7117.000  2.44020e-13
  7117.500  2.44396e-13
  7118.000  2.44778e-13
  7118.500  2.45167e-13
  7119.000  2.45560e-13
  7119.500  2.45957e-13
  7120.000  2.46358e-13
  7120.500  2.46760e-13
  7121.000  2.47163e-13
  7121.500  2.47565e-13
  7122.000  2.47966e-13
  7122.500  2.48364e-13
  7123.000  2.48757e-13
  7123.500  2.49146e-13
  7124.000  2.49528e-13
  7124.500  2.49902e-13
  7125.000  2.50266e-13
  7125.500  2.50620e-13
  7126.000  2.50962e-13
  7126.500  2.51291e-13
  7127.000  2.51605e-13
  7127.500  2.51903e-13
  7128.000  2.52185e-13
  7128.500  2.52447e-13
  7129.000  2.52691e-13
  7129.500  2.52914e-13
  7130.000  2.53115e-13
  7130.500  2.53397e-13
  7131.000  2.53655e-13
  7131.500  2.53888e-13
  7132.000  2.54096e-13
  7132.500  2.54278e-13
  7133.000  2.54433e-13
  7133.500  2.54561e-13
  7134.000  2.54661e-13
  7134.500  2.54732e-13
  7135.000  2.54775e-13
  7135.500  2.54789e-13
  7136.000  2.54774e-13
  7136.500  2.54730e-13
  7137.000  2.54657e-13
  7137.500  2.54555e-13
  7138.000  2.54425e-13
  7138.500  2.54266e-13
  7139.000  2.54079e-13
  7139.500  2.53865e-13
  7140.000  2.53624e-13
  7140.500  2.53357e-13
  7141.000  2.53065e-13
  7141.500  2.52749e-13
  7142.000  2.52408e-13
  7142.500  2.52045e-13
  7143.000  2.51661e-13
  7143.500  2.51256e-13
  7144.000  2.50832e-13
  7144.500  2.50389e-13
  7145.000  2.49929e-13
  7145.500  2.49454e-13
  7146.000  2.48965e-13
  7146.500  2.48462e-13
  7147.000  2.47947e-13
  7147.500  2.47422e-13
  7148.000  2.46887e-13
  7148.500  2.46345e-13
  7149.000  2.45796e-13
  7149.500  2.45241e-13
  7150.000  2.44683e-13
  7150.500  2.44252e-13
  7151.000  2.43819e-13
  7151.500  2.43386e-13
  7152.000  2.42954e-13
  7152.500  2.42524e-13
  7153.000  2.42097e-13
  7153.500  2.41674e-13
  7154.000  2.41255e-13
  7154.500  2.40843e-13
  7155.000  2.40437e-13
  7155.500  2.40039e-13
  7156.000  2.39649e-13
  7156.500  2.39269e-13
  7157.000  2.38898e-13
  7157.500  2.38537e-13
  7158.000  2.38187e-13
  7158.500  2.37848e-13
  7159.000  2.37521e-13
  7159.500  2.37206e-13
  7160.000  2.36903e-13
  7160.500  2.36612e-13
  7161.000  2.36334e-13
  7161.500  2.36069e-13
  7162.000  2.35817e-13
  7162.500  2.35578e-13
  7163.000  2.35352e-13
  7163.500  2.35139e-13
  7164.000  2.34939e-13
  7164.500  2.34751e-13
  7165.000  2.34576e-13
  7165.500  2.34413e-13
  7166.000  2.34263e-13
  7166.500  2.34124e-13
  7167.000  2.33998e-13
  7167.500  2.33882e-13
  7168.000  2.33778e-13
  7168.500  2.33684e-13
  7169.000  2.33601e-13
  7169.500  2.33528e-13
  7170.000  2.33465e-13
  7170.500  2.33216e-13
  7171.000  2.32977e-13
  7171.500  2.32746e-13
  7172.000  2.32523e-13
  7172.500  2.32308e-13
  7173.000  2.32101e-13
  7173.500  2.31902e-13
  7174.000  2.31709e-13
  7174.500  2.31523e-13
  7175.000  2.31344e-13
  7175.500  2.31170e-13
  7176.000  2.31002e-13
  7176.500  2.30839e-13
  7177.000  2.30681e-13
  7177.500  2.30528e-13
  7178.000  2.30380e-13
  7178.500  2.30235e-13
  7179.000  2.30095e-13
  7179.500  2.29958e-13
  7180.000  2.29825e-13
  7180.500  2.29694e-13
  7181.000  2.29567e-13
  7181.500  2.29443e-13
  7182.000  2.29321e-13
  7182.500  2.29201e-13
  7183.000  2.29084e-13
  7183.500  2.28969e-13
  7184.000  2.28855e-13
  7184.500  2.28744e-13
  7185.000  2.28634e-13
  7185.500  2.28525e-13
  7186.000  2.28418e-13
  7186.500  2.28208e-13
  7187.000  2.28114e-13
  7187.500  2.28020e-13
  7188.000  2.27927e-13
  7188.500  2.27833e-13
  7189.000  2.27739e-13
  7189.500  2.27645e-13
  7190.000  2.27551e-13
  7190.500  2.27641e-13
  7191.000  2.27730e-13
  7191.500  2.27820e-13
  7192.000  2.27909e-13
  7192.500  2.27999e-13
  7193.000  2.28088e-13
  7193.500  2.28177e-13
  7194.000  2.28267e-13
  7194.500  2.28356e-13
  7195.000  2.28445e-13
  7195.500  2.28535e-13
  7196.000  2.28624e-13
  7196.500  2.28714e-13
  7197.000  2.28803e-13
  7197.500  2.28893e-13
  7198.000  2.28982e-13
  7198.500  2.29072e-13
  7199.000  2.29161e-13
  7199.500  2.29250e-13
  7200.000  2.29340e-13
  7200.500  2.29429e-13
  7201.000  2.29519e-13
  7201.500  2.29608e-13
  7202.000  2.29697e-13
  7202.500  2.29787e-13
  7203.000  2.29876e-13
  7203.500  2.29966e-13
  7204.000  2.30055e-13
  7204.500  2.30145e-13
  7205.000  2.30234e-13
  7205.500  2.30324e-13
  7206.000  2.30413e-13
  7206.500  2.30502e-13
  7207.000  2.30592e-13
  7207.500  2.30681e-13
  7208.000  2.30771e-13
  7208.500  2.30860e-13
  7209.000  2.30949e-13
  7209.500  2.31039e-13
  7210.000  2.31128e-13
  7210.500  2.31268e-13
  7211.000  2.31407e-13
  7211.500  2.31546e-13
  7212.000  2.31685e-13
  7212.500  2.31824e-13
  7213.000  2.31963e-13
  7213.500  2.32101e-13
  7214.000  2.32240e-13
  7214.500  2.32379e-13
  7215.000  2.32518e-13
  7215.500  2.32657e-13
  7216.000  2.32796e-13
  7216.500  2.32935e-13
  7217.000  2.33074e-13
  7217.500  2.33213e-13
  7218.000  2.33352e-13
  7218.500  2.33491e-13
  7219.000  2.33630e-13
  7219.500  2.33769e-13
  7220.000  2.33908e-13
  7220.500  2.34047e-13
  7221.000  2.34186e-13
  7221.500  2.34325e-13
  7222.000  2.34464e-13
  7222.500  2.34603e-13
  7223.000  2.34742e-13
  7223.500  2.34881e-13
  7224.000  2.35020e-13
  7224.500  2.35159e-13
  7225.000  2.35298e-13
  7225.500  2.35437e-13
  7226.000  2.35576e-13
  7226.500  2.35715e-13
  7227.000  2.35854e-13
  7227.500  2.35993e-13
  7228.000  2.36132e-13
  7228.500  2.36271e-13
  7229.000  2.36410e-13
  7229.500  2.36549e-13
  7230.000  2.36688e-13
  7230.500  2.36732e-13
  7231.000  2.36777e-13
  7231.500  2.36821e-13
  7232.000  2.36865e-13
  7232.500  2.36910e-13
  7233.000  2.36954e-13
  7233.500  2.36998e-13
  7234.000  2.37043e-13
  7234.500  2.37087e-13
  7235.000  2.37131e-13
  7235.500  2.37176e-13
  7236.000  2.37220e-13
  7236.500  2.37264e-13
  7237.000  2.37309e-13
  7237.500  2.37353e-13
  7238.000  2.37398e-13
  7238.500  2.37442e-13
  7239.000  2.37486e-13
  7239.500  2.37531e-13
  7240.000  2.37575e-13
  7240.500  2.37619e-13
  7241.000  2.37664e-13
  7241.500  2.37708e-13
  7242.000  2.37753e-13
  7242.500  2.37797e-13
  7243.000  2.37841e-13
  7243.500  2.37886e-13
  7244.000  2.37930e-13
  7244.500  2.37974e-13
  7245.000  2.38019e-13
  7245.500  2.38063e-13
  7246.000  2.38108e-13
  7246.500  2.38152e-13
  7247.000  2.38196e-13
  7247.500  2.38241e-13
  7248.000  2.38285e-13
  7248.500  2.38329e-13
  7249.000  2.38374e-13
  7249.500  2.38418e-13
  7250.000  2.38463e-13
  7250.500  2.38522e-13
  7251.000  2.38581e-13
  7251.500  2.38640e-13
  7252.000  2.38700e-13
  7252.500  2.38759e-13
  7253.000  2.38818e-13
  7253.500  2.38878e-13
  7254.000  2.38937e-13
  7254.500  2.38996e-13
  7255.000  2.39056e-13
  7255.500  2.39115e-13
  7256.000  2.39174e-13
  7256.500  2.39234e-13
  7257.000  2.39293e-13
  7257.500  2.39352e-13
  7258.000  2.39412e-13
  7258.500  2.39471e-13
  7259.000  2.39530e-13
  7259.500  2.39590e-13
  7260.000  2.39649e-13
  7260.500  2.39708e-13
  7261.000  2.39768e-13
  7261.500  2.39827e-13
  7262.000  2.39886e-13
  7262.500  2.39946e-13
  7263.000  2.40005e-13
  7263.500  2.40064e-13
  7264.000  2.40124e-13
  7264.500  2.40183e-13
  7265.000  2.40242e-13
  7265.500  2.40302e-13
  7266.000  2.40361e-13
  7266.500  2.40420e-13
  7267.000  2.40479e-13
  7267.500  2.40539e-13
  7268.000  2.40598e-13
  7268.500  2.40657e-13
  7269.000  2.40717e-13
  7269.500  2.40776e-13
  7270.000  2.40836e-13
  7270.500  2.40789e-13
  7271.000  2.40742e-13
  7271.500  2.40695e-13
  7272.000  2.40648e-13
  7272.500  2.40601e-13
  7273.000  2.40554e-13
  7273.500  2.40508e-13
  7274.000  2.40461e-13
  7274.500  2.40414e-13
  7275.000  2.40368e-13
  7275.500  2.40321e-13
  7276.000  2.40274e-13
  7276.500  2.40228e-13
  7277.000  2.40182e-13
  7277.500  2.40136e-13
  7278.000  2.40090e-13
  7278.500  2.40044e-13
  7279.000  2.39998e-13
  7279.500  2.39953e-13
  7280.000  2.39908e-13
  7280.500  2.39863e-13
  7281.000  2.39819e-13
  7281.500  2.39776e-13
  7282.000  2.39732e-13
  7282.500  2.39690e-13
  7283.000  2.39648e-13
  7283.500  2.39607e-13
  7284.000  2.39568e-13
  7284.500  2.39529e-13
  7285.000  2.39492e-13
  7285.500  2.39456e-13
  7286.000  2.39422e-13
  7286.500  2.39389e-13
  7287.000  2.39359e-13
  7287.500  2.39331e-13
  7288.000  2.39307e-13
  7288.500  2.39285e-13
  7289.000  2.39266e-13
  7289.500  2.39251e-13
  7290.000  2.39241e-13
  7290.500  2.39370e-13
  7291.000  2.39504e-13
  7291.500  2.39643e-13
  7292.000  2.39789e-13
  7292.500  2.39941e-13
  7293.000  2.40101e-13
  7293.500  2.40269e-13
  7294.000  2.40445e-13
  7294.500  2.40631e-13
  7295.000  2.40827e-13
  7295.500  2.41034e-13
  7296.000  2.41252e-13
  7296.500  2.41482e-13
  7297.000  2.41726e-13
  7297.500  2.41983e-13
  7298.000  2.42254e-13
  7298.500  2.42541e-13
  7299.000  2.42844e-13
  7299.500  2.43164e-13
  7300.000  2.43501e-13
  7300.500  2.43855e-13
  7301.000  2.44229e-13
  7301.500  2.44621e-13
  7302.000  2.45032e-13
  7302.500  2.45464e-13
  7303.000  2.45915e-13
  7303.500  2.46386e-13
  7304.000  2.46877e-13
  7304.500  2.47388e-13
  7305.000  2.47919e-13
  7305.500  2.48469e-13
  7306.000  2.49038e-13
  7306.500  2.49625e-13
  7307.000  2.50230e-13
  7307.500  2.50852e-13
  7308.000  2.51489e-13
  7308.500  2.52140e-13
  7309.000  2.52805e-13
  7309.500  2.53481e-13
  7310.000  2.54167e-13
  7310.500  2.54787e-13
  7311.000  2.55413e-13
  7311.500  2.56044e-13
  7312.000  2.56677e-13
  7312.500  2.57311e-13
  7313.000  2.57942e-13
  7313.500  2.58569e-13
  7314.000  2.59190e-13
  7314.500  2.59802e-13
  7315.000  2.60402e-13
  7315.500  2.60988e-13
  7316.000  2.61558e-13
  7316.500  2.62110e-13
  7317.000  2.62641e-13
  7317.500  2.63149e-13
  7318.000  2.63631e-13
  7318.500  2.64086e-13
  7319.000  2.64511e-13
  7319.500  2.64905e-13
  7320.000  2.65267e-13
  7320.500  2.65593e-13
  7321.000  2.65883e-13
  7321.500  2.66136e-13
  7322.000  2.66350e-13
  7322.500  2.66525e-13
  7323.000  2.66660e-13
  7323.500  2.66754e-13
  7324.000  2.66806e-13
  7324.500  2.66817e-13
  7325.000  2.66787e-13
  7325.500  2.66715e-13
  7326.000  2.66603e-13
  7326.500  2.66451e-13
  7327.000  2.66259e-13
  7327.500  2.66029e-13
  7328.000  2.65762e-13
  7328.500  2.65458e-13
  7329.000  2.65121e-13
  7329.500  2.64750e-13
  7330.000  2.64349e-13
  7330.500  2.63914e-13
  7331.000  2.63452e-13
  7331.500  2.62966e-13
  7332.000  2.62456e-13
  7332.500  2.61926e-13
  7333.000  2.61378e-13
  7333.500  2.60814e-13
  7334.000  2.60236e-13
  7334.500  2.59647e-13
  7335.000  2.59050e-13
  7335.500  2.58446e-13
  7336.000  2.57838e-13
  7336.500  2.57228e-13
  7337.000  2.56619e-13
  7337.500  2.56013e-13
  7338.000  2.55411e-13
  7338.500  2.54816e-13
  7339.000  2.54229e-13
  7339.500  2.53652e-13
  7340.000  2.53087e-13
  7340.500  2.52536e-13
  7341.000  2.51999e-13
  7341.500  2.51478e-13
  7342.000  2.50974e-13
  7342.500  2.50488e-13
  7343.000  2.50020e-13
  7343.500  2.49571e-13
  7344.000  2.49142e-13
  7344.500  2.48733e-13
  7345.000  2.48345e-13
  7345.500  2.47977e-13
  7346.000  2.47631e-13
  7346.500  2.47304e-13
  7347.000  2.46998e-13
  7347.500  2.46712e-13
  7348.000  2.46446e-13
  7348.500  2.46200e-13
  7349.000  2.45973e-13
  7349.500  2.45764e-13
  7350.000  2.45575e-13
  7350.500  2.45486e-13
  7351.000  2.45414e-13
  7351.500  2.45359e-13
  7352.000  2.45320e-13
  7352.500  2.45296e-13
  7353.000  2.45287e-13
  7353.500  2.45293e-13
  7354.000  2.45312e-13
  7354.500  2.45344e-13
  7355.000  2.45389e-13
  7355.500  2.45446e-13
  7356.000  2.45515e-13
  7356.500  2.45595e-13
  7357.000  2.45686e-13
  7357.500  2.45787e-13
  7358.000  2.45898e-13
  7358.500  2.46019e-13
  7359.000  2.46148e-13
  7359.500  2.46286e-13
  7360.000  2.46433e-13
  7360.500  2.46588e-13
  7361.000  2.46751e-13
  7361.500  2.46920e-13
  7362.000  2.47097e-13
  7362.500  2.47280e-13
  7363.000  2.47469e-13
  7363.500  2.47664e-13
  7364.000  2.47864e-13
  7364.500  2.48068e-13
  7365.000  2.48277e-13
  7365.500  2.48489e-13
  7366.000  2.48704e-13
  7366.500  2.48922e-13
  7367.000  2.49141e-13
  7367.500  2.49362e-13
  7368.000  2.49584e-13
  7368.500  2.49805e-13
  7369.000  2.50025e-13
  7369.500  2.50244e-13
  7370.000  2.50460e-13
  7370.500  2.50494e-13
  7371.000  2.50525e-13
  7371.500  2.50551e-13
  7372.000  2.50572e-13
  7372.500  2.50587e-13
  7373.000  2.50596e-13
  7373.500  2.50598e-13
  7374.000  2.50592e-13
  7374.500  2.50578e-13
  7375.000  2.50556e-13
  7375.500  2.50524e-13
  7376.000  2.50483e-13
  7376.500  2.50432e-13
  7377.000  2.50372e-13
  7377.500  2.50301e-13
  7378.000  2.50219e-13
  7378.500  2.50128e-13
  7379.000  2.50026e-13
  7379.500  2.49914e-13
  7380.000  2.49792e-13
  7380.500  2.49660e-13
  7381.000  2.49519e-13
  7381.500  2.49368e-13
  7382.000  2.49209e-13
  7382.500  2.49042e-13
  7383.000  2.48867e-13
  7383.500  2.48685e-13
  7384.000  2.48497e-13
  7384.500  2.48302e-13
  7385.000  2.48103e-13
  7385.500  2.47899e-13
  7386.000  2.47691e-13
  7386.500  2.47480e-13
  7387.000  2.47266e-13
  7387.500  2.47051e-13
  7388.000  2.46834e-13
  7388.500  2.46617e-13
  7389.000  2.46400e-13
  7389.500  2.46183e-13
  7390.000  2.45968e-13
  7390.500  2.45790e-13
  7391.000  2.45614e-13
  7391.500  2.45441e-13
  7392.000  2.45271e-13
  7392.500  2.45104e-13
  7393.000  2.44941e-13
  7393.500  2.44782e-13
  7394.000  2.44627e-13
  7394.500  2.44476e-13
  7395.000  2.44330e-13
  7395.500  2.44188e-13
  7396.000  2.44051e-13
  7396.500  2.43918e-13
  7397.000  2.43790e-13
  7397.500  2.43666e-13
  7398.000  2.43547e-13
  7398.500  2.43433e-13
  7399.000  2.43323e-13
  7399.500  2.43217e-13
  7400.000  2.43114e-13
  7400.500  2.43016e-13
  7401.000  2.42922e-13
  7401.500  2.42831e-13
  7402.000  2.42743e-13
  7402.500  2.42659e-13
  7403.000  2.42577e-13
  7403.500  2.42498e-13
  7404.000  2.42422e-13
  7404.500  2.42349e-13
  7405.000  2.42277e-13
  7405.500  2.42208e-13
  7406.000  2.42140e-13
  7406.500  2.42075e-13
  7407.000  2.42011e-13
  7407.500  2.41948e-13
  7408.000  2.41887e-13
  7408.500  2.41827e-13
  7409.000  2.41768e-13
  7409.500  2.41710e-13
  7410.000  2.41653e-13
  7410.500  2.41727e-13
  7411.000  2.41801e-13
  7411.500  2.41876e-13
  7412.000  2.41952e-13
  7412.500  2.42028e-13
  7413.000  2.42105e-13
  7413.500  2.42182e-13
  7414.000  2.42259e-13
  7414.500  2.42336e-13
  7415.000  2.42414e-13
  7415.500  2.42492e-13
  7416.000  2.42570e-13
  7416.500  2.42649e-13
  7417.000  2.42727e-13
  7417.500  2.42806e-13
  7418.000  2.42885e-13
  7418.500  2.42964e-13
  7419.000  2.43043e-13
  7419.500  2.43122e-13
  7420.000  2.43201e-13
  7420.500  2.43280e-13
  7421.000  2.43359e-13
  7421.500  2.43438e-13
  7422.000  2.43518e-13
  7422.500  2.43597e-13
  7423.000  2.43676e-13
  7423.500  2.43755e-13
  7424.000  2.43835e-13
  7424.500  2.43914e-13
  7425.000  2.43993e-13
  7425.500  2.44073e-13
  7426.000  2.44152e-13
  7426.500  2.44232e-13
  7427.000  2.44311e-13
  7427.500  2.44390e-13
  7428.000  2.44470e-13
  7428.500  2.44549e-13
  7429.000  2.44628e-13
  7429.500  2.44708e-13
  7430.000  2.44787e-13
  7430.500  2.44788e-13
  7431.000  2.44789e-13
  7431.500  2.44790e-13
  7432.000  2.44791e-13
  7432.500  2.44792e-13
  7433.000  2.44793e-13
  7433.500  2.44794e-13
  7434.000  2.44795e-13
  7434.500  2.44797e-13
  7435.000  2.44798e-13
  7435.500  2.44799e-13
  7436.000  2.44799e-13
  7436.500  2.44801e-13
  7437.000  2.44802e-13
  7437.500  2.44801e-13
  7438.000  2.44802e-13
  7438.500  2.44803e-13
  7439.000  2.44804e-13
  7439.500  2.44805e-13
  7440.000  2.44806e-13
  7440.500  2.44807e-13
  7441.000  2.44808e-13
  7441.500  2.44809e-13
  7442.000  2.44810e-13
  7442.500  2.44811e-13
  7443.000  2.44812e-13
  7443.500  2.44813e-13
  7444.000  2.44814e-13
  7444.500  2.44815e-13
  7445.000  2.44816e-13
  7445.500  2.44817e-13
  7446.000  2.44818e-13
  7446.500  2.44820e-13
  7447.000  2.44821e-13
  7447.500  2.44822e-13
  7448.000  2.44823e-13
  7448.500  2.44824e-13
  7449.000  2.44825e-13
  7449.500  2.44826e-13
  7450.000  2.44827e-13
  7450.500  2.44858e-13
  7451.000  2.44889e-13
  7451.500  2.44920e-13
  7452.000  2.44951e-13
  7452.500  2.44982e-13
  7453.000  2.45013e-13
  7453.500  2.45044e-13
  7454.000  2.45076e-13
  7454.500  2.45107e-13
  7455.000  2.45138e-13
  7455.500  2.45169e-13
  7456.000  2.45200e-13
  7456.500  2.45231e-13
  7457.000  2.45262e-13
  7457.500  2.45293e-13
  7458.000  2.45324e-13
  7458.500  2.45356e-13
  7459.000  2.45387e-13
  7459.500  2.45418e-13
  7460.000  2.45449e-13
  7460.500  2.45480e-13
  7461.000  2.45511e-13
  7461.500  2.45542e-13
  7462.000  2.45573e-13
  7462.500  2.45605e-13
  7463.000  2.45636e-13
  7463.500  2.45667e-13
  7464.000  2.45698e-13
  7464.500  2.45729e-13
  7465.000  2.45760e-13
  7465.500  2.45791e-13
  7466.000  2.45822e-13
  7466.500  2.45853e-13
  7467.000  2.45884e-13
  7467.500  2.45915e-13
  7468.000  2.45947e-13
  7468.500  2.45978e-13
  7469.000  2.46009e-13
  7469.500  2.46040e-13
  7470.000  2.46071e-13
  7470.500  2.46045e-13
  7471.000  2.46018e-13
  7471.500  2.45992e-13
  7472.000  2.45966e-13
  7472.500  2.45939e-13
  7473.000  2.45913e-13
  7473.500  2.45887e-13
  7474.000  2.45860e-13
  7474.500  2.45834e-13
  7475.000  2.45808e-13
  7475.500  2.45781e-13
  7476.000  2.45755e-13
  7476.500  2.45729e-13
  7477.000  2.45702e-13
  7477.500  2.45676e-13
  7478.000  2.45650e-13
  7478.500  2.45623e-13
  7479.000  2.45597e-13
  7479.500  2.45571e-13
  7480.000  2.45544e-13
  7480.500  2.45518e-13
  7481.000  2.45492e-13
  7481.500  2.45465e-13
  7482.000  2.45439e-13
  7482.500  2.45413e-13
  7483.000  2.45386e-13
  7483.500  2.45360e-13
  7484.000  2.45334e-13
  7484.500  2.45307e-13
  7485.000  2.45281e-13
  7485.500  2.45255e-13
  7486.000  2.45228e-13
  7486.500  2.45202e-13
  7487.000  2.45176e-13
  7487.500  2.45149e-13
  7488.000  2.45123e-13
  7488.500  2.45097e-13
  7489.000  2.45071e-13
  7489.500  2.45044e-13
  7490.000  2.45018e-13
  7490.500  2.45059e-13
  7491.000  2.45101e-13
  7491.500  2.45142e-13
  7492.000  2.45183e-13
  7492.500  2.45225e-13
  7493.000  2.45266e-13
  7493.500  2.45307e-13
  7494.000  2.45349e-13
  7494.500  2.45390e-13
  7495.000  2.45431e-13
  7495.500  2.45473e-13
  7496.000  2.45514e-13
  7496.500  2.45555e-13
  7497.000  2.45597e-13
  7497.500  2.45638e-13
  7498.000  2.45679e-13
  7498.500  2.45721e-13
  7499.000  2.45762e-13
  7499.500  2.45803e-13
  7500.000  2.45845e-13
  7500.500  2.45886e-13
  7501.000  2.45927e-13
  7501.500  2.45969e-13
  7502.000  2.46010e-13
  7502.500  2.46051e-13
  7503.000  2.46093e-13
  7503.500  2.46134e-13
  7504.000  2.46176e-13
  7504.500  2.46217e-13
  7505.000  2.46258e-13
  7505.500  2.46300e-13
  7506.000  2.46341e-13
  7506.500  2.46382e-13
  7507.000  2.46424e-13
  7507.500  2.46465e-13
  7508.000  2.46506e-13
  7508.500  2.46548e-13
  7509.000  2.46589e-13
  7509.500  2.46630e-13
  7510.000  2.46672e-13
  7510.500  2.46695e-13
  7511.000  2.46719e-13
  7511.500  2.46743e-13
  7512.000  2.46767e-13
  7512.500  2.46790e-13
  7513.000  2.46814e-13
  7513.500  2.46838e-13
  7514.000  2.46862e-13
  7514.500  2.46886e-13
  7515.000  2.46909e-13
  7515.500  2.46933e-13
  7516.000  2.46957e-13
  7516.500  2.46981e-13
  7517.000  2.47005e-13
  7517.500  2.47028e-13
  7518.000  2.47052e-13
  7518.500  2.47076e-13
  7519.000  2.47100e-13
  7519.500  2.47123e-13
  7520.000  2.47147e-13
  7520.500  2.47171e-13
  7521.000  2.47195e-13
  7521.500  2.47219e-13
  7522.000  2.47242e-13
  7522.500  2.47266e-13
  7523.000  2.47290e-13
  7523.500  2.47314e-13
  7524.000  2.47338e-13
  7524.500  2.47361e-13
  7525.000  2.47385e-13
  7525.500  2.47409e-13
  7526.000  2.47433e-13
  7526.500  2.47456e-13
  7527.000  2.47480e-13
  7527.500  2.47504e-13
  7528.000  2.47528e-13
  7528.500  2.47552e-13
  7529.000  2.47575e-13
  7529.500  2.47599e-13
  7530.000  2.47623e-13
  7530.500  2.47639e-13
  7531.000  2.47654e-13
  7531.500  2.47670e-13
  7532.000  2.47686e-13
  7532.500  2.47701e-13
  7533.000  2.47717e-13
  7533.500  2.47733e-13
  7534.000  2.47749e-13
  7534.500  2.47765e-13
  7535.000  2.47780e-13
  7535.500  2.47796e-13
  7536.000  2.47812e-13
  7536.500  2.47827e-13
  7537.000  2.47843e-13
  7537.500  2.47859e-13
  7538.000  2.47875e-13
  7538.500  2.47890e-13
  7539.000  2.47906e-13
  7539.500  2.47922e-13
  7540.000  2.47938e-13
  7540.500  2.47953e-13
  7541.000  2.47969e-13
  7541.500  2.47985e-13
  7542.000  2.48000e-13
  7542.500  2.48016e-13
  7543.000  2.48032e-13
  7543.500  2.48048e-13
  7544.000  2.48063e-13
  7544.500  2.48079e-13
  7545.000  2.48095e-13
  7545.500  2.48111e-13
  7546.000  2.48126e-13
  7546.500  2.48142e-13
  7547.000  2.48158e-13
  7547.500  2.48174e-13
  7548.000  2.48189e-13
  7548.500  2.48205e-13
  7549.000  2.48221e-13
  7549.500  2.48236e-13
  7550.000  2.48252e-13
  7550.500  2.48211e-13
  7551.000  2.48169e-13
  7551.500  2.48128e-13
  7552.000  2.48087e-13
  7552.500  2.48046e-13
  7553.000  2.48004e-13
  7553.500  2.47963e-13
  7554.000  2.47922e-13
  7554.500  2.47880e-13
  7555.000  2.47839e-13
  7555.500  2.47798e-13
  7556.000  2.47757e-13
  7556.500  2.47715e-13
  7557.000  2.47674e-13
  7557.500  2.47633e-13
  7558.000  2.47591e-13
  7558.500  2.47550e-13
  7559.000  2.47509e-13
  7559.500  2.47467e-13
  7560.000  2.47426e-13
  7560.500  2.47385e-13
  7561.000  2.47344e-13
  7561.500  2.47302e-13
  7562.000  2.47261e-13
  7562.500  2.47220e-13
  7563.000  2.47178e-13
  7563.500  2.47137e-13
  7564.000  2.47096e-13
  7564.500  2.47055e-13
  7565.000  2.47013e-13
  7565.500  2.46972e-13
  7566.000  2.46931e-13
  7566.500  2.46889e-13
  7567.000  2.46848e-13
  7567.500  2.46807e-13
  7568.000  2.46766e-13
  7568.500  2.46724e-13
  7569.000  2.46683e-13
  7569.500  2.46642e-13
  7570.000  2.46600e-13
  7570.500  2.46560e-13
  7571.000  2.46519e-13
  7571.500  2.46479e-13
  7572.000  2.46438e-13
  7572.500  2.46398e-13
  7573.000  2.46357e-13
  7573.500  2.46317e-13
  7574.000  2.46276e-13
  7574.500  2.46235e-13
  7575.000  2.46195e-13
  7575.500  2.46154e-13
  7576.000  2.46114e-13
  7576.500  2.46073e-13
  7577.000  2.46033e-13
  7577.500  2.45992e-13
  7578.000  2.45952e-13
  7578.500  2.45911e-13
  7579.000  2.45871e-13
  7579.500  2.45830e-13
  7580.000  2.45790e-13
  7580.500  2.45749e-13
  7581.000  2.45708e-13
  7581.500  2.45668e-13
  7582.000  2.45627e-13
  7582.500  2.45587e-13
  7583.000  2.45546e-13
  7583.500  2.45506e-13
  7584.000  2.45465e-13
  7584.500  2.45425e-13
  7585.000  2.45384e-13
  7585.500  2.45344e-13
  7586.000  2.45303e-13
  7586.500  2.45263e-13
  7587.000  2.45222e-13
  7587.500  2.45181e-13
  7588.000  2.45141e-13
  7588.500  2.45100e-13
  7589.000  2.45060e-13
  7589.500  2.45019e-13
  7590.000  2.44979e-13
  7590.500  2.44948e-13
  7591.000  2.44917e-13
  7591.500  2.44886e-13
  7592.000  2.44856e-13
  7592.500  2.44825e-13
  7593.000  2.44794e-13
  7593.500  2.44763e-13
  7594.000  2.44732e-13
  7594.500  2.44701e-13
  7595.000  2.44671e-13
  7595.500  2.44640e-13
  7596.000  2.44609e-13
  7596.500  2.44578e-13
  7597.000  2.44547e-13
  7597.500  2.44517e-13
  7598.000  2.44486e-13
  7598.500  2.44455e-13
  7599.000  2.44424e-13
  7599.500  2.44393e-13
  7600.000  2.44363e-13
  7600.500  2.44332e-13
  7601.000  2.44301e-13
  7601.500  2.44270e-13
  7602.000  2.44239e-13
  7602.500  2.44208e-13
  7603.000  2.44178e-13
  7603.500  2.44147e-13
  7604.000  2.44116e-13
  7604.500  2.44085e-13
  7605.000  2.44055e-13
  7605.500  2.44024e-13
  7606.000  2.43993e-13
  7606.500  2.43962e-13
  7607.000  2.43931e-13
  7607.500  2.43900e-13
  7608.000  2.43870e-13
  7608.500  2.43839e-13
  7609.000  2.43808e-13
  7609.500  2.43777e-13
  7610.000  2.43747e-13
  7610.500  2.43707e-13
  7611.000  2.43667e-13
  7611.500  2.43628e-13
  7612.000  2.43588e-13
  7612.500  2.43549e-13
  7613.000  2.43509e-13
  7613.500  2.43469e-13
  7614.000  2.43430e-13
  7614.500  2.43390e-13
  7615.000  2.43350e-13
  7615.500  2.43311e-13
  7616.000  2.43271e-13
  7616.500  2.43232e-13
  7617.000  2.43192e-13
  7617.500  2.43153e-13
  7618.000  2.43113e-13
  7618.500  2.43073e-13
  7619.000  2.43034e-13
  7619.500  2.42994e-13
  7620.000  2.42955e-13
  7620.500  2.42915e-13
  7621.000  2.42875e-13
  7621.500  2.42836e-13
  7622.000  2.42796e-13
  7622.500  2.42757e-13
  7623.000  2.42717e-13
  7623.500  2.42677e-13
  7624.000  2.42638e-13
  7624.500  2.42598e-13
  7625.000  2.42559e-13
  7625.500  2.42519e-13
  7626.000  2.42479e-13
  7626.500  2.42440e-13
  7627.000  2.42400e-13
  7627.500  2.42361e-13
  7628.000  2.42321e-13
  7628.500  2.42282e-13
  7629.000  2.42242e-13
  7629.500  2.42202e-13
  7630.000  2.42163e-13
  7630.500  2.42106e-13
  7631.000  2.42049e-13
  7631.500  2.41992e-13
  7632.000  2.41935e-13
  7632.500  2.41878e-13
  7633.000  2.41821e-13
  7633.500  2.41764e-13
  7634.000  2.41707e-13
  7634.500  2.41650e-13
  7635.000  2.41593e-13
  7635.500  2.41536e-13
  7636.000  2.41479e-13
  7636.500  2.41422e-13
  7637.000  2.41365e-13
  7637.500  2.41308e-13
  7638.000  2.41251e-13
  7638.500  2.41194e-13
  7639.000  2.41137e-13
  7639.500  2.41080e-13
  7640.000  2.41023e-13
  7640.500  2.40966e-13
  7641.000  2.40909e-13
  7641.500  2.40852e-13
  7642.000  2.40795e-13
  7642.500  2.40738e-13
  7643.000  2.40681e-13
  7643.500  2.40624e-13
  7644.000  2.40567e-13
  7644.500  2.40510e-13
  7645.000  2.40453e-13
  7645.500  2.40396e-13
  7646.000  2.40339e-13
  7646.500  2.40282e-13
  7647.000  2.40225e-13
  7647.500  2.40168e-13
  7648.000  2.40111e-13
  7648.500  2.40054e-13
  7649.000  2.39997e-13
  7649.500  2.39940e-13
  7650.000  2.39883e-13
  7650.500  2.39680e-13
  7651.000  2.39477e-13
  7651.500  2.39274e-13
  7652.000  2.39071e-13
  7652.500  2.38868e-13
  7653.000  2.38665e-13
  7653.500  2.38462e-13
  7654.000  2.38259e-13
  7654.500  2.38056e-13
  7655.000  2.37853e-13
  7655.500  2.37650e-13
  7656.000  2.37447e-13
  7656.500  2.37244e-13
  7657.000  2.37041e-13
  7657.500  2.36838e-13
  7658.000  2.36635e-13
  7658.500  2.36432e-13
  7659.000  2.36229e-13
  7659.500  2.36026e-13
  7660.000  2.35823e-13
  7660.500  2.35620e-13
  7661.000  2.35417e-13
  7661.500  2.35214e-13
  7662.000  2.35011e-13
  7662.500  2.34808e-13
  7663.000  2.34605e-13
  7663.500  2.34402e-13
  7664.000  2.34199e-13
  7664.500  2.33996e-13
  7665.000  2.33793e-13
  7665.500  2.33590e-13
  7666.000  2.33387e-13
  7666.500  2.33184e-13
  7667.000  2.32981e-13
  7667.500  2.32778e-13
  7668.000  2.32575e-13
  7668.500  2.32372e-13
  7669.000  2.32169e-13
  7669.500  2.31966e-13
  7670.000  2.31765e-13
  7670.500  2.31864e-13
  7671.000  2.31963e-13
  7671.500  2.32062e-13
  7672.000  2.32162e-13
  7672.500  2.32261e-13
  7673.000  2.32360e-13
  7673.500  2.32460e-13
  7674.000  2.32559e-13
  7674.500  2.32659e-13
  7675.000  2.32758e-13
  7675.500  2.32857e-13
  7676.000  2.32956e-13
  7676.500  2.33056e-13
  7677.000  2.33155e-13
  7677.500  2.33254e-13
  7678.000  2.33354e-13
  7678.500  2.33453e-13
  7679.000  2.33552e-13
  7679.500  2.33652e-13
  7680.000  2.33751e-13
  7680.500  2.33850e-13
  7681.000  2.33950e-13
  7681.500  2.34049e-13
  7682.000  2.34148e-13
  7682.500  2.34248e-13
  7683.000  2.34347e-13
  7683.500  2.34446e-13
  7684.000  2.34546e-13
  7684.500  2.34645e-13
  7685.000  2.34744e-13
  7685.500  2.34843e-13
  7686.000  2.34943e-13
  7686.500  2.35042e-13
  7687.000  2.35141e-13
  7687.500  2.35241e-13
  7688.000  2.35340e-13
  7688.500  2.35439e-13
  7689.000  2.35539e-13
  7689.500  2.35638e-13
  7690.000  2.35737e-13
  7690.500  2.35640e-13
  7691.000  2.35543e-13
  7691.500  2.35446e-13
  7692.000  2.35349e-13
  7692.500  2.35252e-13
  7693.000  2.35155e-13
  7693.500  2.35058e-13
  7694.000  2.34960e-13
  7694.500  2.34863e-13
  7695.000  2.34766e-13
  7695.500  2.34669e-13
  7696.000  2.34572e-13
  7696.500  2.34475e-13
  7697.000  2.34378e-13
  7697.500  2.34281e-13
  7698.000  2.34184e-13
  7698.500  2.34087e-13
  7699.000  2.33990e-13
  7699.500  2.33893e-13
  7700.000  2.33796e-13
  7700.500  2.33699e-13
  7701.000  2.33648e-13
  7701.500  2.33555e-13
  7702.000  2.33463e-13
  7702.500  2.33371e-13
  7703.000  2.33280e-13
  7703.500  2.33189e-13
  7704.000  2.33099e-13
  7704.500  2.33009e-13
  7705.000  2.32919e-13
  7705.500  2.32831e-13
  7706.000  2.32742e-13
  7706.500  2.32655e-13
  7707.000  2.32568e-13
  7707.500  2.32482e-13
  7708.000  2.32397e-13
  7708.500  2.32312e-13
  7709.000  2.32229e-13
  7709.500  2.32146e-13
  7710.000  2.32065e-13
  7710.500  2.32085e-13
  7711.000  2.32107e-13
  7711.500  2.32129e-13
  7712.000  2.32153e-13
  7712.500  2.32178e-13
  7713.000  2.32204e-13
  7713.500  2.32232e-13
  7714.000  2.32261e-13
  7714.500  2.32291e-13
  7715.000  2.32323e-13
  7715.500  2.32356e-13
  7716.000  2.32391e-13
  7716.500  2.32427e-13
  7717.000  2.32465e-13
  7717.500  2.32505e-13
  7718.000  2.32546e-13
  7718.500  2.32589e-13
  7719.000  2.32634e-13
  7719.500  2.32680e-13
  7720.000  2.32729e-13
  7720.500  2.32779e-13
  7721.000  2.32831e-13
  7721.500  2.32885e-13
  7722.000  2.32941e-13
  7722.500  2.32999e-13
  7723.000  2.33059e-13
  7723.500  2.33120e-13
  7724.000  2.33184e-13
  7724.500  2.33249e-13
  7725.000  2.33317e-13
  7725.500  2.33386e-13
  7726.000  2.33457e-13
  7726.500  2.33530e-13
  7727.000  2.33604e-13
  7727.500  2.33680e-13
  7728.000  2.33758e-13
  7728.500  2.33837e-13
  7729.000  2.33918e-13
  7729.500  2.33999e-13
  7730.000  2.34083e-13
  7730.500  2.34119e-13
  7731.000  2.34155e-13
  7731.500  2.34193e-13
  7732.000  2.34232e-13
  7732.500  2.34272e-13
  7733.000  2.34312e-13
  7733.500  2.34352e-13
  7734.000  2.34393e-13
  7734.500  2.34434e-13
  7735.000  2.34475e-13
  7735.500  2.34516e-13
  7736.000  2.34557e-13
  7736.500  2.34596e-13
  7737.000  2.34636e-13
  7737.500  2.34674e-13
  7738.000  2.34712e-13
  7738.500  2.34748e-13
  7739.000  2.34783e-13
  7739.500  2.34817e-13
  7740.000  2.34849e-13
  7740.500  2.34878e-13
  7741.000  2.34906e-13
  7741.500  2.34932e-13
  7742.000  2.34954e-13
  7742.500  2.34975e-13
  7743.000  2.34993e-13
  7743.500  2.35007e-13
  7744.000  2.35019e-13
  7744.500  2.35028e-13
  7745.000  2.35033e-13
  7745.500  2.35035e-13
  7746.000  2.35033e-13
  7746.500  2.35027e-13
  7747.000  2.35018e-13
  7747.500  2.35004e-13
  7748.000  2.34987e-13
  7748.500  2.34966e-13
  7749.000  2.34940e-13
  7749.500  2.34910e-13
  7750.000  2.34877e-13
  7750.500  2.34937e-13
  7751.000  2.34993e-13
  7751.500  2.35045e-13
  7752.000  2.35093e-13
  7752.500  2.35136e-13
  7753.000  2.35176e-13
  7753.500  2.35210e-13
  7754.000  2.35241e-13
  7754.500  2.35268e-13
  7755.000  2.35291e-13
  7755.500  2.35310e-13
  7756.000  2.35325e-13
  7756.500  2.35336e-13
  7757.000  2.35344e-13
  7757.500  2.35349e-13
  7758.000  2.35349e-13
  7758.500  2.35347e-13
  7759.000  2.35342e-13
  7759.500  2.35334e-13
  7760.000  2.35323e-13
  7760.500  2.35310e-13
  7761.000  2.35294e-13
  7761.500  2.35276e-13
  7762.000  2.35255e-13
  7762.500  2.35233e-13
  7763.000  2.35210e-13
  7763.500  2.35184e-13
  7764.000  2.35157e-13
  7764.500  2.35130e-13
  7765.000  2.35101e-13
  7765.500  2.35071e-13
  7766.000  2.35041e-13
  7766.500  2.35010e-13
  7767.000  2.34979e-13
  7767.500  2.34948e-13
  7768.000  2.34916e-13
  7768.500  2.34885e-13
  7769.000  2.34854e-13
  7769.500  2.34824e-13
  7770.000  2.34794e-13
  7770.500  2.34742e-13
  7771.000  2.34691e-13
  7771.500  2.34640e-13
  7772.000  2.34590e-13
  7772.500  2.34542e-13
  7773.000  2.34495e-13
  7773.500  2.34450e-13
  7774.000  2.34405e-13
  7774.500  2.34363e-13
  7775.000  2.34322e-13
  7775.500  2.34282e-13
  7776.000  2.34245e-13
  7776.500  2.34209e-13
  7777.000  2.34175e-13
  7777.500  2.34143e-13
  7778.000  2.34112e-13
  7778.500  2.34084e-13
  7779.000  2.34057e-13
  7779.500  2.34032e-13
  7780.000  2.34010e-13
  7780.500  2.33989e-13
  7781.000  2.33970e-13
  7781.500  2.33953e-13
  7782.000  2.33938e-13
  7782.500  2.33924e-13
  7783.000  2.33912e-13
  7783.500  2.33903e-13
  7784.000  2.33895e-13
  7784.500  2.33889e-13
  7785.000  2.33884e-13
  7785.500  2.33881e-13
  7786.000  2.33880e-13
  7786.500  2.33880e-13
  7787.000  2.33882e-13
  7787.500  2.33885e-13
  7788.000  2.33890e-13
  7788.500  2.33896e-13
  7789.000  2.33904e-13
  7789.500  2.33912e-13
  7790.000  2.33922e-13
  7790.500  2.33883e-13
  7791.000  2.33845e-13
  7791.500  2.33808e-13
  7792.000  2.33772e-13
  7792.500  2.33738e-13
  7793.000  2.33703e-13
  7793.500  2.33671e-13
  7794.000  2.33638e-13
  7794.500  2.33607e-13
  7795.000  2.33576e-13
  7795.500  2.33547e-13
  7796.000  2.33518e-13
  7796.500  2.33489e-13
  7797.000  2.33461e-13
  7797.500  2.33434e-13
  7798.000  2.33407e-13
  7798.500  2.33381e-13
  7799.000  2.33355e-13
  7799.500  2.33330e-13
  7800.000  2.33305e-13
  7800.500  2.33281e-13
  7801.000  2.33257e-13
  7801.500  2.33191e-13
  7802.000  2.33171e-13
  7802.500  2.33152e-13
  7803.000  2.33132e-13
  7803.500  2.33113e-13
  7804.000  2.33093e-13
  7804.500  2.33074e-13
  7805.000  2.33054e-13
  7805.500  2.33034e-13
  7806.000  2.33015e-13
  7806.500  2.32995e-13
  7807.000  2.32976e-13
  7807.500  2.32956e-13
  7808.000  2.32936e-13
  7808.500  2.32917e-13
  7809.000  2.32897e-13
  7809.500  2.32878e-13
  7810.000  2.32858e-13
  7810.500  2.32795e-13
  7811.000  2.32731e-13
  7811.500  2.32668e-13
  7812.000  2.32604e-13
  7812.500  2.32541e-13
  7813.000  2.32477e-13
  7813.500  2.32414e-13
  7814.000  2.32351e-13
  7814.500  2.32287e-13
  7815.000  2.32224e-13
  7815.500  2.32160e-13
  7816.000  2.32097e-13
  7816.500  2.32033e-13
  7817.000  2.31970e-13
  7817.500  2.31907e-13
  7818.000  2.31843e-13
  7818.500  2.31780e-13
  7819.000  2.31716e-13
  7819.500  2.31653e-13
  7820.000  2.31589e-13
  7820.500  2.31526e-13
  7821.000  2.31463e-13
  7821.500  2.31399e-13
  7822.000  2.31336e-13
  7822.500  2.31272e-13
  7823.000  2.31209e-13
  7823.500  2.31146e-13
  7824.000  2.31082e-13
  7824.500  2.31019e-13
  7825.000  2.30955e-13
  7825.500  2.30892e-13
  7826.000  2.30828e-13
  7826.500  2.30765e-13
  7827.000  2.30701e-13
  7827.500  2.30638e-13
  7828.000  2.30575e-13
  7828.500  2.30511e-13
  7829.000  2.30448e-13
  7829.500  2.30384e-13
  7830.000  2.30321e-13
  7830.500  2.30269e-13
  7831.000  2.30216e-13
  7831.500  2.30164e-13
  7832.000  2.30112e-13
  7832.500  2.30060e-13
  7833.000  2.30007e-13
  7833.500  2.29955e-13
  7834.000  2.29903e-13
  7834.500  2.29851e-13
  7835.000  2.29798e-13
  7835.500  2.29746e-13
  7836.000  2.29694e-13
  7836.500  2.29642e-13
  7837.000  2.29589e-13
  7837.500  2.29537e-13
  7838.000  2.29485e-13
  7838.500  2.29433e-13
  7839.000  2.29380e-13
  7839.500  2.29328e-13
  7840.000  2.29276e-13
  7840.500  2.29224e-13
  7841.000  2.29171e-13
  7841.500  2.29119e-13
  7842.000  2.29259e-13
  7842.500  2.29217e-13
  7843.000  2.29175e-13
  7843.500  2.29133e-13
  7844.000  2.29092e-13
  7844.500  2.29051e-13
  7845.000  2.29011e-13
  7845.500  2.28971e-13
  7846.000  2.28905e-13
  7846.500  2.28866e-13
  7847.000  2.28827e-13
  7847.500  2.28789e-13
  7848.000  2.28752e-13
  7848.500  2.28715e-13
  7849.000  2.28678e-13
  7849.500  2.28642e-13
  7850.000  2.28607e-13
  7850.500  2.28727e-13
  7851.000  2.28847e-13
  7851.500  2.28967e-13
  7852.000  2.29089e-13
  7852.500  2.29211e-13
  7853.000  2.29333e-13
  7853.500  2.29455e-13
  7854.000  2.29579e-13
  7854.500  2.29703e-13
  7855.000  2.29827e-13
  7855.500  2.29952e-13
  7856.000  2.30078e-13
  7856.500  2.30204e-13
  7857.000  2.30330e-13
  7857.500  2.30457e-13
  7858.000  2.30584e-13
  7858.500  2.30712e-13
  7859.000  2.30841e-13
  7859.500  2.30970e-13
  7860.000  2.31099e-13
  7860.500  2.31229e-13
  7861.000  2.31359e-13
  7861.500  2.31489e-13
  7862.000  2.31621e-13
  7862.500  2.31752e-13
  7863.000  2.31883e-13
  7863.500  2.32016e-13
  7864.000  2.32148e-13
  7864.500  2.32281e-13
  7865.000  2.32414e-13
  7865.500  2.32547e-13
  7866.000  2.32680e-13
  7866.500  2.32814e-13
  7867.000  2.32948e-13
  7867.500  2.33082e-13
  7868.000  2.33216e-13
  7868.500  2.33350e-13
  7869.000  2.33485e-13
  7869.500  2.33619e-13
  7870.000  2.33753e-13
  7870.500  2.33709e-13
  7871.000  2.33665e-13
  7871.500  2.33622e-13
  7872.000  2.33577e-13
  7872.500  2.33533e-13
  7873.000  2.33489e-13
  7873.500  2.33444e-13
  7874.000  2.33399e-13
  7874.500  2.33354e-13
  7875.000  2.33308e-13
  7875.500  2.33263e-13
  7876.000  2.33216e-13
  7876.500  2.33170e-13
  7877.000  2.33122e-13
  7877.500  2.33075e-13
  7878.000  2.33026e-13
  7878.500  2.32977e-13
  7879.000  2.32928e-13
  7879.500  2.32878e-13
  7880.000  2.32827e-13
  7880.500  2.32775e-13
  7881.000  2.32723e-13
  7881.500  2.32670e-13
  7882.000  2.32616e-13
  7882.500  2.32561e-13
  7883.000  2.32505e-13
  7883.500  2.32449e-13
  7884.000  2.32391e-13
  7884.500  2.32333e-13
  7885.000  2.32274e-13
  7885.500  2.32213e-13
  7886.000  2.32152e-13
  7886.500  2.32089e-13
  7887.000  2.32026e-13
  7887.500  2.31961e-13
  7888.000  2.31895e-13
  7888.500  2.31828e-13
  7889.000  2.31760e-13
  7889.500  2.31691e-13
  7890.000  2.31621e-13
  7890.500  2.31542e-13
  7891.000  2.31463e-13
  7891.500  2.31382e-13
  7892.000  2.31300e-13
  7892.500  2.31216e-13
  7893.000  2.31132e-13
  7893.500  2.31046e-13
  7894.000  2.30960e-13
  7894.500  2.30872e-13
  7895.000  2.30783e-13
  7895.500  2.30693e-13
  7896.000  2.30601e-13
  7896.500  2.30509e-13
  7897.000  2.30416e-13
  7897.500  2.30321e-13
  7898.000  2.30225e-13
  7898.500  2.30129e-13
  7899.000  2.30031e-13
  7899.500  2.29932e-13
  7900.000  2.29833e-13
  7900.500  2.29732e-13
  7901.000  2.29630e-13
  7901.500  2.29528e-13
  7902.000  2.29425e-13
  7902.500  2.29320e-13
  7903.000  2.29215e-13
  7903.500  2.29109e-13
  7904.000  2.29003e-13
  7904.500  2.28896e-13
  7905.000  2.28788e-13
  7905.500  2.28679e-13
  7906.000  2.28570e-13
  7906.500  2.28460e-13
  7907.000  2.28350e-13
  7907.500  2.28239e-13
  7908.000  2.28128e-13
  7908.500  2.28016e-13
  7909.000  2.27904e-13
  7909.500  2.27791e-13
  7910.000  2.27678e-13
  7910.500  2.27646e-13
  7911.000  2.27613e-13
  7911.500  2.27581e-13
  7912.000  2.27547e-13
  7912.500  2.27514e-13
  7913.000  2.27481e-13
  7913.500  2.27447e-13
  7914.000  2.27414e-13
  7914.500  2.27380e-13
  7915.000  2.27347e-13
  7915.500  2.27313e-13
  7916.000  2.27280e-13
  7916.500  2.27246e-13
  7917.000  2.27213e-13
  7917.500  2.27180e-13
  7918.000  2.27147e-13
  7918.500  2.27115e-13
  7919.000  2.27083e-13
  7919.500  2.27050e-13
  7920.000  2.27018e-13
  7920.500  2.26987e-13
  7921.000  2.26956e-13
  7921.500  2.26925e-13
  7922.000  2.26894e-13
  7922.500  2.26864e-13
  7923.000  2.26835e-13
  7923.500  2.26805e-13
  7924.000  2.26776e-13
  7924.500  2.26748e-13
  7925.000  2.26720e-13
  7925.500  2.26692e-13
  7926.000  2.26665e-13
  7926.500  2.26639e-13
  7927.000  2.26612e-13
  7927.500  2.26587e-13
  7928.000  2.26562e-13
  7928.500  2.26537e-13
  7929.000  2.26513e-13
  7929.500  2.26490e-13
  7930.000  2.26467e-13
  7930.500  2.26393e-13
  7931.000  2.26320e-13
  7931.500  2.26247e-13
  7932.000  2.26175e-13
  7932.500  2.26103e-13
  7933.000  2.26032e-13
  7933.500  2.25962e-13
  7934.000  2.25892e-13
  7934.500  2.25822e-13
  7935.000  2.25753e-13
  7935.500  2.25685e-13
  7936.000  2.25617e-13
  7936.500  2.25549e-13
  7937.000  2.25482e-13
  7937.500  2.25415e-13
  7938.000  2.25349e-13
  7938.500  2.25283e-13
  7939.000  2.25218e-13
  7939.500  2.25153e-13
  7940.000  2.25089e-13
  7940.500  2.25025e-13
  7941.000  2.24961e-13
  7941.500  2.24898e-13
  7942.000  2.24835e-13
  7942.500  2.24591e-13
  7943.000  2.24538e-13
  7943.500  2.24485e-13
  7944.000  2.24432e-13
  7944.500  2.24379e-13
  7945.000  2.24326e-13
  7945.500  2.24273e-13
  7946.000  2.24220e-13
  7946.500  2.24167e-13
  7947.000  2.24114e-13
  7947.500  2.24061e-13
  7948.000  2.24008e-13
  7948.500  2.23955e-13
  7949.000  2.23902e-13
  7949.500  2.23849e-13
  7950.000  2.23796e-13
  7950.500  2.23933e-13
  7951.000  2.24070e-13
  7951.500  2.24207e-13
  7952.000  2.24344e-13
  7952.500  2.24480e-13
  7953.000  2.24617e-13
  7953.500  2.24754e-13
  7954.000  2.24891e-13
  7954.500  2.25028e-13
  7955.000  2.25164e-13
  7955.500  2.25301e-13
  7956.000  2.25438e-13
  7956.500  2.25575e-13
  7957.000  2.25712e-13
  7957.500  2.25848e-13
  7958.000  2.25985e-13
  7958.500  2.26122e-13
  7959.000  2.26259e-13
  7959.500  2.26395e-13
  7960.000  2.26532e-13
  7960.500  2.26669e-13
  7961.000  2.26806e-13
  7961.500  2.26943e-13
  7962.000  2.27080e-13
  7962.500  2.27216e-13
  7963.000  2.27353e-13
  7963.500  2.27490e-13
  7964.000  2.27627e-13
  7964.500  2.27763e-13
  7965.000  2.27900e-13
  7965.500  2.28037e-13
  7966.000  2.28174e-13
  7966.500  2.28311e-13
  7967.000  2.28448e-13
  7967.500  2.28584e-13
  7968.000  2.28721e-13
  7968.500  2.28858e-13
  7969.000  2.28995e-13
  7969.500  2.29131e-13
  7970.000  2.29268e-13
  7970.500  2.29267e-13
  7971.000  2.29267e-13
  7971.500  2.29266e-13
  7972.000  2.29266e-13
  7972.500  2.29265e-13
  7973.000  2.29265e-13
  7973.500  2.29264e-13
  7974.000  2.29264e-13
  7974.500  2.29263e-13
  7975.000  2.29263e-13
  7975.500  2.29262e-13
  7976.000  2.29262e-13
  7976.500  2.29261e-13
  7977.000  2.29261e-13
  7977.500  2.29260e-13
  7978.000  2.29260e-13
  7978.500  2.29259e-13
  7979.000  2.29259e-13
  7979.500  2.29258e-13
  7980.000  2.29258e-13
  7980.500  2.29257e-13
  7981.000  2.29257e-13
  7981.500  2.29256e-13
  7982.000  2.29256e-13
  7982.500  2.29255e-13
  7983.000  2.29255e-13
  7983.500  2.29254e-13
  7984.000  2.29254e-13
  7984.500  2.29253e-13
  7985.000  2.29253e-13
  7985.500  2.29252e-13
  7986.000  2.29252e-13
  7986.500  2.29251e-13
  7987.000  2.29251e-13
  7987.500  2.29250e-13
  7988.000  2.29250e-13
  7988.500  2.29249e-13
  7989.000  2.29248e-13
  7989.500  2.29248e-13
  7990.000  2.29247e-13
  7990.500  2.29240e-13
  7991.000  2.29232e-13
  7991.500  2.29224e-13
  7992.000  2.29216e-13
  7992.500  2.29208e-13
  7993.000  2.29201e-13
  7993.500  2.29193e-13
  7994.000  2.29185e-13
  7994.500  2.29177e-13
  7995.000  2.29169e-13
  7995.500  2.29161e-13
  7996.000  2.29154e-13
  7996.500  2.29146e-13
  7997.000  2.29138e-13
  7997.500  2.29130e-13
  7998.000  2.29122e-13
  7998.500  2.29114e-13
  7999.000  2.29107e-13
  7999.500  2.29099e-13
  8000.000  2.29091e-13
  8000.500  2.29083e-13
  8001.000  2.29075e-13
  8001.500  2.29068e-13
  8002.000  2.29060e-13
  8002.500  2.29052e-13
  8003.000  2.29044e-13
  8003.500  2.29036e-13
  8004.000  2.29029e-13
  8004.500  2.29021e-13
  8005.000  2.29013e-13
  8005.500  2.29005e-13
  8006.000  2.28997e-13
  8006.500  2.28989e-13
  8007.000  2.28982e-13
  8007.500  2.28974e-13
  8008.000  2.28966e-13
  8008.500  2.28958e-13
  8009.000  2.28950e-13
  8009.500  2.28942e-13
  8010.000  2.28935e-13
  8010.500  2.28919e-13
  8011.000  2.28903e-13
  8011.500  2.28887e-13
  8012.000  2.28871e-13
  8012.500  2.28856e-13
  8013.000  2.28840e-13
  8013.500  2.28824e-13
  8014.000  2.28808e-13
  8014.500  2.28792e-13
  8015.000  2.28777e-13
  8015.500  2.28761e-13
  8016.000  2.28745e-13
  8016.500  2.28729e-13
  8017.000  2.28713e-13
  8017.500  2.28697e-13
  8018.000  2.28682e-13
  8018.500  2.28666e-13
  8019.000  2.28650e-13
  8019.500  2.28634e-13
  8020.000  2.28618e-13
  8020.500  2.28603e-13
  8021.000  2.28587e-13
  8021.500  2.28571e-13
  8022.000  2.28555e-13
  8022.500  2.28539e-13
  8023.000  2.28523e-13
  8023.500  2.28508e-13
  8024.000  2.28492e-13
  8024.500  2.28476e-13
  8025.000  2.28460e-13
  8025.500  2.28444e-13
  8026.000  2.28428e-13
  8026.500  2.28413e-13
  8027.000  2.28397e-13
  8027.500  2.28381e-13
  8028.000  2.28365e-13
  8028.500  2.28349e-13
  8029.000  2.28334e-13
  8029.500  2.28318e-13
  8030.000  2.28302e-13
  8030.500  2.28296e-13
  8031.000  2.28290e-13
  8031.500  2.28284e-13
  8032.000  2.28279e-13
  8032.500  2.28273e-13
  8033.000  2.28267e-13
  8033.500  2.28261e-13
  8034.000  2.28255e-13
  8034.500  2.28249e-13
  8035.000  2.28243e-13
  8035.500  2.28237e-13
  8036.000  2.28232e-13
  8036.500  2.28226e-13
  8037.000  2.28220e-13
  8037.500  2.28214e-13
  8038.000  2.28208e-13
  8038.500  2.28202e-13
  8039.000  2.28196e-13
  8039.500  2.28190e-13
  8040.000  2.28185e-13
  8040.500  2.28179e-13
  8041.000  2.28173e-13
  8041.500  2.28167e-13
  8042.000  2.28161e-13
  8042.500  2.28155e-13
  8043.000  2.28149e-13
  8043.500  2.28143e-13
  8044.000  2.28138e-13
  8044.500  2.28132e-13
  8045.000  2.28126e-13
  8045.500  2.28120e-13
  8046.000  2.28114e-13
  8046.500  2.28108e-13
  8047.000  2.28102e-13
  8047.500  2.28096e-13
  8048.000  2.28091e-13
  8048.500  2.28085e-13
  8049.000  2.28079e-13
  8049.500  2.28073e-13
  8050.000  2.28067e-13
  8050.500  2.28057e-13
  8051.000  2.28047e-13
  8051.500  2.28038e-13
  8052.000  2.28028e-13
  8052.500  2.28018e-13
  8053.000  2.28008e-13
  8053.500  2.27998e-13
  8054.000  2.27988e-13
  8054.500  2.27978e-13
  8055.000  2.27969e-13
  8055.500  2.27959e-13
  8056.000  2.27949e-13
  8056.500  2.27939e-13
  8057.000  2.27929e-13
  8057.500  2.27919e-13
  8058.000  2.27910e-13
  8058.500  2.27900e-13
  8059.000  2.27890e-13
  8059.500  2.27880e-13
  8060.000  2.27870e-13
  8060.500  2.27860e-13
  8061.000  2.27851e-13
  8061.500  2.27841e-13
  8062.000  2.27831e-13
  8062.500  2.27821e-13
  8063.000  2.27811e-13
  8063.500  2.27801e-13
  8064.000  2.27791e-13
  8064.500  2.27782e-13
  8065.000  2.27772e-13
  8065.500  2.27762e-13
  8066.000  2.27752e-13
  8066.500  2.27742e-13
  8067.000  2.27733e-13
  8067.500  2.27723e-13
  8068.000  2.27713e-13
  8068.500  2.27703e-13
  8069.000  2.27693e-13
  8069.500  2.27683e-13
  8070.000  2.27673e-13
  8070.500  2.27613e-13
  8071.000  2.27552e-13
  8071.500  2.27491e-13
  8072.000  2.27431e-13
  8072.500  2.27370e-13
  8073.000  2.27310e-13
  8073.500  2.27249e-13
  8074.000  2.27188e-13
  8074.500  2.27128e-13
  8075.000  2.27067e-13
  8075.500  2.27006e-13
  8076.000  2.26946e-13
  8076.500  2.26885e-13
  8077.000  2.26825e-13
  8077.500  2.26764e-13
  8078.000  2.26703e-13
  8078.500  2.26643e-13
  8079.000  2.26582e-13
  8079.500  2.26521e-13
  8080.000  2.26461e-13
  8080.500  2.26400e-13
  8081.000  2.26340e-13
  8081.500  2.26279e-13
  8082.000  2.26219e-13
  8082.500  2.26158e-13
  8083.000  2.26097e-13
  8083.500  2.26037e-13
  8084.000  2.25976e-13
  8084.500  2.25915e-13
  8085.000  2.25855e-13
  8085.500  2.25794e-13
  8086.000  2.25734e-13
  8086.500  2.25673e-13
  8087.000  2.25612e-13
  8087.500  2.25552e-13
  8088.000  2.25491e-13
  8088.500  2.25430e-13
  8089.000  2.25370e-13
  8089.500  2.25309e-13
  8090.000  2.25249e-13
  8090.500  2.25284e-13
  8091.000  2.25320e-13
  8091.500  2.25356e-13
  8092.000  2.25391e-13
  8092.500  2.25427e-13
  8093.000  2.25462e-13
  8093.500  2.25498e-13
  8094.000  2.25533e-13
  8094.500  2.25569e-13
  8095.000  2.25604e-13
  8095.500  2.25640e-13
  8096.000  2.25676e-13
  8096.500  2.25711e-13
  8097.000  2.25747e-13
  8097.500  2.25782e-13
  8098.000  2.25818e-13
  8098.500  2.25853e-13
  8099.000  2.25889e-13
  8099.500  2.25924e-13
  8100.000  2.25960e-13
  8100.500  2.25996e-13
  8101.000  2.26031e-13
  8101.500  2.26067e-13
  8102.000  2.26102e-13
  8102.500  2.26138e-13
  8103.000  2.26173e-13
  8103.500  2.26209e-13
  8104.000  2.26245e-13
  8104.500  2.26280e-13
  8105.000  2.26316e-13
  8105.500  2.26351e-13
  8106.000  2.26387e-13
  8106.500  2.26422e-13
  8107.000  2.26458e-13
  8107.500  2.26493e-13
  8108.000  2.26529e-13
  8108.500  2.26565e-13
  8109.000  2.26600e-13
  8109.500  2.26636e-13
  8110.000  2.26671e-13
  8110.500  2.26724e-13
  8111.000  2.26776e-13
  8111.500  2.26828e-13
  8112.000  2.26881e-13
  8112.500  2.26933e-13
  8113.000  2.26985e-13
  8113.500  2.27038e-13
  8114.000  2.27090e-13
  8114.500  2.27142e-13
  8115.000  2.27195e-13
  8115.500  2.27247e-13
  8116.000  2.27299e-13
  8116.500  2.27352e-13
  8117.000  2.27404e-13
  8117.500  2.27456e-13
  8118.000  2.27509e-13
  8118.500  2.27561e-13
  8119.000  2.27613e-13
  8119.500  2.27666e-13
  8120.000  2.27718e-13
  8120.500  2.27770e-13
  8121.000  2.27823e-13
  8121.500  2.27875e-13
  8122.000  2.27927e-13
  8122.500  2.27980e-13
  8123.000  2.28032e-13
  8123.500  2.28084e-13
  8124.000  2.28137e-13
  8124.500  2.28189e-13
  8125.000  2.28241e-13
  8125.500  2.28294e-13
  8126.000  2.28346e-13
  8126.500  2.28398e-13
  8127.000  2.28451e-13
  8127.500  2.28503e-13
  8128.000  2.28555e-13
  8128.500  2.28608e-13
  8129.000  2.28660e-13
  8129.500  2.28712e-13
  8130.000  2.28764e-13
  8130.500  2.28753e-13
  8131.000  2.28742e-13
  8131.500  2.28730e-13
  8132.000  2.28719e-13
  8132.500  2.28708e-13
  8133.000  2.28696e-13
  8133.500  2.28685e-13
  8134.000  2.28673e-13
  8134.500  2.28662e-13
  8135.000  2.28651e-13
  8135.500  2.28639e-13
  8136.000  2.28628e-13
  8136.500  2.28617e-13
  8137.000  2.28605e-13
  8137.500  2.28594e-13
  8138.000  2.28583e-13
  8138.500  2.28571e-13
  8139.000  2.28560e-13
  8139.500  2.28548e-13
  8140.000  2.28537e-13
  8140.500  2.28526e-13
  8141.000  2.28514e-13
  8141.500  2.28503e-13
  8142.000  2.28492e-13
  8142.500  2.28480e-13
  8143.000  2.28469e-13
  8143.500  2.28457e-13
  8144.000  2.28446e-13
  8144.500  2.28435e-13
  8145.000  2.28423e-13
  8145.500  2.28412e-13
  8146.000  2.28401e-13
  8146.500  2.28389e-13
  8147.000  2.28378e-13
  8147.500  2.28367e-13
  8148.000  2.28355e-13
  8148.500  2.28344e-13
  8149.000  2.28332e-13
  8149.500  2.28321e-13
  8150.000  2.28310e-13
  8150.500  2.28309e-13
  8151.000  2.28308e-13
  8151.500  2.28308e-13
  8152.000  2.28307e-13
  8152.500  2.28306e-13
  8153.000  2.28306e-13
  8153.500  2.28305e-13
  8154.000  2.28304e-13
  8154.500  2.28304e-13
  8155.000  2.28303e-13
  8155.500  2.28302e-13
  8156.000  2.28302e-13
  8156.500  2.28301e-13
  8157.000  2.28300e-13
  8157.500  2.28300e-13
  8158.000  2.28299e-13
  8158.500  2.28299e-13
  8159.000  2.28298e-13
  8159.500  2.28297e-13
  8160.000  2.28296e-13
  8160.500  2.28296e-13
  8161.000  2.28295e-13
  8161.500  2.28294e-13
  8162.000  2.28294e-13
  8162.500  2.28293e-13
  8163.000  2.28293e-13
  8163.500  2.28292e-13
  8164.000  2.28291e-13
  8164.500  2.28291e-13
  8165.000  2.28290e-13
  8165.500  2.28289e-13
  8166.000  2.28288e-13
  8166.500  2.28288e-13
  8167.000  2.28287e-13
  8167.500  2.28287e-13
  8168.000  2.28286e-13
  8168.500  2.28285e-13
  8169.000  2.28285e-13
  8169.500  2.28284e-13
  8170.000  2.28283e-13
  8170.500  2.28129e-13
  8171.000  2.27975e-13
  8171.500  2.27820e-13
  8172.000  2.27666e-13
  8172.500  2.27512e-13
  8173.000  2.27358e-13
  8173.500  2.27204e-13
  8174.000  2.27050e-13
  8174.500  2.26896e-13
  8175.000  2.26742e-13
  8175.500  2.26588e-13
  8176.000  2.26434e-13
  8176.500  2.26279e-13
  8177.000  2.26126e-13
  8177.500  2.25971e-13
  8178.000  2.25817e-13
  8178.500  2.25663e-13
  8179.000  2.25509e-13
  8179.500  2.25355e-13
  8180.000  2.25201e-13
  8180.500  2.25047e-13
  8181.000  2.24893e-13
  8181.500  2.24739e-13
  8182.000  2.24585e-13
  8182.500  2.24430e-13
  8183.000  2.24276e-13
  8183.500  2.24122e-13
  8184.000  2.23968e-13
  8184.500  2.23814e-13
  8185.000  2.23660e-13
  8185.500  2.23506e-13
  8186.000  2.23352e-13
  8186.500  2.23198e-13
  8187.000  2.23044e-13
  8187.500  2.22890e-13
  8188.000  2.22735e-13
  8188.500  2.22581e-13
  8189.000  2.22427e-13
  8189.500  2.22273e-13
  8190.000  2.22120e-13
  8190.500  2.22157e-13
  8191.000  2.22172e-13
  8191.500  2.22209e-13
  8192.000  2.22247e-13
  8192.500  2.22284e-13
  8193.000  2.22314e-13
  8193.500  2.22352e-13
  8194.000  2.22389e-13
  8194.500  2.22427e-13
  8195.000  2.22464e-13
  8195.500  2.22502e-13
  8196.000  2.22539e-13
  8196.500  2.22577e-13
  8197.000  2.22615e-13
  8197.500  2.22652e-13
  8198.000  2.22690e-13
  8198.500  2.22727e-13
  8199.000  2.22765e-13
  8199.500  2.22802e-13
  8200.000  2.22840e-13
  8200.500  2.22877e-13
  8201.000  2.22915e-13
  8201.500  2.22937e-13
  8202.000  2.22975e-13
  8202.500  2.23013e-13
  8203.000  2.23050e-13
  8203.500  2.23088e-13
  8204.000  2.23125e-13
  8204.500  2.23163e-13
  8205.000  2.23200e-13
  8205.500  2.23238e-13
  8206.000  2.22636e-13
  8206.500  2.22674e-13
  8207.000  2.22711e-13
  8207.500  2.22749e-13
  8208.000  2.22787e-13
  8208.500  2.22824e-13
  8209.000  2.22862e-13
  8209.500  2.22899e-13
  8210.000  2.22937e-13
  8210.500  2.22984e-13
  8211.000  2.23030e-13
  8211.500  2.23077e-13
  8212.000  2.23123e-13
  8212.500  2.23170e-13
  8213.000  2.23216e-13
  8213.500  2.23263e-13
  8214.000  2.23310e-13
  8214.500  2.23356e-13
  8215.000  2.23403e-13
  8215.500  2.23449e-13
  8216.000  2.23496e-13
  8216.500  2.23542e-13
  8217.000  2.23589e-13
  8217.500  2.23635e-13
  8218.000  2.23682e-13
  8218.500  2.23729e-13
  8219.000  2.23775e-13
  8219.500  2.23822e-13
  8220.000  2.23868e-13
  8220.500  2.23915e-13
  8221.000  2.23961e-13
  8221.500  2.24008e-13
  8222.000  2.24055e-13
  8222.500  2.24101e-13
  8223.000  2.24148e-13
  8223.500  2.24194e-13
  8224.000  2.24241e-13
  8224.500  2.24288e-13
  8225.000  2.24334e-13
  8225.500  2.24381e-13
  8226.000  2.24427e-13
  8226.500  2.24474e-13
  8227.000  2.24521e-13
  8227.500  2.24567e-13
  8228.000  2.24614e-13
  8228.500  2.24660e-13
  8229.000  2.24707e-13
  8229.500  2.24754e-13
  8230.000  2.24800e-13
  8230.500  2.24789e-13
  8231.000  2.24779e-13
  8231.500  2.24768e-13
  8232.000  2.24758e-13
  8232.500  2.24747e-13
  8233.000  2.24736e-13
  8233.500  2.24726e-13
  8234.000  2.24715e-13
  8234.500  2.24705e-13
  8235.000  2.24694e-13
  8235.500  2.24683e-13
  8236.000  2.24673e-13
  8236.500  2.24662e-13
  8237.000  2.24651e-13
  8237.500  2.24641e-13
  8238.000  2.24630e-13
  8238.500  2.24620e-13
  8239.000  2.24609e-13
  8239.500  2.24598e-13
  8240.000  2.24588e-13
  8240.500  2.24577e-13
  8241.000  2.24567e-13
  8241.500  2.24556e-13
  8242.000  2.24545e-13
  8242.500  2.24535e-13
  8243.000  2.24524e-13
  8243.500  2.24513e-13
  8244.000  2.24503e-13
  8244.500  2.24492e-13
  8245.000  2.24482e-13
  8245.500  2.24471e-13
  8246.000  2.24460e-13
  8246.500  2.24450e-13
  8247.000  2.24439e-13
  8247.500  2.24428e-13
  8248.000  2.24418e-13
  8248.500  2.24407e-13
  8249.000  2.24397e-13
  8249.500  2.24386e-13
  8250.000  2.24376e-13
  8250.500  2.24444e-13
  8251.000  2.24512e-13
  8251.500  2.24580e-13
  8252.000  2.24648e-13
  8252.500  2.24716e-13
  8253.000  2.24784e-13
  8253.500  2.24852e-13
  8254.000  2.24920e-13
  8254.500  2.24989e-13
  8255.000  2.25057e-13
  8255.500  2.25125e-13
  8256.000  2.25193e-13
  8256.500  2.25261e-13
  8257.000  2.25329e-13
  8257.500  2.25397e-13
  8258.000  2.25465e-13
  8258.500  2.25534e-13
  8259.000  2.25602e-13
  8259.500  2.25670e-13
  8260.000  2.25738e-13
  8260.500  2.25806e-13
  8261.000  2.25874e-13
  8261.500  2.25942e-13
  8262.000  2.26011e-13
  8262.500  2.26079e-13
  8263.000  2.26147e-13
  8263.500  2.26215e-13
  8264.000  2.26277e-13
  8264.500  2.26345e-13
  8265.000  2.26413e-13
  8265.500  2.26481e-13
  8266.000  2.26549e-13
  8266.500  2.26617e-13
  8267.000  2.26685e-13
  8267.500  2.26754e-13
  8268.000  2.26822e-13
  8268.500  2.26890e-13
  8269.000  2.26958e-13
  8269.500  2.27026e-13
  8270.000  2.27094e-13
  8270.500  2.27058e-13
  8271.000  2.27022e-13
  8271.500  2.26985e-13
  8272.000  2.26949e-13
  8272.500  2.26913e-13
  8273.000  2.26877e-13
  8273.500  2.26841e-13
  8274.000  2.26804e-13
  8274.500  2.26768e-13
  8275.000  2.26732e-13
  8275.500  2.26696e-13
  8276.000  2.26659e-13
  8276.500  2.26623e-13
  8277.000  2.26587e-13
  8277.500  2.26551e-13
  8278.000  2.26514e-13
  8278.500  2.26478e-13
  8279.000  2.26442e-13
  8279.500  2.26406e-13
  8280.000  2.26369e-13
  8280.500  2.26333e-13
  8281.000  2.26297e-13
  8281.500  2.26261e-13
  8282.000  2.26224e-13
  8282.500  2.26188e-13
  8283.000  2.26152e-13
  8283.500  2.26116e-13
  8284.000  2.26079e-13
  8284.500  2.26043e-13
  8285.000  2.26007e-13
  8285.500  2.25971e-13
  8286.000  2.25934e-13
  8286.500  2.25898e-13
  8287.000  2.25862e-13
  8287.500  2.25826e-13
  8288.000  2.25789e-13
  8288.500  2.25753e-13
  8289.000  2.25717e-13
  8289.500  2.25681e-13
  8290.000  2.25644e-13
  8290.500  2.25510e-13
  8291.000  2.25375e-13
  8291.500  2.25241e-13
  8292.000  2.25106e-13
  8292.500  2.24972e-13
  8293.000  2.24837e-13
  8293.500  2.24703e-13
  8294.000  2.24568e-13
  8294.500  2.24434e-13
  8295.000  2.24299e-13
  8295.500  2.24165e-13
  8296.000  2.24030e-13
  8296.500  2.23896e-13
  8297.000  2.23761e-13
  8297.500  2.23627e-13
  8298.000  2.23492e-13
  8298.500  2.23358e-13
  8299.000  2.23223e-13
  8299.500  2.23089e-13
  8300.000  2.22954e-13
  8300.500  2.22820e-13
  8301.000  2.22686e-13
  8301.500  2.22551e-13
  8302.000  2.22417e-13
  8302.500  2.22282e-13
  8303.000  2.22148e-13
  8303.500  2.22013e-13
  8304.000  2.21879e-13
  8304.500  2.21744e-13
  8305.000  2.21610e-13
  8305.500  2.21475e-13
  8306.000  2.21341e-13
  8306.500  2.21206e-13
  8307.000  2.21072e-13
  8307.500  2.20937e-13
  8308.000  2.20803e-13
  8308.500  2.20668e-13
  8309.000  2.20534e-13
  8309.500  2.20399e-13
  8310.000  2.20265e-13
  8310.500  2.20234e-13
  8311.000  2.20203e-13
  8311.500  2.20172e-13
  8312.000  2.20140e-13
  8312.500  2.20109e-13
  8313.000  2.20078e-13
  8313.500  2.20047e-13
  8314.000  2.20016e-13
  8314.500  2.19985e-13
  8315.000  2.19953e-13
  8315.500  2.19922e-13
  8316.000  2.19891e-13
  8316.500  2.19860e-13
  8317.000  2.19829e-13
  8317.500  2.19798e-13
  8318.000  2.19767e-13
  8318.500  2.19735e-13
  8319.000  2.19704e-13
  8319.500  2.19673e-13
  8320.000  2.19642e-13
  8320.500  2.19611e-13
  8321.000  2.19580e-13
  8321.500  2.19548e-13
  8322.000  2.19517e-13
  8322.500  2.19486e-13
  8323.000  2.19455e-13
  8323.500  2.19424e-13
  8324.000  2.19393e-13
  8324.500  2.19362e-13
  8325.000  2.19330e-13
  8325.500  2.19299e-13
  8326.000  2.19268e-13
  8326.500  2.19237e-13
  8327.000  2.19206e-13
  8327.500  2.19174e-13
  8328.000  2.19143e-13
  8328.500  2.19112e-13
  8329.000  2.19081e-13
  8329.500  2.19050e-13
  8330.000  2.19019e-13
  8330.500  2.19028e-13
  8331.000  2.19038e-13
  8331.500  2.19047e-13
  8332.000  2.19057e-13
  8332.500  2.19066e-13
  8333.000  2.19076e-13
  8333.500  2.19085e-13
  8334.000  2.19095e-13
  8334.500  2.19104e-13
  8335.000  2.19114e-13
  8335.500  2.19123e-13
  8336.000  2.19133e-13
  8336.500  2.19142e-13
  8337.000  2.19152e-13
  8337.500  2.19161e-13
  8338.000  2.19171e-13
  8338.500  2.19180e-13
  8339.000  2.19190e-13
  8339.500  2.19199e-13
  8340.000  2.19209e-13
  8340.500  2.19218e-13
  8341.000  2.19228e-13
  8341.500  2.19237e-13
  8342.000  2.19247e-13
  8342.500  2.19256e-13
  8343.000  2.19266e-13
  8343.500  2.19275e-13
  8344.000  2.19285e-13
  8344.500  2.19294e-13
  8345.000  2.19303e-13
  8345.500  2.19313e-13
  8346.000  2.19323e-13
  8346.500  2.19332e-13
  8347.000  2.19342e-13
  8347.500  2.19351e-13
  8348.000  2.19360e-13
  8348.500  2.19370e-13
  8349.000  2.19380e-13
  8349.500  2.19389e-13
  8350.000  2.19399e-13
  8350.500  2.19410e-13
  8351.000  2.19421e-13
  8351.500  2.19432e-13
  8352.000  2.19443e-13
  8352.500  2.19454e-13
  8353.000  2.19465e-13
  8353.500  2.19476e-13
  8354.000  2.19487e-13
  8354.500  2.19499e-13
  8355.000  2.19510e-13
  8355.500  2.19521e-13
  8356.000  2.19532e-13
  8356.500  2.19543e-13
  8357.000  2.19554e-13
  8357.500  2.19565e-13
  8358.000  2.19577e-13
  8358.500  2.19588e-13
  8359.000  2.19599e-13
  8359.500  2.19610e-13
  8360.000  2.19621e-13
  8360.500  2.19632e-13
  8361.000  2.19643e-13
  8361.500  2.19654e-13
  8362.000  2.19666e-13
  8362.500  2.19677e-13
  8363.000  2.19688e-13
  8363.500  2.19699e-13
  8364.000  2.19710e-13
  8364.500  2.19721e-13
  8365.000  2.19732e-13
  8365.500  2.19743e-13
  8366.000  2.19754e-13
  8366.500  2.19766e-13
  8367.000  2.19777e-13
  8367.500  2.19788e-13
  8368.000  2.19799e-13
  8368.500  2.19810e-13
  8369.000  2.19821e-13
  8369.500  2.19833e-13
  8370.000  2.19843e-13
  8370.500  2.19670e-13
  8371.000  2.19498e-13
  8371.500  2.19325e-13
  8372.000  2.19152e-13
  8372.500  2.18979e-13
  8373.000  2.18806e-13
  8373.500  2.18633e-13
  8374.000  2.18460e-13
  8374.500  2.18287e-13
  8375.000  2.18115e-13
  8375.500  2.17942e-13
  8376.000  2.17769e-13
  8376.500  2.17596e-13
  8377.000  2.17423e-13
  8377.500  2.17250e-13
  8378.000  2.17078e-13
  8378.500  2.16905e-13
  8379.000  2.16732e-13
  8379.500  2.16559e-13
  8380.000  2.16386e-13
  8380.500  2.16213e-13
  8381.000  2.16040e-13
  8381.500  2.15867e-13
  8382.000  2.15695e-13
  8382.500  2.15522e-13
  8383.000  2.15349e-13
  8383.500  2.15176e-13
  8384.000  2.15003e-13
  8384.500  2.14830e-13
  8385.000  2.14658e-13
  8385.500  2.14485e-13
  8386.000  2.14312e-13
  8386.500  2.14139e-13
  8387.000  2.13966e-13
  8387.500  2.13793e-13
  8388.000  2.13620e-13
  8388.500  2.13447e-13
  8389.000  2.13275e-13
  8389.500  2.13102e-13
  8390.000  2.12930e-13
  8390.500  2.13080e-13
  8391.000  2.13230e-13
  8391.500  2.13380e-13
  8392.000  2.13530e-13
  8392.500  2.13680e-13
  8393.000  2.13831e-13
  8393.500  2.13981e-13
  8394.000  2.14131e-13
  8394.500  2.14281e-13
  8395.000  2.14431e-13
  8395.500  2.14581e-13
  8396.000  2.14732e-13
  8396.500  2.14882e-13
  8397.000  2.15032e-13
  8397.500  2.15182e-13
  8398.000  2.15332e-13
  8398.500  2.15482e-13
  8399.000  2.15632e-13
  8399.500  2.15783e-13
  8400.000  2.15933e-13
  8400.500  2.16083e-13
  8401.000  2.16233e-13
  8401.500  2.16383e-13
  8402.000  2.16533e-13
  8402.500  2.16684e-13
  8403.000  2.16834e-13
  8403.500  2.16984e-13
  8404.000  2.17134e-13
  8404.500  2.17284e-13
  8405.000  2.17434e-13
  8405.500  2.17585e-13
  8406.000  2.17735e-13
  8406.500  2.17885e-13
  8407.000  2.18035e-13
  8407.500  2.18185e-13
  8408.000  2.18335e-13
  8408.500  2.18485e-13
  8409.000  2.18636e-13
  8409.500  2.18786e-13
  8410.000  2.18934e-13
  8410.500  2.18744e-13
  8411.000  2.18553e-13
  8411.500  2.18363e-13
  8412.000  2.18172e-13
  8412.500  2.17982e-13
  8413.000  2.17791e-13
  8413.500  2.17601e-13
  8414.000  2.17410e-13
  8414.500  2.17220e-13
  8415.000  2.17029e-13
  8415.500  2.16839e-13
  8416.000  2.16648e-13
  8416.500  2.16458e-13
  8417.000  2.16268e-13
  8417.500  2.16077e-13
  8418.000  2.15887e-13
  8418.500  2.15696e-13
  8419.000  2.15506e-13
  8419.500  2.15315e-13
  8420.000  2.15125e-13
  8420.500  2.14934e-13
  8421.000  2.14744e-13
  8421.500  2.14553e-13
  8422.000  2.14363e-13
  8422.500  2.14172e-13
  8423.000  2.13982e-13
  8423.500  2.13791e-13
  8424.000  2.13601e-13
  8424.500  2.13411e-13
  8425.000  2.13220e-13
  8425.500  2.13030e-13
  8426.000  2.12839e-13
  8426.500  2.12649e-13
  8427.000  2.12458e-13
  8427.500  2.12268e-13
  8428.000  2.12077e-13
  8428.500  2.11887e-13
  8429.000  2.11697e-13
  8429.500  2.11506e-13
  8430.000  2.11315e-13
  8430.500  2.11299e-13
  8431.000  2.11283e-13
  8431.500  2.11266e-13
  8432.000  2.11250e-13
  8432.500  2.11233e-13
  8433.000  2.11217e-13
  8433.500  2.11201e-13
  8434.000  2.11184e-13
  8434.500  2.11168e-13
  8435.000  2.11151e-13
  8435.500  2.11135e-13
  8436.000  2.11118e-13
  8436.500  2.11102e-13
  8437.000  2.11086e-13
  8437.500  2.11069e-13
  8438.000  2.11053e-13
  8438.500  2.11036e-13
  8439.000  2.11020e-13
  8439.500  2.11004e-13
  8440.000  2.10987e-13
  8440.500  2.10971e-13
  8441.000  2.10954e-13
  8441.500  2.10938e-13
  8442.000  2.10922e-13
  8442.500  2.10905e-13
  8443.000  2.10889e-13
  8443.500  2.10873e-13
  8444.000  2.10856e-13
  8444.500  2.10840e-13
  8445.000  2.10823e-13
  8445.500  2.10807e-13
  8446.000  2.10790e-13
  8446.500  2.10774e-13
  8447.000  2.10758e-13
  8447.500  2.10741e-13
  8448.000  2.10725e-13
  8448.500  2.10708e-13
  8449.000  2.10692e-13
  8449.500  2.10676e-13
  8450.000  2.10659e-13
  8450.500  2.10656e-13
  8451.000  2.10653e-13
  8451.500  2.10649e-13
  8452.000  2.10646e-13
  8452.500  2.10643e-13
  8453.000  2.10640e-13
  8453.500  2.10636e-13
  8454.000  2.10633e-13
  8454.500  2.10630e-13
  8455.000  2.10626e-13
  8455.500  2.10623e-13
  8456.000  2.10620e-13
  8456.500  2.10617e-13
  8457.000  2.10613e-13
  8457.500  2.10610e-13
  8458.000  2.10607e-13
  8458.500  2.10603e-13
  8459.000  2.10600e-13
  8459.500  2.10597e-13
  8460.000  2.10594e-13
  8460.500  2.10590e-13
  8461.000  2.10587e-13
  8461.500  2.10584e-13
  8462.000  2.10581e-13
  8462.500  2.10577e-13
  8463.000  2.10574e-13
  8463.500  2.10571e-13
  8464.000  2.10568e-13
  8464.500  2.10564e-13
  8465.000  2.10561e-13
  8465.500  2.10558e-13
  8466.000  2.10555e-13
  8466.500  2.10551e-13
  8467.000  2.10548e-13
  8467.500  2.10545e-13
  8468.000  2.10542e-13
  8468.500  2.10538e-13
  8469.000  2.10535e-13
  8469.500  2.10532e-13
  8470.000  2.10529e-13
  8470.500  2.10581e-13
  8471.000  2.10634e-13
  8471.500  2.10687e-13
  8472.000  2.10739e-13
  8472.500  2.10792e-13
  8473.000  2.10845e-13
  8473.500  2.10898e-13
  8474.000  2.10950e-13
  8474.500  2.11003e-13
  8475.000  2.11056e-13
  8475.500  2.11109e-13
  8476.000  2.11161e-13
  8476.500  2.11214e-13
  8477.000  2.11267e-13
  8477.500  2.11319e-13
  8478.000  2.11372e-13
  8478.500  2.11425e-13
  8479.000  2.11478e-13
  8479.500  2.11530e-13
  8480.000  2.11583e-13
  8480.500  2.11636e-13
  8481.000  2.11689e-13
  8481.500  2.11741e-13
  8482.000  2.11794e-13
  8482.500  2.11847e-13
  8483.000  2.11899e-13
  8483.500  2.11952e-13
  8484.000  2.12005e-13
  8484.500  2.12057e-13
  8485.000  2.12110e-13
  8485.500  2.12163e-13
  8486.000  2.12215e-13
  8486.500  2.12268e-13
  8487.000  2.12321e-13
  8487.500  2.12374e-13
  8488.000  2.12426e-13
  8488.500  2.12479e-13
  8489.000  2.12532e-13
  8489.500  2.12584e-13
  8490.000  2.12636e-13
  8490.500  2.12428e-13
  8491.000  2.12221e-13
  8491.500  2.12013e-13
  8492.000  2.11805e-13
  8492.500  2.11597e-13
  8493.000  2.11390e-13
  8493.500  2.11182e-13
  8494.000  2.10974e-13
  8494.500  2.10767e-13
  8495.000  2.10559e-13
  8495.500  2.10351e-13
  8496.000  2.10143e-13
  8496.500  2.09936e-13
  8497.000  2.09728e-13
  8497.500  2.09520e-13
  8498.000  2.09312e-13
  8498.500  2.09105e-13
  8499.000  2.08897e-13
  8499.500  2.08689e-13
  8500.000  2.08481e-13
  8500.500  2.08274e-13
  8501.000  2.08066e-13
  8501.500  2.07858e-13
  8502.000  2.07651e-13
  8502.500  2.07443e-13
  8503.000  2.07235e-13
  8503.500  2.07028e-13
  8504.000  2.06820e-13
  8504.500  2.06612e-13
  8505.000  2.06404e-13
  8505.500  2.06197e-13
  8506.000  2.05989e-13
  8506.500  2.05781e-13
  8507.000  2.05573e-13
  8507.500  2.05365e-13
  8508.000  2.05158e-13
  8508.500  2.04950e-13
  8509.000  2.04742e-13
  8509.500  2.04535e-13
  8510.000  2.04328e-13
  8510.500  2.04544e-13
  8511.000  2.04761e-13
  8511.500  2.04977e-13
  8512.000  2.05194e-13
  8512.500  2.05410e-13
  8513.000  2.05627e-13
  8513.500  2.05843e-13
  8514.000  2.06060e-13
  8514.500  2.06276e-13
  8515.000  2.06493e-13
  8515.500  2.06709e-13
  8516.000  2.06926e-13
  8516.500  2.07142e-13
  8517.000  2.07359e-13
  8517.500  2.07575e-13
  8518.000  2.07792e-13
  8518.500  2.08008e-13
  8519.000  2.08225e-13
  8519.500  2.08441e-13
  8520.000  2.08658e-13
  8520.500  2.08874e-13
  8521.000  2.09091e-13
  8521.500  2.09307e-13
  8522.000  2.09524e-13
  8522.500  2.09740e-13
  8523.000  2.09957e-13
  8523.500  2.10173e-13
  8524.000  2.10390e-13
  8524.500  2.10606e-13
  8525.000  2.10823e-13
  8525.500  2.11039e-13
  8526.000  2.11256e-13
  8526.500  2.11472e-13
  8527.000  2.11689e-13
  8527.500  2.11905e-13
  8528.000  2.12122e-13
  8528.500  2.12338e-13
  8529.000  2.12555e-13
  8529.500  2.12771e-13
  8530.000  2.12987e-13
  8530.500  2.12718e-13
  8531.000  2.12450e-13
  8531.500  2.12181e-13
  8532.000  2.11913e-13
  8532.500  2.11644e-13
  8533.000  2.11376e-13
  8533.500  2.11107e-13
  8534.000  2.10839e-13
  8534.500  2.10570e-13
  8535.000  2.10302e-13
  8535.500  2.10033e-13
  8536.000  2.09764e-13
  8536.500  2.09496e-13
  8537.000  2.09227e-13
  8537.500  2.08959e-13
  8538.000  2.08690e-13
  8538.500  2.08422e-13
  8539.000  2.08153e-13
  8539.500  2.07885e-13
  8540.000  2.07616e-13
  8540.500  2.07348e-13
  8541.000  2.07079e-13
  8541.500  2.06811e-13
  8542.000  2.06542e-13
  8542.500  2.06274e-13
  8543.000  2.06005e-13
  8543.500  2.05737e-13
  8544.000  2.05468e-13
  8544.500  2.05200e-13
  8545.000  2.04931e-13
  8545.500  2.04663e-13
  8546.000  2.04394e-13
  8546.500  2.04126e-13
  8547.000  2.03857e-13
  8547.500  2.03589e-13
  8548.000  2.03320e-13
  8548.500  2.03052e-13
  8549.000  2.02783e-13
  8549.500  2.02515e-13
  8550.000  2.02247e-13
  8550.500  2.02562e-13
  8551.000  2.02878e-13
  8551.500  2.03193e-13
  8552.000  2.03508e-13
  8552.500  2.03824e-13
  8553.000  2.04139e-13
  8553.500  2.04454e-13
  8554.000  2.04770e-13
  8554.500  2.05085e-13
  8555.000  2.05401e-13
  8555.500  2.05716e-13
  8556.000  2.06031e-13
  8556.500  2.06346e-13
  8557.000  2.06662e-13
  8557.500  2.06977e-13
  8558.000  2.07292e-13
  8558.500  2.07608e-13
  8559.000  2.07923e-13
  8559.500  2.08238e-13
  8560.000  2.08554e-13
  8560.500  2.08869e-13
  8561.000  2.09184e-13
  8561.500  2.09500e-13
  8562.000  2.09815e-13
  8562.500  2.10130e-13
  8563.000  2.10446e-13
  8563.500  2.10761e-13
  8564.000  2.11076e-13
  8564.500  2.11392e-13
  8565.000  2.11707e-13
  8565.500  2.12022e-13
  8566.000  2.12338e-13
  8566.500  2.12653e-13
  8567.000  2.12968e-13
  8567.500  2.13284e-13
  8568.000  2.13599e-13
  8568.500  2.13914e-13
  8569.000  2.14230e-13
  8569.500  2.14545e-13
  8570.000  2.14860e-13
  8570.500  2.14780e-13
  8571.000  2.14701e-13
  8571.500  2.14622e-13
  8572.000  2.14543e-13
  8572.500  2.14463e-13
  8573.000  2.14384e-13
  8573.500  2.14305e-13
  8574.000  2.14226e-13
  8574.500  2.14147e-13
  8575.000  2.14067e-13
  8575.500  2.13988e-13
  8576.000  2.13909e-13
  8576.500  2.13830e-13
  8577.000  2.13750e-13
  8577.500  2.13671e-13
  8578.000  2.13592e-13
  8578.500  2.13513e-13
  8579.000  2.13434e-13
  8579.500  2.13354e-13
  8580.000  2.13275e-13
  8580.500  2.13196e-13
  8581.000  2.13117e-13
  8581.500  2.13037e-13
  8582.000  2.12958e-13
  8582.500  2.12879e-13
  8583.000  2.12800e-13
  8583.500  2.12721e-13
  8584.000  2.12641e-13
  8584.500  2.12562e-13
  8585.000  2.12483e-13
  8585.500  2.12404e-13
  8586.000  2.12324e-13
  8586.500  2.12245e-13
  8587.000  2.12166e-13
  8587.500  2.12087e-13
  8588.000  2.12008e-13
  8588.500  2.11928e-13
  8589.000  2.11849e-13
  8589.500  2.11770e-13
  8590.000  2.11691e-13
  8590.500  2.11684e-13
  8591.000  2.11677e-13
  8591.500  2.11671e-13
  8592.000  2.11664e-13
  8592.500  2.11658e-13
  8593.000  2.11651e-13
  8593.500  2.11645e-13
  8594.000  2.11638e-13
  8594.500  2.11632e-13
  8595.000  2.11625e-13
  8595.500  2.11618e-13
  8596.000  2.11612e-13
  8596.500  2.11605e-13
  8597.000  2.11599e-13
  8597.500  2.11592e-13
  8598.000  2.11586e-13
  8598.500  2.11579e-13
  8599.000  2.11572e-13
  8599.500  2.11566e-13
  8600.000  2.11559e-13
  8600.500  2.11553e-13
  8601.000  2.11546e-13
  8601.500  2.11540e-13
  8602.000  2.11533e-13
  8602.500  2.11526e-13
  8603.000  2.11520e-13
  8603.500  2.11513e-13
  8604.000  2.11507e-13
  8604.500  2.11500e-13
  8605.000  2.11494e-13
  8605.500  2.11487e-13
  8606.000  2.11480e-13
  8606.500  2.11474e-13
  8607.000  2.11467e-13
  8607.500  2.11461e-13
  8608.000  2.11454e-13
  8608.500  2.11448e-13
  8609.000  2.11441e-13
  8609.500  2.11434e-13
  8610.000  2.11428e-13
  8610.500  2.11512e-13
  8611.000  2.11596e-13
  8611.500  2.11680e-13
  8612.000  2.11764e-13
  8612.500  2.11848e-13
  8613.000  2.11931e-13
  8613.500  2.12015e-13
  8614.000  2.12099e-13
  8614.500  2.12183e-13
  8615.000  2.12267e-13
  8615.500  2.12351e-13
  8616.000  2.12435e-13
  8616.500  2.12518e-13
  8617.000  2.12602e-13
  8617.500  2.12686e-13
  8618.000  2.12770e-13
  8618.500  2.12854e-13
  8619.000  2.12938e-13
  8619.500  2.13021e-13
  8620.000  2.13105e-13
  8620.500  2.13189e-13
  8621.000  2.13273e-13
  8621.500  2.13357e-13
  8622.000  2.13441e-13
  8622.500  2.13524e-13
  8623.000  2.13608e-13
  8623.500  2.13692e-13
  8624.000  2.13776e-13
  8624.500  2.13860e-13
  8625.000  2.13944e-13
  8625.500  2.14028e-13
  8626.000  2.14112e-13
  8626.500  2.14195e-13
  8627.000  2.14279e-13
  8627.500  2.14363e-13
  8628.000  2.14447e-13
  8628.500  2.14531e-13
  8629.000  2.14615e-13
  8629.500  2.14699e-13
  8630.000  2.14782e-13
  8630.500  2.14810e-13
  8631.000  2.14838e-13
  8631.500  2.14865e-13
  8632.000  2.14893e-13
  8632.500  2.14920e-13
  8633.000  2.14948e-13
  8633.500  2.14976e-13
  8634.000  2.15003e-13
  8634.500  2.15031e-13
  8635.000  2.15059e-13
  8635.500  2.15086e-13
  8636.000  2.15114e-13
  8636.500  2.15142e-13
  8637.000  2.15169e-13
  8637.500  2.15197e-13
  8638.000  2.15225e-13
  8638.500  2.15252e-13
  8639.000  2.15280e-13
  8639.500  2.15308e-13
  8640.000  2.15335e-13
  8640.500  2.15363e-13
  8641.000  2.15390e-13
  8641.500  2.15418e-13
  8642.000  2.15446e-13
  8642.500  2.15473e-13
  8643.000  2.15501e-13
  8643.500  2.15529e-13
  8644.000  2.15556e-13
  8644.500  2.15584e-13
  8645.000  2.15612e-13
  8645.500  2.15639e-13
  8646.000  2.15667e-13
  8646.500  2.15694e-13
  8647.000  2.15722e-13
  8647.500  2.15750e-13
  8648.000  2.15777e-13
  8648.500  2.15805e-13
  8649.000  2.15833e-13
  8649.500  2.15860e-13
  8650.000  2.15887e-13
  8650.500  2.15513e-13
  8651.000  2.15138e-13
  8651.500  2.14763e-13
  8652.000  2.14389e-13
  8652.500  2.14014e-13
  8653.000  2.13639e-13
  8653.500  2.13265e-13
  8654.000  2.12890e-13
  8654.500  2.12515e-13
  8655.000  2.12141e-13
  8655.500  2.11766e-13
  8656.000  2.11391e-13
  8656.500  2.11017e-13
  8657.000  2.10642e-13
  8657.500  2.10267e-13
  8658.000  2.09893e-13
  8658.500  2.09518e-13
  8659.000  2.09143e-13
  8659.500  2.08769e-13
  8660.000  2.08394e-13
  8660.500  2.08019e-13
  8661.000  2.07645e-13
  8661.500  2.07270e-13
  8662.000  2.06895e-13
  8662.500  2.06520e-13
  8663.000  2.06146e-13
  8663.500  2.05771e-13
  8664.000  2.05396e-13
  8664.500  2.05022e-13
  8665.000  2.04647e-13
  8665.500  2.04272e-13
  8666.000  2.03898e-13
  8666.500  2.03523e-13
  8667.000  2.03149e-13
  8667.500  2.02774e-13
  8668.000  2.02399e-13
  8668.500  2.02025e-13
  8669.000  2.01650e-13
  8669.500  2.01275e-13
  8670.000  2.00902e-13
  8670.500  2.01091e-13
  8671.000  2.01281e-13
  8671.500  2.01471e-13
  8672.000  2.01661e-13
  8672.500  2.01850e-13
  8673.000  2.02040e-13
  8673.500  2.02230e-13
  8674.000  2.02420e-13
  8674.500  2.02610e-13
  8675.000  2.02799e-13
  8675.500  2.02989e-13
  8676.000  2.03179e-13
  8676.500  2.03369e-13
  8677.000  2.03558e-13
  8677.500  2.03748e-13
  8678.000  2.03938e-13
  8678.500  2.04128e-13
  8679.000  2.04318e-13
  8679.500  2.04507e-13
  8680.000  2.04697e-13
  8680.500  2.04887e-13
  8681.000  2.05076e-13
  8681.500  2.05266e-13
  8682.000  2.05456e-13
  8682.500  2.05646e-13
  8683.000  2.05836e-13
  8683.500  2.06025e-13
  8684.000  2.06215e-13
  8684.500  2.06405e-13
  8685.000  2.06595e-13
  8685.500  2.06784e-13
  8686.000  2.06974e-13
  8686.500  2.07164e-13
  8687.000  2.07354e-13
  8687.500  2.07544e-13
  8688.000  2.07733e-13
  8688.500  2.07923e-13
  8689.000  2.08113e-13
  8689.500  2.08303e-13
  8690.000  2.08492e-13
  8690.500  2.08618e-13
  8691.000  2.08744e-13
  8691.500  2.08870e-13
  8692.000  2.08995e-13
  8692.500  2.09121e-13
  8693.000  2.09247e-13
  8693.500  2.09373e-13
  8694.000  2.09499e-13
  8694.500  2.09625e-13
  8695.000  2.09750e-13
  8695.500  2.09876e-13
  8696.000  2.10002e-13
  8696.500  2.10128e-13
  8697.000  2.10254e-13
  8697.500  2.10380e-13
  8698.000  2.10505e-13
  8698.500  2.10631e-13
  8699.000  2.10757e-13
  8699.500  2.10883e-13
  8700.000  2.11009e-13
  8700.500  2.11135e-13
  8701.000  2.11260e-13
  8701.500  2.11386e-13
  8702.000  2.11512e-13
  8702.500  2.11638e-13
  8703.000  2.11764e-13
  8703.500  2.11890e-13
  8704.000  2.12015e-13
  8704.500  2.12141e-13
  8705.000  2.12267e-13
  8705.500  2.12393e-13
  8706.000  2.12519e-13
  8706.500  2.12645e-13
  8707.000  2.12770e-13
  8707.500  2.12896e-13
  8708.000  2.13022e-13
  8708.500  2.13148e-13
  8709.000  2.13274e-13
  8709.500  2.13400e-13
  8710.000  2.13524e-13
  8710.500  2.13525e-13
  8711.000  2.13525e-13
  8711.500  2.13525e-13
  8712.000  2.13525e-13
  8712.500  2.13525e-13
  8713.000  2.13525e-13
  8713.500  2.13525e-13
  8714.000  2.13525e-13
  8714.500  2.13525e-13
  8715.000  2.13525e-13
  8715.500  2.13525e-13
  8716.000  2.13526e-13
  8716.500  2.13526e-13
  8717.000  2.13526e-13
  8717.500  2.13526e-13
  8718.000  2.13526e-13
  8718.500  2.13526e-13
  8719.000  2.13526e-13
  8719.500  2.13526e-13
  8720.000  2.13526e-13
  8720.500  2.13526e-13
  8721.000  2.13526e-13
  8721.500  2.13526e-13
  8722.000  2.13527e-13
  8722.500  2.13527e-13
  8723.000  2.13527e-13
  8723.500  2.13527e-13
  8724.000  2.13527e-13
  8724.500  2.13527e-13
  8725.000  2.13527e-13
  8725.500  2.13527e-13
  8726.000  2.13527e-13
  8726.500  2.13527e-13
  8727.000  2.13527e-13
  8727.500  2.13527e-13
  8728.000  2.13528e-13
  8728.500  2.13528e-13
  8729.000  2.13528e-13
  8729.500  2.13528e-13
  8730.000  2.13528e-13
  8730.500  2.13442e-13
  8731.000  2.13357e-13
  8731.500  2.13272e-13
  8732.000  2.13186e-13
  8732.500  2.13101e-13
  8733.000  2.13015e-13
  8733.500  2.12930e-13
  8734.000  2.12844e-13
  8734.500  2.12759e-13
  8735.000  2.12674e-13
  8735.500  2.12588e-13
  8736.000  2.12503e-13
  8736.500  2.12417e-13
  8737.000  2.12332e-13
  8737.500  2.12247e-13
  8738.000  2.12161e-13
  8738.500  2.12076e-13
  8739.000  2.11990e-13
  8739.500  2.11905e-13
  8740.000  2.11820e-13
  8740.500  2.11734e-13
  8741.000  2.11649e-13
  8741.500  2.11563e-13
  8742.000  2.11478e-13
  8742.500  2.11393e-13
  8743.000  2.11307e-13
  8743.500  2.11222e-13
  8744.000  2.11136e-13
  8744.500  2.11051e-13
  8745.000  2.10966e-13
  8745.500  2.10880e-13
  8746.000  2.10795e-13
  8746.500  2.10709e-13
  8747.000  2.10624e-13
  8747.500  2.10539e-13
  8748.000  2.10453e-13
  8748.500  2.10368e-13
  8749.000  2.10282e-13
  8749.500  2.10197e-13
  8750.000  2.10112e-13
  8750.500  2.10187e-13
  8751.000  2.10261e-13
  8751.500  2.10335e-13
  8752.000  2.10409e-13
  8752.500  2.10484e-13
  8753.000  2.10558e-13
  8753.500  2.10632e-13
  8754.000  2.10706e-13
  8754.500  2.10781e-13
  8755.000  2.10855e-13
  8755.500  2.10929e-13
  8756.000  2.11004e-13
  8756.500  2.11078e-13
  8757.000  2.11152e-13
  8757.500  2.11226e-13
  8758.000  2.11300e-13
  8758.500  2.11375e-13
  8759.000  2.11449e-13
  8759.500  2.11523e-13
  8760.000  2.11598e-13
  8760.500  2.11672e-13
  8761.000  2.11746e-13
  8761.500  2.11820e-13
  8762.000  2.11895e-13
  8762.500  2.11969e-13
  8763.000  2.12043e-13
  8763.500  2.12118e-13
  8764.000  2.12192e-13
  8764.500  2.12266e-13
  8765.000  2.12340e-13
  8765.500  2.12415e-13
  8766.000  2.12489e-13
  8766.500  2.12563e-13
  8767.000  2.12637e-13
  8767.500  2.12712e-13
  8768.000  2.12786e-13
  8768.500  2.12860e-13
  8769.000  2.12935e-13
  8769.500  2.13009e-13
  8770.000  2.13083e-13
  8770.500  2.13089e-13
  8771.000  2.13096e-13
  8771.500  2.13103e-13
  8772.000  2.13109e-13
  8772.500  2.13116e-13
  8773.000  2.13123e-13
  8773.500  2.13129e-13
  8774.000  2.13136e-13
  8774.500  2.13142e-13
  8775.000  2.13149e-13
  8775.500  2.13156e-13
  8776.000  2.13162e-13
  8776.500  2.13169e-13
  8777.000  2.13176e-13
  8777.500  2.13182e-13
  8778.000  2.13189e-13
  8778.500  2.13195e-13
  8779.000  2.13202e-13
  8779.500  2.13209e-13
  8780.000  2.13215e-13
  8780.500  2.13222e-13
  8781.000  2.13229e-13
  8781.500  2.13235e-13
  8782.000  2.13242e-13
  8782.500  2.13248e-13
  8783.000  2.13255e-13
  8783.500  2.13262e-13
  8784.000  2.13268e-13
  8784.500  2.13275e-13
  8785.000  2.13282e-13
  8785.500  2.13288e-13
  8786.000  2.13295e-13
  8786.500  2.13301e-13
  8787.000  2.13308e-13
  8787.500  2.13315e-13
  8788.000  2.13321e-13
  8788.500  2.13328e-13
  8789.000  2.13335e-13
  8789.500  2.13341e-13
  8790.000  2.13347e-13
  8790.500  2.13236e-13
  8791.000  2.13125e-13
  8791.500  2.13014e-13
  8792.000  2.12903e-13
  8792.500  2.12792e-13
  8793.000  2.12681e-13
  8793.500  2.12570e-13
  8794.000  2.12458e-13
  8794.500  2.12347e-13
  8795.000  2.12236e-13
  8795.500  2.12125e-13
  8796.000  2.12014e-13
  8796.500  2.11903e-13
  8797.000  2.11792e-13
  8797.500  2.11681e-13
  8798.000  2.11569e-13
  8798.500  2.11458e-13
  8799.000  2.11347e-13
  8799.500  2.11236e-13
  8800.000  2.11125e-13
  8800.500  2.11014e-13
  8801.000  2.10903e-13
  8801.500  2.10792e-13
  8802.000  2.10681e-13
  8802.500  2.10569e-13
  8803.000  2.10458e-13
  8803.500  2.10347e-13
  8804.000  2.10236e-13
  8804.500  2.10125e-13
  8805.000  2.10014e-13
  8805.500  2.09903e-13
  8806.000  2.09792e-13
  8806.500  2.09681e-13
  8807.000  2.09570e-13
  8807.500  2.09458e-13
  8808.000  2.09347e-13
  8808.500  2.09236e-13
  8809.000  2.09125e-13
  8809.500  2.09014e-13
  8810.000  2.08903e-13
  8810.500  2.08948e-13
  8811.000  2.08994e-13
  8811.500  2.09039e-13
  8812.000  2.09084e-13
  8812.500  2.09129e-13
  8813.000  2.09174e-13
  8813.500  2.09220e-13
  8814.000  2.09265e-13
  8814.500  2.09310e-13
  8815.000  2.09355e-13
  8815.500  2.09401e-13
  8816.000  2.09446e-13
  8816.500  2.09491e-13
  8817.000  2.09536e-13
  8817.500  2.09582e-13
  8818.000  2.09627e-13
  8818.500  2.09672e-13
  8819.000  2.09717e-13
  8819.500  2.09762e-13
  8820.000  2.09808e-13
  8820.500  2.09853e-13
  8821.000  2.09898e-13
  8821.500  2.09943e-13
  8822.000  2.09989e-13
  8822.500  2.10034e-13
  8823.000  2.10079e-13
  8823.500  2.10124e-13
  8824.000  2.10170e-13
  8824.500  2.10215e-13
  8825.000  2.10260e-13
  8825.500  2.10305e-13
  8826.000  2.10350e-13
  8826.500  2.10396e-13
  8827.000  2.10441e-13
  8827.500  2.10486e-13
  8828.000  2.10531e-13
  8828.500  2.10577e-13
  8829.000  2.10622e-13
  8829.500  2.10667e-13
  8830.000  2.10712e-13
  8830.500  2.10739e-13
  8831.000  2.10765e-13
  8831.500  2.10792e-13
  8832.000  2.10818e-13
  8832.500  2.10845e-13
  8833.000  2.10871e-13
  8833.500  2.10898e-13
  8834.000  2.10924e-13
  8834.500  2.10951e-13
  8835.000  2.10977e-13
  8835.500  2.11003e-13
  8836.000  2.11030e-13
  8836.500  2.11056e-13
  8837.000  2.11083e-13
  8837.500  2.11109e-13
  8838.000  2.11136e-13
  8838.500  2.11162e-13
  8839.000  2.11189e-13
  8839.500  2.11215e-13
  8840.000  2.11242e-13
  8840.500  2.11268e-13
  8841.000  2.11295e-13
  8841.500  2.11321e-13
  8842.000  2.11348e-13
  8842.500  2.11374e-13
  8843.000  2.11401e-13
  8843.500  2.11427e-13
  8844.000  2.11454e-13
  8844.500  2.11480e-13
  8845.000  2.11506e-13
  8845.500  2.11533e-13
  8846.000  2.11560e-13
  8846.500  2.11586e-13
  8847.000  2.11612e-13
  8847.500  2.11639e-13
  8848.000  2.11665e-13
  8848.500  2.11692e-13
  8849.000  2.11718e-13
  8849.500  2.11745e-13
  8850.000  2.11771e-13
  8850.500  2.11659e-13
  8851.000  2.11548e-13
  8851.500  2.11436e-13
  8852.000  2.11325e-13
  8852.500  2.11213e-13
  8853.000  2.11102e-13
  8853.500  2.10990e-13
  8854.000  2.10879e-13
  8854.500  2.10767e-13
  8855.000  2.10656e-13
  8855.500  2.10544e-13
  8856.000  2.10433e-13
  8856.500  2.10321e-13
  8857.000  2.10209e-13
  8857.500  2.10098e-13
  8858.000  2.09986e-13
  8858.500  2.09875e-13
  8859.000  2.09764e-13
  8859.500  2.09652e-13
  8860.000  2.09540e-13
  8860.500  2.09429e-13
  8861.000  2.09317e-13
  8861.500  2.09206e-13
  8862.000  2.09094e-13
  8862.500  2.08983e-13
  8863.000  2.08871e-13
  8863.500  2.08760e-13
  8864.000  2.08648e-13
  8864.500  2.08537e-13
  8865.000  2.08425e-13
  8865.500  2.08314e-13
  8866.000  2.08202e-13
  8866.500  2.08091e-13
  8867.000  2.07979e-13
  8867.500  2.07868e-13
  8868.000  2.07756e-13
  8868.500  2.07645e-13
  8869.000  2.07533e-13
  8869.500  2.07422e-13
  8870.000  2.07311e-13
  8870.500  2.07439e-13
  8871.000  2.07568e-13
  8871.500  2.07696e-13
  8872.000  2.07824e-13
  8872.500  2.07953e-13
  8873.000  2.08081e-13
  8873.500  2.08209e-13
  8874.000  2.08338e-13
  8874.500  2.08466e-13
  8875.000  2.08594e-13
  8875.500  2.08723e-13
  8876.000  2.08851e-13
  8876.500  2.08979e-13
  8877.000  2.09107e-13
  8877.500  2.09236e-13
  8878.000  2.09364e-13
  8878.500  2.09492e-13
  8879.000  2.09621e-13
  8879.500  2.09749e-13
  8880.000  2.09877e-13
  8880.500  2.10006e-13
  8881.000  2.10134e-13
  8881.500  2.10262e-13
  8882.000  2.10390e-13
  8882.500  2.10519e-13
  8883.000  2.10647e-13
  8883.500  2.10776e-13
  8884.000  2.10904e-13
  8884.500  2.11032e-13
  8885.000  2.11160e-13
  8885.500  2.11289e-13
  8886.000  2.11417e-13
  8886.500  2.11545e-13
  8887.000  2.11674e-13
  8887.500  2.11802e-13
  8888.000  2.11930e-13
  8888.500  2.12059e-13
  8889.000  2.12187e-13
  8889.500  2.12315e-13
  8890.000  2.12443e-13
  8890.500  2.12467e-13
  8891.000  2.12491e-13
  8891.500  2.12515e-13
  8892.000  2.12539e-13
  8892.500  2.12563e-13
  8893.000  2.12587e-13
  8893.500  2.12611e-13
  8894.000  2.12635e-13
  8894.500  2.12659e-13
  8895.000  2.12683e-13
  8895.500  2.12707e-13
  8896.000  2.12731e-13
  8896.500  2.12755e-13
  8897.000  2.12778e-13
  8897.500  2.12802e-13
  8898.000  2.12826e-13
  8898.500  2.12850e-13
  8899.000  2.12874e-13
  8899.500  2.12898e-13
  8900.000  2.12922e-13
  8900.500  2.12946e-13
  8901.000  2.12970e-13
  8901.500  2.12994e-13
  8902.000  2.13018e-13
  8902.500  2.13042e-13
  8903.000  2.13066e-13
  8903.500  2.13089e-13
  8904.000  2.13113e-13
  8904.500  2.13137e-13
  8905.000  2.13161e-13
  8905.500  2.13185e-13
  8906.000  2.13209e-13
  8906.500  2.13233e-13
  8907.000  2.13257e-13
  8907.500  2.13281e-13
  8908.000  2.13305e-13
  8908.500  2.13329e-13
  8909.000  2.13353e-13
  8909.500  2.13377e-13
  8910.000  2.13400e-13
  8910.500  2.13300e-13
  8911.000  2.13201e-13
  8911.500  2.13101e-13
  8912.000  2.13001e-13
  8912.500  2.12902e-13
  8913.000  2.12802e-13
  8913.500  2.12702e-13
  8914.000  2.12603e-13
  8914.500  2.12503e-13
  8915.000  2.12403e-13
  8915.500  2.12304e-13
  8916.000  2.12204e-13
  8916.500  2.12105e-13
  8917.000  2.12005e-13
  8917.500  2.11905e-13
  8918.000  2.11805e-13
  8918.500  2.11706e-13
  8919.000  2.11606e-13
  8919.500  2.11506e-13
  8920.000  2.11407e-13
  8920.500  2.11307e-13
  8921.000  2.11207e-13
  8921.500  2.11108e-13
  8922.000  2.11008e-13
  8922.500  2.10909e-13
  8923.000  2.10809e-13
  8923.500  2.10709e-13
  8924.000  2.10610e-13
  8924.500  2.10510e-13
  8925.000  2.10410e-13
  8925.500  2.10311e-13
  8926.000  2.10211e-13
  8926.500  2.10111e-13
  8927.000  2.10012e-13
  8927.500  2.09912e-13
  8928.000  2.09812e-13
  8928.500  2.09712e-13
  8929.000  2.09613e-13
  8929.500  2.09513e-13
  8930.000  2.09414e-13
  8930.500  2.09404e-13
  8931.000  2.09394e-13
  8931.500  2.09385e-13
  8932.000  2.09375e-13
  8932.500  2.09365e-13
  8933.000  2.09355e-13
  8933.500  2.09345e-13
  8934.000  2.09336e-13
  8934.500  2.09326e-13
  8935.000  2.09316e-13
  8935.500  2.09306e-13
  8936.000  2.09296e-13
  8936.500  2.09287e-13
  8937.000  2.09277e-13
  8937.500  2.09267e-13
  8938.000  2.09257e-13
  8938.500  2.09248e-13
  8939.000  2.09238e-13
  8939.500  2.09228e-13
  8940.000  2.09218e-13
  8940.500  2.09208e-13
  8941.000  2.09199e-13
  8941.500  2.09189e-13
  8942.000  2.09179e-13
  8942.500  2.09169e-13
  8943.000  2.09159e-13
  8943.500  2.09150e-13
  8944.000  2.09140e-13
  8944.500  2.09130e-13
  8945.000  2.09120e-13
  8945.500  2.09110e-13
  8946.000  2.09101e-13
  8946.500  2.09091e-13
  8947.000  2.09081e-13
  8947.500  2.09071e-13
  8948.000  2.09062e-13
  8948.500  2.09052e-13
  8949.000  2.09042e-13
  8949.500  2.09032e-13
  8950.000  2.09022e-13
  8950.500  2.09031e-13
  8951.000  2.09040e-13
  8951.500  2.09049e-13
  8952.000  2.09057e-13
  8952.500  2.09066e-13
  8953.000  2.09075e-13
  8953.500  2.09083e-13
  8954.000  2.09092e-13
  8954.500  2.09101e-13
  8955.000  2.09110e-13
  8955.500  2.09118e-13
  8956.000  2.09127e-13
  8956.500  2.09136e-13
  8957.000  2.09145e-13
  8957.500  2.09153e-13
  8958.000  2.09162e-13
  8958.500  2.09170e-13
  8959.000  2.09179e-13
  8959.500  2.09188e-13
  8960.000  2.09197e-13
  8960.500  2.09205e-13
  8961.000  2.09214e-13
  8961.500  2.09223e-13
  8962.000  2.09232e-13
  8962.500  2.09240e-13
  8963.000  2.09249e-13
  8963.500  2.09258e-13
  8964.000  2.09266e-13
  8964.500  2.09275e-13
  8965.000  2.09284e-13
  8965.500  2.09293e-13
  8966.000  2.09301e-13
  8966.500  2.09310e-13
  8967.000  2.09319e-13
  8967.500  2.09327e-13
  8968.000  2.09336e-13
  8968.500  2.09345e-13
  8969.000  2.09353e-13
  8969.500  2.09362e-13
  8970.000  2.09371e-13
  8970.500  2.09376e-13
  8971.000  2.09380e-13
  8971.500  2.09385e-13
  8972.000  2.09390e-13
  8972.500  2.09394e-13
  8973.000  2.09399e-13
  8973.500  2.09404e-13
  8974.000  2.09409e-13
  8974.500  2.09414e-13
  8975.000  2.09418e-13
  8975.500  2.09423e-13
  8976.000  2.09428e-13
  8976.500  2.09433e-13
  8977.000  2.09438e-13
  8977.500  2.09442e-13
  8978.000  2.09447e-13
  8978.500  2.09452e-13
  8979.000  2.09456e-13
  8979.500  2.09461e-13
  8980.000  2.09466e-13
  8980.500  2.09471e-13
  8981.000  2.09475e-13
  8981.500  2.09480e-13
  8982.000  2.09485e-13
  8982.500  2.09490e-13
  8983.000  2.09495e-13
  8983.500  2.09499e-13
  8984.000  2.09504e-13
  8984.500  2.09509e-13
  8985.000  2.09513e-13
  8985.500  2.09518e-13
  8986.000  2.09523e-13
  8986.500  2.09528e-13
  8987.000  2.09533e-13
  8987.500  2.09537e-13
  8988.000  2.09542e-13
  8988.500  2.09547e-13
  8989.000  2.09552e-13
  8989.500  2.09556e-13
  8990.000  2.09561e-13
  8990.500  2.09352e-13
  8991.000  2.09143e-13
  8991.500  2.08934e-13
  8992.000  2.08725e-13
  8992.500  2.08517e-13
  8993.000  2.08308e-13
  8993.500  2.08099e-13
  8994.000  2.07890e-13
  8994.500  2.07681e-13
  8995.000  2.07473e-13
  8995.500  2.07264e-13
  8996.000  2.07055e-13
  8996.500  2.06846e-13
  8997.000  2.06637e-13
  8997.500  2.06428e-13
  8998.000  2.06220e-13
  8998.500  2.06011e-13
  8999.000  2.05802e-13
  8999.500  2.05593e-13
  9000.000  2.05384e-13
  9000.500  2.05176e-13
  9001.000  2.04967e-13
  9001.500  2.04758e-13
  9002.000  2.04549e-13
  9002.500  2.04340e-13
  9003.000  2.04132e-13
  9003.500  2.03923e-13
  9004.000  2.03714e-13
  9004.500  2.03505e-13
  9005.000  2.03296e-13
  9005.500  2.03087e-13
  9006.000  2.02879e-13
  9006.500  2.02670e-13
  9007.000  2.02461e-13
  9007.500  2.02252e-13
  9008.000  2.02043e-13
  9008.500  2.01835e-13
  9009.000  2.01626e-13
  9009.500  2.01417e-13
  9010.000  2.01210e-13
  9010.500  2.01342e-13
  9011.000  2.01475e-13
  9011.500  2.01608e-13
  9012.000  2.01740e-13
  9012.500  2.01873e-13
  9013.000  2.02006e-13
  9013.500  2.02139e-13
  9014.000  2.02271e-13
  9014.500  2.02404e-13
  9015.000  2.02537e-13
  9015.500  2.02669e-13
  9016.000  2.02802e-13
  9016.500  2.02935e-13
  9017.000  2.03068e-13
  9017.500  2.03200e-13
  9018.000  2.03333e-13
  9018.500  2.03466e-13
  9019.000  2.05662e-13
  9019.500  2.05937e-13
  9020.000  2.06221e-13
  9020.500  2.06514e-13
  9021.000  2.06815e-13
  9021.500  2.07126e-13
  9022.000  2.07447e-13
  9022.500  2.07778e-13
  9023.000  2.08119e-13
  9023.500  2.08472e-13
  9024.000  2.08836e-13
  9024.500  2.09211e-13
  9025.000  2.09599e-13
  9025.500  2.09999e-13
  9026.000  2.10412e-13
  9026.500  2.10838e-13
  9027.000  2.11278e-13
  9027.500  2.11732e-13
  9028.000  2.12200e-13
  9028.500  2.12683e-13
  9029.000  2.13181e-13
  9029.500  2.13694e-13
  9030.000  2.14223e-13
  9030.500  2.14739e-13
  9031.000  2.15270e-13
  9031.500  2.15819e-13
  9032.000  2.16384e-13
  9032.500  2.16966e-13
  9033.000  2.17566e-13
  9033.500  2.18183e-13
  9034.000  2.18818e-13
  9034.500  2.19470e-13
  9035.000  2.20140e-13
  9035.500  2.20829e-13
  9036.000  2.21535e-13
  9036.500  2.22258e-13
  9037.000  2.23000e-13
  9037.500  2.23760e-13
  9038.000  2.24537e-13
  9038.500  2.25332e-13
  9039.000  2.26144e-13
  9039.500  2.26972e-13
  9040.000  2.27818e-13
  9040.500  2.28680e-13
  9041.000  2.29558e-13
  9041.500  2.30451e-13
  9042.000  2.31360e-13
  9042.500  2.32282e-13
  9043.000  2.33219e-13
  9043.500  2.34169e-13
  9044.000  2.35132e-13
  9044.500  2.36106e-13
  9045.000  2.37091e-13
  9045.500  2.38086e-13
  9046.000  2.39091e-13
  9046.500  2.40104e-13
  9047.000  2.41124e-13
  9047.500  2.42151e-13
  9048.000  2.43183e-13
  9048.500  2.44219e-13
  9049.000  2.45258e-13
  9049.500  2.46298e-13
  9050.000  2.47339e-13
  9050.500  2.48239e-13
  9051.000  2.49137e-13
  9051.500  2.50032e-13
  9052.000  2.50922e-13
  9052.500  2.51805e-13
  9053.000  2.52682e-13
  9053.500  2.53549e-13
  9054.000  2.54406e-13
  9054.500  2.55251e-13
  9055.000  2.56084e-13
  9055.500  2.56901e-13
  9056.000  2.57703e-13
  9056.500  2.58487e-13
  9057.000  2.59252e-13
  9057.500  2.59997e-13
  9058.000  2.60720e-13
  9058.500  2.61420e-13
  9059.000  2.62096e-13
  9059.500  2.62746e-13
  9060.000  2.63370e-13
  9060.500  2.63965e-13
  9061.000  2.64530e-13
  9061.500  2.65066e-13
  9062.000  2.65569e-13
  9062.500  2.66040e-13
  9063.000  2.66477e-13
  9063.500  2.66880e-13
  9064.000  2.67247e-13
  9064.500  2.67578e-13
  9065.000  2.67872e-13
  9065.500  2.68129e-13
  9066.000  2.68347e-13
  9066.500  2.68527e-13
  9067.000  2.68667e-13
  9067.500  2.68768e-13
  9068.000  2.68830e-13
  9068.500  2.68851e-13
  9069.000  2.68832e-13
  9069.500  2.68773e-13
  9070.000  2.68673e-13
  9070.500  2.68430e-13
  9071.000  2.68147e-13
  9071.500  2.67825e-13
  9072.000  2.67463e-13
  9072.500  2.67063e-13
  9073.000  2.66625e-13
  9073.500  2.66149e-13
  9074.000  2.65636e-13
  9074.500  2.65087e-13
  9075.000  2.64503e-13
  9075.500  2.63884e-13
  9076.000  2.63232e-13
  9076.500  2.62547e-13
  9077.000  2.61830e-13
  9077.500  2.61083e-13
  9078.000  2.60307e-13
  9078.500  2.59502e-13
  9079.000  2.58671e-13
  9079.500  2.57815e-13
  9080.000  2.56933e-13
  9080.500  2.56029e-13
  9081.000  2.55104e-13
  9081.500  2.54158e-13
  9082.000  2.53193e-13
  9082.500  2.52211e-13
  9083.000  2.51214e-13
  9083.500  2.50201e-13
  9084.000  2.49176e-13
  9084.500  2.48139e-13
  9085.000  2.47091e-13
  9085.500  2.46035e-13
  9086.000  2.44972e-13
  9086.500  2.43902e-13
  9087.000  2.42828e-13
  9087.500  2.41751e-13
  9088.000  2.40671e-13
  9088.500  2.39591e-13
  9089.000  2.38512e-13
  9089.500  2.37435e-13
  9090.000  2.36361e-13
  9090.500  2.35467e-13
  9091.000  2.34579e-13
  9091.500  2.33697e-13
  9092.000  2.32822e-13
  9092.500  2.31956e-13
  9093.000  2.31099e-13
  9093.500  2.30252e-13
  9094.000  2.29416e-13
  9094.500  2.28593e-13
  9095.000  2.27781e-13
  9095.500  2.26983e-13
  9096.000  2.26199e-13
  9096.500  2.25430e-13
  9097.000  2.24675e-13
  9097.500  2.23936e-13
  9098.000  2.23213e-13
  9098.500  2.22507e-13
  9099.000  2.21817e-13
  9099.500  2.21144e-13
  9100.000  2.20488e-13
  9100.500  2.19850e-13
  9101.000  2.19230e-13
  9101.500  2.18627e-13
  9102.000  2.18042e-13
  9102.500  2.17475e-13
  9103.000  2.16926e-13
  9103.500  2.16395e-13
  9104.000  2.15882e-13
  9104.500  2.15386e-13
  9105.000  2.14908e-13
  9105.500  2.14447e-13
  9106.000  2.14004e-13
  9106.500  2.13578e-13
  9107.000  2.13168e-13
  9107.500  2.12775e-13
  9108.000  2.12399e-13
  9108.500  2.12038e-13
  9109.000  2.11693e-13
  9109.500  2.11364e-13
  9110.000  2.11050e-13
  9110.500  2.10787e-13
  9111.000  2.10539e-13
  9111.500  2.10305e-13
  9112.000  2.10085e-13
  9112.500  2.09877e-13
  9113.000  2.09683e-13
  9113.500  2.09501e-13
  9114.000  2.09331e-13
  9114.500  2.09173e-13
  9115.000  2.09026e-13
  9115.500  2.08890e-13
  9116.000  2.08765e-13
  9116.500  2.08649e-13
  9117.000  2.08544e-13
  9117.500  2.08447e-13
  9118.000  2.08360e-13
  9118.500  2.08282e-13
  9119.000  2.08211e-13
  9119.500  2.06230e-13
  9120.000  2.06302e-13
  9120.500  2.06374e-13
  9121.000  2.06446e-13
  9121.500  2.06518e-13
  9122.000  2.06590e-13
  9122.500  2.06662e-13
  9123.000  2.06734e-13
  9123.500  2.06806e-13
  9124.000  2.06879e-13
  9124.500  2.06951e-13
  9125.000  2.07023e-13
  9125.500  2.07095e-13
  9126.000  2.07167e-13
  9126.500  2.07239e-13
  9127.000  2.07311e-13
  9127.500  2.07383e-13
  9128.000  2.07455e-13
  9128.500  2.07527e-13
  9129.000  2.07599e-13
  9129.500  2.07671e-13
  9130.000  2.07743e-13
  9130.500  2.07714e-13
  9131.000  2.07685e-13
  9131.500  2.07656e-13
  9132.000  2.07627e-13
  9132.500  2.07597e-13
  9133.000  2.07568e-13
  9133.500  2.07539e-13
  9134.000  2.07510e-13
  9134.500  2.07481e-13
  9135.000  2.07452e-13
  9135.500  2.07423e-13
  9136.000  2.07394e-13
  9136.500  2.07365e-13
  9137.000  2.07336e-13
  9137.500  2.07307e-13
  9138.000  2.07278e-13
  9138.500  2.07249e-13
  9139.000  2.07219e-13
  9139.500  2.07190e-13
  9140.000  2.07161e-13
  9140.500  2.07132e-13
  9141.000  2.07103e-13
  9141.500  2.07074e-13
  9142.000  2.07045e-13
  9142.500  2.07016e-13
  9143.000  2.06987e-13
  9143.500  2.06958e-13
  9144.000  2.06929e-13
  9144.500  2.06899e-13
  9145.000  2.06870e-13
  9145.500  2.06841e-13
  9146.000  2.06812e-13
  9146.500  2.06783e-13
  9147.000  2.06754e-13
  9147.500  2.06725e-13
  9148.000  2.06696e-13
  9148.500  2.06667e-13
  9149.000  2.06638e-13
  9149.500  2.06609e-13
  9150.000  2.06580e-13
  9150.500  2.06570e-13
  9151.000  2.06561e-13
  9151.500  2.06551e-13
  9152.000  2.06542e-13
  9152.500  2.06532e-13
  9153.000  2.06523e-13
  9153.500  2.06513e-13
  9154.000  2.06504e-13
  9154.500  2.06494e-13
  9155.000  2.06485e-13
  9155.500  2.06475e-13
  9156.000  2.06466e-13
  9156.500  2.06457e-13
  9157.000  2.06447e-13
  9157.500  2.06438e-13
  9158.000  2.06428e-13
  9158.500  2.06419e-13
  9159.000  2.06409e-13
  9159.500  2.06400e-13
  9160.000  2.06390e-13
  9160.500  2.06381e-13
  9161.000  2.06371e-13
  9161.500  2.06362e-13
  9162.000  2.06352e-13
  9162.500  2.06343e-13
  9163.000  2.06333e-13
  9163.500  2.06324e-13
  9164.000  2.06315e-13
  9164.500  2.06305e-13
  9165.000  2.06296e-13
  9165.500  2.06286e-13
  9166.000  2.06277e-13
  9166.500  2.06267e-13
  9167.000  2.06258e-13
  9167.500  2.06248e-13
  9168.000  2.06239e-13
  9168.500  2.06229e-13
  9169.000  2.06220e-13
  9169.500  2.06210e-13
  9170.000  2.06201e-13
  9170.500  2.06238e-13
  9171.000  2.06275e-13
  9171.500  2.06312e-13
  9172.000  2.06349e-13
  9172.500  2.06386e-13
  9173.000  2.06424e-13
  9173.500  2.06461e-13
  9174.000  2.06498e-13
  9174.500  2.06535e-13
  9175.000  2.06572e-13
  9175.500  2.06609e-13
  9176.000  2.06646e-13
  9176.500  2.06683e-13
  9177.000  2.06720e-13
  9177.500  2.06757e-13
  9178.000  2.06794e-13
  9178.500  2.06832e-13
  9179.000  2.06869e-13
  9179.500  2.06906e-13
  9180.000  2.06943e-13
  9180.500  2.06980e-13
  9181.000  2.07017e-13
  9181.500  2.07054e-13
  9182.000  2.07091e-13
  9182.500  2.07128e-13
  9183.000  2.07165e-13
  9183.500  2.07202e-13
  9184.000  2.07239e-13
  9184.500  2.07277e-13
  9185.000  2.07314e-13
  9185.500  2.07351e-13
  9186.000  2.07388e-13
  9186.500  2.07425e-13
  9187.000  2.07462e-13
  9187.500  2.07499e-13
  9188.000  2.07536e-13
  9188.500  2.07573e-13
  9189.000  2.07610e-13
  9189.500  2.07647e-13
  9190.000  2.07684e-13
  9190.500  2.07564e-13
  9191.000  2.07444e-13
  9191.500  2.07324e-13
  9192.000  2.07204e-13
  9192.500  2.07084e-13
  9193.000  2.06964e-13
  9193.500  2.06845e-13
  9194.000  2.06725e-13
  9194.500  2.06605e-13
  9195.000  2.06485e-13
  9195.500  2.06365e-13
  9196.000  2.06245e-13
  9196.500  2.06125e-13
  9197.000  2.06005e-13
  9197.500  2.05885e-13
  9198.000  2.05765e-13
  9198.500  2.05645e-13
  9199.000  2.05525e-13
  9199.500  2.05405e-13
  9200.000  2.05285e-13
  9200.500  2.05165e-13
  9201.000  2.05045e-13
  9201.500  2.04925e-13
  9202.000  2.04805e-13
  9202.500  2.04685e-13
  9203.000  2.04565e-13
  9203.500  2.04445e-13
  9204.000  2.04325e-13
  9204.500  2.04205e-13
  9205.000  2.04085e-13
  9205.500  2.03965e-13
  9206.000  2.03845e-13
  9206.500  2.03726e-13
  9207.000  2.03606e-13
  9207.500  2.03486e-13
  9208.000  2.03366e-13
  9208.500  2.03246e-13
  9209.000  2.03126e-13
  9209.500  2.03006e-13
  9210.000  2.02886e-13
  9210.500  2.02837e-13
  9211.000  2.02788e-13
  9211.500  2.02739e-13
  9212.000  2.02690e-13
  9212.500  2.02641e-13
  9213.000  2.02592e-13
  9213.500  2.02543e-13
  9214.000  2.02493e-13
  9214.500  2.02444e-13
  9215.000  2.02395e-13
  9215.500  2.02346e-13
  9216.000  2.02297e-13
  9216.500  2.02248e-13
  9217.000  2.02199e-13
  9217.500  2.02150e-13
  9218.000  2.02101e-13
  9218.500  2.02052e-13
  9219.000  2.02003e-13
  9219.500  2.01954e-13
  9220.000  2.01905e-13
  9220.500  2.01856e-13
  9221.000  2.01807e-13
  9221.500  2.01758e-13
  9222.000  2.01709e-13
  9222.500  2.01659e-13
  9223.000  2.01610e-13
  9223.500  2.01561e-13
  9224.000  2.01512e-13
  9224.500  2.01463e-13
  9225.000  2.01414e-13
  9225.500  2.01365e-13
  9226.000  2.01316e-13
  9226.500  2.01267e-13
  9227.000  2.01218e-13
  9227.500  2.01169e-13
  9228.000  2.01120e-13
  9228.500  2.01071e-13
  9229.000  2.01022e-13
  9229.500  2.00973e-13
  9230.000  2.00924e-13
  9230.500  2.00922e-13
  9231.000  2.00921e-13
  9231.500  2.00920e-13
  9232.000  2.00918e-13
  9232.500  2.00917e-13
  9233.000  2.00916e-13
  9233.500  2.00915e-13
  9234.000  2.00913e-13
  9234.500  2.00912e-13
  9235.000  2.00911e-13
  9235.500  2.00909e-13
  9236.000  2.00908e-13
  9236.500  2.00906e-13
  9237.000  2.00905e-13
  9237.500  2.00904e-13
  9238.000  2.00903e-13
  9238.500  2.00901e-13
  9239.000  2.00900e-13
  9239.500  2.00899e-13
  9240.000  2.00897e-13
  9240.500  2.00896e-13
  9241.000  2.00895e-13
  9241.500  2.00893e-13
  9242.000  2.00892e-13
  9242.500  2.00891e-13
  9243.000  2.00889e-13
  9243.500  2.00888e-13
  9244.000  2.00887e-13
  9244.500  2.00885e-13
  9245.000  2.00884e-13
  9245.500  2.00883e-13
  9246.000  2.00881e-13
  9246.500  2.00880e-13
  9247.000  2.00879e-13
  9247.500  2.00877e-13
  9248.000  2.00876e-13
  9248.500  2.00875e-13
  9249.000  2.00873e-13
  9249.500  2.00872e-13
  9250.000  2.00871e-13
  9250.500  2.00884e-13
  9251.000  2.00896e-13
  9251.500  2.00909e-13
  9252.000  2.00922e-13
  9252.500  2.00934e-13
  9253.000  2.00947e-13
  9253.500  2.00960e-13
  9254.000  2.00973e-13
  9254.500  2.00985e-13
  9255.000  2.00998e-13
  9255.500  2.01011e-13
  9256.000  2.01024e-13
  9256.500  2.01036e-13
  9257.000  2.01049e-13
  9257.500  2.01062e-13
  9258.000  2.01075e-13
  9258.500  2.01087e-13
  9259.000  2.01100e-13
  9259.500  2.01113e-13
  9260.000  2.01126e-13
  9260.500  2.01138e-13
  9261.000  2.01151e-13
  9261.500  2.01164e-13
  9262.000  2.01176e-13
  9262.500  2.01189e-13
  9263.000  2.01202e-13
  9263.500  2.01215e-13
  9264.000  2.01227e-13
  9264.500  2.01240e-13
  9265.000  2.01253e-13
  9265.500  2.01265e-13
  9266.000  2.01278e-13
  9266.500  2.01291e-13
  9267.000  2.01304e-13
  9267.500  2.01316e-13
  9268.000  2.01329e-13
  9268.500  2.01342e-13
  9269.000  2.01355e-13
  9269.500  2.01367e-13
  9270.000  2.01380e-13
  9270.500  2.01363e-13
  9271.000  2.01346e-13
  9271.500  2.01330e-13
  9272.000  2.01313e-13
  9272.500  2.01296e-13
  9273.000  2.01279e-13
  9273.500  2.01263e-13
  9274.000  2.01246e-13
  9274.500  2.01229e-13
  9275.000  2.01212e-13
  9275.500  2.01196e-13
  9276.000  2.01179e-13
  9276.500  2.01162e-13
  9277.000  2.01145e-13
  9277.500  2.01129e-13
  9278.000  2.01112e-13
  9278.500  2.01095e-13
  9279.000  2.01078e-13
  9279.500  2.01061e-13
  9280.000  2.01045e-13
  9280.500  2.01028e-13
  9281.000  2.01011e-13
  9281.500  2.00995e-13
  9282.000  2.00978e-13
  9282.500  2.00961e-13
  9283.000  2.00944e-13
  9283.500  2.00928e-13
  9284.000  2.00911e-13
  9284.500  2.00894e-13
  9285.000  2.00877e-13
  9285.500  2.00861e-13
  9286.000  2.00844e-13
  9286.500  2.00827e-13
  9287.000  2.00810e-13
  9287.500  2.00794e-13
  9288.000  2.00777e-13
  9288.500  2.00760e-13
  9289.000  2.00743e-13
  9289.500  2.00727e-13
  9290.000  2.00710e-13
  9290.500  2.00752e-13
  9291.000  2.00794e-13
  9291.500  2.00837e-13
  9292.000  2.00879e-13
  9292.500  2.00921e-13
  9293.000  2.00963e-13
  9293.500  2.01006e-13
  9294.000  2.01048e-13
  9294.500  2.01090e-13
  9295.000  2.01132e-13
  9295.500  2.01175e-13
  9296.000  2.01217e-13
  9296.500  2.01259e-13
  9297.000  2.01301e-13
  9297.500  2.01343e-13
  9298.000  2.01386e-13
  9298.500  2.01428e-13
  9299.000  2.01470e-13
  9299.500  2.01512e-13
  9300.000  2.01555e-13
  9300.500  2.01597e-13
  9301.000  2.01639e-13
  9301.500  2.01681e-13
  9302.000  2.01724e-13
  9302.500  2.01766e-13
  9303.000  2.01808e-13
  9303.500  2.01850e-13
  9304.000  2.01893e-13
  9304.500  2.01935e-13
  9305.000  2.01977e-13
  9305.500  2.02019e-13
  9306.000  2.02061e-13
  9306.500  2.02103e-13
  9307.000  2.02146e-13
  9307.500  2.02188e-13
  9308.000  2.02230e-13
  9308.500  2.02272e-13
  9309.000  2.02315e-13
  9309.500  2.02357e-13
  9310.000  2.02399e-13
  9310.500  2.02375e-13
  9311.000  2.02350e-13
  9311.500  2.02326e-13
  9312.000  2.02301e-13
  9312.500  2.02277e-13
  9313.000  2.02253e-13
  9313.500  2.02228e-13
  9314.000  2.02204e-13
  9314.500  2.02179e-13
  9315.000  2.02155e-13
  9315.500  2.02131e-13
  9316.000  2.02106e-13
  9316.500  2.02082e-13
  9317.000  2.02057e-13
  9317.500  2.02033e-13
  9318.000  2.02009e-13
  9318.500  2.01984e-13
  9319.000  2.01960e-13
  9319.500  2.01935e-13
  9320.000  2.01911e-13
  9320.500  2.01887e-13
  9321.000  2.01862e-13
  9321.500  2.01838e-13
  9322.000  2.01813e-13
  9322.500  2.01789e-13
  9323.000  2.01765e-13
  9323.500  2.01740e-13
  9324.000  2.01716e-13
  9324.500  2.01691e-13
  9325.000  2.01667e-13
  9325.500  2.01643e-13
  9326.000  2.01618e-13
  9326.500  2.01594e-13
  9327.000  2.01569e-13
  9327.500  2.01545e-13
  9328.000  2.01520e-13
  9328.500  2.01496e-13
  9329.000  2.01472e-13
  9329.500  2.01447e-13
  9330.000  2.01423e-13
  9330.500  2.01400e-13
  9331.000  2.01377e-13
  9331.500  2.01354e-13
  9332.000  2.01330e-13
  9332.500  2.01307e-13
  9333.000  2.01284e-13
  9333.500  2.01261e-13
  9334.000  2.01238e-13
  9334.500  2.01215e-13
  9335.000  2.01192e-13
  9335.500  2.01169e-13
  9336.000  2.01146e-13
  9336.500  2.01123e-13
  9337.000  2.01100e-13
  9337.500  2.01077e-13
  9338.000  2.01054e-13
  9338.500  2.01031e-13
  9339.000  2.01008e-13
  9339.500  2.00985e-13
  9340.000  2.00961e-13
  9340.500  2.00938e-13
  9341.000  2.00915e-13
  9341.500  2.00892e-13
  9342.000  2.00869e-13
  9342.500  2.00846e-13
  9343.000  2.00823e-13
  9343.500  2.00800e-13
  9344.000  2.00777e-13
  9344.500  2.00754e-13
  9345.000  2.00731e-13
  9345.500  2.00708e-13
  9346.000  2.00685e-13
  9346.500  2.00662e-13
  9347.000  2.00639e-13
  9347.500  2.00615e-13
  9348.000  2.00593e-13
  9348.500  2.00569e-13
  9349.000  2.00546e-13
  9349.500  2.00523e-13
  9350.000  2.00500e-13
  9350.500  2.00434e-13
  9351.000  2.00368e-13
  9351.500  2.00302e-13
  9352.000  2.00236e-13
  9352.500  2.00171e-13
  9353.000  2.00105e-13
  9353.500  2.00039e-13
  9354.000  1.99973e-13
  9354.500  1.99907e-13
  9355.000  1.99841e-13
  9355.500  1.99775e-13
  9356.000  1.99709e-13
  9356.500  1.99643e-13
  9357.000  1.99577e-13
  9357.500  1.99511e-13
  9358.000  1.99445e-13
  9358.500  1.99379e-13
  9359.000  1.99313e-13
  9359.500  1.99248e-13
  9360.000  1.99182e-13
  9360.500  1.99116e-13
  9361.000  1.99050e-13
  9361.500  1.98984e-13
  9362.000  1.98918e-13
  9362.500  1.98852e-13
  9363.000  1.98786e-13
  9363.500  1.98720e-13
  9364.000  1.98655e-13
  9364.500  1.98589e-13
  9365.000  1.98523e-13
  9365.500  1.98457e-13
  9366.000  1.98391e-13
  9366.500  1.98325e-13
  9367.000  1.98259e-13
  9367.500  1.98193e-13
  9368.000  1.98127e-13
  9368.500  1.98061e-13
  9369.000  1.97995e-13
  9369.500  1.97929e-13
  9370.000  1.97864e-13
  9370.500  1.97916e-13
  9371.000  1.97969e-13
  9371.500  1.98022e-13
  9372.000  1.98075e-13
  9372.500  1.98128e-13
  9373.000  1.98181e-13
  9373.500  1.98233e-13
  9374.000  1.98286e-13
  9374.500  1.98339e-13
  9375.000  1.98392e-13
  9375.500  1.98445e-13
  9376.000  1.98497e-13
  9376.500  1.98550e-13
  9377.000  1.98603e-13
  9377.500  1.98656e-13
  9378.000  1.98709e-13
  9378.500  1.98762e-13
  9379.000  1.98814e-13
  9379.500  1.98867e-13
  9380.000  1.98920e-13
  9380.500  1.98973e-13
  9381.000  1.99026e-13
  9381.500  1.99079e-13
  9382.000  1.99131e-13
  9382.500  1.99184e-13
  9383.000  1.99237e-13
  9383.500  1.99290e-13
  9384.000  1.99343e-13
  9384.500  1.99395e-13
  9385.000  1.99448e-13
  9385.500  1.99501e-13
  9386.000  1.99554e-13
  9386.500  1.99607e-13
  9387.000  1.99659e-13
  9387.500  1.99712e-13
  9388.000  1.99765e-13
  9388.500  1.99818e-13
  9389.000  1.99871e-13
  9389.500  1.99924e-13
  9390.000  1.99977e-13
  9390.500  1.99865e-13
  9391.000  1.99754e-13
  9391.500  1.99643e-13
  9392.000  1.99533e-13
  9392.500  1.99422e-13
  9393.000  1.99310e-13
  9393.500  1.99199e-13
  9394.000  1.99089e-13
  9394.500  1.98978e-13
  9395.000  1.98866e-13
  9395.500  1.98755e-13
  9396.000  1.98645e-13
  9396.500  1.98534e-13
  9397.000  1.98423e-13
  9397.500  1.98312e-13
  9398.000  1.98201e-13
  9398.500  1.98090e-13
  9399.000  1.97979e-13
  9399.500  1.97868e-13
  9400.000  1.97757e-13
  9400.500  1.97646e-13
  9401.000  1.97535e-13
  9401.500  1.97424e-13
  9402.000  1.97313e-13
  9402.500  1.97202e-13
  9403.000  1.97091e-13
  9403.500  1.96980e-13
  9404.000  1.96869e-13
  9404.500  1.96758e-13
  9405.000  1.96647e-13
  9405.500  1.96536e-13
  9406.000  1.96425e-13
  9406.500  1.96314e-13
  9407.000  1.96203e-13
  9407.500  1.96092e-13
  9408.000  1.95981e-13
  9408.500  1.95870e-13
  9409.000  1.95759e-13
  9409.500  1.95648e-13
  9410.000  1.95538e-13
  9410.500  1.95631e-13
  9411.000  1.95724e-13
  9411.500  1.95817e-13
  9412.000  1.95910e-13
  9412.500  1.96003e-13
  9413.000  1.96096e-13
  9413.500  1.96189e-13
  9414.000  1.96282e-13
  9414.500  1.96375e-13
  9415.000  1.96468e-13
  9415.500  1.96561e-13
  9416.000  1.96654e-13
  9416.500  1.96747e-13
  9417.000  1.96840e-13
  9417.500  1.96934e-13
  9418.000  1.97027e-13
  9418.500  1.97120e-13
  9419.000  1.97213e-13
  9419.500  1.97306e-13
  9420.000  1.97399e-13
  9420.500  1.97492e-13
  9421.000  1.97585e-13
  9421.500  1.97678e-13
  9422.000  1.97771e-13
  9422.500  1.97864e-13
  9423.000  1.97957e-13
  9423.500  1.98050e-13
  9424.000  1.98143e-13
  9424.500  1.98236e-13
  9425.000  1.98330e-13
  9425.500  1.98423e-13
  9426.000  1.98516e-13
  9426.500  1.98609e-13
  9427.000  1.98702e-13
  9427.500  1.98795e-13
  9428.000  1.98888e-13
  9428.500  1.98981e-13
  9429.000  1.99074e-13
  9429.500  1.99167e-13
  9430.000  1.99259e-13
  9430.500  1.99170e-13
  9431.000  1.99080e-13
  9431.500  1.98990e-13
  9432.000  1.98901e-13
  9432.500  1.98811e-13
  9433.000  1.98722e-13
  9433.500  1.98632e-13
  9434.000  1.98542e-13
  9434.500  1.98453e-13
  9435.000  1.98363e-13
  9435.500  1.98273e-13
  9436.000  1.98184e-13
  9436.500  1.98094e-13
  9437.000  1.98005e-13
  9437.500  1.97915e-13
  9438.000  1.97826e-13
  9438.500  1.97736e-13
  9439.000  1.97646e-13
  9439.500  1.97557e-13
  9440.000  1.97467e-13
  9440.500  1.97377e-13
  9441.000  1.97288e-13
  9441.500  1.97198e-13
  9442.000  1.97109e-13
  9442.500  1.97019e-13
  9443.000  1.96929e-13
  9443.500  1.96840e-13
  9444.000  1.96750e-13
  9444.500  1.96660e-13
  9445.000  1.96571e-13
  9445.500  1.96481e-13
  9446.000  1.96392e-13
  9446.500  1.96302e-13
  9447.000  1.96213e-13
  9447.500  1.96123e-13
  9448.000  1.96033e-13
  9448.500  1.95944e-13
  9449.000  1.95854e-13
  9449.500  1.95764e-13
  9450.000  1.95675e-13
  9450.500  1.95753e-13
  9451.000  1.95831e-13
  9451.500  1.95909e-13
  9452.000  1.95987e-13
  9452.500  1.96065e-13
  9453.000  1.96143e-13
  9453.500  1.96221e-13
  9454.000  1.96299e-13
  9454.500  1.96377e-13
  9455.000  1.96455e-13
  9455.500  1.96533e-13
  9456.000  1.96611e-13
  9456.500  1.96689e-13
  9457.000  1.96767e-13
  9457.500  1.96845e-13
  9458.000  1.96923e-13
  9458.500  1.97001e-13
  9459.000  1.97079e-13
  9459.500  1.97157e-13
  9460.000  1.97235e-13
  9460.500  1.97313e-13
  9461.000  1.97391e-13
  9461.500  1.97469e-13
  9462.000  1.97547e-13
  9462.500  1.97625e-13
  9463.000  1.97703e-13
  9463.500  1.97781e-13
  9464.000  1.97859e-13
  9464.500  1.97937e-13
  9465.000  1.98015e-13
  9465.500  1.98093e-13
  9466.000  1.98171e-13
  9466.500  1.98249e-13
  9467.000  1.98327e-13
  9467.500  1.98405e-13
  9468.000  1.98483e-13
  9468.500  1.98561e-13
  9469.000  1.98639e-13
  9469.500  1.98717e-13
  9470.000  1.98795e-13
  9470.500  1.98800e-13
  9471.000  1.98804e-13
  9471.500  1.98808e-13
  9472.000  1.98812e-13
  9472.500  1.98816e-13
  9473.000  1.98820e-13
  9473.500  1.98824e-13
  9474.000  1.98829e-13
  9474.500  1.98833e-13
  9475.000  1.98837e-13
  9475.500  1.98841e-13
  9476.000  1.98845e-13
  9476.500  1.98850e-13
  9477.000  1.98854e-13
  9477.500  1.98858e-13
  9478.000  1.98862e-13
  9478.500  1.98866e-13
  9479.000  1.98871e-13
  9479.500  1.98875e-13
  9480.000  1.98879e-13
  9480.500  1.98883e-13
  9481.000  1.98887e-13
  9481.500  1.98891e-13
  9482.000  2.05484e-13
  9482.500  2.05900e-13
  9483.000  2.06337e-13
  9483.500  2.06796e-13
  9484.000  2.07278e-13
  9484.500  2.07783e-13
  9485.000  2.08313e-13
  9485.500  2.08868e-13
  9486.000  2.09448e-13
  9486.500  2.10055e-13
  9487.000  2.10690e-13
  9487.500  2.11353e-13
  9488.000  2.12044e-13
  9488.500  2.12766e-13
  9489.000  2.13517e-13
  9489.500  2.14300e-13
  9490.000  2.15115e-13
  9490.500  2.15922e-13
  9491.000  2.16762e-13
  9491.500  2.17636e-13
  9492.000  2.18545e-13
  9492.500  2.19488e-13
  9493.000  2.20467e-13
  9493.500  2.21481e-13
  9494.000  2.22531e-13
  9494.500  2.23619e-13
  9495.000  2.24742e-13
  9495.500  2.25904e-13
  9496.000  2.27102e-13
  9496.500  2.28338e-13
  9497.000  2.29612e-13
  9497.500  2.30924e-13
  9498.000  2.32273e-13
  9498.500  2.33659e-13
  9499.000  2.35083e-13
  9499.500  2.36544e-13
  9500.000  2.38041e-13
  9500.500  2.39574e-13
  9501.000  2.41144e-13
  9501.500  2.42748e-13
  9502.000  2.44387e-13
  9502.500  2.46059e-13
  9503.000  2.47764e-13
  9503.500  2.49501e-13
  9504.000  2.51269e-13
  9504.500  2.53066e-13
  9505.000  2.54891e-13
  9505.500  2.56744e-13
  9506.000  2.58621e-13
  9506.500  2.60523e-13
  9507.000  2.62447e-13
  9507.500  2.64391e-13
  9508.000  2.66354e-13
  9508.500  2.68335e-13
  9509.000  2.70329e-13
  9509.500  2.72337e-13
  9510.000  2.74355e-13
  9510.500  2.76397e-13
  9511.000  2.78444e-13
  9511.500  2.80495e-13
  9512.000  2.82547e-13
  9512.500  2.84598e-13
  9513.000  2.86644e-13
  9513.500  2.88684e-13
  9514.000  2.90715e-13
  9514.500  2.92734e-13
  9515.000  2.94738e-13
  9515.500  2.96724e-13
  9516.000  2.98690e-13
  9516.500  3.00633e-13
  9517.000  3.02550e-13
  9517.500  3.04437e-13
  9518.000  3.06292e-13
  9518.500  3.08114e-13
  9519.000  3.09896e-13
  9519.500  3.11639e-13
  9520.000  3.13337e-13
  9520.500  3.14992e-13
  9521.000  3.16596e-13
  9521.500  3.18148e-13
  9522.000  3.19647e-13
  9522.500  3.21091e-13
  9523.000  3.22473e-13
  9523.500  3.23795e-13
  9524.000  3.25053e-13
  9524.500  3.26246e-13
  9525.000  3.27370e-13
  9525.500  3.28425e-13
  9526.000  3.29407e-13
  9526.500  3.30316e-13
  9527.000  3.31150e-13
  9527.500  3.31906e-13
  9528.000  3.32584e-13
  9528.500  3.33182e-13
  9529.000  3.33700e-13
  9529.500  3.34137e-13
  9530.000  3.34490e-13
  9530.500  3.34655e-13
  9531.000  3.34737e-13
  9531.500  3.34734e-13
  9532.000  3.34647e-13
  9532.500  3.34476e-13
  9533.000  3.34220e-13
  9533.500  3.33880e-13
  9534.000  3.33456e-13
  9534.500  3.32950e-13
  9535.000  3.32362e-13
  9535.500  3.31691e-13
  9536.000  3.30940e-13
  9536.500  3.30110e-13
  9537.000  3.29201e-13
  9537.500  3.28215e-13
  9538.000  3.27155e-13
  9538.500  3.26020e-13
  9539.000  3.24813e-13
  9539.500  3.23538e-13
  9540.000  3.22193e-13
  9540.500  3.20784e-13
  9541.000  3.19311e-13
  9541.500  3.17776e-13
  9542.000  3.16182e-13
  9542.500  3.14532e-13
  9543.000  3.12829e-13
  9543.500  3.11074e-13
  9544.000  3.09269e-13
  9544.500  3.07421e-13
  9545.000  3.05529e-13
  9545.500  3.03596e-13
  9546.000  3.01625e-13
  9546.500  2.99621e-13
  9547.000  2.97584e-13
  9547.500  2.95519e-13
  9548.000  2.93427e-13
  9548.500  2.91313e-13
  9549.000  2.89178e-13
  9549.500  2.87025e-13
  9550.000  2.84859e-13
  9550.500  2.82863e-13
  9551.000  2.80859e-13
  9551.500  2.78849e-13
  9552.000  2.76834e-13
  9552.500  2.74818e-13
  9553.000  2.72804e-13
  9553.500  2.70793e-13
  9554.000  2.68788e-13
  9554.500  2.66793e-13
  9555.000  2.64807e-13
  9555.500  2.62835e-13
  9556.000  2.60877e-13
  9556.500  2.58937e-13
  9557.000  2.57015e-13
  9557.500  2.55114e-13
  9558.000  2.53236e-13
  9558.500  2.51381e-13
  9559.000  2.49552e-13
  9559.500  2.47750e-13
  9560.000  2.45977e-13
  9560.500  2.44233e-13
  9561.000  2.42520e-13
  9561.500  2.40838e-13
  9562.000  2.39189e-13
  9562.500  2.37574e-13
  9563.000  2.35994e-13
  9563.500  2.34448e-13
  9564.000  2.32939e-13
  9564.500  2.31465e-13
  9565.000  2.30029e-13
  9565.500  2.28629e-13
  9566.000  2.27266e-13
  9566.500  2.25941e-13
  9567.000  2.24654e-13
  9567.500  2.23404e-13
  9568.000  2.22192e-13
  9568.500  2.21018e-13
  9569.000  2.19881e-13
  9569.500  2.18780e-13
  9570.000  2.17717e-13
  9570.500  2.16711e-13
  9571.000  2.15741e-13
  9571.500  2.14807e-13
  9572.000  2.13908e-13
  9572.500  2.13044e-13
  9573.000  2.12214e-13
  9573.500  2.11418e-13
  9574.000  2.10655e-13
  9574.500  2.09924e-13
  9575.000  2.09225e-13
  9575.500  2.08557e-13
  9576.000  2.07920e-13
  9576.500  2.07312e-13
  9577.000  2.06732e-13
  9577.500  2.06181e-13
  9578.000  2.05658e-13
  9578.500  2.05161e-13
  9579.000  2.04689e-13
  9579.500  2.04243e-13
  9580.000  2.03821e-13
  9580.500  2.03423e-13
  9581.000  2.03047e-13
  9581.500  2.02693e-13
  9582.000  2.02360e-13
  9582.500  1.95876e-13
  9583.000  1.95954e-13
  9583.500  1.96031e-13
  9584.000  1.96109e-13
  9584.500  1.96186e-13
  9585.000  1.96264e-13
  9585.500  1.96342e-13
  9586.000  1.96419e-13
  9586.500  1.96497e-13
  9587.000  1.96574e-13
  9587.500  1.96652e-13
  9588.000  1.96730e-13
  9588.500  1.96807e-13
  9589.000  1.96885e-13
  9589.500  1.96962e-13
  9590.000  1.97039e-13
  9590.500  1.96971e-13
  9591.000  1.96903e-13
  9591.500  1.96836e-13
  9592.000  1.96768e-13
  9592.500  1.96700e-13
  9593.000  1.96632e-13
  9593.500  1.96564e-13
  9594.000  1.96496e-13
  9594.500  1.96428e-13
  9595.000  1.96361e-13
  9595.500  1.96293e-13
  9596.000  1.96225e-13
  9596.500  1.96157e-13
  9597.000  1.96089e-13
  9597.500  1.96021e-13
  9598.000  1.95953e-13
  9598.500  1.95885e-13
  9599.000  1.95818e-13
  9599.500  1.95750e-13
  9600.000  1.95682e-13
  9600.500  1.95614e-13
  9601.000  1.95546e-13
  9601.500  1.95478e-13
  9602.000  1.95410e-13
  9602.500  1.95342e-13
  9603.000  1.95274e-13
  9603.500  1.95206e-13
  9604.000  1.95139e-13
  9604.500  1.95071e-13
  9605.000  1.95003e-13
  9605.500  1.94935e-13
  9606.000  1.94867e-13
  9606.500  1.94799e-13
  9607.000  1.94731e-13
  9607.500  1.94664e-13
  9608.000  1.94596e-13
  9608.500  1.94528e-13
  9609.000  1.94460e-13
  9609.500  1.94392e-13
  9610.000  1.94325e-13
  9610.500  1.94331e-13
  9611.000  1.94337e-13
  9611.500  1.94344e-13
  9612.000  1.94350e-13
  9612.500  1.94357e-13
  9613.000  1.94363e-13
  9613.500  1.94369e-13
  9614.000  1.94376e-13
  9614.500  1.94382e-13
  9615.000  1.94389e-13
  9615.500  1.94395e-13
  9616.000  1.94401e-13
  9616.500  1.94408e-13
  9617.000  1.94414e-13
  9617.500  1.94420e-13
  9618.000  1.94427e-13
  9618.500  1.94433e-13
  9619.000  1.94440e-13
  9619.500  1.94446e-13
  9620.000  1.94452e-13
  9620.500  1.94459e-13
  9621.000  1.94465e-13
  9621.500  1.94472e-13
  9622.000  1.94478e-13
  9622.500  1.94484e-13
  9623.000  1.94491e-13
  9623.500  1.94497e-13
  9624.000  1.94504e-13
  9624.500  1.94510e-13
  9625.000  1.94516e-13
  9625.500  1.94523e-13
  9626.000  1.94529e-13
  9626.500  1.94536e-13
  9627.000  1.94542e-13
  9627.500  1.94548e-13
  9628.000  1.94555e-13
  9628.500  1.94561e-13
  9629.000  1.94568e-13
  9629.500  1.94574e-13
  9630.000  1.94580e-13
  9630.500  1.94484e-13
  9631.000  1.94388e-13
  9631.500  1.94291e-13
  9632.000  1.94195e-13
  9632.500  1.94099e-13
  9633.000  1.94003e-13
  9633.500  1.93907e-13
  9634.000  1.93810e-13
  9634.500  1.93714e-13
  9635.000  1.93618e-13
  9635.500  1.93522e-13
  9636.000  1.93425e-13
  9636.500  1.93329e-13
  9637.000  1.93233e-13
  9637.500  1.93137e-13
  9638.000  1.93040e-13
  9638.500  1.92944e-13
  9639.000  1.92848e-13
  9639.500  1.92752e-13
  9640.000  1.92655e-13
  9640.500  1.92559e-13
  9641.000  1.92463e-13
  9641.500  1.92367e-13
  9642.000  1.92270e-13
  9642.500  1.92174e-13
  9643.000  1.92078e-13
  9643.500  1.91982e-13
  9644.000  1.91885e-13
  9644.500  1.91789e-13
  9645.000  1.91693e-13
  9645.500  1.91597e-13
  9646.000  1.91501e-13
  9646.500  1.91404e-13
  9647.000  1.91308e-13
  9647.500  1.91212e-13
  9648.000  1.91115e-13
  9648.500  1.91019e-13
  9649.000  1.90923e-13
  9649.500  1.90827e-13
  9650.000  1.90731e-13
  9650.500  1.90728e-13
  9651.000  1.90725e-13
  9651.500  1.90722e-13
  9652.000  1.90720e-13
  9652.500  1.90717e-13
  9653.000  1.90715e-13
  9653.500  1.90712e-13
  9654.000  1.90709e-13
  9654.500  1.90706e-13
  9655.000  1.90704e-13
  9655.500  1.90701e-13
  9656.000  1.90698e-13
  9656.500  1.90696e-13
  9657.000  1.90693e-13
  9657.500  1.90690e-13
  9658.000  1.90687e-13
  9658.500  1.90685e-13
  9659.000  1.90682e-13
  9659.500  1.90679e-13
  9660.000  1.90677e-13
  9660.500  1.90674e-13
  9661.000  1.90671e-13
  9661.500  1.90668e-13
  9662.000  1.90666e-13
  9662.500  1.90663e-13
  9663.000  1.90661e-13
  9663.500  1.90658e-13
  9664.000  1.90655e-13
  9664.500  1.90652e-13
  9665.000  1.90650e-13
  9665.500  1.90647e-13
  9666.000  1.90644e-13
  9666.500  1.90642e-13
  9667.000  1.90639e-13
  9667.500  1.90636e-13
  9668.000  1.90633e-13
  9668.500  1.90631e-13
  9669.000  1.90628e-13
  9669.500  1.90625e-13
  9670.000  1.90623e-13
  9670.500  1.90693e-13
  9671.000  1.90764e-13
  9671.500  1.90834e-13
  9672.000  1.90904e-13
  9672.500  1.90974e-13
  9673.000  1.91045e-13
  9673.500  1.91115e-13
  9674.000  1.91185e-13
  9674.500  1.91256e-13
  9675.000  1.91326e-13
  9675.500  1.91396e-13
  9676.000  1.91467e-13
  9676.500  1.91537e-13
  9677.000  1.91607e-13
  9677.500  1.91678e-13
  9678.000  1.91748e-13
  9678.500  1.91818e-13
  9679.000  1.91889e-13
  9679.500  1.91959e-13
  9680.000  1.92029e-13
  9680.500  1.92099e-13
  9681.000  1.92170e-13
  9681.500  1.92240e-13
  9682.000  1.92310e-13
  9682.500  1.92381e-13
  9683.000  1.92451e-13
  9683.500  1.92521e-13
  9684.000  1.92592e-13
  9684.500  1.92662e-13
  9685.000  1.92732e-13
  9685.500  1.92803e-13
  9686.000  1.92873e-13
  9686.500  1.92943e-13
  9687.000  1.93013e-13
  9687.500  1.93084e-13
  9688.000  1.93154e-13
  9688.500  1.93224e-13
  9689.000  1.93295e-13
  9689.500  1.93365e-13
  9690.000  1.93435e-13
  9690.500  1.93396e-13
  9691.000  1.93358e-13
  9691.500  1.93319e-13
  9692.000  1.93280e-13
  9692.500  1.93241e-13
  9693.000  1.93203e-13
  9693.500  1.93164e-13
  9694.000  1.93126e-13
  9694.500  1.93087e-13
  9695.000  1.93048e-13
  9695.500  1.93009e-13
  9696.000  1.92971e-13
  9696.500  1.92932e-13
  9697.000  1.92893e-13
  9697.500  1.92855e-13
  9698.000  1.92816e-13
  9698.500  1.92777e-13
  9699.000  1.92739e-13
  9699.500  1.92700e-13
  9700.000  1.92661e-13
  9700.500  1.92623e-13
  9701.000  1.92584e-13
  9701.500  1.92545e-13
  9702.000  1.92507e-13
  9702.500  1.92468e-13
  9703.000  1.92429e-13
  9703.500  1.92391e-13
  9704.000  1.92352e-13
  9704.500  1.92313e-13
  9705.000  1.92275e-13
  9705.500  1.92236e-13
  9706.000  1.92197e-13
  9706.500  1.92159e-13
  9707.000  1.92120e-13
  9707.500  1.92081e-13
  9708.000  1.92043e-13
  9708.500  1.92004e-13
  9709.000  1.91965e-13
  9709.500  1.91927e-13
  9710.000  1.91888e-13
  9710.500  1.91855e-13
  9711.000  1.91823e-13
  9711.500  1.91790e-13
  9712.000  1.91757e-13
  9712.500  1.91725e-13
  9713.000  1.91692e-13
  9713.500  1.91659e-13
  9714.000  1.91627e-13
  9714.500  1.91594e-13
  9715.000  1.91561e-13
  9715.500  1.91528e-13
  9716.000  1.91496e-13
  9716.500  1.91463e-13
  9717.000  1.91430e-13
  9717.500  1.91398e-13
  9718.000  1.91365e-13
  9718.500  1.91332e-13
  9719.000  1.91300e-13
  9719.500  1.91267e-13
  9720.000  1.91234e-13
  9720.500  1.91202e-13
  9721.000  1.91169e-13
  9721.500  1.91136e-13
  9722.000  1.91104e-13
  9722.500  1.91071e-13
  9723.000  1.91038e-13
  9723.500  1.91006e-13
  9724.000  1.90973e-13
  9724.500  1.90940e-13
  9725.000  1.90908e-13
  9725.500  1.90875e-13
  9726.000  1.90842e-13
  9726.500  1.90810e-13
  9727.000  1.90777e-13
  9727.500  1.90744e-13
  9728.000  1.90712e-13
  9728.500  1.90679e-13
  9729.000  1.90646e-13
  9729.500  1.90614e-13
  9730.000  1.90581e-13
  9730.500  1.90569e-13
  9731.000  1.90557e-13
  9731.500  1.90544e-13
  9732.000  1.90532e-13
  9732.500  1.90520e-13
  9733.000  1.90508e-13
  9733.500  1.90495e-13
  9734.000  1.90483e-13
  9734.500  1.90471e-13
  9735.000  1.90459e-13
  9735.500  1.90446e-13
  9736.000  1.90434e-13
  9736.500  1.90422e-13
  9737.000  1.90410e-13
  9737.500  1.90398e-13
  9738.000  1.90386e-13
  9738.500  1.90373e-13
  9739.000  1.90361e-13
  9739.500  1.90349e-13
  9740.000  1.90337e-13
  9740.500  1.90324e-13
  9741.000  1.90312e-13
  9741.500  1.90300e-13
  9742.000  1.90288e-13
  9742.500  1.90275e-13
  9743.000  1.90263e-13
  9743.500  1.90251e-13
  9744.000  1.90239e-13
  9744.500  1.90227e-13
  9745.000  1.90215e-13
  9745.500  1.90202e-13
  9746.000  1.90190e-13
  9746.500  1.90178e-13
  9747.000  1.90166e-13
  9747.500  1.90153e-13
  9748.000  1.90141e-13
  9748.500  1.90129e-13
  9749.000  1.90117e-13
  9749.500  1.90105e-13
  9750.000  1.90092e-13
  9750.500  1.90105e-13
  9751.000  1.90117e-13
  9751.500  1.90129e-13
  9752.000  1.90142e-13
  9752.500  1.90154e-13
  9753.000  1.90166e-13
  9753.500  1.90178e-13
  9754.000  1.90191e-13
  9754.500  1.90203e-13
  9755.000  1.90215e-13
  9755.500  1.90227e-13
  9756.000  1.90240e-13
  9756.500  1.90252e-13
  9757.000  1.90264e-13
  9757.500  1.90277e-13
  9758.000  1.90289e-13
  9758.500  1.90301e-13
  9759.000  1.90314e-13
  9759.500  1.90326e-13
  9760.000  1.90338e-13
  9760.500  1.90351e-13
  9761.000  1.90363e-13
  9761.500  1.90375e-13
  9762.000  1.90387e-13
  9762.500  1.90400e-13
  9763.000  1.90412e-13
  9763.500  1.90424e-13
  9764.000  1.90436e-13
  9764.500  1.90449e-13
  9765.000  1.90461e-13
  9765.500  1.90473e-13
  9766.000  1.90486e-13
  9766.500  1.90498e-13
  9767.000  1.90510e-13
  9767.500  1.90523e-13
  9768.000  1.90535e-13
  9768.500  1.90547e-13
  9769.000  1.90559e-13
  9769.500  1.90572e-13
  9770.000  1.90583e-13
  9770.500  1.90512e-13
  9771.000  1.90441e-13
  9771.500  1.90370e-13
  9772.000  1.90299e-13
  9772.500  1.90228e-13
  9773.000  1.90157e-13
  9773.500  1.90086e-13
  9774.000  1.90014e-13
  9774.500  1.89943e-13
  9775.000  1.89873e-13
  9775.500  1.89801e-13
  9776.000  1.89730e-13
  9776.500  1.89659e-13
  9777.000  1.89588e-13
  9777.500  1.89517e-13
  9778.000  1.89446e-13
  9778.500  1.89375e-13
  9779.000  1.89304e-13
  9779.500  1.89233e-13
  9780.000  1.89162e-13
  9780.500  1.89090e-13
  9781.000  1.89019e-13
  9781.500  1.88948e-13
  9782.000  1.88877e-13
  9782.500  1.88806e-13
  9783.000  1.88735e-13
  9783.500  1.88664e-13
  9784.000  1.88593e-13
  9784.500  1.88522e-13
  9785.000  1.88451e-13
  9785.500  1.88380e-13
  9786.000  1.88308e-13
  9786.500  1.88237e-13
  9787.000  1.88166e-13
  9787.500  1.88095e-13
  9788.000  1.88024e-13
  9788.500  1.87953e-13
  9789.000  1.87882e-13
  9789.500  1.87811e-13
  9790.000  1.87740e-13
  9790.500  1.87842e-13
  9791.000  1.87944e-13
  9791.500  1.88047e-13
  9792.000  1.88148e-13
  9792.500  1.88251e-13
  9793.000  1.88353e-13
  9793.500  1.88455e-13
  9794.000  1.88557e-13
  9794.500  1.88659e-13
  9795.000  1.88761e-13
  9795.500  1.88863e-13
  9796.000  1.88965e-13
  9796.500  1.89067e-13
  9797.000  1.89169e-13
  9797.500  1.89271e-13
  9798.000  1.89373e-13
  9798.500  1.89475e-13
  9799.000  1.89577e-13
  9799.500  1.89679e-13
  9800.000  1.89797e-13
  9800.500  1.89901e-13
  9801.000  1.90006e-13
  9801.500  1.90111e-13
  9802.000  1.90216e-13
  9802.500  1.90321e-13
  9803.000  1.90427e-13
  9803.500  1.90534e-13
  9804.000  1.90641e-13
  9804.500  1.90748e-13
  9805.000  1.90856e-13
  9805.500  1.90965e-13
  9806.000  1.91074e-13
  9806.500  1.91184e-13
  9807.000  1.91296e-13
  9807.500  1.91408e-13
  9808.000  1.91521e-13
  9808.500  1.91635e-13
  9809.000  1.91750e-13
  9809.500  1.91867e-13
  9810.000  1.91984e-13
  9810.500  1.91957e-13
  9811.000  1.91931e-13
  9811.500  1.91907e-13
  9812.000  1.91885e-13
  9812.500  1.91865e-13
  9813.000  1.91847e-13
  9813.500  1.91831e-13
  9814.000  1.91818e-13
  9814.500  1.91807e-13
  9815.000  1.91799e-13
  9815.500  1.91794e-13
  9816.000  1.91792e-13
  9816.500  1.91794e-13
  9817.000  1.91798e-13
  9817.500  1.91807e-13
  9818.000  1.91819e-13
  9818.500  1.91834e-13
  9819.000  1.91855e-13
  9819.500  1.91879e-13
  9820.000  1.91908e-13
  9820.500  1.91941e-13
  9821.000  1.91979e-13
  9821.500  1.92022e-13
  9822.000  1.92070e-13
  9822.500  1.92123e-13
  9823.000  1.92181e-13
  9823.500  1.92245e-13
  9824.000  1.92314e-13
  9824.500  1.92389e-13
  9825.000  1.92469e-13
  9825.500  1.92556e-13
  9826.000  1.92647e-13
  9826.500  1.92745e-13
  9827.000  1.92848e-13
  9827.500  1.92957e-13
  9828.000  1.93071e-13
  9828.500  1.93191e-13
  9829.000  1.93316e-13
  9829.500  1.93446e-13
  9830.000  1.93582e-13
  9830.500  1.93800e-13
  9831.000  1.94023e-13
  9831.500  1.94251e-13
  9832.000  1.94482e-13
  9832.500  1.94717e-13
  9833.000  1.94956e-13
  9833.500  1.95197e-13
  9834.000  1.95441e-13
  9834.500  1.95687e-13
  9835.000  1.95934e-13
  9835.500  1.96183e-13
  9836.000  1.96432e-13
  9836.500  1.96681e-13
  9837.000  1.96930e-13
  9837.500  1.97178e-13
  9838.000  1.97424e-13
  9838.500  1.97667e-13
  9839.000  1.97908e-13
  9839.500  1.98145e-13
  9840.000  1.98378e-13
  9840.500  1.98606e-13
  9841.000  1.98829e-13
  9841.500  1.99046e-13
  9842.000  1.99255e-13
  9842.500  1.99458e-13
  9843.000  1.99653e-13
  9843.500  1.99840e-13
  9844.000  2.00017e-13
  9844.500  2.00185e-13
  9845.000  2.00343e-13
  9845.500  2.00490e-13
  9846.000  2.00627e-13
  9846.500  2.00753e-13
  9847.000  2.00867e-13
  9847.500  2.00969e-13
  9848.000  2.01058e-13
  9848.500  2.01136e-13
  9849.000  2.01201e-13
  9849.500  2.01253e-13
  9850.000  2.01293e-13
  9850.500  2.01251e-13
  9851.000  2.01197e-13
  9851.500  2.01131e-13
  9852.000  2.01052e-13
  9852.500  2.00960e-13
  9853.000  2.00856e-13
  9853.500  2.00741e-13
  9854.000  2.00614e-13
  9854.500  2.00476e-13
  9855.000  2.00326e-13
  9855.500  2.00167e-13
  9856.000  1.99997e-13
  9856.500  1.99818e-13
  9857.000  1.99630e-13
  9857.500  1.99434e-13
  9858.000  1.99230e-13
  9858.500  1.99018e-13
  9859.000  1.98800e-13
  9859.500  1.98576e-13
  9860.000  1.98346e-13
  9860.500  1.98112e-13
  9861.000  1.97873e-13
  9861.500  1.97631e-13
  9862.000  1.97386e-13
  9862.500  1.97139e-13
  9863.000  1.96890e-13
  9863.500  1.96640e-13
  9864.000  1.96390e-13
  9864.500  1.96139e-13
  9865.000  1.95889e-13
  9865.500  1.95640e-13
  9866.000  1.95393e-13
  9866.500  1.95148e-13
  9867.000  1.94906e-13
  9867.500  1.94666e-13
  9868.000  1.94430e-13
  9868.500  1.94197e-13
  9869.000  1.93969e-13
  9869.500  1.93745e-13
  9870.000  1.93525e-13
  9870.500  1.93338e-13
  9871.000  1.93156e-13
  9871.500  1.92979e-13
  9872.000  1.92808e-13
  9872.500  1.92642e-13
  9873.000  1.92481e-13
  9873.500  1.92327e-13
  9874.000  1.92178e-13
  9874.500  1.92034e-13
  9875.000  1.91897e-13
  9875.500  1.91764e-13
  9876.000  1.91638e-13
  9876.500  1.91517e-13
  9877.000  1.91402e-13
  9877.500  1.91292e-13
  9878.000  1.91187e-13
  9878.500  1.91088e-13
  9879.000  1.90993e-13
  9879.500  1.90903e-13
  9880.000  1.90818e-13
  9880.500  1.90738e-13
  9881.000  1.90662e-13
  9881.500  1.90590e-13
  9882.000  1.90523e-13
  9882.500  1.90459e-13
  9883.000  1.90399e-13
  9883.500  1.90343e-13
  9884.000  1.90290e-13
  9884.500  1.90240e-13
  9885.000  1.90193e-13
  9885.500  1.90150e-13
  9886.000  1.90109e-13
  9886.500  1.90070e-13
  9887.000  1.90034e-13
  9887.500  1.90000e-13
  9888.000  1.89969e-13
  9888.500  1.89939e-13
  9889.000  1.89912e-13
  9889.500  1.89886e-13
  9890.000  1.89861e-13
  9890.500  1.89831e-13
  9891.000  1.89803e-13
  9891.500  1.89775e-13
  9892.000  1.89750e-13
  9892.500  1.89724e-13
  9893.000  1.89701e-13
  9893.500  1.89678e-13
  9894.000  1.89655e-13
  9894.500  1.89634e-13
  9895.000  1.89613e-13
  9895.500  1.89594e-13
  9896.000  1.89574e-13
  9896.500  1.89555e-13
  9897.000  1.89537e-13
  9897.500  1.89519e-13
  9898.000  1.89502e-13
  9898.500  1.89485e-13
  9899.000  1.89468e-13
  9899.500  1.89452e-13
  9900.000  1.89435e-13
  9900.500  1.89405e-13
  9901.000  1.89391e-13
  9901.500  1.89377e-13
  9902.000  1.89363e-13
  9902.500  1.89349e-13
  9903.000  1.89336e-13
  9903.500  1.89322e-13
  9904.000  1.89308e-13
  9904.500  1.89294e-13
  9905.000  1.89280e-13
  9905.500  1.89266e-13
  9906.000  1.89252e-13
  9906.500  1.89238e-13
  9907.000  1.89224e-13
  9907.500  1.89210e-13
  9908.000  1.89196e-13
  9908.500  1.89182e-13
  9909.000  1.89168e-13
  9909.500  1.89154e-13
  9910.000  1.89140e-13
  9910.500  1.89139e-13
  9911.000  1.89139e-13
  9911.500  1.89138e-13
  9912.000  1.89137e-13
  9912.500  1.89136e-13
  9913.000  1.89135e-13
  9913.500  1.89134e-13
  9914.000  1.89134e-13
  9914.500  1.89133e-13
  9915.000  1.89132e-13
  9915.500  1.89131e-13
  9916.000  1.89130e-13
  9916.500  1.89129e-13
  9917.000  1.89128e-13
  9917.500  1.89128e-13
  9918.000  1.89127e-13
  9918.500  1.89126e-13
  9919.000  1.89125e-13
  9919.500  1.89124e-13
  9920.000  1.89123e-13
  9920.500  1.89123e-13
  9921.000  1.89122e-13
  9921.500  1.89121e-13
  9922.000  1.89120e-13
  9922.500  1.89119e-13
  9923.000  1.89118e-13
  9923.500  1.89117e-13
  9924.000  1.89117e-13
  9924.500  1.89116e-13
  9925.000  1.89115e-13
  9925.500  1.89114e-13
  9926.000  1.89113e-13
  9926.500  1.89112e-13
  9927.000  1.89112e-13
  9927.500  1.89111e-13
  9928.000  1.89110e-13
  9928.500  1.89109e-13
  9929.000  1.89108e-13
  9929.500  1.89107e-13
  9930.000  1.89106e-13
  9930.500  1.89100e-13
  9931.000  1.89093e-13
  9931.500  1.89086e-13
  9932.000  1.89079e-13
  9932.500  1.89072e-13
  9933.000  1.89066e-13
  9933.500  1.89059e-13
  9934.000  1.89052e-13
  9934.500  1.89045e-13
  9935.000  1.89038e-13
  9935.500  1.89031e-13
  9936.000  1.89025e-13
  9936.500  1.89018e-13
  9937.000  1.89011e-13
  9937.500  1.89004e-13
  9938.000  1.88997e-13
  9938.500  1.88991e-13
  9939.000  1.88984e-13
  9939.500  1.88977e-13
  9940.000  1.88970e-13
  9940.500  1.88963e-13
  9941.000  1.88956e-13
  9941.500  1.88950e-13
  9942.000  1.88943e-13
  9942.500  1.88936e-13
  9943.000  1.88929e-13
  9943.500  1.88922e-13
  9944.000  1.88915e-13
  9944.500  1.88909e-13
  9945.000  1.88902e-13
  9945.500  1.88895e-13
  9946.000  1.88888e-13
  9946.500  1.88881e-13
  9947.000  1.88875e-13
  9947.500  1.88868e-13
  9948.000  1.88861e-13
  9948.500  1.88854e-13
  9949.000  1.88847e-13
  9949.500  1.88840e-13
  9950.000  1.88834e-13
  9950.500  1.88833e-13
  9951.000  1.88832e-13
  9951.500  1.88832e-13
  9952.000  1.88831e-13
  9952.500  1.88831e-13
  9953.000  1.88830e-13
  9953.500  1.88829e-13
  9954.000  1.88829e-13
  9954.500  1.88828e-13
  9955.000  1.88827e-13
  9955.500  1.88827e-13
  9956.000  1.88826e-13
  9956.500  1.88826e-13
  9957.000  1.88825e-13
  9957.500  1.88824e-13
  9958.000  1.88824e-13
  9958.500  1.88823e-13
  9959.000  1.88822e-13
  9959.500  1.88822e-13
  9960.000  1.88821e-13
  9960.500  1.88820e-13
  9961.000  1.88820e-13
  9961.500  1.88819e-13
  9962.000  1.88819e-13
  9962.500  1.88818e-13
  9963.000  1.88817e-13
  9963.500  1.88817e-13
  9964.000  1.88816e-13
  9964.500  1.88815e-13
  9965.000  1.88815e-13
  9965.500  1.88814e-13
  9966.000  1.88814e-13
  9966.500  1.88813e-13
  9967.000  1.88812e-13
  9967.500  1.88812e-13
  9968.000  1.88811e-13
  9968.500  1.88811e-13
  9969.000  1.88810e-13
  9969.500  1.88809e-13
  9970.000  1.88808e-13
  9970.500  1.88794e-13
  9971.000  1.88779e-13
  9971.500  1.88764e-13
  9972.000  1.88749e-13
  9972.500  1.88734e-13
  9973.000  1.88719e-13
  9973.500  1.88705e-13
  9974.000  1.88690e-13
  9974.500  1.88675e-13
  9975.000  1.88660e-13
  9975.500  1.88646e-13
  9976.000  1.88631e-13
  9976.500  1.88616e-13
  9977.000  1.88601e-13
  9977.500  1.88586e-13
  9978.000  1.88571e-13
  9978.500  1.88557e-13
  9979.000  1.88542e-13
  9979.500  1.88527e-13
  9980.000  1.88512e-13
  9980.500  1.88497e-13
  9981.000  1.88482e-13
  9981.500  1.88468e-13
  9982.000  1.88453e-13
  9982.500  1.88438e-13
  9983.000  1.88423e-13
  9983.500  1.88408e-13
  9984.000  1.88394e-13
  9984.500  1.88379e-13
  9985.000  1.88364e-13
  9985.500  1.88349e-13
  9986.000  1.88334e-13
  9986.500  1.88319e-13
  9987.000  1.88305e-13
  9987.500  1.88290e-13
  9988.000  1.88275e-13
  9988.500  1.88260e-13
  9989.000  1.88245e-13
  9989.500  1.88230e-13
  9990.000  1.88216e-13
  9990.500  1.88187e-13
  9991.000  1.88159e-13
  9991.500  1.88131e-13
  9992.000  1.88102e-13
  9992.500  1.88074e-13
  9993.000  1.88046e-13
  9993.500  1.88017e-13
  9994.000  1.87989e-13
  9994.500  1.87961e-13
  9995.000  1.87932e-13
  9995.500  1.87904e-13
  9996.000  1.87876e-13
  9996.500  1.87848e-13
  9997.000  1.87819e-13
  9997.500  1.87791e-13
  9998.000  1.87763e-13
  9998.500  1.87734e-13
  9999.000  1.87706e-13
  9999.500  1.87678e-13
 10000.000  1.87649e-13
 10000.500  1.87621e-13
 10001.000  1.87593e-13
 10001.500  1.87564e-13
 10002.000  1.87536e-13
 10002.500  1.87508e-13
 10003.000  1.87480e-13
 10003.500  1.87451e-13
 10004.000  1.87423e-13
 10004.500  1.87395e-13
 10005.000  1.87366e-13
 10005.500  1.87338e-13
 10006.000  1.87310e-13
 10006.500  1.87281e-13
 10007.000  1.87253e-13
 10007.500  1.87225e-13
 10008.000  1.87196e-13
 10008.500  1.87168e-13
 10009.000  1.87140e-13
 10009.500  1.87112e-13
 10010.000  1.87083e-13
 10010.500  1.87055e-13
 10011.000  1.87027e-13
 10011.500  1.86998e-13
 10012.000  1.86970e-13
 10012.500  1.86942e-13
 10013.000  1.86913e-13
 10013.500  1.86885e-13
 10014.000  1.86857e-13
 10014.500  1.86828e-13
 10015.000  1.86800e-13
 10015.500  1.86772e-13
 10016.000  1.86744e-13
 10016.500  1.86715e-13
 10017.000  1.86687e-13
 10017.500  1.86659e-13
 10018.000  1.86630e-13
 10018.500  1.86602e-13
 10019.000  1.86574e-13
 10019.500  1.86546e-13
 10020.000  1.86517e-13
 10020.500  1.86489e-13
 10021.000  1.86461e-13
 10021.500  1.86432e-13
 10022.000  1.86404e-13
 10022.500  1.86376e-13
 10023.000  1.86347e-13
 10023.500  1.86319e-13
 10024.000  1.86291e-13
 10024.500  1.86262e-13
 10025.000  1.86234e-13
 10025.500  1.86212e-13
 10026.000  1.86190e-13
 10026.500  1.86167e-13
 10027.000  1.86145e-13
 10027.500  1.86123e-13
 10028.000  1.86101e-13
 10028.500  1.86079e-13
 10029.000  1.86057e-13
 10029.500  1.86034e-13
 10030.000  1.86012e-13
 10030.500  1.85990e-13
 10031.000  1.85968e-13
 10031.500  1.85946e-13
 10032.000  1.85924e-13
 10032.500  1.85901e-13
 10033.000  1.85879e-13
 10033.500  1.85857e-13
 10034.000  1.85835e-13
 10034.500  1.85813e-13
 10035.000  1.85791e-13
 10035.500  1.85768e-13
 10036.000  1.85746e-13
 10036.500  1.85724e-13
 10037.000  1.85702e-13
 10037.500  1.85680e-13
 10038.000  1.85657e-13
 10038.500  1.85635e-13
 10039.000  1.85613e-13
 10039.500  1.85591e-13
 10040.000  1.85569e-13
 10040.500  1.85547e-13
 10041.000  1.85524e-13
 10041.500  1.85502e-13
 10042.000  1.85480e-13
 10042.500  1.85458e-13
 10043.000  1.85436e-13
 10043.500  1.85414e-13
 10044.000  1.85392e-13
 10044.500  1.85369e-13
 10045.000  1.85347e-13
 10045.500  1.85325e-13
 10046.000  1.85303e-13
 10046.500  1.85281e-13
 10047.000  1.85258e-13
 10047.500  1.85236e-13
 10048.000  1.85214e-13
 10048.500  1.85192e-13
 10049.000  1.85170e-13
 10049.500  1.85147e-13
 10050.000  1.85125e-13
 10050.500  1.85103e-13
 10051.000  1.85081e-13
 10051.500  1.85059e-13
 10052.000  1.85037e-13
 10052.500  1.85014e-13
 10053.000  1.84992e-13
 10053.500  1.84970e-13
 10054.000  1.84948e-13
 10054.500  1.84926e-13
 10055.000  1.84904e-13
 10055.500  1.84882e-13
 10056.000  1.84859e-13
 10056.500  1.84837e-13
 10057.000  1.84815e-13
 10057.500  1.84793e-13
 10058.000  1.84771e-13
 10058.500  1.84748e-13
 10059.000  1.84726e-13
 10059.500  1.84704e-13
 10060.000  1.84682e-13
 10060.500  1.84660e-13
 10061.000  1.84638e-13
 10061.500  1.84615e-13
 10062.000  1.84593e-13
 10062.500  1.84571e-13
 10063.000  1.84549e-13
 10063.500  1.84527e-13
 10064.000  1.84505e-13
 10064.500  1.84482e-13
 10065.000  1.84460e-13
 10065.500  1.84438e-13
 10066.000  1.84416e-13
 10066.500  1.84394e-13
 10067.000  1.84372e-13
 10067.500  1.84349e-13
 10068.000  1.84327e-13
 10068.500  1.84305e-13
 10069.000  1.84283e-13
 10069.500  1.84261e-13
 10070.000  1.84238e-13
 10070.500  1.84216e-13
 10071.000  1.84194e-13
 10071.500  1.84172e-13
 10072.000  1.84150e-13
 10072.500  1.84128e-13
 10073.000  1.84106e-13
 10073.500  1.84710e-13
 10074.000  1.84711e-13
 10074.500  1.84713e-13
 10075.000  1.84716e-13
 10075.500  1.84749e-13
 10076.000  1.84783e-13
 10076.500  1.84818e-13
 10077.000  1.84854e-13
 10077.500  1.84891e-13
 10078.000  1.84929e-13
 10078.500  1.84968e-13
 10079.000  1.85008e-13
 10079.500  1.85050e-13
 10080.000  1.85092e-13
 10080.500  1.85135e-13
 10081.000  1.85180e-13
 10081.500  1.85226e-13
 10082.000  1.85273e-13
 10082.500  1.85321e-13
 10083.000  1.85371e-13
 10083.500  1.85422e-13
 10084.000  1.85474e-13
 10084.500  1.85527e-13
 10085.000  1.85582e-13
 10085.500  1.85637e-13
 10086.000  1.85694e-13
 10086.500  1.85753e-13
 10087.000  1.85812e-13
 10087.500  1.85873e-13
 10088.000  1.85935e-13
 10088.500  1.85998e-13
 10089.000  1.86063e-13
 10089.500  1.86129e-13
 10090.000  1.86196e-13
 10090.500  1.86264e-13
 10091.000  1.86333e-13
 10091.500  1.86404e-13
 10092.000  1.86475e-13
 10092.500  1.86548e-13
 10093.000  1.86622e-13
 10093.500  1.86697e-13
 10094.000  1.86773e-13
 10094.500  1.86850e-13
 10095.000  1.86927e-13
 10095.500  1.87006e-13
 10096.000  1.87085e-13
 10096.500  1.87165e-13
 10097.000  1.87246e-13
 10097.500  1.87328e-13
 10098.000  1.87410e-13
 10098.500  1.87492e-13
 10099.000  1.87575e-13
 10099.500  1.87659e-13
 10100.000  1.87743e-13
 10100.500  1.87827e-13
 10101.000  1.87911e-13
 10101.500  1.87996e-13
 10102.000  1.88080e-13
 10102.500  1.88164e-13
 10103.000  1.88248e-13
 10103.500  1.88333e-13
 10104.000  1.88416e-13
 10104.500  1.88499e-13
 10105.000  1.88582e-13
 10105.500  1.88665e-13
 10106.000  1.88746e-13
 10106.500  1.88827e-13
 10107.000  1.88907e-13
 10107.500  1.88986e-13
 10108.000  1.89064e-13
 10108.500  1.89141e-13
 10109.000  1.89217e-13
 10109.500  1.89291e-13
 10110.000  1.89364e-13
 10110.500  1.89436e-13
 10111.000  1.89506e-13
 10111.500  1.89574e-13
 10112.000  1.89640e-13
 10112.500  1.89705e-13
 10113.000  1.89768e-13
 10113.500  1.89829e-13
 10114.000  1.89887e-13
 10114.500  1.89944e-13
 10115.000  1.89998e-13
 10115.500  1.90050e-13
 10116.000  1.90099e-13
 10116.500  1.90146e-13
 10117.000  1.90191e-13
 10117.500  1.90233e-13
 10118.000  1.90273e-13
 10118.500  1.90309e-13
 10119.000  1.90343e-13
 10119.500  1.90375e-13
 10120.000  1.90403e-13
 10120.500  1.90429e-13
 10121.000  1.90452e-13
 10121.500  1.90472e-13
 10122.000  1.90489e-13
 10122.500  1.90503e-13
 10123.000  1.90514e-13
 10123.500  1.90523e-13
 10124.000  1.90528e-13
 10124.500  1.90530e-13
 10125.000  1.90530e-13
 10125.500  1.90500e-13
 10126.000  1.90467e-13
 10126.500  1.90431e-13
 10127.000  1.90393e-13
 10127.500  1.90351e-13
 10128.000  1.90307e-13
 10128.500  1.90260e-13
 10129.000  1.90211e-13
 10129.500  1.90158e-13
 10130.000  1.90104e-13
 10130.500  1.90046e-13
 10131.000  1.89986e-13
 10131.500  1.89924e-13
 10132.000  1.89859e-13
 10132.500  1.89792e-13
 10133.000  1.89723e-13
 10133.500  1.89651e-13
 10134.000  1.89578e-13
 10134.500  1.89502e-13
 10135.000  1.89425e-13
 10135.500  1.89346e-13
 10136.000  1.89265e-13
 10136.500  1.89182e-13
 10137.000  1.89098e-13
 10137.500  1.89012e-13
 10138.000  1.88925e-13
 10138.500  1.88836e-13
 10139.000  1.88747e-13
 10139.500  1.88656e-13
 10140.000  1.88564e-13
 10140.500  1.88471e-13
 10141.000  1.88378e-13
 10141.500  1.88284e-13
 10142.000  1.88189e-13
 10142.500  1.88093e-13
 10143.000  1.87997e-13
 10143.500  1.87901e-13
 10144.000  1.87804e-13
 10144.500  1.87707e-13
 10145.000  1.87610e-13
 10145.500  1.87513e-13
 10146.000  1.87416e-13
 10146.500  1.87319e-13
 10147.000  1.87222e-13
 10147.500  1.87126e-13
 10148.000  1.87030e-13
 10148.500  1.86934e-13
 10149.000  1.86839e-13
 10149.500  1.86744e-13
 10150.000  1.86650e-13
 10150.500  1.86556e-13
 10151.000  1.86464e-13
 10151.500  1.86371e-13
 10152.000  1.86280e-13
 10152.500  1.86190e-13
 10153.000  1.86101e-13
 10153.500  1.86012e-13
 10154.000  1.85925e-13
 10154.500  1.85839e-13
 10155.000  1.85753e-13
 10155.500  1.85669e-13
 10156.000  1.85586e-13
 10156.500  1.85504e-13
 10157.000  1.85423e-13
 10157.500  1.85344e-13
 10158.000  1.85265e-13
 10158.500  1.85188e-13
 10159.000  1.85112e-13
 10159.500  1.85038e-13
 10160.000  1.84964e-13
 10160.500  1.84892e-13
 10161.000  1.84821e-13
 10161.500  1.84752e-13
 10162.000  1.84683e-13
 10162.500  1.84616e-13
 10163.000  1.84550e-13
 10163.500  1.84486e-13
 10164.000  1.84423e-13
 10164.500  1.84360e-13
 10165.000  1.84300e-13
 10165.500  1.84240e-13
 10166.000  1.84182e-13
 10166.500  1.84124e-13
 10167.000  1.84068e-13
 10167.500  1.84013e-13
 10168.000  1.83959e-13
 10168.500  1.83907e-13
 10169.000  1.83855e-13
 10169.500  1.83804e-13
 10170.000  1.83755e-13
 10170.500  1.83706e-13
 10171.000  1.83659e-13
 10171.500  1.83612e-13
 10172.000  1.83567e-13
 10172.500  1.83522e-13
 10173.000  1.83478e-13
 10173.500  1.83435e-13
 10174.000  1.82791e-13
 10174.500  1.82772e-13
 10175.000  1.82752e-13
 10175.500  1.82748e-13
 10176.000  1.82743e-13
 10176.500  1.82738e-13
 10177.000  1.82734e-13
 10177.500  1.82729e-13
 10178.000  1.82724e-13
 10178.500  1.82720e-13
 10179.000  1.82715e-13
 10179.500  1.82710e-13
 10180.000  1.82706e-13
 10180.500  1.82701e-13
 10181.000  1.82696e-13
 10181.500  1.82692e-13
 10182.000  1.82687e-13
 10182.500  1.82682e-13
 10183.000  1.82678e-13
 10183.500  1.82673e-13
 10184.000  1.82668e-13
 10184.500  1.82664e-13
 10185.000  1.82659e-13
 10185.500  1.82654e-13
 10186.000  1.82650e-13
 10186.500  1.82645e-13
 10187.000  1.82640e-13
 10187.500  1.82636e-13
 10188.000  1.82631e-13
 10188.500  1.82626e-13
 10189.000  1.82622e-13
 10189.500  1.82617e-13
 10190.000  1.82612e-13
 10190.500  1.82608e-13
 10191.000  1.82603e-13
 10191.500  1.82599e-13
 10192.000  1.82594e-13
 10192.500  1.82589e-13
 10193.000  1.82584e-13
 10193.500  1.82580e-13
 10194.000  1.82575e-13
 10194.500  1.82570e-13
 10195.000  1.82566e-13
 10195.500  1.82561e-13
 10196.000  1.82557e-13
 10196.500  1.82552e-13
 10197.000  1.82547e-13
 10197.500  1.82542e-13
 10198.000  1.82538e-13
 10198.500  1.82533e-13
 10199.000  1.82529e-13
 10199.500  1.82524e-13
 10200.000  1.82519e-13
 10200.500  1.82515e-13
 10201.000  1.82510e-13
 10201.500  1.82505e-13
 10202.000  1.82500e-13
 10202.500  1.82496e-13
 10203.000  1.82491e-13
 10203.500  1.82487e-13
 10204.000  1.82482e-13
 10204.500  1.82477e-13
 10205.000  1.82473e-13
 10205.500  1.82468e-13
 10206.000  1.82463e-13
 10206.500  1.82459e-13
 10207.000  1.82454e-13
 10207.500  1.82449e-13
 10208.000  1.82445e-13
 10208.500  1.82440e-13
 10209.000  1.82435e-13
 10209.500  1.82431e-13
 10210.000  1.82426e-13
 10210.500  1.82421e-13
 10211.000  1.82417e-13
 10211.500  1.82412e-13
 10212.000  1.82408e-13
 10212.500  1.82403e-13
 10213.000  1.82398e-13
 10213.500  1.82394e-13
 10214.000  1.82389e-13
 10214.500  1.82384e-13
 10215.000  1.82379e-13
 10215.500  1.82375e-13
 10216.000  1.82370e-13
 10216.500  1.82366e-13
 10217.000  1.82361e-13
 10217.500  1.82356e-13
 10218.000  1.82352e-13
 10218.500  1.82347e-13
 10219.000  1.82342e-13
 10219.500  1.82338e-13
 10220.000  1.82333e-13
 10220.500  1.82328e-13
 10221.000  1.82324e-13
 10221.500  1.82319e-13
 10222.000  1.82314e-13
 10222.500  1.82310e-13
 10223.000  1.82305e-13
 10223.500  1.82300e-13
 10224.000  1.82296e-13
 10224.500  1.82291e-13
 10225.000  1.82287e-13
 10225.500  1.82283e-13
 10226.000  1.82280e-13
 10226.500  1.82278e-13
 10227.000  1.82275e-13
 10227.500  1.82272e-13
 10228.000  1.82268e-13
 10228.500  1.82265e-13
 10229.000  1.82263e-13
 10229.500  1.82260e-13
 10230.000  1.82257e-13
 10230.500  1.82254e-13
 10231.000  1.82251e-13
 10231.500  1.82248e-13
 10232.000  1.82245e-13
 10232.500  1.82242e-13
 10233.000  1.82239e-13
 10233.500  1.82236e-13
 10234.000  1.82233e-13
 10234.500  1.82230e-13
 10235.000  1.82227e-13
 10235.500  1.82224e-13
 10236.000  1.82221e-13
 10236.500  1.82218e-13
 10237.000  1.82215e-13
 10237.500  1.82212e-13
 10238.000  1.82209e-13
 10238.500  1.82206e-13
 10239.000  1.82203e-13
 10239.500  1.82200e-13
 10240.000  1.82197e-13
 10240.500  1.82194e-13
 10241.000  1.82191e-13
 10241.500  1.82188e-13
 10242.000  1.82185e-13
 10242.500  1.82182e-13
 10243.000  1.82179e-13
 10243.500  1.82176e-13
 10244.000  1.82173e-13
 10244.500  1.82170e-13
 10245.000  1.82167e-13
 10245.500  1.82164e-13
 10246.000  1.82161e-13
 10246.500  1.82158e-13
 10247.000  1.82155e-13
 10247.500  1.82152e-13
 10248.000  1.82149e-13
 10248.500  1.82146e-13
 10249.000  1.82143e-13
 10249.500  1.82140e-13
 10250.000  1.82137e-13
 10250.500  1.82134e-13
 10251.000  1.82131e-13
 10251.500  1.82128e-13
 10252.000  1.82125e-13
 10252.500  1.82122e-13
 10253.000  1.82120e-13
 10253.500  1.82116e-13
 10254.000  1.82113e-13
 10254.500  1.82110e-13
 10255.000  1.82108e-13
 10255.500  1.82105e-13
 10256.000  1.82102e-13
 10256.500  1.82098e-13
 10257.000  1.82095e-13
 10257.500  1.82093e-13
 10258.000  1.82090e-13
 10258.500  1.82087e-13
 10259.000  1.82084e-13
 10259.500  1.82081e-13
 10260.000  1.82078e-13
 10260.500  1.82075e-13
 10261.000  1.82072e-13
 10261.500  1.82069e-13
 10262.000  1.82066e-13
 10262.500  1.82063e-13
 10263.000  1.82060e-13
 10263.500  1.82057e-13
 10264.000  1.82054e-13
 10264.500  1.82051e-13
 10265.000  1.82048e-13
 10265.500  1.82045e-13
 10266.000  1.82042e-13
 10266.500  1.82039e-13
 10267.000  1.82036e-13
 10267.500  1.82033e-13
 10268.000  1.82030e-13
 10268.500  1.82027e-13
 10269.000  1.82024e-13
 10269.500  1.82021e-13
 10270.000  1.82018e-13
 10270.500  1.82069e-13
 10271.000  1.82073e-13
 10271.500  1.82077e-13
 10272.000  1.82082e-13
 10272.500  1.82088e-13
 10273.000  1.82096e-13
 10273.500  1.82104e-13
 10274.000  1.82113e-13
 10274.500  1.82124e-13
 10275.000  1.82135e-13
 10275.500  1.82125e-13
 10276.000  1.82116e-13
 10276.500  1.82108e-13
 10277.000  1.82103e-13
 10277.500  1.82100e-13
 10278.000  1.82099e-13
 10278.500  1.82100e-13
 10279.000  1.82104e-13
 10279.500  1.82110e-13
 10280.000  1.82120e-13
 10280.500  1.82132e-13
 10281.000  1.82149e-13
 10281.500  1.82168e-13
 10282.000  1.82191e-13
 10282.500  1.82219e-13
 10283.000  1.82251e-13
 10283.500  1.82287e-13
 10284.000  1.82328e-13
 10284.500  1.82374e-13
 10285.000  1.82425e-13
 10285.500  1.82482e-13
 10286.000  1.82545e-13
 10286.500  1.82615e-13
 10287.000  1.82690e-13
 10287.500  1.82772e-13
 10288.000  1.82862e-13
 10288.500  1.82958e-13
 10289.000  1.83062e-13
 10289.500  1.83174e-13
 10290.000  1.83294e-13
 10290.500  1.83422e-13
 10291.000  1.83559e-13
 10291.500  1.83704e-13
 10292.000  1.83859e-13
 10292.500  1.84023e-13
 10293.000  1.84196e-13
 10293.500  1.84378e-13
 10294.000  1.84570e-13
 10294.500  1.84772e-13
 10295.000  1.84983e-13
 10295.500  1.85204e-13
 10296.000  1.85434e-13
 10296.500  1.85675e-13
 10297.000  1.85925e-13
 10297.500  1.86184e-13
 10298.000  1.86453e-13
 10298.500  1.86731e-13
 10299.000  1.87018e-13
 10299.500  1.87313e-13
 10300.000  1.87617e-13
 10300.500  1.87929e-13
 10301.000  1.88248e-13
 10301.500  1.88574e-13
 10302.000  1.88906e-13
 10302.500  1.89245e-13
 10303.000  1.89588e-13
 10303.500  1.89936e-13
 10304.000  1.90289e-13
 10304.500  1.90644e-13
 10305.000  1.91002e-13
 10305.500  1.91360e-13
 10306.000  1.91720e-13
 10306.500  1.92080e-13
 10307.000  1.92438e-13
 10307.500  1.92795e-13
 10308.000  1.93148e-13
 10308.500  1.93497e-13
 10309.000  1.93841e-13
 10309.500  1.94179e-13
 10310.000  1.94509e-13
 10310.500  1.94832e-13
 10311.000  1.95146e-13
 10311.500  1.95449e-13
 10312.000  1.95741e-13
 10312.500  1.96020e-13
 10313.000  1.96287e-13
 10313.500  1.96539e-13
 10314.000  1.96777e-13
 10314.500  1.96998e-13
 10315.000  1.97203e-13
 10315.500  1.97391e-13
 10316.000  1.97560e-13
 10316.500  1.97710e-13
 10317.000  1.97841e-13
 10317.500  1.97952e-13
 10318.000  1.98043e-13
 10318.500  1.98112e-13
 10319.000  1.98161e-13
 10319.500  1.98188e-13
 10320.000  1.98193e-13
 10320.500  1.98176e-13
 10321.000  1.98138e-13
 10321.500  1.98078e-13
 10322.000  1.97996e-13
 10322.500  1.97893e-13
 10323.000  1.97769e-13
 10323.500  1.97623e-13
 10324.000  1.97458e-13
 10324.500  1.97272e-13
 10325.000  1.97067e-13
 10325.500  1.96858e-13
 10326.000  1.96632e-13
 10326.500  1.96387e-13
 10327.000  1.96127e-13
 10327.500  1.95850e-13
 10328.000  1.95558e-13
 10328.500  1.95252e-13
 10329.000  1.94934e-13
 10329.500  1.94603e-13
 10330.000  1.94260e-13
 10330.500  1.93908e-13
 10331.000  1.93546e-13
 10331.500  1.93177e-13
 10332.000  1.92800e-13
 10332.500  1.92417e-13
 10333.000  1.92028e-13
 10333.500  1.91636e-13
 10334.000  1.91241e-13
 10334.500  1.90844e-13
 10335.000  1.90446e-13
 10335.500  1.90047e-13
 10336.000  1.89649e-13
 10336.500  1.89253e-13
 10337.000  1.88859e-13
 10337.500  1.88468e-13
 10338.000  1.88081e-13
 10338.500  1.87699e-13
 10339.000  1.87322e-13
 10339.500  1.86951e-13
 10340.000  1.86586e-13
 10340.500  1.86229e-13
 10341.000  1.85878e-13
 10341.500  1.85536e-13
 10342.000  1.85202e-13
 10342.500  1.84877e-13
 10343.000  1.84560e-13
 10343.500  1.84253e-13
 10344.000  1.83955e-13
 10344.500  1.83666e-13
 10345.000  1.83387e-13
 10345.500  1.83118e-13
 10346.000  1.82858e-13
 10346.500  1.82609e-13
 10347.000  1.82369e-13
 10347.500  1.82138e-13
 10348.000  1.81917e-13
 10348.500  1.81706e-13
 10349.000  1.81504e-13
 10349.500  1.81311e-13
 10350.000  1.81127e-13
 10350.500  1.80951e-13
 10351.000  1.80785e-13
 10351.500  1.80626e-13
 10352.000  1.80476e-13
 10352.500  1.80333e-13
 10353.000  1.80198e-13
 10353.500  1.80070e-13
 10354.000  1.79949e-13
 10354.500  1.79835e-13
 10355.000  1.79727e-13
 10355.500  1.79626e-13
 10356.000  1.79530e-13
 10356.500  1.79440e-13
 10357.000  1.79355e-13
 10357.500  1.79275e-13
 10358.000  1.79201e-13
 10358.500  1.79130e-13
 10359.000  1.79064e-13
 10359.500  1.79002e-13
 10360.000  1.78944e-13
 10360.500  1.78889e-13
 10361.000  1.78838e-13
 10361.500  1.78789e-13
 10362.000  1.78744e-13
 10362.500  1.78702e-13
 10363.000  1.78662e-13
 10363.500  1.78624e-13
 10364.000  1.78588e-13
 10364.500  1.78555e-13
 10365.000  1.78524e-13
 10365.500  1.78494e-13
 10366.000  1.78466e-13
 10366.500  1.78439e-13
 10367.000  1.78414e-13
 10367.500  1.78390e-13
 10368.000  1.78367e-13
 10368.500  1.78345e-13
 10369.000  1.78325e-13
 10369.500  1.78305e-13
 10370.000  1.78286e-13
 10370.500  1.78267e-13
 10371.000  1.78202e-13
 10371.500  1.78190e-13
 10372.000  1.78179e-13
 10372.500  1.78167e-13
 10373.000  1.78155e-13
 10373.500  1.78144e-13
 10374.000  1.78132e-13
 10374.500  1.78120e-13
 10375.000  1.78108e-13
 10375.500  1.78110e-13
 10376.000  1.78112e-13
 10376.500  1.78114e-13
 10377.000  1.78116e-13
 10377.500  1.78118e-13
 10378.000  1.78120e-13
 10378.500  1.78122e-13
 10379.000  1.78124e-13
 10379.500  1.78126e-13
 10380.000  1.78128e-13
 10380.500  1.78130e-13
 10381.000  1.78132e-13
 10381.500  1.78134e-13
 10382.000  1.78136e-13
 10382.500  1.78138e-13
 10383.000  1.78140e-13
 10383.500  1.78142e-13
 10384.000  1.78144e-13
 10384.500  1.78146e-13
 10385.000  1.78148e-13
 10385.500  1.78150e-13
 10386.000  1.78152e-13
 10386.500  1.78154e-13
 10387.000  1.78156e-13
 10387.500  1.78158e-13
 10388.000  1.78160e-13
 10388.500  1.78162e-13
 10389.000  1.78164e-13
 10389.500  1.78166e-13
 10390.000  1.78168e-13
 10390.500  1.78170e-13
 10391.000  1.78172e-13
 10391.500  1.78174e-13
 10392.000  1.78176e-13
 10392.500  1.78178e-13
 10393.000  1.78180e-13
 10393.500  1.78182e-13
 10394.000  1.78184e-13
 10394.500  1.78186e-13
 10395.000  1.78188e-13
 10395.500  1.78190e-13
 10396.000  1.78192e-13
 10396.500  1.78194e-13
 10397.000  1.78196e-13
 10397.500  1.78198e-13
 10398.000  1.78200e-13
 10398.500  1.78202e-13
 10399.000  1.78204e-13
 10399.500  1.78206e-13
 10400.000  1.78208e-13
 10400.500  1.78210e-13
 10401.000  1.78212e-13
 10401.500  1.78214e-13
 10402.000  1.78216e-13
 10402.500  1.78218e-13
 10403.000  1.78220e-13
 10403.500  1.78222e-13
 10404.000  1.78224e-13
 10404.500  1.78226e-13
 10405.000  1.78228e-13
 10405.500  1.78230e-13
 10406.000  1.78232e-13
 10406.500  1.78234e-13
 10407.000  1.78236e-13
 10407.500  1.78238e-13
 10408.000  1.78240e-13
 10408.500  1.78242e-13
 10409.000  1.78244e-13
 10409.500  1.78246e-13
 10410.000  1.78248e-13
 10410.500  1.78250e-13
 10411.000  1.78252e-13
 10411.500  1.78254e-13
 10412.000  1.78256e-13
 10412.500  1.78258e-13
 10413.000  1.78260e-13
 10413.500  1.78262e-13
 10414.000  1.78264e-13
 10414.500  1.78266e-13
 10415.000  1.78268e-13
 10415.500  1.78270e-13
 10416.000  1.78272e-13
 10416.500  1.78274e-13
 10417.000  1.78276e-13
 10417.500  1.78278e-13
 10418.000  1.78280e-13
 10418.500  1.78282e-13
 10419.000  1.78284e-13
 10419.500  1.78286e-13
 10420.000  1.78288e-13
 10420.500  1.78290e-13
 10421.000  1.78292e-13
 10421.500  1.78294e-13
 10422.000  1.78296e-13
 10422.500  1.78298e-13
 10423.000  1.78300e-13
 10423.500  1.78302e-13
 10424.000  1.78304e-13
 10424.500  1.78306e-13
 10425.000  1.78308e-13
 10425.500  1.78290e-13
 10426.000  1.78273e-13
 10426.500  1.78255e-13
 10427.000  1.78237e-13
 10427.500  1.78220e-13
 10428.000  1.78202e-13
 10428.500  1.78185e-13
 10429.000  1.78167e-13
 10429.500  1.78149e-13
 10430.000  1.78132e-13
 10430.500  1.78114e-13
 10431.000  1.78097e-13
 10431.500  1.78079e-13
 10432.000  1.78061e-13
 10432.500  1.78044e-13
 10433.000  1.78026e-13
 10433.500  1.78009e-13
 10434.000  1.77991e-13
 10434.500  1.77974e-13
 10435.000  1.77956e-13
 10435.500  1.77938e-13
 10436.000  1.77921e-13
 10436.500  1.77903e-13
 10437.000  1.77886e-13
 10437.500  1.77868e-13
 10438.000  1.77850e-13
 10438.500  1.77833e-13
 10439.000  1.77815e-13
 10439.500  1.77798e-13
 10440.000  1.77780e-13
 10440.500  1.77763e-13
 10441.000  1.77745e-13
 10441.500  1.77727e-13
 10442.000  1.77710e-13
 10442.500  1.77692e-13
 10443.000  1.77675e-13
 10443.500  1.77657e-13
 10444.000  1.77640e-13
 10444.500  1.77622e-13
 10445.000  1.77604e-13
 10445.500  1.77587e-13
 10446.000  1.77569e-13
 10446.500  1.77551e-13
 10447.000  1.77534e-13
 10447.500  1.77516e-13
 10448.000  1.77499e-13
 10448.500  1.77481e-13
 10449.000  1.77464e-13
 10449.500  1.77446e-13
 10450.000  1.77428e-13
 10450.500  1.77411e-13
 10451.000  1.77393e-13
 10451.500  1.77376e-13
 10452.000  1.77358e-13
 10452.500  1.77341e-13
 10453.000  1.77323e-13
 10453.500  1.77305e-13
 10454.000  1.77288e-13
 10454.500  1.77270e-13
 10455.000  1.77253e-13
 10455.500  1.77235e-13
 10456.000  1.77218e-13
 10456.500  1.77200e-13
 10457.000  1.77182e-13
 10457.500  1.77165e-13
 10458.000  1.77147e-13
 10458.500  1.77129e-13
 10459.000  1.77112e-13
 10459.500  1.77094e-13
 10460.000  1.77077e-13
 10460.500  1.77059e-13
 10461.000  1.77042e-13
 10461.500  1.77024e-13
 10462.000  1.77006e-13
 10462.500  1.76989e-13
 10463.000  1.76971e-13
 10463.500  1.76954e-13
 10464.000  1.76936e-13
 10464.500  1.76919e-13
 10465.000  1.76901e-13
 10465.500  1.76883e-13
 10466.000  1.76866e-13
 10466.500  1.76848e-13
 10467.000  1.76831e-13
 10467.500  1.76813e-13
 10468.000  1.76795e-13
 10468.500  1.76778e-13
 10469.000  1.76760e-13
 10469.500  1.76743e-13
 10470.000  1.76725e-13
 10470.500  1.76708e-13
 10471.000  1.76690e-13
 10471.500  1.76672e-13
 10472.000  1.76655e-13
 10472.500  1.76637e-13
 10473.000  1.76620e-13
 10473.500  1.76602e-13
 10474.000  1.76585e-13
 10474.500  1.76567e-13
 10475.000  1.76549e-13
 10475.500  1.76548e-13
 10476.000  1.76547e-13
 10476.500  1.76546e-13
 10477.000  1.76545e-13
 10477.500  1.76544e-13
 10478.000  1.76543e-13
 10478.500  1.76541e-13
 10479.000  1.76540e-13
 10479.500  1.76539e-13
 10480.000  1.76538e-13
 10480.500  1.76537e-13
 10481.000  1.76535e-13
 10481.500  1.76534e-13
 10482.000  1.76533e-13
 10482.500  1.76532e-13
 10483.000  1.76531e-13
 10483.500  1.76530e-13
 10484.000  1.76529e-13
 10484.500  1.76527e-13
 10485.000  1.76526e-13
 10485.500  1.76525e-13
 10486.000  1.76524e-13
 10486.500  1.76523e-13
 10487.000  1.76522e-13
 10487.500  1.76521e-13
 10488.000  1.76519e-13
 10488.500  1.76518e-13
 10489.000  1.76517e-13
 10489.500  1.76516e-13
 10490.000  1.76515e-13
 10490.500  1.76514e-13
 10491.000  1.76513e-13
 10491.500  1.76511e-13
 10492.000  1.76510e-13
 10492.500  1.76509e-13
 10493.000  1.76508e-13
 10493.500  1.76507e-13
 10494.000  1.76506e-13
 10494.500  1.76505e-13
 10495.000  1.76503e-13
 10495.500  1.76502e-13
 10496.000  1.76501e-13
 10496.500  1.76500e-13
 10497.000  1.76499e-13
 10497.500  1.76498e-13
 10498.000  1.76496e-13
 10498.500  1.76495e-13
 10499.000  1.76494e-13
 10499.500  1.76493e-13
 10500.000  1.76492e-13
