# dobos/SF4  |  Dobos et al. 2012, MNRAS 420, 1217 (SDSS composites)
# columns: wavelength_Angstrom  flam_erg_s_cm2_A (absolute scale arbitrary - ETC renormalizes)
  3550.000  5.22130e-01
  3551.000  5.40280e-01
  3552.000  5.02870e-01
  3553.000  5.07520e-01
  3554.000  4.83620e-01
  3555.000  4.49560e-01
  3556.000  5.43080e-01
  3557.000  4.79960e-01
  3558.000  4.48990e-01
  3559.000  5.25310e-01
  3560.000  5.51830e-01
  3561.000  5.85120e-01
  3562.000  4.77200e-01
  3563.000  4.65870e-01
  3564.000  5.30030e-01
  3565.000  5.10500e-01
  3566.000  5.72790e-01
  3567.000  5.07310e-01
  3568.000  4.91760e-01
  3569.000  5.04660e-01
  3570.000  4.99700e-01
  3571.000  4.98130e-01
  3572.000  4.23910e-01
  3573.000  4.90390e-01
  3574.000  5.38690e-01
  3575.000  5.15570e-01
  3576.000  5.19380e-01
  3577.000  4.86140e-01
  3578.000  4.90280e-01
  3579.000  5.05600e-01
  3580.000  4.98050e-01
  3581.000  4.44410e-01
  3582.000  4.51890e-01
  3583.000  4.69100e-01
  3584.000  4.73360e-01
  3585.000  4.52140e-01
  3586.000  4.35960e-01
  3587.000  4.27460e-01
  3588.000  4.31190e-01
  3589.000  4.58060e-01
  3590.000  4.67950e-01
  3591.000  5.07930e-01
  3592.000  5.16850e-01
  3593.000  5.20270e-01
  3594.000  5.23050e-01
  3595.000  5.21550e-01
  3596.000  5.34150e-01
  3597.000  5.43350e-01
  3598.000  5.41040e-01
  3599.000  5.53490e-01
  3600.000  5.61870e-01
  3601.000  5.49570e-01
  3602.000  5.35590e-01
  3603.000  5.23820e-01
  3604.000  5.14880e-01
  3605.000  5.06330e-01
  3606.000  5.01140e-01
  3607.000  5.03370e-01
  3608.000  5.02480e-01
  3609.000  5.00060e-01
  3610.000  4.94950e-01
  3611.000  4.88870e-01
  3612.000  5.03180e-01
  3613.000  5.07370e-01
  3614.000  5.05700e-01
  3615.000  5.15380e-01
  3616.000  5.19240e-01
  3617.000  5.19000e-01
  3618.000  4.98000e-01
  3619.000  4.85810e-01
  3620.000  4.84070e-01
  3621.000  4.95540e-01
  3622.000  5.04780e-01
  3623.000  5.28250e-01
  3624.000  5.37090e-01
  3625.000  5.46060e-01
  3626.000  5.49390e-01
  3627.000  5.63740e-01
  3628.000  5.77690e-01
  3629.000  5.69480e-01
  3630.000  5.45770e-01
  3631.000  5.16510e-01
  3632.000  4.86790e-01
  3633.000  4.84290e-01
  3634.000  4.92610e-01
  3635.000  5.05310e-01
  3636.000  5.15960e-01
  3637.000  5.24100e-01
  3638.000  5.35840e-01
  3639.000  5.52410e-01
  3640.000  5.62760e-01
  3641.000  5.63520e-01
  3642.000  5.52870e-01
  3643.000  5.41880e-01
  3644.000  5.31140e-01
  3645.000  5.22880e-01
  3646.000  5.17930e-01
  3647.000  5.15690e-01
  3648.000  5.06620e-01
  3649.000  5.01420e-01
  3650.000  5.06970e-01
  3651.000  5.08770e-01
  3652.000  5.28630e-01
  3653.000  5.39670e-01
  3654.000  5.46960e-01
  3655.000  5.53400e-01
  3656.000  5.60800e-01
  3657.000  5.62880e-01
  3658.000  5.63760e-01
  3659.000  5.64840e-01
  3660.000  5.67300e-01
  3661.000  5.70560e-01
  3662.000  5.62200e-01
  3663.000  5.56130e-01
  3664.000  5.44850e-01
  3665.000  5.43710e-01
  3666.000  5.53250e-01
  3667.000  5.55940e-01
  3668.000  5.48790e-01
  3669.000  5.45410e-01
  3670.000  5.39750e-01
  3671.000  5.44700e-01
  3672.000  5.55440e-01
  3673.000  5.63460e-01
  3674.000  5.65550e-01
  3675.000  5.63240e-01
  3676.000  5.58280e-01
  3677.000  5.47710e-01
  3678.000  5.33090e-01
  3679.000  5.22510e-01
  3680.000  5.18090e-01
  3681.000  5.23640e-01
  3682.000  5.29190e-01
  3683.000  5.32770e-01
  3684.000  5.34620e-01
  3685.000  5.28760e-01
  3686.000  5.22550e-01
  3687.000  5.13780e-01
  3688.000  5.07260e-01
  3689.000  5.18340e-01
  3690.000  5.34600e-01
  3691.000  5.57550e-01
  3692.000  5.67180e-01
  3693.000  5.67000e-01
  3694.000  5.62600e-01
  3695.000  5.54460e-01
  3696.000  5.50500e-01
  3697.000  5.51070e-01
  3698.000  5.60700e-01
  3699.000  5.74010e-01
  3700.000  5.86580e-01
  3701.000  5.87350e-01
  3702.000  5.79780e-01
  3703.000  5.58680e-01
  3704.000  5.35700e-01
  3705.000  5.09020e-01
  3706.000  5.00640e-01
  3707.000  5.02370e-01
  3708.000  5.07560e-01
  3709.000  5.09710e-01
  3710.000  5.19210e-01
  3711.000  5.28450e-01
  3712.000  5.39050e-01
  3713.000  5.57940e-01
  3714.000  5.80290e-01
  3715.000  5.96580e-01
  3716.000  6.05270e-01
  3717.000  6.07800e-01
  3718.000  5.98160e-01
  3719.000  5.67450e-01
  3720.000  5.33700e-01
  3721.000  5.09100e-01
  3722.000  5.09780e-01
  3723.000  5.54980e-01
  3724.000  6.95170e-01
  3725.000  9.73140e-01
  3726.000  1.30820e+00
  3727.000  1.58340e+00
  3728.000  1.75190e+00
  3729.000  1.80040e+00
  3730.000  1.63350e+00
  3731.000  1.24930e+00
  3732.000  8.49560e-01
  3733.000  6.02540e-01
  3734.000  5.00240e-01
  3735.000  4.62760e-01
  3736.000  4.54420e-01
  3737.000  4.63830e-01
  3738.000  4.91150e-01
  3739.000  5.38450e-01
  3740.000  5.80470e-01
  3741.000  6.13660e-01
  3742.000  6.24330e-01
  3743.000  6.14930e-01
  3744.000  5.99410e-01
  3745.000  5.72040e-01
  3746.000  5.46550e-01
  3747.000  5.16900e-01
  3748.000  4.86340e-01
  3749.000  4.65230e-01
  3750.000  4.56140e-01
  3751.000  4.70670e-01
  3752.000  5.01460e-01
  3753.000  5.35460e-01
  3754.000  5.74350e-01
  3755.000  6.10650e-01
  3756.000  6.38600e-01
  3757.000  6.41940e-01
  3758.000  6.25120e-01
  3759.000  6.04150e-01
  3760.000  5.98850e-01
  3761.000  6.08870e-01
  3762.000  6.20760e-01
  3763.000  6.24800e-01
  3764.000  6.23870e-01
  3765.000  6.18760e-01
  3766.000  6.10620e-01
  3767.000  5.88240e-01
  3768.000  5.65010e-01
  3769.000  5.47510e-01
  3770.000  5.37570e-01
  3771.000  5.39420e-01
  3772.000  5.49240e-01
  3773.000  5.64320e-01
  3774.000  5.84220e-01
  3775.000  6.04640e-01
  3776.000  6.30130e-01
  3777.000  6.51840e-01
  3778.000  6.75540e-01
  3779.000  6.96450e-01
  3780.000  7.22040e-01
  3781.000  7.39920e-01
  3782.000  7.51110e-01
  3783.000  7.57350e-01
  3784.000  7.60080e-01
  3785.000  7.54730e-01
  3786.000  7.39370e-01
  3787.000  7.14190e-01
  3788.000  6.85150e-01
  3789.000  6.69220e-01
  3790.000  6.60440e-01
  3791.000  6.52360e-01
  3792.000  6.43610e-01
  3793.000  6.26030e-01
  3794.000  5.96140e-01
  3795.000  5.66160e-01
  3796.000  5.38980e-01
  3797.000  5.22970e-01
  3798.000  5.15810e-01
  3799.000  5.10430e-01
  3800.000  5.15320e-01
  3801.000  5.39040e-01
  3802.000  5.80060e-01
  3803.000  6.21010e-01
  3804.000  6.58070e-01
  3805.000  6.82870e-01
  3806.000  6.92230e-01
  3807.000  6.91050e-01
  3808.000  6.99080e-01
  3809.000  7.22250e-01
  3810.000  7.44150e-01
  3811.000  7.59370e-01
  3812.000  7.57080e-01
  3813.000  7.39320e-01
  3814.000  7.17510e-01
  3815.000  6.92230e-01
  3816.000  6.84440e-01
  3817.000  6.88690e-01
  3818.000  6.92620e-01
  3819.000  6.89130e-01
  3820.000  6.74380e-01
  3821.000  6.56840e-01
  3822.000  6.59450e-01
  3823.000  6.66480e-01
  3824.000  6.61680e-01
  3825.000  6.48830e-01
  3826.000  6.25970e-01
  3827.000  6.06250e-01
  3828.000  5.95570e-01
  3829.000  5.86650e-01
  3830.000  5.70150e-01
  3831.000  5.54800e-01
  3832.000  5.24130e-01
  3833.000  4.94740e-01
  3834.000  4.78500e-01
  3835.000  4.81090e-01
  3836.000  4.91810e-01
  3837.000  4.92590e-01
  3838.000  4.82770e-01
  3839.000  4.83220e-01
  3840.000  5.00520e-01
  3841.000  5.31270e-01
  3842.000  5.71240e-01
  3843.000  6.13090e-01
  3844.000  6.46910e-01
  3845.000  6.69620e-01
  3846.000  6.87420e-01
  3847.000  6.98500e-01
  3848.000  7.10560e-01
  3849.000  7.15570e-01
  3850.000  7.17190e-01
  3851.000  7.21330e-01
  3852.000  7.30350e-01
  3853.000  7.33940e-01
  3854.000  7.37910e-01
  3855.000  7.35780e-01
  3856.000  7.28450e-01
  3857.000  7.21310e-01
  3858.000  7.13520e-01
  3859.000  7.07050e-01
  3860.000  7.02020e-01
  3861.000  7.08690e-01
  3862.000  7.29640e-01
  3863.000  7.51490e-01
  3864.000  7.64330e-01
  3865.000  7.64240e-01
  3866.000  7.69190e-01
  3867.000  7.78640e-01
  3868.000  7.97750e-01
  3869.000  8.16650e-01
  3870.000  8.10720e-01
  3871.000  7.73750e-01
  3872.000  7.31260e-01
  3873.000  7.04200e-01
  3874.000  6.99050e-01
  3875.000  7.10560e-01
  3876.000  7.16530e-01
  3877.000  7.13260e-01
  3878.000  6.95580e-01
  3879.000  6.78890e-01
  3880.000  6.67050e-01
  3881.000  6.63200e-01
  3882.000  6.54450e-01
  3883.000  6.38660e-01
  3884.000  6.20580e-01
  3885.000  5.97710e-01
  3886.000  5.76510e-01
  3887.000  5.70590e-01
  3888.000  5.89220e-01
  3889.000  6.21590e-01
  3890.000  6.37290e-01
  3891.000  6.19990e-01
  3892.000  5.95360e-01
  3893.000  5.93240e-01
  3894.000  6.08480e-01
  3895.000  6.26300e-01
  3896.000  6.48770e-01
  3897.000  6.70500e-01
  3898.000  6.82360e-01
  3899.000  6.94070e-01
  3900.000  7.05210e-01
  3901.000  7.14710e-01
  3902.000  7.21360e-01
  3903.000  7.29820e-01
  3904.000  7.29440e-01
  3905.000  7.21680e-01
  3906.000  7.21570e-01
  3907.000  7.31970e-01
  3908.000  7.49380e-01
  3909.000  7.70900e-01
  3910.000  7.87770e-01
  3911.000  8.01260e-01
  3912.000  8.02390e-01
  3913.000  7.99790e-01
  3914.000  7.96410e-01
  3915.000  7.91270e-01
  3916.000  7.87520e-01
  3917.000  7.85810e-01
  3918.000  7.79910e-01
  3919.000  7.65030e-01
  3920.000  7.50910e-01
  3921.000  7.43030e-01
  3922.000  7.38110e-01
  3923.000  7.41780e-01
  3924.000  7.47280e-01
  3925.000  7.44050e-01
  3926.000  7.28530e-01
  3927.000  7.04990e-01
  3928.000  6.76680e-01
  3929.000  6.43210e-01
  3930.000  6.02970e-01
  3931.000  5.57580e-01
  3932.000  5.05980e-01
  3933.000  4.44210e-01
  3934.000  3.96270e-01
  3935.000  3.99830e-01
  3936.000  4.54320e-01
  3937.000  5.18870e-01
  3938.000  5.80160e-01
  3939.000  6.31950e-01
  3940.000  6.65470e-01
  3941.000  6.89810e-01
  3942.000  7.05480e-01
  3943.000  7.08180e-01
  3944.000  7.10260e-01
  3945.000  7.14360e-01
  3946.000  7.26670e-01
  3947.000  7.44230e-01
  3948.000  7.50310e-01
  3949.000  7.51810e-01
  3950.000  7.57450e-01
  3951.000  7.63080e-01
  3952.000  7.66950e-01
  3953.000  7.62190e-01
  3954.000  7.55770e-01
  3955.000  7.55820e-01
  3956.000  7.50360e-01
  3957.000  7.36460e-01
  3958.000  7.29380e-01
  3959.000  7.28050e-01
  3960.000  7.17910e-01
  3961.000  6.90250e-01
  3962.000  6.53690e-01
  3963.000  6.17650e-01
  3964.000  5.80030e-01
  3965.000  5.42380e-01
  3966.000  5.02330e-01
  3967.000  4.53410e-01
  3968.000  4.19940e-01
  3969.000  4.17110e-01
  3970.000  4.52310e-01
  3971.000  4.97150e-01
  3972.000  5.11680e-01
  3973.000  5.04900e-01
  3974.000  5.13480e-01
  3975.000  5.43670e-01
  3976.000  5.87180e-01
  3977.000  6.26360e-01
  3978.000  6.63270e-01
  3979.000  6.99940e-01
  3980.000  7.29440e-01
  3981.000  7.48600e-01
  3982.000  7.55780e-01
  3983.000  7.61510e-01
  3984.000  7.65290e-01
  3985.000  7.75070e-01
  3986.000  7.86150e-01
  3987.000  7.96170e-01
  3988.000  8.08350e-01
  3989.000  8.20240e-01
  3990.000  8.25960e-01
  3991.000  8.36410e-01
  3992.000  8.45190e-01
  3993.000  8.48170e-01
  3994.000  8.50820e-01
  3995.000  8.51230e-01
  3996.000  8.38830e-01
  3997.000  8.29480e-01
  3998.000  8.26020e-01
  3999.000  8.34790e-01
  4000.000  8.50060e-01
  4001.000  8.67400e-01
  4002.000  8.78630e-01
  4003.000  8.80180e-01
  4004.000  8.67380e-01
  4005.000  8.50370e-01
  4006.000  8.32470e-01
  4007.000  8.29130e-01
  4008.000  8.36110e-01
  4009.000  8.51510e-01
  4010.000  8.67990e-01
  4011.000  8.75450e-01
  4012.000  8.77620e-01
  4013.000  8.82400e-01
  4014.000  8.86870e-01
  4015.000  8.89800e-01
  4016.000  8.94940e-01
  4017.000  8.98180e-01
  4018.000  8.98820e-01
  4019.000  9.00760e-01
  4020.000  9.04840e-01
  4021.000  9.07370e-01
  4022.000  9.00840e-01
  4023.000  8.88790e-01
  4024.000  8.74400e-01
  4025.000  8.66820e-01
  4026.000  8.70000e-01
  4027.000  8.77690e-01
  4028.000  8.89100e-01
  4029.000  8.90360e-01
  4030.000  8.77060e-01
  4031.000  8.55550e-01
  4032.000  8.33600e-01
  4033.000  8.23770e-01
  4034.000  8.27170e-01
  4035.000  8.39430e-01
  4036.000  8.62300e-01
  4037.000  8.88520e-01
  4038.000  9.08870e-01
  4039.000  9.22150e-01
  4040.000  9.21750e-01
  4041.000  9.12040e-01
  4042.000  9.02640e-01
  4043.000  8.93270e-01
  4044.000  8.72560e-01
  4045.000  8.44230e-01
  4046.000  8.20910e-01
  4047.000  8.19630e-01
  4048.000  8.44310e-01
  4049.000  8.75070e-01
  4050.000  8.97750e-01
  4051.000  9.08140e-01
  4052.000  9.05550e-01
  4053.000  8.94440e-01
  4054.000  8.82120e-01
  4055.000  8.70120e-01
  4056.000  8.58260e-01
  4057.000  8.53960e-01
  4058.000  8.54080e-01
  4059.000  8.56340e-01
  4060.000  8.65830e-01
  4061.000  8.73370e-01
  4062.000  8.67290e-01
  4063.000  8.50760e-01
  4064.000  8.29310e-01
  4065.000  8.24650e-01
  4066.000  8.36530e-01
  4067.000  8.54250e-01
  4068.000  8.72710e-01
  4069.000  8.88870e-01
  4070.000  8.93240e-01
  4071.000  8.74260e-01
  4072.000  8.53710e-01
  4073.000  8.42050e-01
  4074.000  8.42590e-01
  4075.000  8.43810e-01
  4076.000  8.36100e-01
  4077.000  8.19180e-01
  4078.000  8.03460e-01
  4079.000  8.04260e-01
  4080.000  8.25720e-01
  4081.000  8.51010e-01
  4082.000  8.66110e-01
  4083.000  8.69260e-01
  4084.000  8.59400e-01
  4085.000  8.45330e-01
  4086.000  8.42380e-01
  4087.000  8.45140e-01
  4088.000  8.57020e-01
  4089.000  8.63360e-01
  4090.000  8.61010e-01
  4091.000  8.50860e-01
  4092.000  8.42000e-01
  4093.000  8.30410e-01
  4094.000  8.11590e-01
  4095.000  7.91050e-01
  4096.000  7.64310e-01
  4097.000  7.36060e-01
  4098.000  7.10850e-01
  4099.000  6.97920e-01
  4100.000  7.18450e-01
  4101.000  7.73040e-01
  4102.000  8.26190e-01
  4103.000  8.32580e-01
  4104.000  7.89910e-01
  4105.000  7.33990e-01
  4106.000  7.05130e-01
  4107.000  7.18460e-01
  4108.000  7.43580e-01
  4109.000  7.57840e-01
  4110.000  7.68240e-01
  4111.000  7.77050e-01
  4112.000  7.88440e-01
  4113.000  8.03340e-01
  4114.000  8.23010e-01
  4115.000  8.41650e-01
  4116.000  8.51880e-01
  4117.000  8.59030e-01
  4118.000  8.53960e-01
  4119.000  8.44560e-01
  4120.000  8.33190e-01
  4121.000  8.35310e-01
  4122.000  8.40370e-01
  4123.000  8.47460e-01
  4124.000  8.55580e-01
  4125.000  8.61990e-01
  4126.000  8.70200e-01
  4127.000  8.66950e-01
  4128.000  8.56060e-01
  4129.000  8.46770e-01
  4130.000  8.39870e-01
  4131.000  8.35050e-01
  4132.000  8.27330e-01
  4133.000  8.22470e-01
  4134.000  8.26920e-01
  4135.000  8.43160e-01
  4136.000  8.66200e-01
  4137.000  8.84940e-01
  4138.000  9.00340e-01
  4139.000  9.06720e-01
  4140.000  9.09360e-01
  4141.000  9.03790e-01
  4142.000  8.83390e-01
  4143.000  8.56010e-01
  4144.000  8.28670e-01
  4145.000  8.23220e-01
  4146.000  8.39660e-01
  4147.000  8.61090e-01
  4148.000  8.78330e-01
  4149.000  8.83020e-01
  4150.000  8.79260e-01
  4151.000  8.75310e-01
  4152.000  8.70080e-01
  4153.000  8.64990e-01
  4154.000  8.62300e-01
  4155.000  8.55930e-01
  4156.000  8.51290e-01
  4157.000  8.54150e-01
  4158.000  8.64050e-01
  4159.000  8.76660e-01
  4160.000  8.86760e-01
  4161.000  8.94080e-01
  4162.000  8.96960e-01
  4163.000  9.02750e-01
  4164.000  9.04120e-01
  4165.000  9.06020e-01
  4166.000  8.99930e-01
  4167.000  8.91380e-01
  4168.000  8.82060e-01
  4169.000  8.80870e-01
  4170.000  8.78300e-01
  4171.000  8.65370e-01
  4172.000  8.49690e-01
  4173.000  8.27600e-01
  4174.000  8.14490e-01
  4175.000  8.18060e-01
  4176.000  8.29030e-01
  4177.000  8.36470e-01
  4178.000  8.36530e-01
  4179.000  8.40560e-01
  4180.000  8.49630e-01
  4181.000  8.56340e-01
  4182.000  8.61020e-01
  4183.000  8.59400e-01
  4184.000  8.62230e-01
  4185.000  8.70840e-01
  4186.000  8.71720e-01
  4187.000  8.67500e-01
  4188.000  8.58180e-01
  4189.000  8.57990e-01
  4190.000  8.65610e-01
  4191.000  8.74920e-01
  4192.000  8.87850e-01
  4193.000  8.97200e-01
  4194.000  9.01120e-01
  4195.000  8.97490e-01
  4196.000  8.82420e-01
  4197.000  8.62340e-01
  4198.000  8.46080e-01
  4199.000  8.38160e-01
  4200.000  8.34990e-01
  4201.000  8.38230e-01
  4202.000  8.40820e-01
  4203.000  8.44890e-01
  4204.000  8.50730e-01
  4205.000  8.63050e-01
  4206.000  8.76060e-01
  4207.000  8.85440e-01
  4208.000  8.96620e-01
  4209.000  9.00880e-01
  4210.000  9.02500e-01
  4211.000  9.04270e-01
  4212.000  9.04830e-01
  4213.000  9.07710e-01
  4214.000  8.98670e-01
  4215.000  8.85310e-01
  4216.000  8.72590e-01
  4217.000  8.73660e-01
  4218.000  8.87030e-01
  4219.000  9.04490e-01
  4220.000  9.17690e-01
  4221.000  9.22400e-01
  4222.000  9.17480e-01
  4223.000  8.99170e-01
  4224.000  8.71820e-01
  4225.000  8.35260e-01
  4226.000  7.93850e-01
  4227.000  7.71640e-01
  4228.000  7.77010e-01
  4229.000  8.09540e-01
  4230.000  8.53150e-01
  4231.000  8.86450e-01
  4232.000  8.96510e-01
  4233.000  8.90520e-01
  4234.000  8.77070e-01
  4235.000  8.68890e-01
  4236.000  8.62200e-01
  4237.000  8.58610e-01
  4238.000  8.59320e-01
  4239.000  8.65040e-01
  4240.000  8.72610e-01
  4241.000  8.80510e-01
  4242.000  8.90330e-01
  4243.000  9.01850e-01
  4244.000  9.12950e-01
  4245.000  9.18650e-01
  4246.000  9.15060e-01
  4247.000  9.03500e-01
  4248.000  8.87930e-01
  4249.000  8.72480e-01
  4250.000  8.60970e-01
  4251.000  8.57630e-01
  4252.000  8.59310e-01
  4253.000  8.65110e-01
  4254.000  8.67520e-01
  4255.000  8.67910e-01
  4256.000  8.73860e-01
  4257.000  8.83980e-01
  4258.000  8.87800e-01
  4259.000  8.77510e-01
  4260.000  8.61890e-01
  4261.000  8.48220e-01
  4262.000  8.52130e-01
  4263.000  8.74530e-01
  4264.000  9.02790e-01
  4265.000  9.24290e-01
  4266.000  9.31730e-01
  4267.000  9.28120e-01
  4268.000  9.12130e-01
  4269.000  8.89790e-01
  4270.000  8.64980e-01
  4271.000  8.38360e-01
  4272.000  8.14150e-01
  4273.000  8.03460e-01
  4274.000  8.08790e-01
  4275.000  8.19320e-01
  4276.000  8.37200e-01
  4277.000  8.61950e-01
  4278.000  8.84450e-01
  4279.000  8.97220e-01
  4280.000  8.96710e-01
  4281.000  8.86250e-01
  4282.000  8.80030e-01
  4283.000  8.76580e-01
  4284.000  8.72070e-01
  4285.000  8.69150e-01
  4286.000  8.65220e-01
  4287.000  8.59770e-01
  4288.000  8.49770e-01
  4289.000  8.32630e-01
  4290.000  8.13790e-01
  4291.000  8.04870e-01
  4292.000  8.11920e-01
  4293.000  8.31390e-01
  4294.000  8.43480e-01
  4295.000  8.46930e-01
  4296.000  8.41320e-01
  4297.000  8.29450e-01
  4298.000  8.10590e-01
  4299.000  7.81650e-01
  4300.000  7.52550e-01
  4301.000  7.37720e-01
  4302.000  7.35110e-01
  4303.000  7.41140e-01
  4304.000  7.48500e-01
  4305.000  7.54220e-01
  4306.000  7.56340e-01
  4307.000  7.52500e-01
  4308.000  7.39770e-01
  4309.000  7.29860e-01
  4310.000  7.35720e-01
  4311.000  7.52670e-01
  4312.000  7.71410e-01
  4313.000  7.89270e-01
  4314.000  8.03190e-01
  4315.000  8.27160e-01
  4316.000  8.56960e-01
  4317.000  8.88250e-01
  4318.000  9.13410e-01
  4319.000  9.20560e-01
  4320.000  9.17280e-01
  4321.000  9.02450e-01
  4322.000  8.83800e-01
  4323.000  8.61720e-01
  4324.000  8.32180e-01
  4325.000  7.96910e-01
  4326.000  7.71630e-01
  4327.000  7.75520e-01
  4328.000  8.00960e-01
  4329.000  8.32900e-01
  4330.000  8.50070e-01
  4331.000  8.53020e-01
  4332.000  8.50330e-01
  4333.000  8.44870e-01
  4334.000  8.38820e-01
  4335.000  8.29840e-01
  4336.000  8.10190e-01
  4337.000  7.85790e-01
  4338.000  7.90470e-01
  4339.000  8.64610e-01
  4340.000  9.94780e-01
  4341.000  1.10110e+00
  4342.000  1.10020e+00
  4343.000  9.93500e-01
  4344.000  8.61230e-01
  4345.000  7.82970e-01
  4346.000  7.69550e-01
  4347.000  7.85470e-01
  4348.000  8.08950e-01
  4349.000  8.25630e-01
  4350.000  8.30060e-01
  4351.000  8.20540e-01
  4352.000  8.04570e-01
  4353.000  7.99500e-01
  4354.000  8.10520e-01
  4355.000  8.36880e-01
  4356.000  8.63370e-01
  4357.000  8.83460e-01
  4358.000  8.94210e-01
  4359.000  9.00220e-01
  4360.000  9.02310e-01
  4361.000  9.10600e-01
  4362.000  9.22090e-01
  4363.000  9.35170e-01
  4364.000  9.46510e-01
  4365.000  9.51120e-01
  4366.000  9.50040e-01
  4367.000  9.37940e-01
  4368.000  9.20150e-01
  4369.000  9.04230e-01
  4370.000  9.00800e-01
  4371.000  9.04100e-01
  4372.000  9.02690e-01
  4373.000  8.97580e-01
  4374.000  8.84210e-01
  4375.000  8.72600e-01
  4376.000  8.68790e-01
  4377.000  8.79290e-01
  4378.000  9.02330e-01
  4379.000  9.18780e-01
  4380.000  9.21340e-01
  4381.000  9.10090e-01
  4382.000  8.83060e-01
  4383.000  8.45820e-01
  4384.000  8.07000e-01
  4385.000  7.83590e-01
  4386.000  7.91780e-01
  4387.000  8.17340e-01
  4388.000  8.42050e-01
  4389.000  8.57390e-01
  4390.000  8.66190e-01
  4391.000  8.69940e-01
  4392.000  8.77200e-01
  4393.000  8.85230e-01
  4394.000  8.87930e-01
  4395.000  8.90580e-01
  4396.000  8.94700e-01
  4397.000  9.07330e-01
  4398.000  9.20260e-01
  4399.000  9.22620e-01
  4400.000  9.17100e-01
  4401.000  9.03210e-01
  4402.000  8.96560e-01
  4403.000  8.92190e-01
  4404.000  8.84830e-01
  4405.000  8.73720e-01
  4406.000  8.62980e-01
  4407.000  8.64600e-01
  4408.000  8.70920e-01
  4409.000  8.85830e-01
  4410.000  9.01350e-01
  4411.000  9.20770e-01
  4412.000  9.39070e-01
  4413.000  9.46690e-01
  4414.000  9.36810e-01
  4415.000  9.14730e-01
  4416.000  8.92710e-01
  4417.000  8.82590e-01
  4418.000  8.89210e-01
  4419.000  9.09370e-01
  4420.000  9.26450e-01
  4421.000  9.36690e-01
  4422.000  9.34190e-01
  4423.000  9.24280e-01
  4424.000  9.19310e-01
  4425.000  9.16940e-01
  4426.000  9.17460e-01
  4427.000  9.22510e-01
  4428.000  9.24140e-01
  4429.000  9.22540e-01
  4430.000  9.20380e-01
  4431.000  9.15790e-01
  4432.000  9.13820e-01
  4433.000  9.10550e-01
  4434.000  9.02230e-01
  4435.000  8.91400e-01
  4436.000  8.87660e-01
  4437.000  8.99060e-01
  4438.000  9.24930e-01
  4439.000  9.48420e-01
  4440.000  9.57500e-01
  4441.000  9.52910e-01
  4442.000  9.33790e-01
  4443.000  9.15760e-01
  4444.000  9.07010e-01
  4445.000  9.14180e-01
  4446.000  9.35600e-01
  4447.000  9.55510e-01
  4448.000  9.65410e-01
  4449.000  9.68830e-01
  4450.000  9.67790e-01
  4451.000  9.65630e-01
  4452.000  9.61400e-01
  4453.000  9.49370e-01
  4454.000  9.34430e-01
  4455.000  9.17130e-01
  4456.000  9.00940e-01
  4457.000  8.91750e-01
  4458.000  8.93730e-01
  4459.000  8.97610e-01
  4460.000  8.96200e-01
  4461.000  8.92380e-01
  4462.000  8.91230e-01
  4463.000  9.00320e-01
  4464.000  9.13290e-01
  4465.000  9.26240e-01
  4466.000  9.31920e-01
  4467.000  9.32410e-01
  4468.000  9.26070e-01
  4469.000  9.17130e-01
  4470.000  9.16740e-01
  4471.000  9.27810e-01
  4472.000  9.45910e-01
  4473.000  9.64240e-01
  4474.000  9.78400e-01
  4475.000  9.87500e-01
  4476.000  9.96410e-01
  4477.000  1.00130e+00
  4478.000  1.00010e+00
  4479.000  9.86150e-01
  4480.000  9.61530e-01
  4481.000  9.29370e-01
  4482.000  9.05830e-01
  4483.000  9.10730e-01
  4484.000  9.33810e-01
  4485.000  9.66150e-01
  4486.000  9.93910e-01
  4487.000  1.00170e+00
  4488.000  9.91800e-01
  4489.000  9.74960e-01
  4490.000  9.59700e-01
  4491.000  9.51790e-01
  4492.000  9.51360e-01
  4493.000  9.61210e-01
  4494.000  9.64870e-01
  4495.000  9.58430e-01
  4496.000  9.55380e-01
  4497.000  9.56560e-01
  4498.000  9.69000e-01
  4499.000  9.82260e-01
  4500.000  9.87840e-01
  4501.000  9.88800e-01
  4502.000  9.87200e-01
  4503.000  9.96820e-01
  4504.000  1.01510e+00
  4505.000  1.03150e+00
  4506.000  1.03770e+00
  4507.000  1.03600e+00
  4508.000  1.02850e+00
  4509.000  1.02290e+00
  4510.000  1.02080e+00
  4511.000  1.02210e+00
  4512.000  1.02180e+00
  4513.000  1.01240e+00
  4514.000  1.00060e+00
  4515.000  9.91810e-01
  4516.000  9.85470e-01
  4517.000  9.84110e-01
  4518.000  9.87830e-01
  4519.000  9.89500e-01
  4520.000  9.94250e-01
  4521.000  9.96810e-01
  4522.000  9.97060e-01
  4523.000  9.90850e-01
  4524.000  9.80060e-01
  4525.000  9.68760e-01
  4526.000  9.53390e-01
  4527.000  9.37160e-01
  4528.000  9.22180e-01
  4529.000  9.11830e-01
  4530.000  9.07960e-01
  4531.000  9.10030e-01
  4532.000  9.18030e-01
  4533.000  9.22940e-01
  4534.000  9.21300e-01
  4535.000  9.19610e-01
  4536.000  9.26560e-01
  4537.000  9.45140e-01
  4538.000  9.71410e-01
  4539.000  9.90740e-01
  4540.000  9.95350e-01
  4541.000  9.88380e-01
  4542.000  9.80720e-01
  4543.000  9.82550e-01
  4544.000  9.81480e-01
  4545.000  9.78330e-01
  4546.000  9.74780e-01
  4547.000  9.70920e-01
  4548.000  9.61460e-01
  4549.000  9.50970e-01
  4550.000  9.42040e-01
  4551.000  9.39030e-01
  4552.000  9.40010e-01
  4553.000  9.43820e-01
  4554.000  9.41530e-01
  4555.000  9.39830e-01
  4556.000  9.45120e-01
  4557.000  9.60330e-01
  4558.000  9.76970e-01
  4559.000  9.95560e-01
  4560.000  1.01140e+00
  4561.000  1.01660e+00
  4562.000  1.01690e+00
  4563.000  1.00930e+00
  4564.000  9.94570e-01
  4565.000  9.81060e-01
  4566.000  9.75290e-01
  4567.000  9.80630e-01
  4568.000  9.93820e-01
  4569.000  1.00770e+00
  4570.000  1.01080e+00
  4571.000  1.00400e+00
  4572.000  9.96190e-01
  4573.000  9.93120e-01
  4574.000  9.97530e-01
  4575.000  1.00580e+00
  4576.000  1.01290e+00
  4577.000  1.01170e+00
  4578.000  1.00430e+00
  4579.000  9.95700e-01
  4580.000  9.83070e-01
  4581.000  9.69510e-01
  4582.000  9.58100e-01
  4583.000  9.52990e-01
  4584.000  9.54080e-01
  4585.000  9.54700e-01
  4586.000  9.61740e-01
  4587.000  9.69770e-01
  4588.000  9.78280e-01
  4589.000  9.88150e-01
  4590.000  9.93140e-01
  4591.000  9.89730e-01
  4592.000  9.80790e-01
  4593.000  9.73310e-01
  4594.000  9.69860e-01
  4595.000  9.68800e-01
  4596.000  9.70130e-01
  4597.000  9.69520e-01
  4598.000  9.72470e-01
  4599.000  9.77600e-01
  4600.000  9.78610e-01
  4601.000  9.78980e-01
  4602.000  9.77900e-01
  4603.000  9.79070e-01
  4604.000  9.81090e-01
  4605.000  9.87760e-01
  4606.000  9.89960e-01
  4607.000  9.96170e-01
  4608.000  1.00980e+00
  4609.000  1.02580e+00
  4610.000  1.03350e+00
  4611.000  1.03150e+00
  4612.000  1.02660e+00
  4613.000  1.01930e+00
  4614.000  1.01550e+00
  4615.000  1.01620e+00
  4616.000  1.02020e+00
  4617.000  1.01960e+00
  4618.000  1.01780e+00
  4619.000  1.01420e+00
  4620.000  1.01150e+00
  4621.000  1.01390e+00
  4622.000  1.01980e+00
  4623.000  1.02490e+00
  4624.000  1.02880e+00
  4625.000  1.02890e+00
  4626.000  1.02710e+00
  4627.000  1.02280e+00
  4628.000  1.02150e+00
  4629.000  1.01900e+00
  4630.000  1.01480e+00
  4631.000  1.01490e+00
  4632.000  1.01730e+00
  4633.000  1.01760e+00
  4634.000  1.01200e+00
  4635.000  1.00630e+00
  4636.000  1.00040e+00
  4637.000  9.97280e-01
  4638.000  9.93890e-01
  4639.000  9.87000e-01
  4640.000  9.83620e-01
  4641.000  9.86070e-01
  4642.000  9.91700e-01
  4643.000  9.98920e-01
  4644.000  9.97470e-01
  4645.000  9.87740e-01
  4646.000  9.72990e-01
  4647.000  9.57720e-01
  4648.000  9.46460e-01
  4649.000  9.44840e-01
  4650.000  9.55120e-01
  4651.000  9.70560e-01
  4652.000  9.83690e-01
  4653.000  9.93480e-01
  4654.000  9.97480e-01
  4655.000  9.93220e-01
  4656.000  9.86590e-01
  4657.000  9.87130e-01
  4658.000  9.99270e-01
  4659.000  1.01720e+00
  4660.000  1.03050e+00
  4661.000  1.03590e+00
  4662.000  1.02860e+00
  4663.000  1.01330e+00
  4664.000  9.97900e-01
  4665.000  9.79960e-01
  4666.000  9.60860e-01
  4667.000  9.40700e-01
  4668.000  9.23670e-01
  4669.000  9.20080e-01
  4670.000  9.30190e-01
  4671.000  9.48560e-01
  4672.000  9.69010e-01
  4673.000  9.83090e-01
  4674.000  9.88170e-01
  4675.000  9.91600e-01
  4676.000  9.96310e-01
  4677.000  1.00110e+00
  4678.000  9.99270e-01
  4679.000  9.92720e-01
  4680.000  9.85070e-01
  4681.000  9.77870e-01
  4682.000  9.75050e-01
  4683.000  9.82370e-01
  4684.000  9.92330e-01
  4685.000  1.00400e+00
  4686.000  1.00950e+00
  4687.000  1.01140e+00
  4688.000  1.00650e+00
  4689.000  1.00090e+00
  4690.000  9.97870e-01
  4691.000  9.94030e-01
  4692.000  9.90730e-01
  4693.000  9.91490e-01
  4694.000  9.95950e-01
  4695.000  1.00050e+00
  4696.000  1.00540e+00
  4697.000  1.00660e+00
  4698.000  9.98450e-01
  4699.000  9.84950e-01
  4700.000  9.73080e-01
  4701.000  9.67090e-01
  4702.000  9.57410e-01
  4703.000  9.56610e-01
  4704.000  9.54510e-01
  4705.000  9.59230e-01
  4706.000  9.62600e-01
  4707.000  9.61940e-01
  4708.000  9.60840e-01
  4709.000  9.59870e-01
  4710.000  9.58840e-01
  4711.000  9.64660e-01
  4712.000  9.75040e-01
  4713.000  9.81180e-01
  4714.000  9.78720e-01
  4715.000  9.75890e-01
  4716.000  9.75850e-01
  4717.000  9.88730e-01
  4718.000  1.00320e+00
  4719.000  1.01470e+00
  4720.000  1.02410e+00
  4721.000  1.02870e+00
  4722.000  1.02840e+00
  4723.000  1.02730e+00
  4724.000  1.02570e+00
  4725.000  1.02460e+00
  4726.000  1.02000e+00
  4727.000  1.00760e+00
  4728.000  9.88520e-01
  4729.000  9.69040e-01
  4730.000  9.55780e-01
  4731.000  9.54750e-01
  4732.000  9.58800e-01
  4733.000  9.67970e-01
  4734.000  9.79770e-01
  4735.000  9.85190e-01
  4736.000  9.88550e-01
  4737.000  9.91000e-01
  4738.000  9.92670e-01
  4739.000  9.97040e-01
  4740.000  9.99460e-01
  4741.000  1.00240e+00
  4742.000  1.00590e+00
  4743.000  1.00830e+00
  4744.000  1.00950e+00
  4745.000  1.01300e+00
  4746.000  1.01750e+00
  4747.000  1.02010e+00
  4748.000  1.02200e+00
  4749.000  1.02400e+00
  4750.000  1.02260e+00
  4751.000  1.02050e+00
  4752.000  1.01600e+00
  4753.000  1.00940e+00
  4754.000  1.00330e+00
  4755.000  9.95310e-01
  4756.000  9.91390e-01
  4757.000  9.92180e-01
  4758.000  9.94070e-01
  4759.000  9.96240e-01
  4760.000  9.97410e-01
  4761.000  9.97500e-01
  4762.000  9.87680e-01
  4763.000  9.70420e-01
  4764.000  9.57240e-01
  4765.000  9.50340e-01
  4766.000  9.47380e-01
  4767.000  9.49870e-01
  4768.000  9.57500e-01
  4769.000  9.71690e-01
  4770.000  9.85740e-01
  4771.000  9.93700e-01
  4772.000  9.94370e-01
  4773.000  9.95030e-01
  4774.000  9.99090e-01
  4775.000  1.00670e+00
  4776.000  1.01660e+00
  4777.000  1.02050e+00
  4778.000  1.02270e+00
  4779.000  1.02050e+00
  4780.000  1.01580e+00
  4781.000  1.01030e+00
  4782.000  1.00250e+00
  4783.000  9.97390e-01
  4784.000  9.92710e-01
  4785.000  9.88480e-01
  4786.000  9.87340e-01
  4787.000  9.83240e-01
  4788.000  9.79910e-01
  4789.000  9.80200e-01
  4790.000  9.81380e-01
  4791.000  9.86240e-01
  4792.000  9.91540e-01
  4793.000  1.00190e+00
  4794.000  1.01570e+00
  4795.000  1.02600e+00
  4796.000  1.03240e+00
  4797.000  1.03310e+00
  4798.000  1.02470e+00
  4799.000  1.01040e+00
  4800.000  1.00140e+00
  4801.000  1.00100e+00
  4802.000  1.00170e+00
  4803.000  1.00770e+00
  4804.000  1.01120e+00
  4805.000  1.00750e+00
  4806.000  9.98800e-01
  4807.000  9.91420e-01
  4808.000  9.87280e-01
  4809.000  9.85470e-01
  4810.000  9.88710e-01
  4811.000  9.91960e-01
  4812.000  9.94930e-01
  4813.000  1.00020e+00
  4814.000  1.00330e+00
  4815.000  1.00580e+00
  4816.000  1.01060e+00
  4817.000  1.01740e+00
  4818.000  1.01940e+00
  4819.000  1.02370e+00
  4820.000  1.02420e+00
  4821.000  1.02200e+00
  4822.000  1.01240e+00
  4823.000  9.99780e-01
  4824.000  9.86270e-01
  4825.000  9.79800e-01
  4826.000  9.79290e-01
  4827.000  9.83380e-01
  4828.000  9.88760e-01
  4829.000  9.88560e-01
  4830.000  9.84960e-01
  4831.000  9.79760e-01
  4832.000  9.76280e-01
  4833.000  9.74650e-01
  4834.000  9.75110e-01
  4835.000  9.79320e-01
  4836.000  9.84380e-01
  4837.000  9.85040e-01
  4838.000  9.81220e-01
  4839.000  9.73740e-01
  4840.000  9.64710e-01
  4841.000  9.58540e-01
  4842.000  9.55380e-01
  4843.000  9.55460e-01
  4844.000  9.56150e-01
  4845.000  9.58040e-01
  4846.000  9.59870e-01
  4847.000  9.60020e-01
  4848.000  9.53780e-01
  4849.000  9.44880e-01
  4850.000  9.34400e-01
  4851.000  9.29790e-01
  4852.000  9.26070e-01
  4853.000  9.18200e-01
  4854.000  9.06140e-01
  4855.000  8.87190e-01
  4856.000  8.69280e-01
  4857.000  8.65210e-01
  4858.000  9.01140e-01
  4859.000  1.03650e+00
  4860.000  1.30570e+00
  4861.000  1.64510e+00
  4862.000  1.90030e+00
  4863.000  1.90820e+00
  4864.000  1.65880e+00
  4865.000  1.30670e+00
  4866.000  1.03070e+00
  4867.000  8.94910e-01
  4868.000  8.60710e-01
  4869.000  8.60200e-01
  4870.000  8.63910e-01
  4871.000  8.59080e-01
  4872.000  8.54670e-01
  4873.000  8.56920e-01
  4874.000  8.65390e-01
  4875.000  8.80940e-01
  4876.000  8.94650e-01
  4877.000  9.07310e-01
  4878.000  9.22090e-01
  4879.000  9.35280e-01
  4880.000  9.45520e-01
  4881.000  9.50630e-01
  4882.000  9.50430e-01
  4883.000  9.48250e-01
  4884.000  9.42260e-01
  4885.000  9.34850e-01
  4886.000  9.28630e-01
  4887.000  9.25410e-01
  4888.000  9.24070e-01
  4889.000  9.22420e-01
  4890.000  9.19650e-01
  4891.000  9.17710e-01
  4892.000  9.20940e-01
  4893.000  9.30980e-01
  4894.000  9.54170e-01
  4895.000  9.83360e-01
  4896.000  1.00480e+00
  4897.000  1.01760e+00
  4898.000  1.02190e+00
  4899.000  1.01620e+00
  4900.000  1.00820e+00
  4901.000  9.98320e-01
  4902.000  9.93100e-01
  4903.000  9.92020e-01
  4904.000  9.92550e-01
  4905.000  9.96090e-01
  4906.000  1.00100e+00
  4907.000  1.00780e+00
  4908.000  1.00770e+00
  4909.000  9.97080e-01
  4910.000  9.83790e-01
  4911.000  9.71730e-01
  4912.000  9.66620e-01
  4913.000  9.72620e-01
  4914.000  9.84660e-01
  4915.000  9.97380e-01
  4916.000  1.00340e+00
  4917.000  9.99870e-01
  4918.000  9.85160e-01
  4919.000  9.58400e-01
  4920.000  9.27380e-01
  4921.000  9.07810e-01
  4922.000  9.05000e-01
  4923.000  9.14060e-01
  4924.000  9.26430e-01
  4925.000  9.39180e-01
  4926.000  9.56420e-01
  4927.000  9.74780e-01
  4928.000  9.96900e-01
  4929.000  1.01460e+00
  4930.000  1.02490e+00
  4931.000  1.02930e+00
  4932.000  1.02590e+00
  4933.000  1.01340e+00
  4934.000  1.00030e+00
  4935.000  9.87210e-01
  4936.000  9.80940e-01
  4937.000  9.75650e-01
  4938.000  9.69060e-01
  4939.000  9.62620e-01
  4940.000  9.61350e-01
  4941.000  9.69500e-01
  4942.000  9.87440e-01
  4943.000  1.00760e+00
  4944.000  1.02270e+00
  4945.000  1.02960e+00
  4946.000  1.02930e+00
  4947.000  1.03010e+00
  4948.000  1.03170e+00
  4949.000  1.03460e+00
  4950.000  1.03940e+00
  4951.000  1.04420e+00
  4952.000  1.04550e+00
  4953.000  1.04280e+00
  4954.000  1.03570e+00
  4955.000  1.02770e+00
  4956.000  1.02400e+00
  4957.000  1.02710e+00
  4958.000  1.04350e+00
  4959.000  1.07270e+00
  4960.000  1.10440e+00
  4961.000  1.11430e+00
  4962.000  1.09600e+00
  4963.000  1.06660e+00
  4964.000  1.04300e+00
  4965.000  1.02310e+00
  4966.000  1.00690e+00
  4967.000  9.92870e-01
  4968.000  9.85980e-01
  4969.000  9.83190e-01
  4970.000  9.87100e-01
  4971.000  9.92380e-01
  4972.000  1.00130e+00
  4973.000  1.01260e+00
  4974.000  1.01820e+00
  4975.000  1.02560e+00
  4976.000  1.02500e+00
  4977.000  1.02000e+00
  4978.000  1.01280e+00
  4979.000  1.00070e+00
  4980.000  9.85030e-01
  4981.000  9.69730e-01
  4982.000  9.53400e-01
  4983.000  9.39250e-01
  4984.000  9.29020e-01
  4985.000  9.30340e-01
  4986.000  9.46310e-01
  4987.000  9.64380e-01
  4988.000  9.81370e-01
  4989.000  9.92430e-01
  4990.000  9.96090e-01
  4991.000  9.94530e-01
  4992.000  9.91570e-01
  4993.000  9.89930e-01
  4994.000  9.89650e-01
  4995.000  9.93030e-01
  4996.000  9.95680e-01
  4997.000  1.00020e+00
  4998.000  9.99740e-01
  4999.000  9.95170e-01
  5000.000  9.84780e-01
  5001.000  9.73150e-01
  5002.000  9.68660e-01
  5003.000  9.79310e-01
  5004.000  1.01350e+00
  5005.000  1.08230e+00
  5006.000  1.18330e+00
  5007.000  1.29100e+00
  5008.000  1.34690e+00
  5009.000  1.31620e+00
  5010.000  1.22150e+00
  5011.000  1.11160e+00
  5012.000  1.02620e+00
  5013.000  9.74110e-01
  5014.000  9.44630e-01
  5015.000  9.32570e-01
  5016.000  9.32220e-01
  5017.000  9.33880e-01
  5018.000  9.34670e-01
  5019.000  9.31400e-01
  5020.000  9.31390e-01
  5021.000  9.36330e-01
  5022.000  9.42720e-01
  5023.000  9.48990e-01
  5024.000  9.55920e-01
  5025.000  9.64870e-01
  5026.000  9.70040e-01
  5027.000  9.72500e-01
  5028.000  9.72590e-01
  5029.000  9.74780e-01
  5030.000  9.79710e-01
  5031.000  9.89800e-01
  5032.000  9.99400e-01
  5033.000  1.00820e+00
  5034.000  1.01200e+00
  5035.000  1.00790e+00
  5036.000  9.96210e-01
  5037.000  9.81110e-01
  5038.000  9.67410e-01
  5039.000  9.54330e-01
  5040.000  9.38080e-01
  5041.000  9.25580e-01
  5042.000  9.19590e-01
  5043.000  9.25770e-01
  5044.000  9.48370e-01
  5045.000  9.77120e-01
  5046.000  1.00130e+00
  5047.000  1.01400e+00
  5048.000  1.01110e+00
  5049.000  9.96230e-01
  5050.000  9.81950e-01
  5051.000  9.70140e-01
  5052.000  9.67320e-01
  5053.000  9.70330e-01
  5054.000  9.81730e-01
  5055.000  9.95350e-01
  5056.000  1.00840e+00
  5057.000  1.01910e+00
  5058.000  1.02460e+00
  5059.000  1.02940e+00
  5060.000  1.03440e+00
  5061.000  1.03680e+00
  5062.000  1.03910e+00
  5063.000  1.03570e+00
  5064.000  1.02380e+00
  5065.000  1.00870e+00
  5066.000  9.94990e-01
  5067.000  9.84410e-01
  5068.000  9.80710e-01
  5069.000  9.84340e-01
  5070.000  9.87300e-01
  5071.000  9.91430e-01
  5072.000  9.92140e-01
  5073.000  9.89790e-01
  5074.000  9.90730e-01
  5075.000  9.90580e-01
  5076.000  9.89790e-01
  5077.000  9.89080e-01
  5078.000  9.84700e-01
  5079.000  9.73820e-01
  5080.000  9.60270e-01
  5081.000  9.46730e-01
  5082.000  9.40540e-01
  5083.000  9.44250e-01
  5084.000  9.55530e-01
  5085.000  9.68060e-01
  5086.000  9.79150e-01
  5087.000  9.89630e-01
  5088.000  9.97780e-01
  5089.000  1.00430e+00
  5090.000  1.00660e+00
  5091.000  1.01010e+00
  5092.000  1.01730e+00
  5093.000  1.02240e+00
  5094.000  1.02650e+00
  5095.000  1.02440e+00
  5096.000  1.01500e+00
  5097.000  1.00190e+00
  5098.000  9.85430e-01
  5099.000  9.68790e-01
  5100.000  9.58920e-01
  5101.000  9.60250e-01
  5102.000  9.71080e-01
  5103.000  9.85720e-01
  5104.000  9.93460e-01
  5105.000  9.96000e-01
  5106.000  9.91280e-01
  5107.000  9.82240e-01
  5108.000  9.75260e-01
  5109.000  9.69840e-01
  5110.000  9.68750e-01
  5111.000  9.71300e-01
  5112.000  9.79050e-01
  5113.000  9.86680e-01
  5114.000  9.96220e-01
  5115.000  1.00720e+00
  5116.000  1.01610e+00
  5117.000  1.01990e+00
  5118.000  1.02490e+00
  5119.000  1.02910e+00
  5120.000  1.02580e+00
  5121.000  1.01790e+00
  5122.000  1.00180e+00
  5123.000  9.86530e-01
  5124.000  9.70980e-01
  5125.000  9.58470e-01
  5126.000  9.53630e-01
  5127.000  9.51660e-01
  5128.000  9.51980e-01
  5129.000  9.53640e-01
  5130.000  9.56830e-01
  5131.000  9.62620e-01
  5132.000  9.68850e-01
  5133.000  9.77650e-01
  5134.000  9.85490e-01
  5135.000  9.91400e-01
  5136.000  9.93810e-01
  5137.000  9.91770e-01
  5138.000  9.82600e-01
  5139.000  9.72900e-01
  5140.000  9.65850e-01
  5141.000  9.61440e-01
  5142.000  9.60520e-01
  5143.000  9.60090e-01
  5144.000  9.59740e-01
  5145.000  9.59440e-01
  5146.000  9.61300e-01
  5147.000  9.61340e-01
  5148.000  9.61150e-01
  5149.000  9.61690e-01
  5150.000  9.61740e-01
  5151.000  9.59840e-01
  5152.000  9.59600e-01
  5153.000  9.57270e-01
  5154.000  9.56060e-01
  5155.000  9.60210e-01
  5156.000  9.68060e-01
  5157.000  9.82930e-01
  5158.000  9.96390e-01
  5159.000  1.01020e+00
  5160.000  1.01520e+00
  5161.000  1.01420e+00
  5162.000  1.00620e+00
  5163.000  9.93460e-01
  5164.000  9.76480e-01
  5165.000  9.53950e-01
  5166.000  9.21560e-01
  5167.000  8.85210e-01
  5168.000  8.50360e-01
  5169.000  8.31810e-01
  5170.000  8.27660e-01
  5171.000  8.30640e-01
  5172.000  8.33000e-01
  5173.000  8.31340e-01
  5174.000  8.39400e-01
  5175.000  8.62650e-01
  5176.000  8.98670e-01
  5177.000  9.34470e-01
  5178.000  9.60630e-01
  5179.000  9.70730e-01
  5180.000  9.70410e-01
  5181.000  9.58690e-01
  5182.000  9.33370e-01
  5183.000  8.97790e-01
  5184.000  8.65830e-01
  5185.000  8.52800e-01
  5186.000  8.66510e-01
  5187.000  8.96090e-01
  5188.000  9.28580e-01
  5189.000  9.54880e-01
  5190.000  9.66530e-01
  5191.000  9.66330e-01
  5192.000  9.59730e-01
  5193.000  9.50850e-01
  5194.000  9.44250e-01
  5195.000  9.48770e-01
  5196.000  9.61540e-01
  5197.000  9.86820e-01
  5198.000  1.01620e+00
  5199.000  1.04630e+00
  5200.000  1.06850e+00
  5201.000  1.07360e+00
  5202.000  1.06210e+00
  5203.000  1.03690e+00
  5204.000  1.00660e+00
  5205.000  9.75270e-01
  5206.000  9.45720e-01
  5207.000  9.28970e-01
  5208.000  9.21030e-01
  5209.000  9.18190e-01
  5210.000  9.23970e-01
  5211.000  9.40460e-01
  5212.000  9.61400e-01
  5213.000  9.79860e-01
  5214.000  9.94940e-01
  5215.000  9.98960e-01
  5216.000  9.96460e-01
  5217.000  9.91070e-01
  5218.000  9.90620e-01
  5219.000  9.96690e-01
  5220.000  1.00920e+00
  5221.000  1.02010e+00
  5222.000  1.02650e+00
  5223.000  1.02130e+00
  5224.000  1.00740e+00
  5225.000  9.85710e-01
  5226.000  9.57460e-01
  5227.000  9.38170e-01
  5228.000  9.32090e-01
  5229.000  9.37610e-01
  5230.000  9.58930e-01
  5231.000  9.82360e-01
  5232.000  9.93990e-01
  5233.000  9.96480e-01
  5234.000  9.91410e-01
  5235.000  9.86110e-01
  5236.000  9.90560e-01
  5237.000  1.00150e+00
  5238.000  1.01440e+00
  5239.000  1.02550e+00
  5240.000  1.03220e+00
  5241.000  1.03760e+00
  5242.000  1.03990e+00
  5243.000  1.04000e+00
  5244.000  1.03920e+00
  5245.000  1.04000e+00
  5246.000  1.03640e+00
  5247.000  1.02760e+00
  5248.000  1.01550e+00
  5249.000  1.00310e+00
  5250.000  9.95320e-01
  5251.000  9.91700e-01
  5252.000  9.92480e-01
  5253.000  9.95310e-01
  5254.000  1.00150e+00
  5255.000  1.00440e+00
  5256.000  1.01220e+00
  5257.000  1.02300e+00
  5258.000  1.03620e+00
  5259.000  1.04350e+00
  5260.000  1.04550e+00
  5261.000  1.03670e+00
  5262.000  1.01670e+00
  5263.000  9.87660e-01
  5264.000  9.56500e-01
  5265.000  9.30110e-01
  5266.000  9.13490e-01
  5267.000  9.06820e-01
  5268.000  9.08960e-01
  5269.000  9.10570e-01
  5270.000  9.07150e-01
  5271.000  9.10200e-01
  5272.000  9.24580e-01
  5273.000  9.47030e-01
  5274.000  9.64740e-01
  5275.000  9.75420e-01
  5276.000  9.84510e-01
  5277.000  9.97900e-01
  5278.000  1.01080e+00
  5279.000  1.02630e+00
  5280.000  1.03420e+00
  5281.000  1.03270e+00
  5282.000  1.02420e+00
  5283.000  1.01430e+00
  5284.000  1.00870e+00
  5285.000  1.01410e+00
  5286.000  1.02650e+00
  5287.000  1.04520e+00
  5288.000  1.06370e+00
  5289.000  1.07600e+00
  5290.000  1.08120e+00
  5291.000  1.08760e+00
  5292.000  1.08640e+00
  5293.000  1.08340e+00
  5294.000  1.07640e+00
  5295.000  1.06690e+00
  5296.000  1.05170e+00
  5297.000  1.03450e+00
  5298.000  1.01530e+00
  5299.000  1.00560e+00
  5300.000  1.00440e+00
  5301.000  1.00990e+00
  5302.000  1.02170e+00
  5303.000  1.03620e+00
  5304.000  1.05030e+00
  5305.000  1.06380e+00
  5306.000  1.07340e+00
  5307.000  1.08010e+00
  5308.000  1.08060e+00
  5309.000  1.08550e+00
  5310.000  1.08850e+00
  5311.000  1.09020e+00
  5312.000  1.09050e+00
  5313.000  1.08870e+00
  5314.000  1.08400e+00
  5315.000  1.07600e+00
  5316.000  1.06690e+00
  5317.000  1.06110e+00
  5318.000  1.05770e+00
  5319.000  1.05650e+00
  5320.000  1.05830e+00
  5321.000  1.06230e+00
  5322.000  1.06080e+00
  5323.000  1.05380e+00
  5324.000  1.04340e+00
  5325.000  1.02960e+00
  5326.000  1.01480e+00
  5327.000  9.97190e-01
  5328.000  9.76470e-01
  5329.000  9.62870e-01
  5330.000  9.61680e-01
  5331.000  9.73570e-01
  5332.000  9.96840e-01
  5333.000  1.02380e+00
  5334.000  1.04250e+00
  5335.000  1.05550e+00
  5336.000  1.06390e+00
  5337.000  1.06370e+00
  5338.000  1.06100e+00
  5339.000  1.05410e+00
  5340.000  1.04120e+00
  5341.000  1.02980e+00
  5342.000  1.02730e+00
  5343.000  1.02960e+00
  5344.000  1.03970e+00
  5345.000  1.04870e+00
  5346.000  1.05240e+00
  5347.000  1.05140e+00
  5348.000  1.04830e+00
  5349.000  1.04320e+00
  5350.000  1.04360e+00
  5351.000  1.05000e+00
  5352.000  1.06120e+00
  5353.000  1.07230e+00
  5354.000  1.08350e+00
  5355.000  1.09480e+00
  5356.000  1.10550e+00
  5357.000  1.11310e+00
  5358.000  1.11660e+00
  5359.000  1.11470e+00
  5360.000  1.11000e+00
  5361.000  1.10340e+00
  5362.000  1.09320e+00
  5363.000  1.08160e+00
  5364.000  1.06930e+00
  5365.000  1.06050e+00
  5366.000  1.05300e+00
  5367.000  1.04760e+00
  5368.000  1.04290e+00
  5369.000  1.03520e+00
  5370.000  1.02500e+00
  5371.000  1.01200e+00
  5372.000  1.00650e+00
  5373.000  1.01320e+00
  5374.000  1.03020e+00
  5375.000  1.05110e+00
  5376.000  1.07150e+00
  5377.000  1.08230e+00
  5378.000  1.08850e+00
  5379.000  1.08880e+00
  5380.000  1.08550e+00
  5381.000  1.08240e+00
  5382.000  1.07530e+00
  5383.000  1.06960e+00
  5384.000  1.06720e+00
  5385.000  1.07110e+00
  5386.000  1.07320e+00
  5387.000  1.07730e+00
  5388.000  1.07790e+00
  5389.000  1.07200e+00
  5390.000  1.06420e+00
  5391.000  1.05520e+00
  5392.000  1.04790e+00
  5393.000  1.04140e+00
  5394.000  1.03730e+00
  5395.000  1.03280e+00
  5396.000  1.03160e+00
  5397.000  1.02360e+00
  5398.000  1.01660e+00
  5399.000  1.01790e+00
  5400.000  1.02340e+00
  5401.000  1.03230e+00
  5402.000  1.03710e+00
  5403.000  1.03400e+00
  5404.000  1.02690e+00
  5405.000  1.01250e+00
  5406.000  9.97020e-01
  5407.000  9.89170e-01
  5408.000  9.93470e-01
  5409.000  1.00100e+00
  5410.000  1.00880e+00
  5411.000  1.01700e+00
  5412.000  1.02520e+00
  5413.000  1.03630e+00
  5414.000  1.04860e+00
  5415.000  1.06090e+00
  5416.000  1.06820e+00
  5417.000  1.07490e+00
  5418.000  1.07900e+00
  5419.000  1.08090e+00
  5420.000  1.07880e+00
  5421.000  1.07490e+00
  5422.000  1.06970e+00
  5423.000  1.06570e+00
  5424.000  1.06330e+00
  5425.000  1.06150e+00
  5426.000  1.06350e+00
  5427.000  1.06540e+00
  5428.000  1.06770e+00
  5429.000  1.06450e+00
  5430.000  1.05300e+00
  5431.000  1.04100e+00
  5432.000  1.03500e+00
  5433.000  1.03150e+00
  5434.000  1.03000e+00
  5435.000  1.02690e+00
  5436.000  1.02980e+00
  5437.000  1.03510e+00
  5438.000  1.04980e+00
  5439.000  1.06860e+00
  5440.000  1.08620e+00
  5441.000  1.10090e+00
  5442.000  1.10870e+00
  5443.000  1.10940e+00
  5444.000  1.10080e+00
  5445.000  1.08650e+00
  5446.000  1.06680e+00
  5447.000  1.04870e+00
  5448.000  1.03630e+00
  5449.000  1.03590e+00
  5450.000  1.04640e+00
  5451.000  1.06050e+00
  5452.000  1.06820e+00
  5453.000  1.06900e+00
  5454.000  1.06150e+00
  5455.000  1.04790e+00
  5456.000  1.03850e+00
  5457.000  1.03620e+00
  5458.000  1.04310e+00
  5459.000  1.05620e+00
  5460.000  1.06780e+00
  5461.000  1.07400e+00
  5462.000  1.07010e+00
  5463.000  1.06310e+00
  5464.000  1.05740e+00
  5465.000  1.05500e+00
  5466.000  1.05730e+00
  5467.000  1.06250e+00
  5468.000  1.06840e+00
  5469.000  1.07180e+00
  5470.000  1.07400e+00
  5471.000  1.07250e+00
  5472.000  1.06810e+00
  5473.000  1.06230e+00
  5474.000  1.05620e+00
  5475.000  1.04480e+00
  5476.000  1.03290e+00
  5477.000  1.02500e+00
  5478.000  1.02050e+00
  5479.000  1.02320e+00
  5480.000  1.02930e+00
  5481.000  1.03580e+00
  5482.000  1.04000e+00
  5483.000  1.04590e+00
  5484.000  1.05080e+00
  5485.000  1.05870e+00
  5486.000  1.06730e+00
  5487.000  1.07090e+00
  5488.000  1.06500e+00
  5489.000  1.05950e+00
  5490.000  1.05730e+00
  5491.000  1.05970e+00
  5492.000  1.06430e+00
  5493.000  1.06820e+00
  5494.000  1.06880e+00
  5495.000  1.06850e+00
  5496.000  1.06850e+00
  5497.000  1.06890e+00
  5498.000  1.06810e+00
  5499.000  1.06670e+00
  5500.000  1.07000e+00
  5501.000  1.06890e+00
  5502.000  1.06510e+00
  5503.000  1.06070e+00
  5504.000  1.05790e+00
  5505.000  1.05400e+00
  5506.000  1.05100e+00
  5507.000  1.04900e+00
  5508.000  1.04880e+00
  5509.000  1.05010e+00
  5510.000  1.05150e+00
  5511.000  1.05070e+00
  5512.000  1.05020e+00
  5513.000  1.04630e+00
  5514.000  1.04180e+00
  5515.000  1.04460e+00
  5516.000  1.05050e+00
  5517.000  1.05800e+00
  5518.000  1.07210e+00
  5519.000  1.08680e+00
  5520.000  1.09390e+00
  5521.000  1.09540e+00
  5522.000  1.09700e+00
  5523.000  1.09750e+00
  5524.000  1.09310e+00
  5525.000  1.08680e+00
  5526.000  1.07750e+00
  5527.000  1.06480e+00
  5528.000  1.05380e+00
  5529.000  1.04480e+00
  5530.000  1.04380e+00
  5531.000  1.05130e+00
  5532.000  1.05780e+00
  5533.000  1.06510e+00
  5534.000  1.06810e+00
  5535.000  1.06910e+00
  5536.000  1.06660e+00
  5537.000  1.06480e+00
  5538.000  1.07030e+00
  5539.000  1.07780e+00
  5540.000  1.08430e+00
  5541.000  1.08900e+00
  5542.000  1.09230e+00
  5543.000  1.09320e+00
  5544.000  1.08940e+00
  5545.000  1.08480e+00
  5546.000  1.08280e+00
  5547.000  1.08470e+00
  5548.000  1.08990e+00
  5549.000  1.09710e+00
  5550.000  1.10360e+00
  5551.000  1.10710e+00
  5552.000  1.10780e+00
  5553.000  1.10730e+00
  5554.000  1.10270e+00
  5555.000  1.09600e+00
  5556.000  1.09430e+00
  5557.000  1.09160e+00
  5558.000  1.09020e+00
  5559.000  1.09100e+00
  5560.000  1.09130e+00
  5561.000  1.09130e+00
  5562.000  1.08650e+00
  5563.000  1.08170e+00
  5564.000  1.07700e+00
  5565.000  1.07200e+00
  5566.000  1.07070e+00
  5567.000  1.07000e+00
  5568.000  1.06770e+00
  5569.000  1.06850e+00
  5570.000  1.06940e+00
  5571.000  1.07030e+00
  5572.000  1.07070e+00
  5573.000  1.07040e+00
  5574.000  1.07120e+00
  5575.000  1.07490e+00
  5576.000  1.07810e+00
  5577.000  1.08030e+00
  5578.000  1.08530e+00
  5579.000  1.09070e+00
  5580.000  1.09300e+00
  5581.000  1.09230e+00
  5582.000  1.09080e+00
  5583.000  1.08830e+00
  5584.000  1.08500e+00
  5585.000  1.07590e+00
  5586.000  1.06240e+00
  5587.000  1.04760e+00
  5588.000  1.03280e+00
  5589.000  1.02470e+00
  5590.000  1.02000e+00
  5591.000  1.02210e+00
  5592.000  1.03050e+00
  5593.000  1.03870e+00
  5594.000  1.04610e+00
  5595.000  1.05320e+00
  5596.000  1.05950e+00
  5597.000  1.06350e+00
  5598.000  1.06490e+00
  5599.000  1.06190e+00
  5600.000  1.05660e+00
  5601.000  1.04930e+00
  5602.000  1.04360e+00
  5603.000  1.04080e+00
  5604.000  1.04470e+00
  5605.000  1.05810e+00
  5606.000  1.07490e+00
  5607.000  1.09220e+00
  5608.000  1.10160e+00
  5609.000  1.10900e+00
  5610.000  1.11270e+00
  5611.000  1.11390e+00
  5612.000  1.11110e+00
  5613.000  1.10560e+00
  5614.000  1.09640e+00
  5615.000  1.08070e+00
  5616.000  1.06510e+00
  5617.000  1.05480e+00
  5618.000  1.05250e+00
  5619.000  1.05670e+00
  5620.000  1.06500e+00
  5621.000  1.07160e+00
  5622.000  1.07480e+00
  5623.000  1.07540e+00
  5624.000  1.07230e+00
  5625.000  1.06580e+00
  5626.000  1.06070e+00
  5627.000  1.06240e+00
  5628.000  1.06980e+00
  5629.000  1.07880e+00
  5630.000  1.08640e+00
  5631.000  1.09440e+00
  5632.000  1.10160e+00
  5633.000  1.10340e+00
  5634.000  1.10060e+00
  5635.000  1.09460e+00
  5636.000  1.08680e+00
  5637.000  1.07790e+00
  5638.000  1.07380e+00
  5639.000  1.07100e+00
  5640.000  1.06870e+00
  5641.000  1.06970e+00
  5642.000  1.06770e+00
  5643.000  1.06770e+00
  5644.000  1.06960e+00
  5645.000  1.07420e+00
  5646.000  1.07980e+00
  5647.000  1.08440e+00
  5648.000  1.08630e+00
  5649.000  1.09000e+00
  5650.000  1.08980e+00
  5651.000  1.09080e+00
  5652.000  1.09220e+00
  5653.000  1.09230e+00
  5654.000  1.09100e+00
  5655.000  1.08670e+00
  5656.000  1.07880e+00
  5657.000  1.06890e+00
  5658.000  1.05860e+00
  5659.000  1.04760e+00
  5660.000  1.04220e+00
  5661.000  1.04290e+00
  5662.000  1.04600e+00
  5663.000  1.05260e+00
  5664.000  1.06110e+00
  5665.000  1.06780e+00
  5666.000  1.07390e+00
  5667.000  1.07710e+00
  5668.000  1.07670e+00
  5669.000  1.07540e+00
  5670.000  1.07710e+00
  5671.000  1.08130e+00
  5672.000  1.08630e+00
  5673.000  1.09350e+00
  5674.000  1.10270e+00
  5675.000  1.10610e+00
  5676.000  1.10750e+00
  5677.000  1.10860e+00
  5678.000  1.11000e+00
  5679.000  1.10950e+00
  5680.000  1.10560e+00
  5681.000  1.10200e+00
  5682.000  1.09570e+00
  5683.000  1.08860e+00
  5684.000  1.08270e+00
  5685.000  1.07950e+00
  5686.000  1.07800e+00
  5687.000  1.07680e+00
  5688.000  1.07750e+00
  5689.000  1.07950e+00
  5690.000  1.08300e+00
  5691.000  1.08920e+00
  5692.000  1.09840e+00
  5693.000  1.10680e+00
  5694.000  1.11130e+00
  5695.000  1.11380e+00
  5696.000  1.11180e+00
  5697.000  1.11000e+00
  5698.000  1.10630e+00
  5699.000  1.09990e+00
  5700.000  1.09190e+00
  5701.000  1.08640e+00
  5702.000  1.08040e+00
  5703.000  1.07600e+00
  5704.000  1.07280e+00
  5705.000  1.07080e+00
  5706.000  1.06690e+00
  5707.000  1.05950e+00
  5708.000  1.05140e+00
  5709.000  1.04360e+00
  5710.000  1.03780e+00
  5711.000  1.03650e+00
  5712.000  1.04030e+00
  5713.000  1.04890e+00
  5714.000  1.06240e+00
  5715.000  1.07550e+00
  5716.000  1.08820e+00
  5717.000  1.09630e+00
  5718.000  1.10410e+00
  5719.000  1.11080e+00
  5720.000  1.11460e+00
  5721.000  1.11860e+00
  5722.000  1.12400e+00
  5723.000  1.12740e+00
  5724.000  1.13000e+00
  5725.000  1.13010e+00
  5726.000  1.12650e+00
  5727.000  1.12320e+00
  5728.000  1.11910e+00
  5729.000  1.11650e+00
  5730.000  1.11370e+00
  5731.000  1.11290e+00
  5732.000  1.11340e+00
  5733.000  1.11570e+00
  5734.000  1.11500e+00
  5735.000  1.11930e+00
  5736.000  1.12270e+00
  5737.000  1.12490e+00
  5738.000  1.12420e+00
  5739.000  1.12150e+00
  5740.000  1.11980e+00
  5741.000  1.11690e+00
  5742.000  1.11680e+00
  5743.000  1.11720e+00
  5744.000  1.11740e+00
  5745.000  1.11460e+00
  5746.000  1.11670e+00
  5747.000  1.11920e+00
  5748.000  1.11820e+00
  5749.000  1.11370e+00
  5750.000  1.11140e+00
  5751.000  1.11040e+00
  5752.000  1.11180e+00
  5753.000  1.11190e+00
  5754.000  1.10920e+00
  5755.000  1.11020e+00
  5756.000  1.11310e+00
  5757.000  1.11720e+00
  5758.000  1.12160e+00
  5759.000  1.12340e+00
  5760.000  1.11940e+00
  5761.000  1.11310e+00
  5762.000  1.10450e+00
  5763.000  1.09890e+00
  5764.000  1.09660e+00
  5765.000  1.10030e+00
  5766.000  1.10800e+00
  5767.000  1.11890e+00
  5768.000  1.12490e+00
  5769.000  1.12900e+00
  5770.000  1.12960e+00
  5771.000  1.12550e+00
  5772.000  1.12120e+00
  5773.000  1.11680e+00
  5774.000  1.11220e+00
  5775.000  1.10930e+00
  5776.000  1.10790e+00
  5777.000  1.10740e+00
  5778.000  1.10250e+00
  5779.000  1.09440e+00
  5780.000  1.08120e+00
  5781.000  1.06400e+00
  5782.000  1.04800e+00
  5783.000  1.03960e+00
  5784.000  1.03890e+00
  5785.000  1.04220e+00
  5786.000  1.04970e+00
  5787.000  1.05970e+00
  5788.000  1.07210e+00
  5789.000  1.08370e+00
  5790.000  1.09230e+00
  5791.000  1.09600e+00
  5792.000  1.10070e+00
  5793.000  1.10340e+00
  5794.000  1.10650e+00
  5795.000  1.10960e+00
  5796.000  1.11000e+00
  5797.000  1.10890e+00
  5798.000  1.10850e+00
  5799.000  1.10950e+00
  5800.000  1.11390e+00
  5801.000  1.11910e+00
  5802.000  1.12790e+00
  5803.000  1.13310e+00
  5804.000  1.13450e+00
  5805.000  1.13040e+00
  5806.000  1.12400e+00
  5807.000  1.12010e+00
  5808.000  1.11800e+00
  5809.000  1.11760e+00
  5810.000  1.11960e+00
  5811.000  1.12030e+00
  5812.000  1.12230e+00
  5813.000  1.12270e+00
  5814.000  1.12230e+00
  5815.000  1.11900e+00
  5816.000  1.11650e+00
  5817.000  1.11550e+00
  5818.000  1.11690e+00
  5819.000  1.12260e+00
  5820.000  1.12940e+00
  5821.000  1.13490e+00
  5822.000  1.13660e+00
  5823.000  1.13650e+00
  5824.000  1.13600e+00
  5825.000  1.13660e+00
  5826.000  1.13670e+00
  5827.000  1.13870e+00
  5828.000  1.14060e+00
  5829.000  1.14110e+00
  5830.000  1.14000e+00
  5831.000  1.13990e+00
  5832.000  1.14000e+00
  5833.000  1.13950e+00
  5834.000  1.13560e+00
  5835.000  1.13380e+00
  5836.000  1.13180e+00
  5837.000  1.13010e+00
  5838.000  1.12950e+00
  5839.000  1.12980e+00
  5840.000  1.13230e+00
  5841.000  1.13570e+00
  5842.000  1.13800e+00
  5843.000  1.13940e+00
  5844.000  1.13890e+00
  5845.000  1.13530e+00
  5846.000  1.13170e+00
  5847.000  1.12670e+00
  5848.000  1.12290e+00
  5849.000  1.11910e+00
  5850.000  1.11560e+00
  5851.000  1.11300e+00
  5852.000  1.10880e+00
  5853.000  1.10530e+00
  5854.000  1.09860e+00
  5855.000  1.09280e+00
  5856.000  1.08740e+00
  5857.000  1.08220e+00
  5858.000  1.07920e+00
  5859.000  1.07760e+00
  5860.000  1.07930e+00
  5861.000  1.08390e+00
  5862.000  1.08920e+00
  5863.000  1.09410e+00
  5864.000  1.09800e+00
  5865.000  1.10210e+00
  5866.000  1.10520e+00
  5867.000  1.10720e+00
  5868.000  1.10750e+00
  5869.000  1.11080e+00
  5870.000  1.11520e+00
  5871.000  1.11850e+00
  5872.000  1.13010e+00
  5873.000  1.14450e+00
  5874.000  1.16690e+00
  5875.000  1.19250e+00
  5876.000  1.21620e+00
  5877.000  1.22660e+00
  5878.000  1.21830e+00
  5879.000  1.19560e+00
  5880.000  1.16380e+00
  5881.000  1.13390e+00
  5882.000  1.11350e+00
  5883.000  1.09980e+00
  5884.000  1.09070e+00
  5885.000  1.07810e+00
  5886.000  1.06290e+00
  5887.000  1.03530e+00
  5888.000  9.92240e-01
  5889.000  9.32310e-01
  5890.000  8.68920e-01
  5891.000  8.21940e-01
  5892.000  8.11030e-01
  5893.000  8.32810e-01
  5894.000  8.61460e-01
  5895.000  8.76800e-01
  5896.000  8.72590e-01
  5897.000  8.66010e-01
  5898.000  8.79050e-01
  5899.000  9.20020e-01
  5900.000  9.76350e-01
  5901.000  1.02450e+00
  5902.000  1.05990e+00
  5903.000  1.07890e+00
  5904.000  1.08890e+00
  5905.000  1.09360e+00
  5906.000  1.09710e+00
  5907.000  1.09800e+00
  5908.000  1.09800e+00
  5909.000  1.10010e+00
  5910.000  1.10150e+00
  5911.000  1.10450e+00
  5912.000  1.10450e+00
  5913.000  1.10060e+00
  5914.000  1.09660e+00
  5915.000  1.09350e+00
  5916.000  1.08860e+00
  5917.000  1.08620e+00
  5918.000  1.08870e+00
  5919.000  1.09550e+00
  5920.000  1.10260e+00
  5921.000  1.10490e+00
  5922.000  1.10720e+00
  5923.000  1.10880e+00
  5924.000  1.10960e+00
  5925.000  1.10850e+00
  5926.000  1.10920e+00
  5927.000  1.10920e+00
  5928.000  1.10690e+00
  5929.000  1.10410e+00
  5930.000  1.10180e+00
  5931.000  1.09900e+00
  5932.000  1.09780e+00
  5933.000  1.09820e+00
  5934.000  1.09900e+00
  5935.000  1.10060e+00
  5936.000  1.10170e+00
  5937.000  1.10240e+00
  5938.000  1.10540e+00
  5939.000  1.10780e+00
  5940.000  1.10980e+00
  5941.000  1.11090e+00
  5942.000  1.11100e+00
  5943.000  1.10870e+00
  5944.000  1.10770e+00
  5945.000  1.11060e+00
  5946.000  1.11260e+00
  5947.000  1.11430e+00
  5948.000  1.11300e+00
  5949.000  1.11030e+00
  5950.000  1.10670e+00
  5951.000  1.10130e+00
  5952.000  1.09790e+00
  5953.000  1.09750e+00
  5954.000  1.09750e+00
  5955.000  1.09760e+00
  5956.000  1.09730e+00
  5957.000  1.09740e+00
  5958.000  1.09830e+00
  5959.000  1.09990e+00
  5960.000  1.10340e+00
  5961.000  1.10770e+00
  5962.000  1.11260e+00
  5963.000  1.11380e+00
  5964.000  1.11590e+00
  5965.000  1.11730e+00
  5966.000  1.11690e+00
  5967.000  1.11620e+00
  5968.000  1.11660e+00
  5969.000  1.11800e+00
  5970.000  1.12080e+00
  5971.000  1.12290e+00
  5972.000  1.12400e+00
  5973.000  1.12320e+00
  5974.000  1.12100e+00
  5975.000  1.11770e+00
  5976.000  1.11160e+00
  5977.000  1.10690e+00
  5978.000  1.10470e+00
  5979.000  1.10350e+00
  5980.000  1.10320e+00
  5981.000  1.10360e+00
  5982.000  1.10360e+00
  5983.000  1.10150e+00
  5984.000  1.09690e+00
  5985.000  1.09120e+00
  5986.000  1.08990e+00
  5987.000  1.09170e+00
  5988.000  1.09470e+00
  5989.000  1.09710e+00
  5990.000  1.10130e+00
  5991.000  1.10650e+00
  5992.000  1.10840e+00
  5993.000  1.11190e+00
  5994.000  1.11370e+00
  5995.000  1.11550e+00
  5996.000  1.11430e+00
  5997.000  1.11230e+00
  5998.000  1.10840e+00
  5999.000  1.10510e+00
  6000.000  1.10270e+00
  6001.000  1.10190e+00
  6002.000  1.10090e+00
  6003.000  1.10300e+00
  6004.000  1.10230e+00
  6005.000  1.09840e+00
  6006.000  1.09320e+00
  6007.000  1.09000e+00
  6008.000  1.08630e+00
  6009.000  1.08440e+00
  6010.000  1.08410e+00
  6011.000  1.08490e+00
  6012.000  1.08640e+00
  6013.000  1.08880e+00
  6014.000  1.08880e+00
  6015.000  1.08810e+00
  6016.000  1.08760e+00
  6017.000  1.08760e+00
  6018.000  1.08630e+00
  6019.000  1.08520e+00
  6020.000  1.08450e+00
  6021.000  1.08510e+00
  6022.000  1.08490e+00
  6023.000  1.08660e+00
  6024.000  1.09000e+00
  6025.000  1.09410e+00
  6026.000  1.09730e+00
  6027.000  1.10160e+00
  6028.000  1.10700e+00
  6029.000  1.11190e+00
  6030.000  1.11580e+00
  6031.000  1.11940e+00
  6032.000  1.12260e+00
  6033.000  1.12580e+00
  6034.000  1.12800e+00
  6035.000  1.12930e+00
  6036.000  1.12860e+00
  6037.000  1.12760e+00
  6038.000  1.12660e+00
  6039.000  1.12530e+00
  6040.000  1.12310e+00
  6041.000  1.12320e+00
  6042.000  1.12260e+00
  6043.000  1.12190e+00
  6044.000  1.12380e+00
  6045.000  1.12730e+00
  6046.000  1.13000e+00
  6047.000  1.13180e+00
  6048.000  1.13350e+00
  6049.000  1.13540e+00
  6050.000  1.13570e+00
  6051.000  1.13620e+00
  6052.000  1.13470e+00
  6053.000  1.13170e+00
  6054.000  1.12750e+00
  6055.000  1.12470e+00
  6056.000  1.12130e+00
  6057.000  1.11920e+00
  6058.000  1.11690e+00
  6059.000  1.11820e+00
  6060.000  1.11980e+00
  6061.000  1.12160e+00
  6062.000  1.12210e+00
  6063.000  1.12200e+00
  6064.000  1.11700e+00
  6065.000  1.11250e+00
  6066.000  1.11000e+00
  6067.000  1.11080e+00
  6068.000  1.11540e+00
  6069.000  1.12310e+00
  6070.000  1.13220e+00
  6071.000  1.13650e+00
  6072.000  1.14080e+00
  6073.000  1.14380e+00
  6074.000  1.14410e+00
  6075.000  1.14350e+00
  6076.000  1.14200e+00
  6077.000  1.13770e+00
  6078.000  1.13130e+00
  6079.000  1.12310e+00
  6080.000  1.11620e+00
  6081.000  1.11240e+00
  6082.000  1.10860e+00
  6083.000  1.10630e+00
  6084.000  1.10680e+00
  6085.000  1.10600e+00
  6086.000  1.10600e+00
  6087.000  1.10760e+00
  6088.000  1.10770e+00
  6089.000  1.10900e+00
  6090.000  1.10740e+00
  6091.000  1.10670e+00
  6092.000  1.10640e+00
  6093.000  1.10590e+00
  6094.000  1.10740e+00
  6095.000  1.11070e+00
  6096.000  1.11440e+00
  6097.000  1.11700e+00
  6098.000  1.11940e+00
  6099.000  1.11870e+00
  6100.000  1.11500e+00
  6101.000  1.11040e+00
  6102.000  1.10110e+00
  6103.000  1.09140e+00
  6104.000  1.08680e+00
  6105.000  1.08560e+00
  6106.000  1.09100e+00
  6107.000  1.09700e+00
  6108.000  1.10340e+00
  6109.000  1.10890e+00
  6110.000  1.11470e+00
  6111.000  1.11750e+00
  6112.000  1.11820e+00
  6113.000  1.12010e+00
  6114.000  1.12090e+00
  6115.000  1.12090e+00
  6116.000  1.12220e+00
  6117.000  1.12140e+00
  6118.000  1.11840e+00
  6119.000  1.11420e+00
  6120.000  1.10710e+00
  6121.000  1.09910e+00
  6122.000  1.09090e+00
  6123.000  1.08680e+00
  6124.000  1.08620e+00
  6125.000  1.08780e+00
  6126.000  1.09310e+00
  6127.000  1.09790e+00
  6128.000  1.10240e+00
  6129.000  1.10520e+00
  6130.000  1.10700e+00
  6131.000  1.11010e+00
  6132.000  1.11190e+00
  6133.000  1.11210e+00
  6134.000  1.10850e+00
  6135.000  1.10040e+00
  6136.000  1.08740e+00
  6137.000  1.07240e+00
  6138.000  1.06150e+00
  6139.000  1.05760e+00
  6140.000  1.06220e+00
  6141.000  1.06980e+00
  6142.000  1.08040e+00
  6143.000  1.08950e+00
  6144.000  1.09820e+00
  6145.000  1.10380e+00
  6146.000  1.10760e+00
  6147.000  1.10930e+00
  6148.000  1.10860e+00
  6149.000  1.10330e+00
  6150.000  1.09830e+00
  6151.000  1.09480e+00
  6152.000  1.09500e+00
  6153.000  1.09500e+00
  6154.000  1.09370e+00
  6155.000  1.08980e+00
  6156.000  1.08640e+00
  6157.000  1.08250e+00
  6158.000  1.07850e+00
  6159.000  1.07100e+00
  6160.000  1.05940e+00
  6161.000  1.04460e+00
  6162.000  1.03090e+00
  6163.000  1.01940e+00
  6164.000  1.01290e+00
  6165.000  1.01370e+00
  6166.000  1.02040e+00
  6167.000  1.02820e+00
  6168.000  1.03360e+00
  6169.000  1.03620e+00
  6170.000  1.03650e+00
  6171.000  1.03640e+00
  6172.000  1.03950e+00
  6173.000  1.04430e+00
  6174.000  1.04930e+00
  6175.000  1.05680e+00
  6176.000  1.06120e+00
  6177.000  1.06460e+00
  6178.000  1.06790e+00
  6179.000  1.06990e+00
  6180.000  1.07400e+00
  6181.000  1.07640e+00
  6182.000  1.07920e+00
  6183.000  1.08190e+00
  6184.000  1.08330e+00
  6185.000  1.08340e+00
  6186.000  1.07950e+00
  6187.000  1.07450e+00
  6188.000  1.06740e+00
  6189.000  1.06150e+00
  6190.000  1.05500e+00
  6191.000  1.04840e+00
  6192.000  1.04430e+00
  6193.000  1.04380e+00
  6194.000  1.04870e+00
  6195.000  1.05620e+00
  6196.000  1.06390e+00
  6197.000  1.06970e+00
  6198.000  1.07440e+00
  6199.000  1.07400e+00
  6200.000  1.07340e+00
  6201.000  1.07240e+00
  6202.000  1.07120e+00
  6203.000  1.07100e+00
  6204.000  1.07290e+00
  6205.000  1.07670e+00
  6206.000  1.07990e+00
  6207.000  1.08230e+00
  6208.000  1.08570e+00
  6209.000  1.08810e+00
  6210.000  1.08870e+00
  6211.000  1.08420e+00
  6212.000  1.07860e+00
  6213.000  1.07090e+00
  6214.000  1.06110e+00
  6215.000  1.05260e+00
  6216.000  1.04620e+00
  6217.000  1.04170e+00
  6218.000  1.04240e+00
  6219.000  1.04360e+00
  6220.000  1.04590e+00
  6221.000  1.04740e+00
  6222.000  1.05080e+00
  6223.000  1.05390e+00
  6224.000  1.05640e+00
  6225.000  1.05990e+00
  6226.000  1.06160e+00
  6227.000  1.06200e+00
  6228.000  1.05990e+00
  6229.000  1.05490e+00
  6230.000  1.04910e+00
  6231.000  1.04140e+00
  6232.000  1.03720e+00
  6233.000  1.03550e+00
  6234.000  1.03920e+00
  6235.000  1.04680e+00
  6236.000  1.05540e+00
  6237.000  1.05970e+00
  6238.000  1.05960e+00
  6239.000  1.05620e+00
  6240.000  1.05160e+00
  6241.000  1.04540e+00
  6242.000  1.04100e+00
  6243.000  1.03580e+00
  6244.000  1.03240e+00
  6245.000  1.02960e+00
  6246.000  1.02930e+00
  6247.000  1.03210e+00
  6248.000  1.03690e+00
  6249.000  1.04250e+00
  6250.000  1.04820e+00
  6251.000  1.05080e+00
  6252.000  1.04890e+00
  6253.000  1.04440e+00
  6254.000  1.03810e+00
  6255.000  1.03130e+00
  6256.000  1.02480e+00
  6257.000  1.02130e+00
  6258.000  1.02010e+00
  6259.000  1.02080e+00
  6260.000  1.02540e+00
  6261.000  1.03270e+00
  6262.000  1.04210e+00
  6263.000  1.05060e+00
  6264.000  1.05800e+00
  6265.000  1.06250e+00
  6266.000  1.06520e+00
  6267.000  1.06480e+00
  6268.000  1.06400e+00
  6269.000  1.06220e+00
  6270.000  1.06100e+00
  6271.000  1.06190e+00
  6272.000  1.06370e+00
  6273.000  1.06590e+00
  6274.000  1.06960e+00
  6275.000  1.07430e+00
  6276.000  1.07430e+00
  6277.000  1.07280e+00
  6278.000  1.06940e+00
  6279.000  1.06510e+00
  6280.000  1.05780e+00
  6281.000  1.04940e+00
  6282.000  1.03950e+00
  6283.000  1.03090e+00
  6284.000  1.02500e+00
  6285.000  1.02310e+00
  6286.000  1.02680e+00
  6287.000  1.03390e+00
  6288.000  1.04580e+00
  6289.000  1.05710e+00
  6290.000  1.06900e+00
  6291.000  1.07820e+00
  6292.000  1.08400e+00
  6293.000  1.08670e+00
  6294.000  1.08750e+00
  6295.000  1.08960e+00
  6296.000  1.09350e+00
  6297.000  1.10420e+00
  6298.000  1.12100e+00
  6299.000  1.14930e+00
  6300.000  1.18100e+00
  6301.000  1.20490e+00
  6302.000  1.21500e+00
  6303.000  1.20230e+00
  6304.000  1.17530e+00
  6305.000  1.14080e+00
  6306.000  1.11340e+00
  6307.000  1.09890e+00
  6308.000  1.09180e+00
  6309.000  1.09080e+00
  6310.000  1.08970e+00
  6311.000  1.08790e+00
  6312.000  1.08460e+00
  6313.000  1.08000e+00
  6314.000  1.07500e+00
  6315.000  1.06880e+00
  6316.000  1.06290e+00
  6317.000  1.05500e+00
  6318.000  1.04850e+00
  6319.000  1.04500e+00
  6320.000  1.04510e+00
  6321.000  1.04960e+00
  6322.000  1.05670e+00
  6323.000  1.06440e+00
  6324.000  1.07220e+00
  6325.000  1.07850e+00
  6326.000  1.08550e+00
  6327.000  1.09030e+00
  6328.000  1.09390e+00
  6329.000  1.09710e+00
  6330.000  1.09830e+00
  6331.000  1.09700e+00
  6332.000  1.09640e+00
  6333.000  1.09550e+00
  6334.000  1.09140e+00
  6335.000  1.08540e+00
  6336.000  1.07880e+00
  6337.000  1.07330e+00
  6338.000  1.07060e+00
  6339.000  1.07070e+00
  6340.000  1.07300e+00
  6341.000  1.07710e+00
  6342.000  1.07970e+00
  6343.000  1.07990e+00
  6344.000  1.07780e+00
  6345.000  1.07610e+00
  6346.000  1.07490e+00
  6347.000  1.07700e+00
  6348.000  1.08020e+00
  6349.000  1.08390e+00
  6350.000  1.08820e+00
  6351.000  1.09180e+00
  6352.000  1.09260e+00
  6353.000  1.09280e+00
  6354.000  1.09040e+00
  6355.000  1.08720e+00
  6356.000  1.08040e+00
  6357.000  1.07460e+00
  6358.000  1.07070e+00
  6359.000  1.06490e+00
  6360.000  1.06110e+00
  6361.000  1.06080e+00
  6362.000  1.06420e+00
  6363.000  1.07450e+00
  6364.000  1.08700e+00
  6365.000  1.09820e+00
  6366.000  1.10530e+00
  6367.000  1.10640e+00
  6368.000  1.10360e+00
  6369.000  1.09900e+00
  6370.000  1.09710e+00
  6371.000  1.09680e+00
  6372.000  1.09960e+00
  6373.000  1.10290e+00
  6374.000  1.10490e+00
  6375.000  1.10690e+00
  6376.000  1.10750e+00
  6377.000  1.10680e+00
  6378.000  1.10420e+00
  6379.000  1.10150e+00
  6380.000  1.09910e+00
  6381.000  1.09770e+00
  6382.000  1.09680e+00
  6383.000  1.09750e+00
  6384.000  1.09850e+00
  6385.000  1.10090e+00
  6386.000  1.10200e+00
  6387.000  1.10390e+00
  6388.000  1.10650e+00
  6389.000  1.10710e+00
  6390.000  1.10710e+00
  6391.000  1.10500e+00
  6392.000  1.10100e+00
  6393.000  1.09500e+00
  6394.000  1.08890e+00
  6395.000  1.08550e+00
  6396.000  1.08470e+00
  6397.000  1.08670e+00
  6398.000  1.09050e+00
  6399.000  1.08920e+00
  6400.000  1.08650e+00
  6401.000  1.08510e+00
  6402.000  1.08540e+00
  6403.000  1.08830e+00
  6404.000  1.09410e+00
  6405.000  1.10030e+00
  6406.000  1.10460e+00
  6407.000  1.10360e+00
  6408.000  1.09980e+00
  6409.000  1.09600e+00
  6410.000  1.09230e+00
  6411.000  1.08910e+00
  6412.000  1.08710e+00
  6413.000  1.08710e+00
  6414.000  1.08540e+00
  6415.000  1.08540e+00
  6416.000  1.08640e+00
  6417.000  1.08760e+00
  6418.000  1.08760e+00
  6419.000  1.08530e+00
  6420.000  1.08320e+00
  6421.000  1.08140e+00
  6422.000  1.08180e+00
  6423.000  1.08410e+00
  6424.000  1.08950e+00
  6425.000  1.09680e+00
  6426.000  1.10300e+00
  6427.000  1.10760e+00
  6428.000  1.10930e+00
  6429.000  1.10690e+00
  6430.000  1.10200e+00
  6431.000  1.09580e+00
  6432.000  1.09010e+00
  6433.000  1.08620e+00
  6434.000  1.08540e+00
  6435.000  1.08940e+00
  6436.000  1.09320e+00
  6437.000  1.09480e+00
  6438.000  1.09410e+00
  6439.000  1.09270e+00
  6440.000  1.09080e+00
  6441.000  1.09220e+00
  6442.000  1.09700e+00
  6443.000  1.10260e+00
  6444.000  1.10960e+00
  6445.000  1.11300e+00
  6446.000  1.11530e+00
  6447.000  1.11180e+00
  6448.000  1.10530e+00
  6449.000  1.09420e+00
  6450.000  1.08180e+00
  6451.000  1.07290e+00
  6452.000  1.06880e+00
  6453.000  1.06810e+00
  6454.000  1.07230e+00
  6455.000  1.07650e+00
  6456.000  1.08040e+00
  6457.000  1.08330e+00
  6458.000  1.08740e+00
  6459.000  1.09300e+00
  6460.000  1.09690e+00
  6461.000  1.09830e+00
  6462.000  1.09690e+00
  6463.000  1.09310e+00
  6464.000  1.08930e+00
  6465.000  1.08880e+00
  6466.000  1.09200e+00
  6467.000  1.09860e+00
  6468.000  1.10570e+00
  6469.000  1.10960e+00
  6470.000  1.11130e+00
  6471.000  1.11060e+00
  6472.000  1.10890e+00
  6473.000  1.10830e+00
  6474.000  1.10930e+00
  6475.000  1.11040e+00
  6476.000  1.11010e+00
  6477.000  1.11170e+00
  6478.000  1.11410e+00
  6479.000  1.11510e+00
  6480.000  1.11290e+00
  6481.000  1.10870e+00
  6482.000  1.10460e+00
  6483.000  1.09860e+00
  6484.000  1.09520e+00
  6485.000  1.09430e+00
  6486.000  1.09680e+00
  6487.000  1.10000e+00
  6488.000  1.10310e+00
  6489.000  1.10380e+00
  6490.000  1.10140e+00
  6491.000  1.09390e+00
  6492.000  1.08360e+00
  6493.000  1.06810e+00
  6494.000  1.05170e+00
  6495.000  1.03440e+00
  6496.000  1.02010e+00
  6497.000  1.01380e+00
  6498.000  1.01390e+00
  6499.000  1.02000e+00
  6500.000  1.03060e+00
  6501.000  1.04470e+00
  6502.000  1.05850e+00
  6503.000  1.07290e+00
  6504.000  1.08520e+00
  6505.000  1.09440e+00
  6506.000  1.10110e+00
  6507.000  1.10620e+00
  6508.000  1.10690e+00
  6509.000  1.10650e+00
  6510.000  1.10790e+00
  6511.000  1.10930e+00
  6512.000  1.10890e+00
  6513.000  1.10970e+00
  6514.000  1.11030e+00
  6515.000  1.10900e+00
  6516.000  1.10560e+00
  6517.000  1.10180e+00
  6518.000  1.09940e+00
  6519.000  1.09760e+00
  6520.000  1.09750e+00
  6521.000  1.09860e+00
  6522.000  1.10140e+00
  6523.000  1.10480e+00
  6524.000  1.10820e+00
  6525.000  1.11020e+00
  6526.000  1.10890e+00
  6527.000  1.10570e+00
  6528.000  1.10260e+00
  6529.000  1.10070e+00
  6530.000  1.09970e+00
  6531.000  1.09880e+00
  6532.000  1.09840e+00
  6533.000  1.09950e+00
  6534.000  1.09880e+00
  6535.000  1.10030e+00
  6536.000  1.10180e+00
  6537.000  1.10420e+00
  6538.000  1.10850e+00
  6539.000  1.11110e+00
  6540.000  1.11520e+00
  6541.000  1.12110e+00
  6542.000  1.12750e+00
  6543.000  1.14050e+00
  6544.000  1.17310e+00
  6545.000  1.23840e+00
  6546.000  1.34890e+00
  6547.000  1.49730e+00
  6548.000  1.63810e+00
  6549.000  1.74960e+00
  6550.000  1.77540e+00
  6551.000  1.71640e+00
  6552.000  1.58190e+00
  6553.000  1.42180e+00
  6554.000  1.28440e+00
  6555.000  1.18540e+00
  6556.000  1.14360e+00
  6557.000  1.16430e+00
  6558.000  1.28650e+00
  6559.000  1.59550e+00
  6560.000  2.17000e+00
  6561.000  3.08610e+00
  6562.000  4.18860e+00
  6563.000  5.18600e+00
  6564.000  5.86250e+00
  6565.000  5.87150e+00
  6566.000  5.31630e+00
  6567.000  4.26720e+00
  6568.000  3.16460e+00
  6569.000  2.23110e+00
  6570.000  1.58540e+00
  6571.000  1.26840e+00
  6572.000  1.13350e+00
  6573.000  1.09190e+00
  6574.000  1.08110e+00
  6575.000  1.08310e+00
  6576.000  1.09310e+00
  6577.000  1.11490e+00
  6578.000  1.15790e+00
  6579.000  1.25150e+00
  6580.000  1.43150e+00
  6581.000  1.73640e+00
  6582.000  2.18390e+00
  6583.000  2.64960e+00
  6584.000  3.05160e+00
  6585.000  3.24270e+00
  6586.000  3.15180e+00
  6587.000  2.81990e+00
  6588.000  2.33270e+00
  6589.000  1.88420e+00
  6590.000  1.51400e+00
  6591.000  1.28610e+00
  6592.000  1.17400e+00
  6593.000  1.11970e+00
  6594.000  1.09790e+00
  6595.000  1.08790e+00
  6596.000  1.08570e+00
  6597.000  1.08500e+00
  6598.000  1.08810e+00
  6599.000  1.09430e+00
  6600.000  1.10050e+00
  6601.000  1.10590e+00
  6602.000  1.11050e+00
  6603.000  1.11140e+00
  6604.000  1.11130e+00
  6605.000  1.10940e+00
  6606.000  1.10660e+00
  6607.000  1.10070e+00
  6608.000  1.09630e+00
  6609.000  1.09320e+00
  6610.000  1.09240e+00
  6611.000  1.09310e+00
  6612.000  1.09690e+00
  6613.000  1.10100e+00
  6614.000  1.10410e+00
  6615.000  1.10680e+00
  6616.000  1.10980e+00
  6617.000  1.11370e+00
  6618.000  1.11810e+00
  6619.000  1.12200e+00
  6620.000  1.12310e+00
  6621.000  1.12390e+00
  6622.000  1.12390e+00
  6623.000  1.12120e+00
  6624.000  1.11670e+00
  6625.000  1.11150e+00
  6626.000  1.10890e+00
  6627.000  1.10760e+00
  6628.000  1.10760e+00
  6629.000  1.10770e+00
  6630.000  1.10430e+00
  6631.000  1.10230e+00
  6632.000  1.09950e+00
  6633.000  1.09690e+00
  6634.000  1.09420e+00
  6635.000  1.09140e+00
  6636.000  1.09140e+00
  6637.000  1.09450e+00
  6638.000  1.09790e+00
  6639.000  1.10160e+00
  6640.000  1.10360e+00
  6641.000  1.10500e+00
  6642.000  1.10420e+00
  6643.000  1.10230e+00
  6644.000  1.10080e+00
  6645.000  1.09890e+00
  6646.000  1.09970e+00
  6647.000  1.10080e+00
  6648.000  1.10120e+00
  6649.000  1.10440e+00
  6650.000  1.10600e+00
  6651.000  1.10610e+00
  6652.000  1.10650e+00
  6653.000  1.10680e+00
  6654.000  1.10610e+00
  6655.000  1.10470e+00
  6656.000  1.10500e+00
  6657.000  1.10510e+00
  6658.000  1.10460e+00
  6659.000  1.10380e+00
  6660.000  1.10130e+00
  6661.000  1.09830e+00
  6662.000  1.09500e+00
  6663.000  1.09040e+00
  6664.000  1.08660e+00
  6665.000  1.08560e+00
  6666.000  1.08650e+00
  6667.000  1.08830e+00
  6668.000  1.09130e+00
  6669.000  1.09420e+00
  6670.000  1.09860e+00
  6671.000  1.10340e+00
  6672.000  1.10840e+00
  6673.000  1.11160e+00
  6674.000  1.11280e+00
  6675.000  1.11540e+00
  6676.000  1.11760e+00
  6677.000  1.11950e+00
  6678.000  1.12050e+00
  6679.000  1.11930e+00
  6680.000  1.11750e+00
  6681.000  1.11590e+00
  6682.000  1.11250e+00
  6683.000  1.10960e+00
  6684.000  1.10710e+00
  6685.000  1.10700e+00
  6686.000  1.10860e+00
  6687.000  1.10950e+00
  6688.000  1.10830e+00
  6689.000  1.10870e+00
  6690.000  1.10830e+00
  6691.000  1.10820e+00
  6692.000  1.10950e+00
  6693.000  1.10890e+00
  6694.000  1.10700e+00
  6695.000  1.10410e+00
  6696.000  1.09980e+00
  6697.000  1.09470e+00
  6698.000  1.09170e+00
  6699.000  1.09230e+00
  6700.000  1.09380e+00
  6701.000  1.09530e+00
  6702.000  1.09600e+00
  6703.000  1.09750e+00
  6704.000  1.09910e+00
  6705.000  1.09930e+00
  6706.000  1.09960e+00
  6707.000  1.10080e+00
  6708.000  1.10150e+00
  6709.000  1.10500e+00
  6710.000  1.11020e+00
  6711.000  1.12330e+00
  6712.000  1.15520e+00
  6713.000  1.21790e+00
  6714.000  1.33190e+00
  6715.000  1.49750e+00
  6716.000  1.67010e+00
  6717.000  1.83120e+00
  6718.000  1.90360e+00
  6719.000  1.87770e+00
  6720.000  1.74710e+00
  6721.000  1.57180e+00
  6722.000  1.39600e+00
  6723.000  1.25520e+00
  6724.000  1.17510e+00
  6725.000  1.13810e+00
  6726.000  1.13780e+00
  6727.000  1.17190e+00
  6728.000  1.24480e+00
  6729.000  1.36110e+00
  6730.000  1.49390e+00
  6731.000  1.63320e+00
  6732.000  1.71860e+00
  6733.000  1.72930e+00
  6734.000  1.65720e+00
  6735.000  1.53040e+00
  6736.000  1.38940e+00
  6737.000  1.26000e+00
  6738.000  1.17550e+00
  6739.000  1.12670e+00
  6740.000  1.10200e+00
  6741.000  1.09180e+00
  6742.000  1.08580e+00
  6743.000  1.08330e+00
  6744.000  1.08270e+00
  6745.000  1.08050e+00
  6746.000  1.08160e+00
  6747.000  1.08160e+00
  6748.000  1.08010e+00
  6749.000  1.07930e+00
  6750.000  1.07780e+00
  6751.000  1.07630e+00
  6752.000  1.07630e+00
  6753.000  1.07640e+00
  6754.000  1.07790e+00
  6755.000  1.08160e+00
  6756.000  1.08360e+00
  6757.000  1.08760e+00
  6758.000  1.09250e+00
  6759.000  1.09590e+00
  6760.000  1.09790e+00
  6761.000  1.10200e+00
  6762.000  1.10470e+00
  6763.000  1.10510e+00
  6764.000  1.10300e+00
  6765.000  1.10000e+00
  6766.000  1.09740e+00
  6767.000  1.09330e+00
  6768.000  1.08920e+00
  6769.000  1.08580e+00
  6770.000  1.08370e+00
  6771.000  1.08450e+00
  6772.000  1.08560e+00
  6773.000  1.08820e+00
  6774.000  1.09230e+00
  6775.000  1.09730e+00
  6776.000  1.10250e+00
  6777.000  1.10670e+00
  6778.000  1.10730e+00
  6779.000  1.10960e+00
  6780.000  1.11020e+00
  6781.000  1.10690e+00
  6782.000  1.10180e+00
  6783.000  1.09650e+00
  6784.000  1.09110e+00
  6785.000  1.08520e+00
  6786.000  1.08210e+00
  6787.000  1.08100e+00
  6788.000  1.08150e+00
  6789.000  1.08450e+00
  6790.000  1.08810e+00
  6791.000  1.09020e+00
  6792.000  1.09260e+00
  6793.000  1.09330e+00
  6794.000  1.09220e+00
  6795.000  1.08950e+00
  6796.000  1.08910e+00
  6797.000  1.08940e+00
  6798.000  1.09060e+00
  6799.000  1.09330e+00
  6800.000  1.09530e+00
  6801.000  1.09560e+00
  6802.000  1.09590e+00
  6803.000  1.09820e+00
  6804.000  1.10050e+00
  6805.000  1.10170e+00
  6806.000  1.10050e+00
  6807.000  1.09840e+00
  6808.000  1.09890e+00
  6809.000  1.09710e+00
  6810.000  1.09750e+00
  6811.000  1.09810e+00
  6812.000  1.09810e+00
  6813.000  1.09650e+00
  6814.000  1.09690e+00
  6815.000  1.09680e+00
  6816.000  1.09870e+00
  6817.000  1.09970e+00
  6818.000  1.09970e+00
  6819.000  1.10000e+00
  6820.000  1.10070e+00
  6821.000  1.10280e+00
  6822.000  1.10380e+00
  6823.000  1.10570e+00
  6824.000  1.10720e+00
  6825.000  1.10600e+00
  6826.000  1.10670e+00
  6827.000  1.10490e+00
  6828.000  1.10450e+00
  6829.000  1.10230e+00
  6830.000  1.09840e+00
  6831.000  1.09890e+00
  6832.000  1.09940e+00
  6833.000  1.10070e+00
  6834.000  1.10260e+00
  6835.000  1.10250e+00
  6836.000  1.10180e+00
  6837.000  1.09980e+00
  6838.000  1.09650e+00
  6839.000  1.09160e+00
  6840.000  1.08420e+00
  6841.000  1.08000e+00
  6842.000  1.07580e+00
  6843.000  1.07330e+00
  6844.000  1.07330e+00
  6845.000  1.07650e+00
  6846.000  1.08170e+00
  6847.000  1.08730e+00
  6848.000  1.09170e+00
  6849.000  1.09540e+00
  6850.000  1.09830e+00
  6851.000  1.09920e+00
  6852.000  1.09860e+00
  6853.000  1.09710e+00
  6854.000  1.09340e+00
  6855.000  1.08820e+00
  6856.000  1.08430e+00
  6857.000  1.08030e+00
  6858.000  1.07730e+00
  6859.000  1.07700e+00
  6860.000  1.07620e+00
  6861.000  1.07610e+00
  6862.000  1.07880e+00
  6863.000  1.08080e+00
  6864.000  1.08480e+00
  6865.000  1.08890e+00
  6866.000  1.09520e+00
  6867.000  1.10000e+00
  6868.000  1.10500e+00
  6869.000  1.10850e+00
  6870.000  1.10940e+00
  6871.000  1.10770e+00
  6872.000  1.10540e+00
  6873.000  1.10470e+00
  6874.000  1.10360e+00
  6875.000  1.10400e+00
  6876.000  1.10290e+00
  6877.000  1.10200e+00
  6878.000  1.10260e+00
  6879.000  1.10330e+00
  6880.000  1.10210e+00
  6881.000  1.10020e+00
  6882.000  1.09860e+00
  6883.000  1.09670e+00
  6884.000  1.09500e+00
  6885.000  1.09630e+00
  6886.000  1.09970e+00
  6887.000  1.10170e+00
  6888.000  1.10370e+00
  6889.000  1.10720e+00
  6890.000  1.11280e+00
  6891.000  1.11770e+00
  6892.000  1.12010e+00
  6893.000  1.12000e+00
  6894.000  1.11980e+00
  6895.000  1.12020e+00
  6896.000  1.11920e+00
  6897.000  1.11710e+00
  6898.000  1.11580e+00
  6899.000  1.11580e+00
  6900.000  1.11620e+00
  6901.000  1.11580e+00
  6902.000  1.11530e+00
  6903.000  1.11570e+00
  6904.000  1.11670e+00
  6905.000  1.11760e+00
  6906.000  1.11930e+00
  6907.000  1.12000e+00
  6908.000  1.12030e+00
  6909.000  1.11980e+00
  6910.000  1.11970e+00
  6911.000  1.11850e+00
  6912.000  1.11620e+00
  6913.000  1.11360e+00
  6914.000  1.10940e+00
  6915.000  1.10570e+00
  6916.000  1.10320e+00
  6917.000  1.10220e+00
  6918.000  1.10260e+00
  6919.000  1.10440e+00
  6920.000  1.10720e+00
  6921.000  1.10880e+00
  6922.000  1.10810e+00
  6923.000  1.10780e+00
  6924.000  1.10820e+00
  6925.000  1.10590e+00
  6926.000  1.10180e+00
  6927.000  1.09650e+00
  6928.000  1.09480e+00
  6929.000  1.09740e+00
  6930.000  1.09930e+00
  6931.000  1.10090e+00
  6932.000  1.10220e+00
  6933.000  1.10190e+00
  6934.000  1.10190e+00
  6935.000  1.10200e+00
  6936.000  1.10170e+00
  6937.000  1.10370e+00
  6938.000  1.10640e+00
  6939.000  1.10830e+00
  6940.000  1.10920e+00
  6941.000  1.10910e+00
  6942.000  1.10860e+00
  6943.000  1.10650e+00
  6944.000  1.10380e+00
  6945.000  1.10040e+00
  6946.000  1.09560e+00
  6947.000  1.09390e+00
  6948.000  1.09500e+00
  6949.000  1.09600e+00
  6950.000  1.09830e+00
  6951.000  1.09880e+00
  6952.000  1.09940e+00
  6953.000  1.09800e+00
  6954.000  1.09610e+00
  6955.000  1.09760e+00
  6956.000  1.09810e+00
  6957.000  1.10050e+00
  6958.000  1.10430e+00
  6959.000  1.10800e+00
  6960.000  1.11100e+00
  6961.000  1.11380e+00
  6962.000  1.11360e+00
  6963.000  1.11470e+00
  6964.000  1.11470e+00
  6965.000  1.11720e+00
  6966.000  1.11790e+00
  6967.000  1.11640e+00
  6968.000  1.11640e+00
  6969.000  1.11740e+00
  6970.000  1.11840e+00
  6971.000  1.11920e+00
  6972.000  1.11850e+00
  6973.000  1.11770e+00
  6974.000  1.11460e+00
  6975.000  1.11020e+00
  6976.000  1.10510e+00
  6977.000  1.09790e+00
  6978.000  1.09130e+00
  6979.000  1.08490e+00
  6980.000  1.08090e+00
  6981.000  1.08230e+00
  6982.000  1.08700e+00
  6983.000  1.09520e+00
  6984.000  1.10530e+00
  6985.000  1.11410e+00
  6986.000  1.11930e+00
  6987.000  1.12320e+00
  6988.000  1.12320e+00
  6989.000  1.12230e+00
  6990.000  1.11990e+00
  6991.000  1.11960e+00
  6992.000  1.11940e+00
  6993.000  1.11850e+00
  6994.000  1.11890e+00
  6995.000  1.11890e+00
  6996.000  1.11860e+00
  6997.000  1.11710e+00
  6998.000  1.11530e+00
  6999.000  1.11240e+00
  7000.000  1.10940e+00
  7001.000  1.10590e+00
  7002.000  1.10370e+00
  7003.000  1.10100e+00
  7004.000  1.10000e+00
  7005.000  1.10070e+00
  7006.000  1.10030e+00
  7007.000  1.09960e+00
  7008.000  1.10330e+00
  7009.000  1.10520e+00
  7010.000  1.10640e+00
  7011.000  1.10890e+00
  7012.000  1.10870e+00
  7013.000  1.10780e+00
  7014.000  1.10670e+00
  7015.000  1.10260e+00
  7016.000  1.09780e+00
  7017.000  1.09460e+00
  7018.000  1.09330e+00
  7019.000  1.09470e+00
  7020.000  1.09880e+00
  7021.000  1.10260e+00
  7022.000  1.10470e+00
  7023.000  1.10660e+00
  7024.000  1.10450e+00
  7025.000  1.10130e+00
  7026.000  1.10120e+00
  7027.000  1.10160e+00
  7028.000  1.10400e+00
  7029.000  1.10640e+00
  7030.000  1.10960e+00
  7031.000  1.11190e+00
  7032.000  1.11390e+00
  7033.000  1.11480e+00
  7034.000  1.11550e+00
  7035.000  1.11540e+00
  7036.000  1.11420e+00
  7037.000  1.11400e+00
  7038.000  1.11430e+00
  7039.000  1.11330e+00
  7040.000  1.11380e+00
  7041.000  1.11820e+00
  7042.000  1.12420e+00
  7043.000  1.12950e+00
  7044.000  1.13390e+00
  7045.000  1.13670e+00
  7046.000  1.13810e+00
  7047.000  1.14010e+00
  7048.000  1.14110e+00
  7049.000  1.14140e+00
  7050.000  1.14120e+00
  7051.000  1.13700e+00
  7052.000  1.12940e+00
  7053.000  1.12040e+00
  7054.000  1.10950e+00
  7055.000  1.09950e+00
  7056.000  1.09200e+00
  7057.000  1.08600e+00
  7058.000  1.08270e+00
  7059.000  1.08110e+00
  7060.000  1.07780e+00
  7061.000  1.07750e+00
  7062.000  1.07580e+00
  7063.000  1.07540e+00
  7064.000  1.07840e+00
  7065.000  1.08090e+00
  7066.000  1.08420e+00
  7067.000  1.08350e+00
  7068.000  1.07940e+00
  7069.000  1.07400e+00
  7070.000  1.07250e+00
  7071.000  1.07270e+00
  7072.000  1.07580e+00
  7073.000  1.08020e+00
  7074.000  1.08370e+00
  7075.000  1.08760e+00
  7076.000  1.09160e+00
  7077.000  1.09340e+00
  7078.000  1.09480e+00
  7079.000  1.09720e+00
  7080.000  1.09760e+00
  7081.000  1.09590e+00
  7082.000  1.09440e+00
  7083.000  1.08990e+00
  7084.000  1.08340e+00
  7085.000  1.07280e+00
  7086.000  1.06560e+00
  7087.000  1.05870e+00
  7088.000  1.05290e+00
  7089.000  1.04850e+00
  7090.000  1.04820e+00
  7091.000  1.04850e+00
  7092.000  1.04860e+00
  7093.000  1.04810e+00
  7094.000  1.04770e+00
  7095.000  1.04880e+00
  7096.000  1.04940e+00
  7097.000  1.05080e+00
  7098.000  1.05280e+00
  7099.000  1.05550e+00
  7100.000  1.05890e+00
  7101.000  1.05970e+00
  7102.000  1.06010e+00
  7103.000  1.06170e+00
  7104.000  1.06160e+00
  7105.000  1.06230e+00
  7106.000  1.06130e+00
  7107.000  1.06020e+00
  7108.000  1.05960e+00
  7109.000  1.05820e+00
  7110.000  1.05560e+00
  7111.000  1.05090e+00
  7112.000  1.04830e+00
  7113.000  1.04760e+00
  7114.000  1.04550e+00
  7115.000  1.04500e+00
  7116.000  1.04740e+00
  7117.000  1.04910e+00
  7118.000  1.05180e+00
  7119.000  1.05400e+00
  7120.000  1.05350e+00
  7121.000  1.05110e+00
  7122.000  1.05080e+00
  7123.000  1.04840e+00
  7124.000  1.04650e+00
  7125.000  1.04630e+00
  7126.000  1.04440e+00
  7127.000  1.04250e+00
  7128.000  1.03800e+00
  7129.000  1.03330e+00
  7130.000  1.02980e+00
  7131.000  1.02660e+00
  7132.000  1.02750e+00
  7133.000  1.03220e+00
  7134.000  1.04080e+00
  7135.000  1.05180e+00
  7136.000  1.06280e+00
  7137.000  1.07050e+00
  7138.000  1.07500e+00
  7139.000  1.07200e+00
  7140.000  1.06590e+00
  7141.000  1.05920e+00
  7142.000  1.05170e+00
  7143.000  1.04610e+00
  7144.000  1.04430e+00
  7145.000  1.04320e+00
  7146.000  1.03930e+00
  7147.000  1.03610e+00
  7148.000  1.03340e+00
  7149.000  1.03050e+00
  7150.000  1.02910e+00
  7151.000  1.03040e+00
  7152.000  1.03500e+00
  7153.000  1.04020e+00
  7154.000  1.04390e+00
  7155.000  1.04760e+00
  7156.000  1.05070e+00
  7157.000  1.05270e+00
  7158.000  1.05340e+00
  7159.000  1.05340e+00
  7160.000  1.05270e+00
  7161.000  1.04980e+00
  7162.000  1.04750e+00
  7163.000  1.04430e+00
  7164.000  1.03980e+00
  7165.000  1.03720e+00
  7166.000  1.03570e+00
  7167.000  1.03720e+00
  7168.000  1.04020e+00
  7169.000  1.04380e+00
  7170.000  1.04990e+00
  7171.000  1.05650e+00
  7172.000  1.05920e+00
  7173.000  1.06180e+00
  7174.000  1.06290e+00
  7175.000  1.06210e+00
  7176.000  1.06140e+00
  7177.000  1.05900e+00
  7178.000  1.05770e+00
  7179.000  1.05450e+00
  7180.000  1.05150e+00
  7181.000  1.04890e+00
  7182.000  1.04550e+00
  7183.000  1.04410e+00
  7184.000  1.04470e+00
  7185.000  1.04440e+00
  7186.000  1.04440e+00
  7187.000  1.04020e+00
  7188.000  1.03770e+00
  7189.000  1.03420e+00
  7190.000  1.03130e+00
  7191.000  1.02950e+00
  7192.000  1.03170e+00
  7193.000  1.03630e+00
  7194.000  1.03860e+00
  7195.000  1.04010e+00
  7196.000  1.04150e+00
  7197.000  1.04390e+00
  7198.000  1.04360e+00
  7199.000  1.04320e+00
  7200.000  1.04430e+00
  7201.000  1.04420e+00
  7202.000  1.04470e+00
  7203.000  1.04510e+00
  7204.000  1.04390e+00
  7205.000  1.04350e+00
  7206.000  1.04220e+00
  7207.000  1.03750e+00
  7208.000  1.03500e+00
  7209.000  1.03400e+00
  7210.000  1.03570e+00
  7211.000  1.03830e+00
  7212.000  1.04320e+00
  7213.000  1.04700e+00
  7214.000  1.05070e+00
  7215.000  1.05140e+00
  7216.000  1.05240e+00
  7217.000  1.05400e+00
  7218.000  1.05450e+00
  7219.000  1.05640e+00
  7220.000  1.05650e+00
  7221.000  1.05440e+00
  7222.000  1.05280e+00
  7223.000  1.05070e+00
  7224.000  1.04780e+00
  7225.000  1.04530e+00
  7226.000  1.04620e+00
  7227.000  1.04810e+00
  7228.000  1.05310e+00
  7229.000  1.06100e+00
  7230.000  1.06840e+00
  7231.000  1.07180e+00
  7232.000  1.07500e+00
  7233.000  1.07990e+00
  7234.000  1.08490e+00
  7235.000  1.08670e+00
  7236.000  1.08640e+00
  7237.000  1.08380e+00
  7238.000  1.08160e+00
  7239.000  1.08140e+00
  7240.000  1.08030e+00
  7241.000  1.07990e+00
  7242.000  1.07960e+00
  7243.000  1.07870e+00
  7244.000  1.07710e+00
  7245.000  1.07540e+00
  7246.000  1.07530e+00
  7247.000  1.07710e+00
  7248.000  1.07820e+00
  7249.000  1.07930e+00
  7250.000  1.07970e+00
  7251.000  1.08000e+00
  7252.000  1.07760e+00
  7253.000  1.07620e+00
  7254.000  1.07590e+00
  7255.000  1.07890e+00
  7256.000  1.07980e+00
  7257.000  1.08170e+00
  7258.000  1.08290e+00
  7259.000  1.08330e+00
  7260.000  1.08250e+00
  7261.000  1.07860e+00
  7262.000  1.07440e+00
  7263.000  1.07240e+00
  7264.000  1.07350e+00
  7265.000  1.07470e+00
  7266.000  1.07660e+00
  7267.000  1.08100e+00
  7268.000  1.08490e+00
  7269.000  1.08700e+00
  7270.000  1.08790e+00
  7271.000  1.08700e+00
  7272.000  1.08600e+00
  7273.000  1.08600e+00
  7274.000  1.08480e+00
  7275.000  1.08320e+00
  7276.000  1.08360e+00
  7277.000  1.08370e+00
  7278.000  1.08470e+00
  7279.000  1.08330e+00
  7280.000  1.08280e+00
  7281.000  1.07940e+00
  7282.000  1.07710e+00
  7283.000  1.07260e+00
  7284.000  1.06760e+00
  7285.000  1.06750e+00
  7286.000  1.06670e+00
  7287.000  1.06660e+00
  7288.000  1.06660e+00
  7289.000  1.06520e+00
  7290.000  1.06240e+00
  7291.000  1.06280e+00
  7292.000  1.06320e+00
  7293.000  1.06430e+00
  7294.000  1.06710e+00
  7295.000  1.07220e+00
  7296.000  1.07750e+00
  7297.000  1.08280e+00
  7298.000  1.08750e+00
  7299.000  1.09120e+00
  7300.000  1.09210e+00
  7301.000  1.09420e+00
  7302.000  1.09310e+00
  7303.000  1.09200e+00
  7304.000  1.09130e+00
  7305.000  1.09000e+00
  7306.000  1.08820e+00
  7307.000  1.08800e+00
  7308.000  1.08640e+00
  7309.000  1.08430e+00
  7310.000  1.08490e+00
  7311.000  1.08420e+00
  7312.000  1.08410e+00
  7313.000  1.08660e+00
  7314.000  1.08830e+00
  7315.000  1.09080e+00
  7316.000  1.09640e+00
  7317.000  1.09880e+00
  7318.000  1.10400e+00
  7319.000  1.10930e+00
  7320.000  1.11310e+00
  7321.000  1.11650e+00
  7322.000  1.11940e+00
  7323.000  1.11900e+00
  7324.000  1.11170e+00
  7325.000  1.10750e+00
  7326.000  1.10180e+00
  7327.000  1.09920e+00
  7328.000  1.09850e+00
  7329.000  1.10020e+00
  7330.000  1.10390e+00
  7331.000  1.10910e+00
  7332.000  1.11280e+00
  7333.000  1.11490e+00
  7334.000  1.11180e+00
  7335.000  1.10890e+00
  7336.000  1.10810e+00
  7337.000  1.10900e+00
  7338.000  1.11190e+00
  7339.000  1.11390e+00
  7340.000  1.11490e+00
  7341.000  1.11690e+00
  7342.000  1.11690e+00
  7343.000  1.11580e+00
  7344.000  1.11250e+00
  7345.000  1.10790e+00
  7346.000  1.10510e+00
  7347.000  1.10360e+00
  7348.000  1.10260e+00
  7349.000  1.10140e+00
  7350.000  1.10210e+00
  7351.000  1.10250e+00
  7352.000  1.10070e+00
  7353.000  1.09490e+00
  7354.000  1.09120e+00
  7355.000  1.08650e+00
  7356.000  1.08200e+00
  7357.000  1.07900e+00
  7358.000  1.07800e+00
  7359.000  1.08080e+00
  7360.000  1.08560e+00
  7361.000  1.08750e+00
  7362.000  1.08690e+00
  7363.000  1.08620e+00
  7364.000  1.08820e+00
  7365.000  1.08960e+00
  7366.000  1.09230e+00
  7367.000  1.09480e+00
  7368.000  1.09960e+00
  7369.000  1.10330e+00
  7370.000  1.11010e+00
  7371.000  1.11570e+00
  7372.000  1.11980e+00
  7373.000  1.12360e+00
  7374.000  1.12650e+00
  7375.000  1.12960e+00
  7376.000  1.13170e+00
  7377.000  1.13650e+00
  7378.000  1.14120e+00
  7379.000  1.14170e+00
  7380.000  1.14140e+00
  7381.000  1.13920e+00
  7382.000  1.13770e+00
  7383.000  1.13220e+00
  7384.000  1.12160e+00
  7385.000  1.11390e+00
  7386.000  1.10720e+00
  7387.000  1.09830e+00
  7388.000  1.09350e+00
  7389.000  1.09160e+00
  7390.000  1.08950e+00
  7391.000  1.08880e+00
  7392.000  1.09240e+00
  7393.000  1.09680e+00
  7394.000  1.10160e+00
  7395.000  1.10670e+00
  7396.000  1.11120e+00
  7397.000  1.11440e+00
  7398.000  1.11570e+00
  7399.000  1.11540e+00
  7400.000  1.11540e+00
  7401.000  1.11340e+00
  7402.000  1.11170e+00
  7403.000  1.11180e+00
  7404.000  1.11560e+00
  7405.000  1.11870e+00
  7406.000  1.11910e+00
  7407.000  1.11800e+00
  7408.000  1.11860e+00
  7409.000  1.11600e+00
  7410.000  1.11050e+00
  7411.000  1.10820e+00
  7412.000  1.10560e+00
  7413.000  1.10300e+00
  7414.000  1.10100e+00
  7415.000  1.09780e+00
  7416.000  1.09470e+00
  7417.000  1.09040e+00
  7418.000  1.08800e+00
  7419.000  1.08820e+00
  7420.000  1.08910e+00
  7421.000  1.09020e+00
  7422.000  1.08940e+00
  7423.000  1.09060e+00
  7424.000  1.09270e+00
  7425.000  1.09560e+00
  7426.000  1.10120e+00
  7427.000  1.10790e+00
  7428.000  1.11180e+00
  7429.000  1.11550e+00
  7430.000  1.11870e+00
  7431.000  1.11940e+00
  7432.000  1.11870e+00
  7433.000  1.11690e+00
  7434.000  1.11520e+00
  7435.000  1.11370e+00
  7436.000  1.11680e+00
  7437.000  1.11930e+00
  7438.000  1.11820e+00
  7439.000  1.11820e+00
  7440.000  1.11760e+00
  7441.000  1.11510e+00
  7442.000  1.11150e+00
  7443.000  1.10860e+00
  7444.000  1.10660e+00
  7445.000  1.10550e+00
  7446.000  1.10540e+00
  7447.000  1.10560e+00
  7448.000  1.10620e+00
  7449.000  1.10780e+00
  7450.000  1.11320e+00
  7451.000  1.11740e+00
  7452.000  1.12320e+00
  7453.000  1.12730e+00
  7454.000  1.12940e+00
  7455.000  1.13180e+00
  7456.000  1.13330e+00
  7457.000  1.13400e+00
  7458.000  1.13120e+00
  7459.000  1.12770e+00
  7460.000  1.12470e+00
  7461.000  1.11900e+00
  7462.000  1.11170e+00
  7463.000  1.10840e+00
  7464.000  1.10860e+00
  7465.000  1.11070e+00
  7466.000  1.11420e+00
  7467.000  1.12090e+00
  7468.000  1.12590e+00
  7469.000  1.13040e+00
  7470.000  1.13100e+00
  7471.000  1.12790e+00
  7472.000  1.12650e+00
  7473.000  1.12300e+00
  7474.000  1.11810e+00
  7475.000  1.11610e+00
  7476.000  1.11540e+00
  7477.000  1.11530e+00
  7478.000  1.11650e+00
  7479.000  1.11770e+00
  7480.000  1.11870e+00
  7481.000  1.11920e+00
  7482.000  1.11910e+00
  7483.000  1.11920e+00
  7484.000  1.11920e+00
  7485.000  1.12000e+00
  7486.000  1.12130e+00
  7487.000  1.12480e+00
  7488.000  1.12650e+00
  7489.000  1.12690e+00
  7490.000  1.12610e+00
  7491.000  1.12150e+00
  7492.000  1.11650e+00
  7493.000  1.11010e+00
  7494.000  1.10520e+00
  7495.000  1.10160e+00
  7496.000  1.09910e+00
  7497.000  1.10050e+00
  7498.000  1.10430e+00
  7499.000  1.10820e+00
  7500.000  1.11600e+00
  7501.000  1.12250e+00
  7502.000  1.12690e+00
  7503.000  1.13130e+00
  7504.000  1.13270e+00
  7505.000  1.13180e+00
  7506.000  1.13030e+00
  7507.000  1.12740e+00
  7508.000  1.12570e+00
  7509.000  1.12490e+00
  7510.000  1.12100e+00
  7511.000  1.11940e+00
  7512.000  1.11670e+00
  7513.000  1.11730e+00
  7514.000  1.11990e+00
  7515.000  1.12350e+00
  7516.000  1.12780e+00
  7517.000  1.13140e+00
  7518.000  1.13560e+00
  7519.000  1.13880e+00
  7520.000  1.13910e+00
  7521.000  1.13850e+00
  7522.000  1.13690e+00
  7523.000  1.13330e+00
  7524.000  1.12990e+00
  7525.000  1.12720e+00
  7526.000  1.12490e+00
  7527.000  1.12470e+00
  7528.000  1.12470e+00
  7529.000  1.12730e+00
  7530.000  1.12950e+00
  7531.000  1.13010e+00
  7532.000  1.13100e+00
  7533.000  1.13100e+00
  7534.000  1.13090e+00
  7535.000  1.13240e+00
  7536.000  1.13550e+00
  7537.000  1.13920e+00
  7538.000  1.14100e+00
  7539.000  1.14180e+00
  7540.000  1.14020e+00
  7541.000  1.14030e+00
  7542.000  1.14070e+00
  7543.000  1.13960e+00
  7544.000  1.13760e+00
  7545.000  1.13650e+00
  7546.000  1.13690e+00
  7547.000  1.13530e+00
  7548.000  1.13440e+00
  7549.000  1.13420e+00
  7550.000  1.13430e+00
  7551.000  1.13500e+00
  7552.000  1.13610e+00
  7553.000  1.13620e+00
  7554.000  1.13490e+00
  7555.000  1.13300e+00
  7556.000  1.12980e+00
  7557.000  1.12850e+00
  7558.000  1.12750e+00
  7559.000  1.12740e+00
  7560.000  1.12720e+00
  7561.000  1.12570e+00
  7562.000  1.12710e+00
  7563.000  1.12680e+00
  7564.000  1.12760e+00
  7565.000  1.12820e+00
  7566.000  1.12960e+00
  7567.000  1.12930e+00
  7568.000  1.12820e+00
  7569.000  1.12830e+00
  7570.000  1.12770e+00
  7571.000  1.12650e+00
  7572.000  1.12720e+00
  7573.000  1.12630e+00
  7574.000  1.12670e+00
  7575.000  1.12870e+00
  7576.000  1.13070e+00
  7577.000  1.13390e+00
  7578.000  1.13550e+00
  7579.000  1.13510e+00
  7580.000  1.13370e+00
  7581.000  1.13070e+00
  7582.000  1.12740e+00
  7583.000  1.12310e+00
  7584.000  1.11890e+00
  7585.000  1.11220e+00
  7586.000  1.10730e+00
  7587.000  1.10200e+00
  7588.000  1.09890e+00
  7589.000  1.09590e+00
  7590.000  1.09340e+00
  7591.000  1.09170e+00
  7592.000  1.09360e+00
  7593.000  1.09220e+00
  7594.000  1.09300e+00
  7595.000  1.09490e+00
  7596.000  1.09480e+00
  7597.000  1.09420e+00
  7598.000  1.09310e+00
  7599.000  1.09360e+00
  7600.000  1.09430e+00
  7601.000  1.09200e+00
  7602.000  1.08930e+00
  7603.000  1.08890e+00
  7604.000  1.08790e+00
  7605.000  1.08650e+00
  7606.000  1.08780e+00
  7607.000  1.08980e+00
  7608.000  1.08970e+00
  7609.000  1.08950e+00
  7610.000  1.09010e+00
  7611.000  1.09070e+00
  7612.000  1.09100e+00
  7613.000  1.09130e+00
  7614.000  1.08910e+00
  7615.000  1.08490e+00
  7616.000  1.08190e+00
  7617.000  1.07850e+00
  7618.000  1.07230e+00
  7619.000  1.06950e+00
  7620.000  1.06840e+00
  7621.000  1.06850e+00
  7622.000  1.07380e+00
  7623.000  1.07820e+00
  7624.000  1.08340e+00
  7625.000  1.08810e+00
  7626.000  1.09090e+00
  7627.000  1.09240e+00
  7628.000  1.09100e+00
  7629.000  1.08580e+00
  7630.000  1.08440e+00
  7631.000  1.08160e+00
  7632.000  1.08100e+00
  7633.000  1.08080e+00
  7634.000  1.08030e+00
  7635.000  1.08260e+00
  7636.000  1.08180e+00
  7637.000  1.08140e+00
  7638.000  1.08070e+00
  7639.000  1.08070e+00
  7640.000  1.08070e+00
  7641.000  1.08130e+00
  7642.000  1.08290e+00
  7643.000  1.08370e+00
  7644.000  1.08410e+00
  7645.000  1.08580e+00
  7646.000  1.08590e+00
  7647.000  1.08590e+00
  7648.000  1.08360e+00
  7649.000  1.08010e+00
  7650.000  1.07640e+00
  7651.000  1.07440e+00
  7652.000  1.07230e+00
  7653.000  1.07020e+00
  7654.000  1.06640e+00
  7655.000  1.06100e+00
  7656.000  1.05680e+00
  7657.000  1.05270e+00
  7658.000  1.04840e+00
  7659.000  1.04420e+00
  7660.000  1.03770e+00
  7661.000  1.03100e+00
  7662.000  1.02530e+00
  7663.000  1.01760e+00
  7664.000  1.01030e+00
  7665.000  1.00490e+00
  7666.000  9.98000e-01
  7667.000  9.96540e-01
  7668.000  1.00170e+00
  7669.000  1.01190e+00
  7670.000  1.02140e+00
  7671.000  1.03180e+00
  7672.000  1.04110e+00
  7673.000  1.04870e+00
  7674.000  1.05100e+00
  7675.000  1.05250e+00
  7676.000  1.05600e+00
  7677.000  1.05730e+00
  7678.000  1.05570e+00
  7679.000  1.05520e+00
  7680.000  1.05540e+00
  7681.000  1.05450e+00
  7682.000  1.05570e+00
  7683.000  1.05550e+00
  7684.000  1.05590e+00
  7685.000  1.05640e+00
  7686.000  1.05580e+00
  7687.000  1.05610e+00
  7688.000  1.05570e+00
  7689.000  1.05390e+00
  7690.000  1.05240e+00
  7691.000  1.05200e+00
  7692.000  1.04900e+00
  7693.000  1.04660e+00
  7694.000  1.04650e+00
  7695.000  1.04460e+00
  7696.000  1.04300e+00
  7697.000  1.04240e+00
  7698.000  1.03840e+00
  7699.000  1.03310e+00
  7700.000  1.02950e+00
  7701.000  1.03020e+00
  7702.000  1.03330e+00
  7703.000  1.03840e+00
  7704.000  1.04460e+00
  7705.000  1.05010e+00
  7706.000  1.05340e+00
  7707.000  1.05530e+00
  7708.000  1.05350e+00
  7709.000  1.04990e+00
  7710.000  1.04650e+00
  7711.000  1.04230e+00
  7712.000  1.03520e+00
  7713.000  1.02910e+00
  7714.000  1.02390e+00
  7715.000  1.02090e+00
  7716.000  1.02260e+00
  7717.000  1.02330e+00
  7718.000  1.02710e+00
  7719.000  1.03260e+00
  7720.000  1.03720e+00
  7721.000  1.04150e+00
  7722.000  1.04320e+00
  7723.000  1.04450e+00
  7724.000  1.04380e+00
  7725.000  1.04490e+00
  7726.000  1.04650e+00
  7727.000  1.04610e+00
  7728.000  1.04820e+00
  7729.000  1.05080e+00
  7730.000  1.05470e+00
  7731.000  1.05920e+00
  7732.000  1.06140e+00
  7733.000  1.06510e+00
  7734.000  1.06780e+00
  7735.000  1.06850e+00
  7736.000  1.06980e+00
  7737.000  1.07210e+00
  7738.000  1.07190e+00
  7739.000  1.07420e+00
  7740.000  1.07550e+00
  7741.000  1.07470e+00
  7742.000  1.07030e+00
  7743.000  1.06720e+00
  7744.000  1.06300e+00
  7745.000  1.05430e+00
  7746.000  1.04790e+00
  7747.000  1.04360e+00
  7748.000  1.03820e+00
  7749.000  1.03400e+00
  7750.000  1.03310e+00
  7751.000  1.03450e+00
  7752.000  1.03760e+00
  7753.000  1.04350e+00
  7754.000  1.04940e+00
  7755.000  1.05520e+00
  7756.000  1.05820e+00
  7757.000  1.05900e+00
  7758.000  1.06080e+00
  7759.000  1.06100e+00
  7760.000  1.06030e+00
  7761.000  1.06070e+00
  7762.000  1.06210e+00
  7763.000  1.06280e+00
  7764.000  1.06340e+00
  7765.000  1.06410e+00
  7766.000  1.06480e+00
  7767.000  1.06520e+00
  7768.000  1.06390e+00
  7769.000  1.06240e+00
  7770.000  1.06150e+00
  7771.000  1.05980e+00
  7772.000  1.05530e+00
  7773.000  1.05220e+00
  7774.000  1.05020e+00
  7775.000  1.04680e+00
  7776.000  1.04560e+00
  7777.000  1.04650e+00
  7778.000  1.04990e+00
  7779.000  1.05000e+00
  7780.000  1.05160e+00
  7781.000  1.05400e+00
  7782.000  1.05680e+00
  7783.000  1.05600e+00
  7784.000  1.05690e+00
  7785.000  1.06000e+00
  7786.000  1.06130e+00
  7787.000  1.06150e+00
  7788.000  1.06130e+00
  7789.000  1.06110e+00
  7790.000  1.06030e+00
  7791.000  1.06160e+00
  7792.000  1.06310e+00
  7793.000  1.06540e+00
  7794.000  1.06850e+00
  7795.000  1.06900e+00
  7796.000  1.07000e+00
  7797.000  1.06930e+00
  7798.000  1.06820e+00
  7799.000  1.06660e+00
  7800.000  1.06520e+00
  7801.000  1.06540e+00
  7802.000  1.06670e+00
  7803.000  1.06870e+00
  7804.000  1.07050e+00
  7805.000  1.07340e+00
  7806.000  1.07540e+00
  7807.000  1.07790e+00
  7808.000  1.07810e+00
  7809.000  1.07680e+00
  7810.000  1.07290e+00
  7811.000  1.07190e+00
  7812.000  1.07320e+00
  7813.000  1.07480e+00
  7814.000  1.07800e+00
  7815.000  1.08090e+00
  7816.000  1.08500e+00
  7817.000  1.08870e+00
  7818.000  1.09030e+00
  7819.000  1.09120e+00
  7820.000  1.09180e+00
  7821.000  1.08950e+00
  7822.000  1.08910e+00
  7823.000  1.09020e+00
  7824.000  1.08920e+00
  7825.000  1.08680e+00
  7826.000  1.08600e+00
  7827.000  1.08630e+00
  7828.000  1.08320e+00
  7829.000  1.07860e+00
  7830.000  1.07330e+00
  7831.000  1.06730e+00
  7832.000  1.06130e+00
  7833.000  1.05670e+00
  7834.000  1.05200e+00
  7835.000  1.04950e+00
  7836.000  1.04730e+00
  7837.000  1.04910e+00
  7838.000  1.05030e+00
  7839.000  1.05430e+00
  7840.000  1.05930e+00
  7841.000  1.06480e+00
  7842.000  1.06900e+00
  7843.000  1.07250e+00
  7844.000  1.07170e+00
  7845.000  1.07260e+00
  7846.000  1.07350e+00
  7847.000  1.07450e+00
  7848.000  1.07370e+00
  7849.000  1.07120e+00
  7850.000  1.06850e+00
  7851.000  1.06840e+00
  7852.000  1.06660e+00
  7853.000  1.06590e+00
  7854.000  1.06500e+00
  7855.000  1.06440e+00
  7856.000  1.06480e+00
  7857.000  1.06930e+00
  7858.000  1.07290e+00
  7859.000  1.07380e+00
  7860.000  1.07450e+00
  7861.000  1.07440e+00
  7862.000  1.07620e+00
  7863.000  1.07770e+00
  7864.000  1.07690e+00
  7865.000  1.07860e+00
  7866.000  1.08030e+00
  7867.000  1.07930e+00
  7868.000  1.07750e+00
  7869.000  1.07650e+00
  7870.000  1.07610e+00
  7871.000  1.07290e+00
  7872.000  1.06900e+00
  7873.000  1.06610e+00
  7874.000  1.06390e+00
  7875.000  1.06120e+00
  7876.000  1.05830e+00
  7877.000  1.05930e+00
  7878.000  1.06040e+00
  7879.000  1.06130e+00
  7880.000  1.06210e+00
  7881.000  1.06210e+00
  7882.000  1.06150e+00
  7883.000  1.06020e+00
  7884.000  1.06130e+00
  7885.000  1.06320e+00
  7886.000  1.06550e+00
  7887.000  1.06800e+00
  7888.000  1.07200e+00
  7889.000  1.07400e+00
  7890.000  1.07550e+00
  7891.000  1.07590e+00
  7892.000  1.07390e+00
  7893.000  1.07090e+00
  7894.000  1.06850e+00
  7895.000  1.06060e+00
  7896.000  1.05470e+00
  7897.000  1.05110e+00
  7898.000  1.04800e+00
  7899.000  1.04560e+00
  7900.000  1.04580e+00
  7901.000  1.04930e+00
  7902.000  1.05200e+00
  7903.000  1.05270e+00
  7904.000  1.05600e+00
  7905.000  1.05930e+00
  7906.000  1.05840e+00
  7907.000  1.05760e+00
  7908.000  1.05410e+00
  7909.000  1.05010e+00
  7910.000  1.04750e+00
  7911.000  1.04440e+00
  7912.000  1.03910e+00
  7913.000  1.03600e+00
  7914.000  1.03350e+00
  7915.000  1.03170e+00
  7916.000  1.03060e+00
  7917.000  1.03130e+00
  7918.000  1.03150e+00
  7919.000  1.03160e+00
  7920.000  1.03340e+00
  7921.000  1.03470e+00
  7922.000  1.03560e+00
  7923.000  1.03880e+00
  7924.000  1.04240e+00
  7925.000  1.04110e+00
  7926.000  1.04040e+00
  7927.000  1.04190e+00
  7928.000  1.04320e+00
  7929.000  1.04250e+00
  7930.000  1.03900e+00
  7931.000  1.03730e+00
  7932.000  1.03690e+00
  7933.000  1.03500e+00
  7934.000  1.03300e+00
  7935.000  1.03180e+00
  7936.000  1.03050e+00
  7937.000  1.02960e+00
  7938.000  1.02990e+00
  7939.000  1.03070e+00
  7940.000  1.02860e+00
  7941.000  1.02790e+00
  7942.000  1.02700e+00
  7943.000  1.02270e+00
  7944.000  1.01890e+00
  7945.000  1.01790e+00
  7946.000  1.01690e+00
  7947.000  1.01660e+00
  7948.000  1.01760e+00
  7949.000  1.02080e+00
  7950.000  1.02750e+00
  7951.000  1.03340e+00
  7952.000  1.03970e+00
  7953.000  1.04580e+00
  7954.000  1.04940e+00
  7955.000  1.05060e+00
  7956.000  1.05260e+00
  7957.000  1.05330e+00
  7958.000  1.05450e+00
  7959.000  1.05520e+00
  7960.000  1.05820e+00
  7961.000  1.05970e+00
  7962.000  1.05970e+00
  7963.000  1.06110e+00
  7964.000  1.06040e+00
  7965.000  1.06030e+00
  7966.000  1.06410e+00
  7967.000  1.06440e+00
  7968.000  1.06530e+00
  7969.000  1.06620e+00
  7970.000  1.06810e+00
  7971.000  1.07030e+00
  7972.000  1.06970e+00
  7973.000  1.07050e+00
  7974.000  1.07240e+00
  7975.000  1.07310e+00
  7976.000  1.07250e+00
  7977.000  1.07230e+00
  7978.000  1.06970e+00
  7979.000  1.06790e+00
  7980.000  1.06590e+00
  7981.000  1.06470e+00
  7982.000  1.06440e+00
  7983.000  1.06530e+00
  7984.000  1.06810e+00
  7985.000  1.07140e+00
  7986.000  1.07140e+00
  7987.000  1.07000e+00
  7988.000  1.06880e+00
  7989.000  1.06620e+00
  7990.000  1.06520e+00
  7991.000  1.06750e+00
  7992.000  1.06770e+00
  7993.000  1.06570e+00
  7994.000  1.06520e+00
  7995.000  1.06480e+00
  7996.000  1.05930e+00
  7997.000  1.05620e+00
  7998.000  1.05670e+00
  7999.000  1.05510e+00
  8000.000  1.05640e+00
  8001.000  1.05860e+00
  8002.000  1.06080e+00
  8003.000  1.06400e+00
  8004.000  1.06610e+00
  8005.000  1.06760e+00
  8006.000  1.06930e+00
  8007.000  1.07260e+00
  8008.000  1.07640e+00
  8009.000  1.07860e+00
  8010.000  1.07950e+00
  8011.000  1.07920e+00
  8012.000  1.08100e+00
  8013.000  1.08190e+00
  8014.000  1.08200e+00
  8015.000  1.08300e+00
  8016.000  1.08420e+00
  8017.000  1.08760e+00
  8018.000  1.08970e+00
  8019.000  1.08980e+00
  8020.000  1.08630e+00
  8021.000  1.08390e+00
  8022.000  1.08310e+00
  8023.000  1.07920e+00
  8024.000  1.07430e+00
  8025.000  1.06970e+00
  8026.000  1.06310e+00
  8027.000  1.05520e+00
  8028.000  1.05130e+00
  8029.000  1.05160e+00
  8030.000  1.05290e+00
  8031.000  1.05800e+00
  8032.000  1.06500e+00
  8033.000  1.07260e+00
  8034.000  1.07910e+00
  8035.000  1.08470e+00
  8036.000  1.08780e+00
  8037.000  1.09260e+00
  8038.000  1.09440e+00
  8039.000  1.09390e+00
  8040.000  1.09630e+00
  8041.000  1.09350e+00
  8042.000  1.08920e+00
  8043.000  1.08330e+00
  8044.000  1.07840e+00
  8045.000  1.07430e+00
  8046.000  1.06640e+00
  8047.000  1.06130e+00
  8048.000  1.05970e+00
  8049.000  1.05550e+00
  8050.000  1.05460e+00
  8051.000  1.05830e+00
  8052.000  1.06180e+00
  8053.000  1.06680e+00
  8054.000  1.07210e+00
  8055.000  1.07490e+00
  8056.000  1.07800e+00
  8057.000  1.08090e+00
  8058.000  1.08520e+00
  8059.000  1.08880e+00
  8060.000  1.09060e+00
  8061.000  1.09040e+00
  8062.000  1.09050e+00
  8063.000  1.08990e+00
  8064.000  1.08820e+00
  8065.000  1.08840e+00
  8066.000  1.08530e+00
  8067.000  1.08020e+00
  8068.000  1.07590e+00
  8069.000  1.07430e+00
  8070.000  1.06970e+00
  8071.000  1.06320e+00
  8072.000  1.05900e+00
  8073.000  1.05820e+00
  8074.000  1.05750e+00
  8075.000  1.05950e+00
  8076.000  1.06280e+00
  8077.000  1.06540e+00
  8078.000  1.06650e+00
  8079.000  1.07000e+00
  8080.000  1.07330e+00
  8081.000  1.07300e+00
  8082.000  1.07320e+00
  8083.000  1.07360e+00
  8084.000  1.07120e+00
  8085.000  1.07040e+00
  8086.000  1.07050e+00
  8087.000  1.07150e+00
  8088.000  1.07180e+00
  8089.000  1.07080e+00
  8090.000  1.07040e+00
  8091.000  1.06920e+00
  8092.000  1.06420e+00
  8093.000  1.05930e+00
  8094.000  1.05530e+00
  8095.000  1.05200e+00
  8096.000  1.05010e+00
  8097.000  1.05020e+00
  8098.000  1.05300e+00
  8099.000  1.05720e+00
  8100.000  1.06200e+00
  8101.000  1.06210e+00
  8102.000  1.06260e+00
  8103.000  1.06550e+00
  8104.000  1.06860e+00
  8105.000  1.07040e+00
  8106.000  1.07060e+00
  8107.000  1.06910e+00
  8108.000  1.06840e+00
  8109.000  1.07050e+00
  8110.000  1.07100e+00
  8111.000  1.07180e+00
  8112.000  1.07140e+00
  8113.000  1.07180e+00
  8114.000  1.07140e+00
  8115.000  1.06950e+00
  8116.000  1.06560e+00
  8117.000  1.06610e+00
  8118.000  1.06440e+00
  8119.000  1.06550e+00
  8120.000  1.06880e+00
  8121.000  1.07160e+00
  8122.000  1.07500e+00
  8123.000  1.07780e+00
  8124.000  1.08520e+00
  8125.000  1.08920e+00
  8126.000  1.09020e+00
  8127.000  1.09140e+00
  8128.000  1.09050e+00
  8129.000  1.08900e+00
  8130.000  1.08740e+00
  8131.000  1.08670e+00
  8132.000  1.08480e+00
  8133.000  1.08450e+00
  8134.000  1.08480e+00
  8135.000  1.08620e+00
  8136.000  1.08690e+00
  8137.000  1.08960e+00
  8138.000  1.09230e+00
  8139.000  1.09310e+00
  8140.000  1.09430e+00
  8141.000  1.09240e+00
  8142.000  1.09080e+00
  8143.000  1.09060e+00
  8144.000  1.08760e+00
  8145.000  1.08520e+00
  8146.000  1.08790e+00
  8147.000  1.08780e+00
  8148.000  1.08630e+00
  8149.000  1.08830e+00
  8150.000  1.08930e+00
  8151.000  1.09070e+00
  8152.000  1.09040e+00
  8153.000  1.08940e+00
  8154.000  1.09210e+00
  8155.000  1.09380e+00
  8156.000  1.09690e+00
  8157.000  1.09790e+00
  8158.000  1.09760e+00
  8159.000  1.09840e+00
  8160.000  1.09810e+00
  8161.000  1.09260e+00
  8162.000  1.08790e+00
  8163.000  1.08550e+00
  8164.000  1.08410e+00
  8165.000  1.08480e+00
  8166.000  1.08690e+00
  8167.000  1.08880e+00
  8168.000  1.09250e+00
  8169.000  1.09680e+00
  8170.000  1.09510e+00
  8171.000  1.09400e+00
  8172.000  1.09610e+00
  8173.000  1.09900e+00
  8174.000  1.09980e+00
  8175.000  1.09830e+00
  8176.000  1.09760e+00
  8177.000  1.09900e+00
  8178.000  1.09840e+00
  8179.000  1.09690e+00
  8180.000  1.09410e+00
  8181.000  1.09110e+00
  8182.000  1.08360e+00
  8183.000  1.07440e+00
  8184.000  1.07010e+00
  8185.000  1.06860e+00
  8186.000  1.06410e+00
  8187.000  1.06340e+00
  8188.000  1.07000e+00
  8189.000  1.07620e+00
  8190.000  1.08240e+00
  8191.000  1.08610e+00
  8192.000  1.08960e+00
  8193.000  1.08690e+00
  8194.000  1.07850e+00
  8195.000  1.06920e+00
  8196.000  1.06110e+00
  8197.000  1.05600e+00
  8198.000  1.05370e+00
  8199.000  1.05110e+00
  8200.000  1.05320e+00
  8201.000  1.05560e+00
  8202.000  1.05550e+00
  8203.000  1.05690e+00
  8204.000  1.05750e+00
  8205.000  1.05720e+00
  8206.000  1.05810e+00
  8207.000  1.05660e+00
  8208.000  1.05730e+00
  8209.000  1.05690e+00
  8210.000  1.05650e+00
  8211.000  1.05850e+00
  8212.000  1.05950e+00
  8213.000  1.06000e+00
  8214.000  1.06180e+00
  8215.000  1.06390e+00
  8216.000  1.06510e+00
  8217.000  1.06420e+00
  8218.000  1.06380e+00
  8219.000  1.06350e+00
  8220.000  1.06620e+00
  8221.000  1.06900e+00
  8222.000  1.07000e+00
  8223.000  1.07330e+00
  8224.000  1.07760e+00
  8225.000  1.08220e+00
  8226.000  1.08680e+00
  8227.000  1.08880e+00
  8228.000  1.09240e+00
  8229.000  1.09600e+00
  8230.000  1.09470e+00
  8231.000  1.09130e+00
  8232.000  1.08880e+00
  8233.000  1.08780e+00
  8234.000  1.08660e+00
  8235.000  1.08600e+00
  8236.000  1.08410e+00
  8237.000  1.08260e+00
  8238.000  1.08120e+00
  8239.000  1.08230e+00
  8240.000  1.08460e+00
  8241.000  1.08810e+00
  8242.000  1.08830e+00
  8243.000  1.08930e+00
  8244.000  1.09050e+00
  8245.000  1.09000e+00
  8246.000  1.08810e+00
  8247.000  1.08710e+00
  8248.000  1.08680e+00
  8249.000  1.08530e+00
  8250.000  1.08060e+00
  8251.000  1.07730e+00
  8252.000  1.07420e+00
  8253.000  1.07090e+00
  8254.000  1.06690e+00
  8255.000  1.06590e+00
  8256.000  1.06800e+00
  8257.000  1.06560e+00
  8258.000  1.06620e+00
  8259.000  1.06910e+00
  8260.000  1.07610e+00
  8261.000  1.08220e+00
  8262.000  1.08460e+00
  8263.000  1.08730e+00
  8264.000  1.08950e+00
  8265.000  1.09180e+00
  8266.000  1.09440e+00
  8267.000  1.09160e+00
  8268.000  1.08800e+00
  8269.000  1.08660e+00
  8270.000  1.08490e+00
  8271.000  1.08220e+00
  8272.000  1.08080e+00
  8273.000  1.07730e+00
  8274.000  1.07510e+00
  8275.000  1.07300e+00
  8276.000  1.06920e+00
  8277.000  1.06880e+00
  8278.000  1.07070e+00
  8279.000  1.07140e+00
  8280.000  1.07200e+00
  8281.000  1.07470e+00
  8282.000  1.07610e+00
  8283.000  1.07700e+00
  8284.000  1.07570e+00
  8285.000  1.07450e+00
  8286.000  1.06980e+00
  8287.000  1.07110e+00
  8288.000  1.07200e+00
  8289.000  1.07070e+00
  8290.000  1.06800e+00
  8291.000  1.06750e+00
  8292.000  1.06730e+00
  8293.000  1.06320e+00
  8294.000  1.06020e+00
  8295.000  1.05730e+00
  8296.000  1.05510e+00
  8297.000  1.05550e+00
  8298.000  1.05380e+00
  8299.000  1.05310e+00
  8300.000  1.05450e+00
  8301.000  1.05440e+00
  8302.000  1.05090e+00
  8303.000  1.04950e+00
  8304.000  1.04930e+00
  8305.000  1.04650e+00
  8306.000  1.04380e+00
  8307.000  1.03860e+00
  8308.000  1.03400e+00
  8309.000  1.03100e+00
  8310.000  1.02930e+00
  8311.000  1.03070e+00
  8312.000  1.03270e+00
  8313.000  1.03500e+00
  8314.000  1.03990e+00
  8315.000  1.04460e+00
  8316.000  1.04650e+00
  8317.000  1.05280e+00
  8318.000  1.05650e+00
  8319.000  1.05650e+00
  8320.000  1.05680e+00
  8321.000  1.05490e+00
  8322.000  1.05370e+00
  8323.000  1.05260e+00
  8324.000  1.05010e+00
  8325.000  1.04450e+00
  8326.000  1.03900e+00
  8327.000  1.03670e+00
  8328.000  1.03250e+00
  8329.000  1.03150e+00
  8330.000  1.02710e+00
  8331.000  1.02500e+00
  8332.000  1.02490e+00
  8333.000  1.02390e+00
  8334.000  1.02260e+00
  8335.000  1.02270e+00
  8336.000  1.02260e+00
  8337.000  1.02460e+00
  8338.000  1.02790e+00
  8339.000  1.02780e+00
  8340.000  1.02450e+00
  8341.000  1.02820e+00
  8342.000  1.03410e+00
  8343.000  1.03530e+00
  8344.000  1.03480e+00
  8345.000  1.03380e+00
  8346.000  1.03200e+00
  8347.000  1.03120e+00
  8348.000  1.03180e+00
  8349.000  1.03000e+00
  8350.000  1.03150e+00
  8351.000  1.03000e+00
  8352.000  1.03330e+00
  8353.000  1.03630e+00
  8354.000  1.03620e+00
  8355.000  1.04170e+00
  8356.000  1.04280e+00
  8357.000  1.04640e+00
  8358.000  1.04820e+00
  8359.000  1.04730e+00
  8360.000  1.04880e+00
  8361.000  1.04980e+00
  8362.000  1.04780e+00
  8363.000  1.04180e+00
  8364.000  1.03660e+00
  8365.000  1.03670e+00
  8366.000  1.03330e+00
  8367.000  1.03500e+00
  8368.000  1.03740e+00
  8369.000  1.04000e+00
  8370.000  1.04440e+00
  8371.000  1.04860e+00
  8372.000  1.05160e+00
  8373.000  1.05550e+00
  8374.000  1.05310e+00
  8375.000  1.05170e+00
  8376.000  1.04950e+00
  8377.000  1.04840e+00
  8378.000  1.04590e+00
  8379.000  1.04410e+00
  8380.000  1.03940e+00
  8381.000  1.03630e+00
  8382.000  1.03230e+00
  8383.000  1.02520e+00
  8384.000  1.02020e+00
  8385.000  1.01630e+00
  8386.000  1.01120e+00
  8387.000  1.00810e+00
  8388.000  1.00540e+00
  8389.000  1.00470e+00
  8390.000  1.00980e+00
  8391.000  1.01500e+00
  8392.000  1.02160e+00
  8393.000  1.03040e+00
  8394.000  1.03710e+00
  8395.000  1.04290e+00
  8396.000  1.04670e+00
  8397.000  1.04690e+00
  8398.000  1.04960e+00
  8399.000  1.04810e+00
  8400.000  1.04650e+00
  8401.000  1.04710e+00
  8402.000  1.05000e+00
  8403.000  1.05380e+00
  8404.000  1.05410e+00
  8405.000  1.05180e+00
  8406.000  1.05490e+00
  8407.000  1.05430e+00
  8408.000  1.05550e+00
  8409.000  1.05940e+00
  8410.000  1.06100e+00
  8411.000  1.05790e+00
  8412.000  1.05450e+00
  8413.000  1.05050e+00
  8414.000  1.04860e+00
  8415.000  1.04820e+00
  8416.000  1.04820e+00
  8417.000  1.04820e+00
  8418.000  1.04830e+00
  8419.000  1.04810e+00
  8420.000  1.04480e+00
  8421.000  1.04000e+00
  8422.000  1.03780e+00
  8423.000  1.03590e+00
  8424.000  1.03170e+00
  8425.000  1.02740e+00
  8426.000  1.02460e+00
  8427.000  1.02210e+00
  8428.000  1.02690e+00
  8429.000  1.02910e+00
  8430.000  1.03130e+00
  8431.000  1.03610e+00
  8432.000  1.03850e+00
  8433.000  1.03680e+00
  8434.000  1.03030e+00
  8435.000  1.02270e+00
  8436.000  1.01500e+00
  8437.000  1.00770e+00
  8438.000  1.00680e+00
  8439.000  1.00330e+00
  8440.000  1.00230e+00
  8441.000  1.00960e+00
  8442.000  1.01260e+00
  8443.000  1.01610e+00
  8444.000  1.01890e+00
  8445.000  1.02090e+00
  8446.000  1.02260e+00
  8447.000  1.02720e+00
  8448.000  1.02900e+00
  8449.000  1.02960e+00
  8450.000  1.03000e+00
  8451.000  1.03050e+00
  8452.000  1.02690e+00
  8453.000  1.02590e+00
  8454.000  1.02710e+00
  8455.000  1.02710e+00
  8456.000  1.02620e+00
  8457.000  1.02730e+00
  8458.000  1.02500e+00
  8459.000  1.02250e+00
  8460.000  1.02450e+00
  8461.000  1.02640e+00
  8462.000  1.02630e+00
  8463.000  1.02510e+00
  8464.000  1.02410e+00
  8465.000  1.01900e+00
  8466.000  1.01450e+00
  8467.000  1.00950e+00
  8468.000  1.00530e+00
  8469.000  1.00090e+00
  8470.000  9.97650e-01
  8471.000  9.99180e-01
  8472.000  1.00270e+00
  8473.000  1.00670e+00
  8474.000  1.01290e+00
  8475.000  1.01890e+00
  8476.000  1.02420e+00
  8477.000  1.02950e+00
  8478.000  1.03090e+00
  8479.000  1.03160e+00
  8480.000  1.03170e+00
  8481.000  1.02950e+00
  8482.000  1.02840e+00
  8483.000  1.03040e+00
  8484.000  1.03330e+00
  8485.000  1.02870e+00
  8486.000  1.02710e+00
  8487.000  1.02820e+00
  8488.000  1.02700e+00
  8489.000  1.02860e+00
  8490.000  1.02810e+00
  8491.000  1.02740e+00
  8492.000  1.02430e+00
  8493.000  1.01610e+00
  8494.000  1.00620e+00
  8495.000  9.89090e-01
  8496.000  9.68970e-01
  8497.000  9.42920e-01
  8498.000  9.23500e-01
  8499.000  9.02910e-01
  8500.000  8.92620e-01
  8501.000  8.95020e-01
  8502.000  9.06260e-01
  8503.000  9.22000e-01
  8504.000  9.42040e-01
  8505.000  9.64980e-01
  8506.000  9.81980e-01
  8507.000  9.95420e-01
  8508.000  1.00590e+00
  8509.000  1.01380e+00
  8510.000  1.01730e+00
  8511.000  1.02050e+00
  8512.000  1.01990e+00
  8513.000  1.01610e+00
  8514.000  1.00730e+00
  8515.000  1.00090e+00
  8516.000  9.97200e-01
  8517.000  9.93420e-01
  8518.000  9.89620e-01
  8519.000  9.88960e-01
  8520.000  9.95490e-01
  8521.000  1.00280e+00
  8522.000  1.00800e+00
  8523.000  1.01180e+00
  8524.000  1.01380e+00
  8525.000  1.01420e+00
  8526.000  1.01400e+00
  8527.000  1.01440e+00
  8528.000  1.01550e+00
  8529.000  1.01380e+00
  8530.000  1.01010e+00
  8531.000  1.00690e+00
  8532.000  1.00410e+00
  8533.000  1.00140e+00
  8534.000  9.96420e-01
  8535.000  9.86190e-01
  8536.000  9.69350e-01
  8537.000  9.52690e-01
  8538.000  9.25280e-01
  8539.000  9.00140e-01
  8540.000  8.63730e-01
  8541.000  8.32850e-01
  8542.000  7.99260e-01
  8543.000  7.78130e-01
  8544.000  7.66960e-01
  8545.000  7.70100e-01
  8546.000  7.88760e-01
  8547.000  8.10570e-01
  8548.000  8.43530e-01
  8549.000  8.76050e-01
  8550.000  9.09340e-01
  8551.000  9.35180e-01
  8552.000  9.58870e-01
  8553.000  9.72190e-01
  8554.000  9.84530e-01
  8555.000  9.94700e-01
  8556.000  1.00120e+00
  8557.000  1.00400e+00
  8558.000  1.00920e+00
  8559.000  1.01330e+00
  8560.000  1.01380e+00
  8561.000  1.01680e+00
  8562.000  1.02330e+00
  8563.000  1.02510e+00
  8564.000  1.02680e+00
  8565.000  1.02850e+00
  8566.000  1.02990e+00
  8567.000  1.03190e+00
  8568.000  1.03330e+00
  8569.000  1.03270e+00
  8570.000  1.03250e+00
  8571.000  1.03030e+00
  8572.000  1.03040e+00
  8573.000  1.03350e+00
  8574.000  1.03230e+00
  8575.000  1.03320e+00
  8576.000  1.03770e+00
  8577.000  1.04290e+00
  8578.000  1.04670e+00
  8579.000  1.04980e+00
  8580.000  1.05130e+00
  8581.000  1.04930e+00
  8582.000  1.04610e+00
  8583.000  1.04410e+00
  8584.000  1.04300e+00
  8585.000  1.03780e+00
  8586.000  1.03440e+00
  8587.000  1.03150e+00
  8588.000  1.02920e+00
  8589.000  1.02970e+00
  8590.000  1.02950e+00
  8591.000  1.03270e+00
  8592.000  1.03340e+00
  8593.000  1.02740e+00
  8594.000  1.02420e+00
  8595.000  1.02490e+00
  8596.000  1.02590e+00
  8597.000  1.02890e+00
  8598.000  1.03110e+00
  8599.000  1.02930e+00
  8600.000  1.02990e+00
  8601.000  1.03220e+00
  8602.000  1.03630e+00
  8603.000  1.03620e+00
  8604.000  1.03250e+00
  8605.000  1.03310e+00
  8606.000  1.03490e+00
  8607.000  1.03560e+00
  8608.000  1.03300e+00
  8609.000  1.03170e+00
  8610.000  1.03510e+00
  8611.000  1.03500e+00
  8612.000  1.03160e+00
  8613.000  1.03070e+00
  8614.000  1.03290e+00
  8615.000  1.03570e+00
  8616.000  1.03980e+00
  8617.000  1.04680e+00
  8618.000  1.04790e+00
  8619.000  1.04630e+00
  8620.000  1.04790e+00
  8621.000  1.04620e+00
  8622.000  1.04240e+00
  8623.000  1.04060e+00
  8624.000  1.04100e+00
  8625.000  1.04270e+00
  8626.000  1.04450e+00
  8627.000  1.04810e+00
  8628.000  1.05480e+00
  8629.000  1.05830e+00
  8630.000  1.05820e+00
  8631.000  1.05800e+00
  8632.000  1.05760e+00
  8633.000  1.05850e+00
  8634.000  1.05970e+00
  8635.000  1.06240e+00
  8636.000  1.06190e+00
  8637.000  1.06100e+00
  8638.000  1.06340e+00
  8639.000  1.06540e+00
  8640.000  1.06460e+00
  8641.000  1.06380e+00
  8642.000  1.06310e+00
  8643.000  1.06130e+00
  8644.000  1.05680e+00
  8645.000  1.05210e+00
  8646.000  1.04640e+00
  8647.000  1.04260e+00
  8648.000  1.04200e+00
  8649.000  1.03820e+00
  8650.000  1.03470e+00
  8651.000  1.03320e+00
  8652.000  1.02920e+00
  8653.000  1.02630e+00
  8654.000  1.02170e+00
  8655.000  1.01130e+00
  8656.000  1.00570e+00
  8657.000  9.93470e-01
  8658.000  9.72060e-01
  8659.000  9.45940e-01
  8660.000  9.20770e-01
  8661.000  8.89730e-01
  8662.000  8.62990e-01
  8663.000  8.36940e-01
  8664.000  8.23510e-01
  8665.000  8.23670e-01
  8666.000  8.36910e-01
  8667.000  8.63420e-01
  8668.000  8.88870e-01
  8669.000  9.18310e-01
  8670.000  9.41260e-01
  8671.000  9.64490e-01
  8672.000  9.78730e-01
  8673.000  9.88270e-01
  8674.000  9.95490e-01
  8675.000  1.00220e+00
  8676.000  1.00440e+00
  8677.000  1.00660e+00
  8678.000  1.01290e+00
  8679.000  1.01950e+00
  8680.000  1.02400e+00
  8681.000  1.02940e+00
  8682.000  1.03140e+00
  8683.000  1.03230e+00
  8684.000  1.03340e+00
  8685.000  1.03460e+00
  8686.000  1.03410e+00
  8687.000  1.02910e+00
  8688.000  1.02360e+00
  8689.000  1.02250e+00
  8690.000  1.02130e+00
  8691.000  1.01710e+00
  8692.000  1.02040e+00
  8693.000  1.02830e+00
  8694.000  1.03230e+00
  8695.000  1.03910e+00
  8696.000  1.04480e+00
  8697.000  1.05150e+00
  8698.000  1.05820e+00
  8699.000  1.06050e+00
  8700.000  1.05860e+00
  8701.000  1.05950e+00
  8702.000  1.05880e+00
  8703.000  1.05900e+00
  8704.000  1.06320e+00
  8705.000  1.06810e+00
  8706.000  1.06730e+00
  8707.000  1.06490e+00
  8708.000  1.06900e+00
  8709.000  1.07070e+00
  8710.000  1.06920e+00
  8711.000  1.06660e+00
  8712.000  1.06510e+00
  8713.000  1.06110e+00
  8714.000  1.05880e+00
  8715.000  1.06130e+00
  8716.000  1.06230e+00
  8717.000  1.05930e+00
  8718.000  1.06150e+00
  8719.000  1.07210e+00
  8720.000  1.07420e+00
  8721.000  1.07320e+00
  8722.000  1.07720e+00
  8723.000  1.08230e+00
  8724.000  1.07900e+00
  8725.000  1.07840e+00
  8726.000  1.08070e+00
  8727.000  1.08280e+00
  8728.000  1.08290e+00
  8729.000  1.07680e+00
  8730.000  1.07460e+00
  8731.000  1.07480e+00
  8732.000  1.07080e+00
  8733.000  1.06600e+00
  8734.000  1.06310e+00
  8735.000  1.05800e+00
  8736.000  1.05710e+00
  8737.000  1.05320e+00
  8738.000  1.04710e+00
  8739.000  1.04820e+00
  8740.000  1.05070e+00
  8741.000  1.04960e+00
  8742.000  1.04980e+00
  8743.000  1.05500e+00
  8744.000  1.05430e+00
  8745.000  1.05310e+00
  8746.000  1.05320e+00
  8747.000  1.05220e+00
  8748.000  1.05430e+00
  8749.000  1.05500e+00
  8750.000  1.05370e+00
  8751.000  1.05710e+00
  8752.000  1.05860e+00
  8753.000  1.05480e+00
  8754.000  1.05240e+00
  8755.000  1.05060e+00
  8756.000  1.05020e+00
  8757.000  1.05180e+00
  8758.000  1.05400e+00
  8759.000  1.05520e+00
  8760.000  1.05360e+00
  8761.000  1.05660e+00
  8762.000  1.05730e+00
  8763.000  1.05870e+00
  8764.000  1.05890e+00
  8765.000  1.05860e+00
  8766.000  1.06010e+00
  8767.000  1.06350e+00
  8768.000  1.06630e+00
  8769.000  1.06460e+00
  8770.000  1.06440e+00
  8771.000  1.06580e+00
  8772.000  1.06330e+00
  8773.000  1.05960e+00
  8774.000  1.06100e+00
  8775.000  1.06670e+00
  8776.000  1.06920e+00
  8777.000  1.07140e+00
  8778.000  1.07360e+00
  8779.000  1.07500e+00
  8780.000  1.07810e+00
  8781.000  1.08220e+00
  8782.000  1.08360e+00
  8783.000  1.08630e+00
  8784.000  1.09130e+00
  8785.000  1.09370e+00
  8786.000  1.09380e+00
  8787.000  1.09740e+00
  8788.000  1.09810e+00
  8789.000  1.09640e+00
  8790.000  1.09830e+00
  8791.000  1.09460e+00
  8792.000  1.08900e+00
  8793.000  1.08570e+00
  8794.000  1.08980e+00
  8795.000  1.08900e+00
  8796.000  1.08460e+00
  8797.000  1.08460e+00
  8798.000  1.08650e+00
  8799.000  1.08920e+00
  8800.000  1.09120e+00
  8801.000  1.09210e+00
  8802.000  1.09020e+00
  8803.000  1.08260e+00
  8804.000  1.07140e+00
  8805.000  1.05900e+00
  8806.000  1.04850e+00
  8807.000  1.03560e+00
  8808.000  1.02640e+00
  8809.000  1.02340e+00
  8810.000  1.02480e+00
  8811.000  1.03010e+00
  8812.000  1.04560e+00
  8813.000  1.06670e+00
  8814.000  1.07970e+00
  8815.000  1.08580e+00
  8816.000  1.09600e+00
  8817.000  1.10340e+00
  8818.000  1.10170e+00
  8819.000  1.09820e+00
  8820.000  1.09370e+00
  8821.000  1.08760e+00
  8822.000  1.08320e+00
  8823.000  1.08170e+00
  8824.000  1.07830e+00
  8825.000  1.07420e+00
  8826.000  1.07140e+00
  8827.000  1.07100e+00
  8828.000  1.07340e+00
  8829.000  1.07850e+00
  8830.000  1.08980e+00
  8831.000  1.10020e+00
  8832.000  1.10510e+00
  8833.000  1.10930e+00
  8834.000  1.10990e+00
  8835.000  1.10650e+00
  8836.000  1.10350e+00
  8837.000  1.09890e+00
  8838.000  1.08930e+00
  8839.000  1.08510e+00
  8840.000  1.08050e+00
  8841.000  1.07840e+00
  8842.000  1.08600e+00
  8843.000  1.09150e+00
  8844.000  1.09480e+00
  8845.000  1.09880e+00
  8846.000  1.09700e+00
  8847.000  1.09630e+00
  8848.000  1.10530e+00
  8849.000  1.10520e+00
  8850.000  1.10180e+00
  8851.000  1.10760e+00
  8852.000  1.10780e+00
  8853.000  1.10490e+00
  8854.000  1.10280e+00
  8855.000  1.10230e+00
  8856.000  1.09710e+00
  8857.000  1.09210e+00
  8858.000  1.08570e+00
  8859.000  1.07730e+00
  8860.000  1.06820e+00
  8861.000  1.06980e+00
  8862.000  1.07040e+00
  8863.000  1.06360e+00
  8864.000  1.05320e+00
  8865.000  1.04300e+00
  8866.000  1.03390e+00
  8867.000  1.02660e+00
  8868.000  1.02610e+00
  8869.000  1.02260e+00
  8870.000  1.01980e+00
  8871.000  1.02130e+00
  8872.000  1.02470e+00
  8873.000  1.02330e+00
  8874.000  1.02940e+00
  8875.000  1.03840e+00
  8876.000  1.03920e+00
  8877.000  1.04170e+00
  8878.000  1.04190e+00
  8879.000  1.03850e+00
  8880.000  1.03590e+00
  8881.000  1.03970e+00
  8882.000  1.04680e+00
  8883.000  1.05130e+00
  8884.000  1.04980e+00
  8885.000  1.05300e+00
  8886.000  1.05670e+00
  8887.000  1.05920e+00
  8888.000  1.06270e+00
  8889.000  1.06800e+00
  8890.000  1.06790e+00
  8891.000  1.06550e+00
  8892.000  1.06710e+00
  8893.000  1.06760e+00
  8894.000  1.06560e+00
  8895.000  1.07220e+00
  8896.000  1.07460e+00
  8897.000  1.07670e+00
  8898.000  1.07710e+00
  8899.000  1.07400e+00
  8900.000  1.07570e+00
  8901.000  1.07860e+00
  8902.000  1.07860e+00
  8903.000  1.07430e+00
  8904.000  1.07000e+00
  8905.000  1.07460e+00
  8906.000  1.07940e+00
  8907.000  1.08470e+00
  8908.000  1.08640e+00
  8909.000  1.08300e+00
  8910.000  1.07780e+00
  8911.000  1.07740e+00
  8912.000  1.07700e+00
  8913.000  1.07040e+00
  8914.000  1.06910e+00
  8915.000  1.07210e+00
  8916.000  1.06870e+00
  8917.000  1.06480e+00
  8918.000  1.06720e+00
  8919.000  1.06840e+00
  8920.000  1.05780e+00
  8921.000  1.05200e+00
  8922.000  1.05580e+00
  8923.000  1.05910e+00
  8924.000  1.05930e+00
  8925.000  1.06510e+00
  8926.000  1.07550e+00
  8927.000  1.07300e+00
  8928.000  1.07350e+00
  8929.000  1.06820e+00
  8930.000  1.05680e+00
  8931.000  1.05280e+00
  8932.000  1.05170e+00
  8933.000  1.05730e+00
  8934.000  1.06180e+00
  8935.000  1.06220e+00
  8936.000  1.06280e+00
  8937.000  1.06510e+00
  8938.000  1.07080e+00
  8939.000  1.07310e+00
  8940.000  1.06750e+00
  8941.000  1.05800e+00
  8942.000  1.05530e+00
  8943.000  1.06480e+00
  8944.000  1.05950e+00
  8945.000  1.04500e+00
  8946.000  1.04470e+00
  8947.000  1.03360e+00
  8948.000  1.03430e+00
  8949.000  1.04010e+00
  8950.000  1.04110e+00
  8951.000  1.04650e+00
  8952.000  1.05130e+00
  8953.000  1.05620e+00
  8954.000  1.05920e+00
  8955.000  1.05790e+00
  8956.000  1.06210e+00
  8957.000  1.05580e+00
  8958.000  1.05990e+00
  8959.000  1.06100e+00
  8960.000  1.06360e+00
  8961.000  1.06930e+00
  8962.000  1.07070e+00
  8963.000  1.08300e+00
  8964.000  1.08390e+00
  8965.000  1.07600e+00
  8966.000  1.07430e+00
  8967.000  1.07390e+00
  8968.000  1.06930e+00
  8969.000  1.07400e+00
  8970.000  1.08350e+00
  8971.000  1.07600e+00
  8972.000  1.07080e+00
  8973.000  1.07680e+00
  8974.000  1.07640e+00
  8975.000  1.06580e+00
  8976.000  1.05870e+00
  8977.000  1.04260e+00
  8978.000  1.05930e+00
  8979.000  1.06290e+00
  8980.000  1.05210e+00
  8981.000  1.04090e+00
  8982.000  1.05570e+00
  8983.000  1.07080e+00
  8984.000  1.07060e+00
  8985.000  1.08650e+00
  8986.000  1.09400e+00
  8987.000  1.09010e+00
  8988.000  1.08130e+00
  8989.000  1.08790e+00
  8990.000  1.10530e+00
  8991.000  1.10220e+00
  8992.000  1.10130e+00
  8993.000  1.09920e+00
  8994.000  1.08020e+00
  8995.000  1.08850e+00
  8996.000  1.08830e+00
  8997.000  1.08550e+00
  8998.000  1.07620e+00
  8999.000  1.07540e+00
  9000.000  1.07240e+00
