# dobos/SF1  |  Dobos et al. 2012, MNRAS 420, 1217 (SDSS composites)
# columns: wavelength_Angstrom  flam_erg_s_cm2_A (absolute scale arbitrary - ETC renormalizes)
  3550.000  9.03020e-01
  3551.000  9.00560e-01
  3552.000  9.04150e-01
  3553.000  8.95580e-01
  3554.000  8.66430e-01
  3555.000  8.77210e-01
  3556.000  8.80560e-01
  3557.000  8.89380e-01
  3558.000  8.73990e-01
  3559.000  8.76510e-01
  3560.000  8.86190e-01
  3561.000  8.79510e-01
  3562.000  8.80060e-01
  3563.000  8.86220e-01
  3564.000  8.91370e-01
  3565.000  8.61610e-01
  3566.000  8.35540e-01
  3567.000  8.41650e-01
  3568.000  8.56080e-01
  3569.000  8.51670e-01
  3570.000  8.35120e-01
  3571.000  8.27860e-01
  3572.000  8.41930e-01
  3573.000  8.48130e-01
  3574.000  8.60210e-01
  3575.000  8.56140e-01
  3576.000  8.54940e-01
  3577.000  8.63170e-01
  3578.000  8.62010e-01
  3579.000  8.59600e-01
  3580.000  8.57090e-01
  3581.000  8.38180e-01
  3582.000  8.24820e-01
  3583.000  8.25100e-01
  3584.000  8.28780e-01
  3585.000  8.20080e-01
  3586.000  8.07270e-01
  3587.000  8.04310e-01
  3588.000  8.11850e-01
  3589.000  8.18260e-01
  3590.000  8.33140e-01
  3591.000  8.54060e-01
  3592.000  8.64810e-01
  3593.000  8.70100e-01
  3594.000  8.62130e-01
  3595.000  8.69590e-01
  3596.000  8.77610e-01
  3597.000  8.84810e-01
  3598.000  8.85130e-01
  3599.000  8.92870e-01
  3600.000  8.95110e-01
  3601.000  8.93910e-01
  3602.000  8.75230e-01
  3603.000  8.62530e-01
  3604.000  8.51180e-01
  3605.000  8.45030e-01
  3606.000  8.46400e-01
  3607.000  8.48720e-01
  3608.000  8.52810e-01
  3609.000  8.44340e-01
  3610.000  8.32050e-01
  3611.000  8.35330e-01
  3612.000  8.45460e-01
  3613.000  8.51060e-01
  3614.000  8.48620e-01
  3615.000  8.51690e-01
  3616.000  8.60880e-01
  3617.000  8.68650e-01
  3618.000  8.51950e-01
  3619.000  8.26040e-01
  3620.000  8.22830e-01
  3621.000  8.31880e-01
  3622.000  8.49150e-01
  3623.000  8.65740e-01
  3624.000  8.71400e-01
  3625.000  8.73420e-01
  3626.000  8.83060e-01
  3627.000  9.03020e-01
  3628.000  9.10600e-01
  3629.000  8.94560e-01
  3630.000  8.72420e-01
  3631.000  8.41740e-01
  3632.000  8.12960e-01
  3633.000  8.16060e-01
  3634.000  8.25740e-01
  3635.000  8.36970e-01
  3636.000  8.48110e-01
  3637.000  8.53240e-01
  3638.000  8.66140e-01
  3639.000  8.78640e-01
  3640.000  8.86160e-01
  3641.000  8.84960e-01
  3642.000  8.70250e-01
  3643.000  8.62470e-01
  3644.000  8.53650e-01
  3645.000  8.42440e-01
  3646.000  8.38140e-01
  3647.000  8.40970e-01
  3648.000  8.32900e-01
  3649.000  8.25380e-01
  3650.000  8.25030e-01
  3651.000  8.27590e-01
  3652.000  8.33230e-01
  3653.000  8.45250e-01
  3654.000  8.55980e-01
  3655.000  8.58820e-01
  3656.000  8.57790e-01
  3657.000  8.59350e-01
  3658.000  8.70710e-01
  3659.000  8.67420e-01
  3660.000  8.69300e-01
  3661.000  8.63570e-01
  3662.000  8.55220e-01
  3663.000  8.53590e-01
  3664.000  8.48810e-01
  3665.000  8.45720e-01
  3666.000  8.53560e-01
  3667.000  8.54950e-01
  3668.000  8.52960e-01
  3669.000  8.43550e-01
  3670.000  8.38570e-01
  3671.000  8.39470e-01
  3672.000  8.49080e-01
  3673.000  8.62070e-01
  3674.000  8.58820e-01
  3675.000  8.57430e-01
  3676.000  8.51600e-01
  3677.000  8.39450e-01
  3678.000  8.25830e-01
  3679.000  8.18160e-01
  3680.000  8.16950e-01
  3681.000  8.22120e-01
  3682.000  8.25850e-01
  3683.000  8.38520e-01
  3684.000  8.36620e-01
  3685.000  8.23320e-01
  3686.000  8.12840e-01
  3687.000  8.14380e-01
  3688.000  8.15030e-01
  3689.000  8.14870e-01
  3690.000  8.28540e-01
  3691.000  8.52150e-01
  3692.000  8.67000e-01
  3693.000  8.63340e-01
  3694.000  8.49970e-01
  3695.000  8.40830e-01
  3696.000  8.44660e-01
  3697.000  8.51740e-01
  3698.000  8.56990e-01
  3699.000  8.66310e-01
  3700.000  8.76920e-01
  3701.000  8.79490e-01
  3702.000  8.71160e-01
  3703.000  8.52950e-01
  3704.000  8.31400e-01
  3705.000  8.09500e-01
  3706.000  7.92130e-01
  3707.000  7.97100e-01
  3708.000  8.16630e-01
  3709.000  8.25940e-01
  3710.000  8.17380e-01
  3711.000  8.15370e-01
  3712.000  8.26910e-01
  3713.000  8.39600e-01
  3714.000  8.60350e-01
  3715.000  8.86080e-01
  3716.000  9.14930e-01
  3717.000  9.32190e-01
  3718.000  9.29260e-01
  3719.000  8.97790e-01
  3720.000  8.46930e-01
  3721.000  8.03130e-01
  3722.000  8.02760e-01
  3723.000  8.48630e-01
  3724.000  1.12190e+00
  3725.000  2.17510e+00
  3726.000  3.90630e+00
  3727.000  5.01180e+00
  3728.000  5.52270e+00
  3729.000  6.19510e+00
  3730.000  5.68210e+00
  3731.000  3.43280e+00
  3732.000  1.55120e+00
  3733.000  9.05080e-01
  3734.000  7.77660e-01
  3735.000  7.44930e-01
  3736.000  7.32400e-01
  3737.000  7.43870e-01
  3738.000  7.94830e-01
  3739.000  8.71820e-01
  3740.000  9.41620e-01
  3741.000  9.88330e-01
  3742.000  1.00300e+00
  3743.000  9.96090e-01
  3744.000  9.71340e-01
  3745.000  9.42580e-01
  3746.000  9.01010e-01
  3747.000  8.50560e-01
  3748.000  7.94180e-01
  3749.000  7.51430e-01
  3750.000  7.39070e-01
  3751.000  7.57970e-01
  3752.000  7.81660e-01
  3753.000  8.19190e-01
  3754.000  8.80720e-01
  3755.000  9.46120e-01
  3756.000  9.98180e-01
  3757.000  1.01620e+00
  3758.000  9.99650e-01
  3759.000  9.86530e-01
  3760.000  9.87220e-01
  3761.000  1.00390e+00
  3762.000  1.02160e+00
  3763.000  1.02570e+00
  3764.000  1.01530e+00
  3765.000  9.98670e-01
  3766.000  9.69460e-01
  3767.000  9.16830e-01
  3768.000  8.62530e-01
  3769.000  8.21590e-01
  3770.000  8.11840e-01
  3771.000  8.25290e-01
  3772.000  8.26000e-01
  3773.000  8.27830e-01
  3774.000  8.59790e-01
  3775.000  9.09400e-01
  3776.000  9.60320e-01
  3777.000  1.00760e+00
  3778.000  1.05230e+00
  3779.000  1.09310e+00
  3780.000  1.13270e+00
  3781.000  1.15940e+00
  3782.000  1.18130e+00
  3783.000  1.18520e+00
  3784.000  1.19130e+00
  3785.000  1.19180e+00
  3786.000  1.16960e+00
  3787.000  1.14000e+00
  3788.000  1.11620e+00
  3789.000  1.09510e+00
  3790.000  1.07620e+00
  3791.000  1.05620e+00
  3792.000  1.03060e+00
  3793.000  9.91950e-01
  3794.000  9.38890e-01
  3795.000  8.78650e-01
  3796.000  8.23030e-01
  3797.000  8.07100e-01
  3798.000  8.17190e-01
  3799.000  8.16120e-01
  3800.000  7.98860e-01
  3801.000  8.16550e-01
  3802.000  8.77960e-01
  3803.000  9.46590e-01
  3804.000  1.00940e+00
  3805.000  1.05340e+00
  3806.000  1.08110e+00
  3807.000  1.09160e+00
  3808.000  1.10900e+00
  3809.000  1.14550e+00
  3810.000  1.18820e+00
  3811.000  1.20900e+00
  3812.000  1.20910e+00
  3813.000  1.19450e+00
  3814.000  1.16630e+00
  3815.000  1.14320e+00
  3816.000  1.13730e+00
  3817.000  1.14940e+00
  3818.000  1.15950e+00
  3819.000  1.15530e+00
  3820.000  1.12300e+00
  3821.000  1.09660e+00
  3822.000  1.09860e+00
  3823.000  1.11590e+00
  3824.000  1.11650e+00
  3825.000  1.08770e+00
  3826.000  1.04650e+00
  3827.000  1.02550e+00
  3828.000  1.00030e+00
  3829.000  9.75350e-01
  3830.000  9.48100e-01
  3831.000  9.06890e-01
  3832.000  8.47970e-01
  3833.000  7.83170e-01
  3834.000  7.54790e-01
  3835.000  7.97620e-01
  3836.000  8.47640e-01
  3837.000  8.26030e-01
  3838.000  7.65150e-01
  3839.000  7.59970e-01
  3840.000  8.07330e-01
  3841.000  8.67630e-01
  3842.000  9.31460e-01
  3843.000  9.94770e-01
  3844.000  1.04750e+00
  3845.000  1.08050e+00
  3846.000  1.10160e+00
  3847.000  1.12750e+00
  3848.000  1.15040e+00
  3849.000  1.16530e+00
  3850.000  1.16140e+00
  3851.000  1.16450e+00
  3852.000  1.18600e+00
  3853.000  1.20450e+00
  3854.000  1.20900e+00
  3855.000  1.20370e+00
  3856.000  1.19420e+00
  3857.000  1.18550e+00
  3858.000  1.19010e+00
  3859.000  1.18670e+00
  3860.000  1.17670e+00
  3861.000  1.18180e+00
  3862.000  1.20960e+00
  3863.000  1.23280e+00
  3864.000  1.23940e+00
  3865.000  1.23200e+00
  3866.000  1.22660e+00
  3867.000  1.25450e+00
  3868.000  1.34120e+00
  3869.000  1.44270e+00
  3870.000  1.44220e+00
  3871.000  1.32880e+00
  3872.000  1.20560e+00
  3873.000  1.14760e+00
  3874.000  1.13540e+00
  3875.000  1.15230e+00
  3876.000  1.16440e+00
  3877.000  1.14680e+00
  3878.000  1.10750e+00
  3879.000  1.07440e+00
  3880.000  1.06440e+00
  3881.000  1.05940e+00
  3882.000  1.03370e+00
  3883.000  9.93310e-01
  3884.000  9.58180e-01
  3885.000  9.14440e-01
  3886.000  8.59900e-01
  3887.000  8.37130e-01
  3888.000  9.43740e-01
  3889.000  1.12890e+00
  3890.000  1.16830e+00
  3891.000  1.00950e+00
  3892.000  8.62370e-01
  3893.000  8.49320e-01
  3894.000  8.92040e-01
  3895.000  9.34390e-01
  3896.000  9.69730e-01
  3897.000  1.01080e+00
  3898.000  1.04260e+00
  3899.000  1.06110e+00
  3900.000  1.07520e+00
  3901.000  1.09490e+00
  3902.000  1.12040e+00
  3903.000  1.13800e+00
  3904.000  1.14380e+00
  3905.000  1.13980e+00
  3906.000  1.13460e+00
  3907.000  1.14430e+00
  3908.000  1.17030e+00
  3909.000  1.20160e+00
  3910.000  1.22290e+00
  3911.000  1.23630e+00
  3912.000  1.24030e+00
  3913.000  1.23400e+00
  3914.000  1.22280e+00
  3915.000  1.21330e+00
  3916.000  1.21690e+00
  3917.000  1.21810e+00
  3918.000  1.21190e+00
  3919.000  1.20090e+00
  3920.000  1.18880e+00
  3921.000  1.18040e+00
  3922.000  1.17920e+00
  3923.000  1.18620e+00
  3924.000  1.19170e+00
  3925.000  1.19020e+00
  3926.000  1.17420e+00
  3927.000  1.15240e+00
  3928.000  1.12300e+00
  3929.000  1.09210e+00
  3930.000  1.05640e+00
  3931.000  1.00500e+00
  3932.000  9.35070e-01
  3933.000  8.54020e-01
  3934.000  8.02500e-01
  3935.000  8.15290e-01
  3936.000  8.87430e-01
  3937.000  9.68200e-01
  3938.000  1.03400e+00
  3939.000  1.08520e+00
  3940.000  1.12120e+00
  3941.000  1.14700e+00
  3942.000  1.15680e+00
  3943.000  1.15400e+00
  3944.000  1.14990e+00
  3945.000  1.14810e+00
  3946.000  1.16500e+00
  3947.000  1.18150e+00
  3948.000  1.17770e+00
  3949.000  1.16630e+00
  3950.000  1.16480e+00
  3951.000  1.17120e+00
  3952.000  1.16870e+00
  3953.000  1.16030e+00
  3954.000  1.15610e+00
  3955.000  1.15370e+00
  3956.000  1.13930e+00
  3957.000  1.11900e+00
  3958.000  1.10240e+00
  3959.000  1.09920e+00
  3960.000  1.08910e+00
  3961.000  1.05220e+00
  3962.000  1.00340e+00
  3963.000  9.55280e-01
  3964.000  9.15090e-01
  3965.000  8.73170e-01
  3966.000  8.16810e-01
  3967.000  7.56460e-01
  3968.000  7.14660e-01
  3969.000  7.57690e-01
  3970.000  9.08280e-01
  3971.000  1.00540e+00
  3972.000  9.13670e-01
  3973.000  7.79120e-01
  3974.000  7.56290e-01
  3975.000  8.07970e-01
  3976.000  8.71370e-01
  3977.000  9.28430e-01
  3978.000  9.76380e-01
  3979.000  1.02150e+00
  3980.000  1.06320e+00
  3981.000  1.09100e+00
  3982.000  1.10170e+00
  3983.000  1.10520e+00
  3984.000  1.11750e+00
  3985.000  1.13560e+00
  3986.000  1.15570e+00
  3987.000  1.17040e+00
  3988.000  1.18690e+00
  3989.000  1.20180e+00
  3990.000  1.20620e+00
  3991.000  1.21320e+00
  3992.000  1.22160e+00
  3993.000  1.23720e+00
  3994.000  1.24660e+00
  3995.000  1.23640e+00
  3996.000  1.22220e+00
  3997.000  1.20910e+00
  3998.000  1.20580e+00
  3999.000  1.21550e+00
  4000.000  1.24060e+00
  4001.000  1.25950e+00
  4002.000  1.26220e+00
  4003.000  1.26280e+00
  4004.000  1.25490e+00
  4005.000  1.23150e+00
  4006.000  1.20770e+00
  4007.000  1.20680e+00
  4008.000  1.22430e+00
  4009.000  1.24010e+00
  4010.000  1.24470e+00
  4011.000  1.24920e+00
  4012.000  1.25370e+00
  4013.000  1.25440e+00
  4014.000  1.25740e+00
  4015.000  1.26690e+00
  4016.000  1.27520e+00
  4017.000  1.27850e+00
  4018.000  1.27640e+00
  4019.000  1.28060e+00
  4020.000  1.28910e+00
  4021.000  1.28980e+00
  4022.000  1.27890e+00
  4023.000  1.25950e+00
  4024.000  1.23870e+00
  4025.000  1.22250e+00
  4026.000  1.22940e+00
  4027.000  1.25270e+00
  4028.000  1.26500e+00
  4029.000  1.25790e+00
  4030.000  1.24450e+00
  4031.000  1.22380e+00
  4032.000  1.20860e+00
  4033.000  1.21040e+00
  4034.000  1.21870e+00
  4035.000  1.22990e+00
  4036.000  1.25120e+00
  4037.000  1.27240e+00
  4038.000  1.29140e+00
  4039.000  1.29910e+00
  4040.000  1.29330e+00
  4041.000  1.27900e+00
  4042.000  1.27290e+00
  4043.000  1.27240e+00
  4044.000  1.25790e+00
  4045.000  1.22100e+00
  4046.000  1.18840e+00
  4047.000  1.19250e+00
  4048.000  1.22910e+00
  4049.000  1.25750e+00
  4050.000  1.27240e+00
  4051.000  1.27500e+00
  4052.000  1.27300e+00
  4053.000  1.26010e+00
  4054.000  1.24590e+00
  4055.000  1.23640e+00
  4056.000  1.23290e+00
  4057.000  1.23070e+00
  4058.000  1.22590e+00
  4059.000  1.23080e+00
  4060.000  1.24420e+00
  4061.000  1.25590e+00
  4062.000  1.24640e+00
  4063.000  1.21810e+00
  4064.000  1.18780e+00
  4065.000  1.18930e+00
  4066.000  1.20830e+00
  4067.000  1.22920e+00
  4068.000  1.26400e+00
  4069.000  1.30510e+00
  4070.000  1.30840e+00
  4071.000  1.25870e+00
  4072.000  1.20280e+00
  4073.000  1.18490e+00
  4074.000  1.19670e+00
  4075.000  1.21080e+00
  4076.000  1.20370e+00
  4077.000  1.17610e+00
  4078.000  1.15010e+00
  4079.000  1.14490e+00
  4080.000  1.16400e+00
  4081.000  1.19200e+00
  4082.000  1.20510e+00
  4083.000  1.20060e+00
  4084.000  1.18150e+00
  4085.000  1.16150e+00
  4086.000  1.15220e+00
  4087.000  1.15010e+00
  4088.000  1.15470e+00
  4089.000  1.16030e+00
  4090.000  1.15360e+00
  4091.000  1.13920e+00
  4092.000  1.11630e+00
  4093.000  1.09530e+00
  4094.000  1.07540e+00
  4095.000  1.04720e+00
  4096.000  1.00560e+00
  4097.000  9.56110e-01
  4098.000  9.13380e-01
  4099.000  8.79510e-01
  4100.000  9.07920e-01
  4101.000  1.10370e+00
  4102.000  1.37490e+00
  4103.000  1.40680e+00
  4104.000  1.15700e+00
  4105.000  9.32860e-01
  4106.000  8.84840e-01
  4107.000  9.19690e-01
  4108.000  9.58440e-01
  4109.000  9.86710e-01
  4110.000  1.00570e+00
  4111.000  1.02650e+00
  4112.000  1.04990e+00
  4113.000  1.07700e+00
  4114.000  1.10380e+00
  4115.000  1.12730e+00
  4116.000  1.14340e+00
  4117.000  1.15400e+00
  4118.000  1.15170e+00
  4119.000  1.13840e+00
  4120.000  1.13150e+00
  4121.000  1.13480e+00
  4122.000  1.14120e+00
  4123.000  1.14820e+00
  4124.000  1.15920e+00
  4125.000  1.17670e+00
  4126.000  1.18690e+00
  4127.000  1.17930e+00
  4128.000  1.16690e+00
  4129.000  1.15360e+00
  4130.000  1.14900e+00
  4131.000  1.14830e+00
  4132.000  1.14540e+00
  4133.000  1.14080e+00
  4134.000  1.14980e+00
  4135.000  1.17070e+00
  4136.000  1.19230e+00
  4137.000  1.20840e+00
  4138.000  1.21580e+00
  4139.000  1.22420e+00
  4140.000  1.23350e+00
  4141.000  1.22720e+00
  4142.000  1.20390e+00
  4143.000  1.16520e+00
  4144.000  1.13150e+00
  4145.000  1.12810e+00
  4146.000  1.15360e+00
  4147.000  1.18490e+00
  4148.000  1.20480e+00
  4149.000  1.20560e+00
  4150.000  1.20210e+00
  4151.000  1.19580e+00
  4152.000  1.19450e+00
  4153.000  1.19390e+00
  4154.000  1.18540e+00
  4155.000  1.17470e+00
  4156.000  1.16970e+00
  4157.000  1.17170e+00
  4158.000  1.18280e+00
  4159.000  1.19890e+00
  4160.000  1.21030e+00
  4161.000  1.20990e+00
  4162.000  1.20640e+00
  4163.000  1.20810e+00
  4164.000  1.21060e+00
  4165.000  1.20950e+00
  4166.000  1.20760e+00
  4167.000  1.20160e+00
  4168.000  1.19240e+00
  4169.000  1.19210e+00
  4170.000  1.19720e+00
  4171.000  1.18580e+00
  4172.000  1.15880e+00
  4173.000  1.13200e+00
  4174.000  1.11880e+00
  4175.000  1.12890e+00
  4176.000  1.14790e+00
  4177.000  1.15410e+00
  4178.000  1.14460e+00
  4179.000  1.14250e+00
  4180.000  1.15080e+00
  4181.000  1.16500e+00
  4182.000  1.17190e+00
  4183.000  1.16840e+00
  4184.000  1.16980e+00
  4185.000  1.17570e+00
  4186.000  1.18150e+00
  4187.000  1.17160e+00
  4188.000  1.15650e+00
  4189.000  1.15700e+00
  4190.000  1.17040e+00
  4191.000  1.17850e+00
  4192.000  1.18480e+00
  4193.000  1.19460e+00
  4194.000  1.20560e+00
  4195.000  1.20250e+00
  4196.000  1.18190e+00
  4197.000  1.16300e+00
  4198.000  1.14590e+00
  4199.000  1.13380e+00
  4200.000  1.13470e+00
  4201.000  1.14330e+00
  4202.000  1.14610e+00
  4203.000  1.14470e+00
  4204.000  1.14960e+00
  4205.000  1.16040e+00
  4206.000  1.16660e+00
  4207.000  1.17720e+00
  4208.000  1.18810e+00
  4209.000  1.19080e+00
  4210.000  1.18930e+00
  4211.000  1.19000e+00
  4212.000  1.19400e+00
  4213.000  1.19720e+00
  4214.000  1.19370e+00
  4215.000  1.17440e+00
  4216.000  1.15280e+00
  4217.000  1.14970e+00
  4218.000  1.16480e+00
  4219.000  1.18650e+00
  4220.000  1.19890e+00
  4221.000  1.20280e+00
  4222.000  1.19890e+00
  4223.000  1.18670e+00
  4224.000  1.16200e+00
  4225.000  1.13060e+00
  4226.000  1.09350e+00
  4227.000  1.06270e+00
  4228.000  1.06620e+00
  4229.000  1.10880e+00
  4230.000  1.16170e+00
  4231.000  1.18730e+00
  4232.000  1.18500e+00
  4233.000  1.16580e+00
  4234.000  1.14400e+00
  4235.000  1.13760e+00
  4236.000  1.13900e+00
  4237.000  1.14100e+00
  4238.000  1.14430e+00
  4239.000  1.14660e+00
  4240.000  1.14930e+00
  4241.000  1.15770e+00
  4242.000  1.16760e+00
  4243.000  1.17470e+00
  4244.000  1.18330e+00
  4245.000  1.19030e+00
  4246.000  1.18500e+00
  4247.000  1.16250e+00
  4248.000  1.14520e+00
  4249.000  1.13840e+00
  4250.000  1.13200e+00
  4251.000  1.12910e+00
  4252.000  1.13310e+00
  4253.000  1.14410e+00
  4254.000  1.14510e+00
  4255.000  1.14250e+00
  4256.000  1.14210e+00
  4257.000  1.15680e+00
  4258.000  1.16460e+00
  4259.000  1.15420e+00
  4260.000  1.13040e+00
  4261.000  1.11220e+00
  4262.000  1.11650e+00
  4263.000  1.14430e+00
  4264.000  1.17150e+00
  4265.000  1.18600e+00
  4266.000  1.18890e+00
  4267.000  1.18570e+00
  4268.000  1.17100e+00
  4269.000  1.15450e+00
  4270.000  1.13480e+00
  4271.000  1.11100e+00
  4272.000  1.08380e+00
  4273.000  1.07580e+00
  4274.000  1.08480e+00
  4275.000  1.09440e+00
  4276.000  1.10860e+00
  4277.000  1.13250e+00
  4278.000  1.15580e+00
  4279.000  1.16530e+00
  4280.000  1.15830e+00
  4281.000  1.14420e+00
  4282.000  1.13500e+00
  4283.000  1.13060e+00
  4284.000  1.12990e+00
  4285.000  1.13110e+00
  4286.000  1.12930e+00
  4287.000  1.13030e+00
  4288.000  1.13260e+00
  4289.000  1.11350e+00
  4290.000  1.07610e+00
  4291.000  1.05900e+00
  4292.000  1.07360e+00
  4293.000  1.09830e+00
  4294.000  1.10920e+00
  4295.000  1.10390e+00
  4296.000  1.09560e+00
  4297.000  1.08860e+00
  4298.000  1.07790e+00
  4299.000  1.05340e+00
  4300.000  1.02240e+00
  4301.000  1.00550e+00
  4302.000  1.00460e+00
  4303.000  1.00970e+00
  4304.000  1.01930e+00
  4305.000  1.03120e+00
  4306.000  1.03900e+00
  4307.000  1.03280e+00
  4308.000  1.01680e+00
  4309.000  1.00410e+00
  4310.000  1.00940e+00
  4311.000  1.03170e+00
  4312.000  1.04660e+00
  4313.000  1.05100e+00
  4314.000  1.04830e+00
  4315.000  1.05010e+00
  4316.000  1.07110e+00
  4317.000  1.10210e+00
  4318.000  1.12660e+00
  4319.000  1.12770e+00
  4320.000  1.11740e+00
  4321.000  1.10280e+00
  4322.000  1.09020e+00
  4323.000  1.07810e+00
  4324.000  1.05500e+00
  4325.000  1.01730e+00
  4326.000  9.86820e-01
  4327.000  9.84600e-01
  4328.000  1.01090e+00
  4329.000  1.03790e+00
  4330.000  1.03910e+00
  4331.000  1.02310e+00
  4332.000  1.00630e+00
  4333.000  9.93200e-01
  4334.000  9.75880e-01
  4335.000  9.57210e-01
  4336.000  9.30420e-01
  4337.000  8.87860e-01
  4338.000  8.60220e-01
  4339.000  1.00970e+00
  4340.000  1.48200e+00
  4341.000  1.96110e+00
  4342.000  1.90510e+00
  4343.000  1.39480e+00
  4344.000  9.79280e-01
  4345.000  8.62320e-01
  4346.000  8.75310e-01
  4347.000  9.10060e-01
  4348.000  9.41280e-01
  4349.000  9.68980e-01
  4350.000  9.85750e-01
  4351.000  9.81370e-01
  4352.000  9.65590e-01
  4353.000  9.63420e-01
  4354.000  9.92710e-01
  4355.000  1.02860e+00
  4356.000  1.05690e+00
  4357.000  1.07780e+00
  4358.000  1.09210e+00
  4359.000  1.09690e+00
  4360.000  1.09960e+00
  4361.000  1.10680e+00
  4362.000  1.11970e+00
  4363.000  1.13680e+00
  4364.000  1.14810e+00
  4365.000  1.15480e+00
  4366.000  1.15150e+00
  4367.000  1.13270e+00
  4368.000  1.11010e+00
  4369.000  1.09910e+00
  4370.000  1.10070e+00
  4371.000  1.10690e+00
  4372.000  1.11200e+00
  4373.000  1.11100e+00
  4374.000  1.09540e+00
  4375.000  1.07360e+00
  4376.000  1.06670e+00
  4377.000  1.08650e+00
  4378.000  1.11670e+00
  4379.000  1.13590e+00
  4380.000  1.13750e+00
  4381.000  1.13130e+00
  4382.000  1.11230e+00
  4383.000  1.07390e+00
  4384.000  1.02470e+00
  4385.000  9.98450e-01
  4386.000  1.00880e+00
  4387.000  1.04120e+00
  4388.000  1.06680e+00
  4389.000  1.07800e+00
  4390.000  1.07950e+00
  4391.000  1.08090e+00
  4392.000  1.08940e+00
  4393.000  1.10070e+00
  4394.000  1.10250e+00
  4395.000  1.09070e+00
  4396.000  1.08590e+00
  4397.000  1.10220e+00
  4398.000  1.12260e+00
  4399.000  1.12440e+00
  4400.000  1.10720e+00
  4401.000  1.09330e+00
  4402.000  1.09350e+00
  4403.000  1.10580e+00
  4404.000  1.10520e+00
  4405.000  1.08370e+00
  4406.000  1.07280e+00
  4407.000  1.08220e+00
  4408.000  1.09210e+00
  4409.000  1.09240e+00
  4410.000  1.09920e+00
  4411.000  1.11620e+00
  4412.000  1.13480e+00
  4413.000  1.14680e+00
  4414.000  1.14100e+00
  4415.000  1.11420e+00
  4416.000  1.08330e+00
  4417.000  1.06790e+00
  4418.000  1.07550e+00
  4419.000  1.09610e+00
  4420.000  1.11470e+00
  4421.000  1.12580e+00
  4422.000  1.12640e+00
  4423.000  1.11450e+00
  4424.000  1.11110e+00
  4425.000  1.11550e+00
  4426.000  1.11790e+00
  4427.000  1.11620e+00
  4428.000  1.11240e+00
  4429.000  1.11180e+00
  4430.000  1.10990e+00
  4431.000  1.10900e+00
  4432.000  1.10790e+00
  4433.000  1.10950e+00
  4434.000  1.10030e+00
  4435.000  1.08360e+00
  4436.000  1.07500e+00
  4437.000  1.09180e+00
  4438.000  1.11540e+00
  4439.000  1.13830e+00
  4440.000  1.14920e+00
  4441.000  1.13880e+00
  4442.000  1.11380e+00
  4443.000  1.08600e+00
  4444.000  1.07090e+00
  4445.000  1.08050e+00
  4446.000  1.10820e+00
  4447.000  1.13040e+00
  4448.000  1.13620e+00
  4449.000  1.13440e+00
  4450.000  1.13110e+00
  4451.000  1.12490e+00
  4452.000  1.12530e+00
  4453.000  1.12650e+00
  4454.000  1.11730e+00
  4455.000  1.09630e+00
  4456.000  1.07700e+00
  4457.000  1.07930e+00
  4458.000  1.08810e+00
  4459.000  1.09220e+00
  4460.000  1.08990e+00
  4461.000  1.08250e+00
  4462.000  1.07650e+00
  4463.000  1.08120e+00
  4464.000  1.09340e+00
  4465.000  1.10230e+00
  4466.000  1.10340e+00
  4467.000  1.09670e+00
  4468.000  1.08620e+00
  4469.000  1.07160e+00
  4470.000  1.07270e+00
  4471.000  1.10570e+00
  4472.000  1.15380e+00
  4473.000  1.17130e+00
  4474.000  1.16040e+00
  4475.000  1.14960e+00
  4476.000  1.14580e+00
  4477.000  1.14960e+00
  4478.000  1.15360e+00
  4479.000  1.14650e+00
  4480.000  1.11640e+00
  4481.000  1.07070e+00
  4482.000  1.04010e+00
  4483.000  1.04730e+00
  4484.000  1.08170e+00
  4485.000  1.12240e+00
  4486.000  1.14880e+00
  4487.000  1.15360e+00
  4488.000  1.14420e+00
  4489.000  1.12100e+00
  4490.000  1.10000e+00
  4491.000  1.09610e+00
  4492.000  1.10670e+00
  4493.000  1.12190e+00
  4494.000  1.12130e+00
  4495.000  1.11200e+00
  4496.000  1.10490e+00
  4497.000  1.10810e+00
  4498.000  1.11970e+00
  4499.000  1.13420e+00
  4500.000  1.13970e+00
  4501.000  1.13050e+00
  4502.000  1.12220e+00
  4503.000  1.13020e+00
  4504.000  1.15400e+00
  4505.000  1.17290e+00
  4506.000  1.17530e+00
  4507.000  1.16500e+00
  4508.000  1.15030e+00
  4509.000  1.14110e+00
  4510.000  1.14360e+00
  4511.000  1.15330e+00
  4512.000  1.15510e+00
  4513.000  1.14810e+00
  4514.000  1.13740e+00
  4515.000  1.12700e+00
  4516.000  1.12050e+00
  4517.000  1.11970e+00
  4518.000  1.12070e+00
  4519.000  1.11910e+00
  4520.000  1.12160e+00
  4521.000  1.12690e+00
  4522.000  1.12460e+00
  4523.000  1.11600e+00
  4524.000  1.10530e+00
  4525.000  1.10040e+00
  4526.000  1.09710e+00
  4527.000  1.08900e+00
  4528.000  1.07690e+00
  4529.000  1.06390e+00
  4530.000  1.06010e+00
  4531.000  1.06820e+00
  4532.000  1.07990e+00
  4533.000  1.08330e+00
  4534.000  1.07360e+00
  4535.000  1.05790e+00
  4536.000  1.05830e+00
  4537.000  1.08350e+00
  4538.000  1.11680e+00
  4539.000  1.13610e+00
  4540.000  1.12940e+00
  4541.000  1.11460e+00
  4542.000  1.10610e+00
  4543.000  1.10820e+00
  4544.000  1.11250e+00
  4545.000  1.11120e+00
  4546.000  1.10610e+00
  4547.000  1.10540e+00
  4548.000  1.10160e+00
  4549.000  1.08520e+00
  4550.000  1.06200e+00
  4551.000  1.05670e+00
  4552.000  1.07090e+00
  4553.000  1.07880e+00
  4554.000  1.06930e+00
  4555.000  1.05750e+00
  4556.000  1.05600e+00
  4557.000  1.06940e+00
  4558.000  1.09380e+00
  4559.000  1.10990e+00
  4560.000  1.11860e+00
  4561.000  1.12720e+00
  4562.000  1.13330e+00
  4563.000  1.13030e+00
  4564.000  1.11480e+00
  4565.000  1.09280e+00
  4566.000  1.08530e+00
  4567.000  1.09430e+00
  4568.000  1.11400e+00
  4569.000  1.12690e+00
  4570.000  1.13090e+00
  4571.000  1.12350e+00
  4572.000  1.10970e+00
  4573.000  1.09900e+00
  4574.000  1.10590e+00
  4575.000  1.11820e+00
  4576.000  1.12220e+00
  4577.000  1.11790e+00
  4578.000  1.11620e+00
  4579.000  1.10900e+00
  4580.000  1.09720e+00
  4581.000  1.08400e+00
  4582.000  1.07750e+00
  4583.000  1.07200e+00
  4584.000  1.06740e+00
  4585.000  1.06660e+00
  4586.000  1.07400e+00
  4587.000  1.08470e+00
  4588.000  1.09300e+00
  4589.000  1.10130e+00
  4590.000  1.10550e+00
  4591.000  1.09970e+00
  4592.000  1.09130e+00
  4593.000  1.08350e+00
  4594.000  1.08100e+00
  4595.000  1.08400e+00
  4596.000  1.08560e+00
  4597.000  1.08860e+00
  4598.000  1.09200e+00
  4599.000  1.09660e+00
  4600.000  1.09820e+00
  4601.000  1.09410e+00
  4602.000  1.08820e+00
  4603.000  1.09200e+00
  4604.000  1.09580e+00
  4605.000  1.09630e+00
  4606.000  1.09800e+00
  4607.000  1.10330e+00
  4608.000  1.11260e+00
  4609.000  1.12550e+00
  4610.000  1.13380e+00
  4611.000  1.13270e+00
  4612.000  1.12310e+00
  4613.000  1.11460e+00
  4614.000  1.11060e+00
  4615.000  1.11040e+00
  4616.000  1.11160e+00
  4617.000  1.11010e+00
  4618.000  1.10620e+00
  4619.000  1.10230e+00
  4620.000  1.09900e+00
  4621.000  1.09950e+00
  4622.000  1.10860e+00
  4623.000  1.11930e+00
  4624.000  1.12420e+00
  4625.000  1.12280e+00
  4626.000  1.12010e+00
  4627.000  1.11800e+00
  4628.000  1.11380e+00
  4629.000  1.10660e+00
  4630.000  1.09950e+00
  4631.000  1.09870e+00
  4632.000  1.10820e+00
  4633.000  1.11190e+00
  4634.000  1.10500e+00
  4635.000  1.09830e+00
  4636.000  1.09470e+00
  4637.000  1.09390e+00
  4638.000  1.09090e+00
  4639.000  1.08650e+00
  4640.000  1.08480e+00
  4641.000  1.09020e+00
  4642.000  1.09840e+00
  4643.000  1.10430e+00
  4644.000  1.10460e+00
  4645.000  1.09730e+00
  4646.000  1.08360e+00
  4647.000  1.06760e+00
  4648.000  1.05530e+00
  4649.000  1.05470e+00
  4650.000  1.06360e+00
  4651.000  1.07620e+00
  4652.000  1.08670e+00
  4653.000  1.09360e+00
  4654.000  1.09340e+00
  4655.000  1.08500e+00
  4656.000  1.07520e+00
  4657.000  1.07750e+00
  4658.000  1.09370e+00
  4659.000  1.11900e+00
  4660.000  1.13450e+00
  4661.000  1.13100e+00
  4662.000  1.11830e+00
  4663.000  1.10200e+00
  4664.000  1.08800e+00
  4665.000  1.08020e+00
  4666.000  1.07100e+00
  4667.000  1.05400e+00
  4668.000  1.03200e+00
  4669.000  1.02620e+00
  4670.000  1.03750e+00
  4671.000  1.05710e+00
  4672.000  1.07390e+00
  4673.000  1.08410e+00
  4674.000  1.08430e+00
  4675.000  1.08400e+00
  4676.000  1.08910e+00
  4677.000  1.09480e+00
  4678.000  1.09630e+00
  4679.000  1.09050e+00
  4680.000  1.07650e+00
  4681.000  1.07090e+00
  4682.000  1.06950e+00
  4683.000  1.07460e+00
  4684.000  1.08520e+00
  4685.000  1.09560e+00
  4686.000  1.10460e+00
  4687.000  1.10530e+00
  4688.000  1.09820e+00
  4689.000  1.09060e+00
  4690.000  1.08390e+00
  4691.000  1.08040e+00
  4692.000  1.07860e+00
  4693.000  1.07990e+00
  4694.000  1.08350e+00
  4695.000  1.08900e+00
  4696.000  1.09570e+00
  4697.000  1.09830e+00
  4698.000  1.08930e+00
  4699.000  1.07320e+00
  4700.000  1.06400e+00
  4701.000  1.06010e+00
  4702.000  1.06080e+00
  4703.000  1.05610e+00
  4704.000  1.04840e+00
  4705.000  1.04930e+00
  4706.000  1.05620e+00
  4707.000  1.05740e+00
  4708.000  1.04990e+00
  4709.000  1.04190e+00
  4710.000  1.04020e+00
  4711.000  1.04920e+00
  4712.000  1.06330e+00
  4713.000  1.07050e+00
  4714.000  1.06590e+00
  4715.000  1.05720e+00
  4716.000  1.05370e+00
  4717.000  1.06110e+00
  4718.000  1.07390e+00
  4719.000  1.08280e+00
  4720.000  1.08750e+00
  4721.000  1.09120e+00
  4722.000  1.09020e+00
  4723.000  1.08610e+00
  4724.000  1.08450e+00
  4725.000  1.08930e+00
  4726.000  1.08940e+00
  4727.000  1.08050e+00
  4728.000  1.06280e+00
  4729.000  1.04520e+00
  4730.000  1.03920e+00
  4731.000  1.03810e+00
  4732.000  1.04190e+00
  4733.000  1.04770e+00
  4734.000  1.05640e+00
  4735.000  1.06400e+00
  4736.000  1.06540e+00
  4737.000  1.06000e+00
  4738.000  1.05630e+00
  4739.000  1.06100e+00
  4740.000  1.06820e+00
  4741.000  1.06930e+00
  4742.000  1.06380e+00
  4743.000  1.06460e+00
  4744.000  1.06920e+00
  4745.000  1.07280e+00
  4746.000  1.07170e+00
  4747.000  1.07210e+00
  4748.000  1.07610e+00
  4749.000  1.07870e+00
  4750.000  1.07870e+00
  4751.000  1.07790e+00
  4752.000  1.07570e+00
  4753.000  1.07180e+00
  4754.000  1.06580e+00
  4755.000  1.06120e+00
  4756.000  1.05740e+00
  4757.000  1.05480e+00
  4758.000  1.05550e+00
  4759.000  1.05680e+00
  4760.000  1.06010e+00
  4761.000  1.06060e+00
  4762.000  1.05470e+00
  4763.000  1.04040e+00
  4764.000  1.02730e+00
  4765.000  1.02110e+00
  4766.000  1.01910e+00
  4767.000  1.02330e+00
  4768.000  1.03220e+00
  4769.000  1.04310e+00
  4770.000  1.05560e+00
  4771.000  1.05950e+00
  4772.000  1.05450e+00
  4773.000  1.05130e+00
  4774.000  1.05380e+00
  4775.000  1.06220e+00
  4776.000  1.06880e+00
  4777.000  1.07130e+00
  4778.000  1.07190e+00
  4779.000  1.06950e+00
  4780.000  1.06260e+00
  4781.000  1.05590e+00
  4782.000  1.05200e+00
  4783.000  1.05110e+00
  4784.000  1.04780e+00
  4785.000  1.04590e+00
  4786.000  1.04240e+00
  4787.000  1.03770e+00
  4788.000  1.03520e+00
  4789.000  1.03300e+00
  4790.000  1.03340e+00
  4791.000  1.03460e+00
  4792.000  1.03860e+00
  4793.000  1.04730e+00
  4794.000  1.05780e+00
  4795.000  1.06810e+00
  4796.000  1.07200e+00
  4797.000  1.06890e+00
  4798.000  1.05900e+00
  4799.000  1.04700e+00
  4800.000  1.03620e+00
  4801.000  1.03370e+00
  4802.000  1.04080e+00
  4803.000  1.04930e+00
  4804.000  1.05230e+00
  4805.000  1.04550e+00
  4806.000  1.03540e+00
  4807.000  1.02780e+00
  4808.000  1.02730e+00
  4809.000  1.03080e+00
  4810.000  1.03460e+00
  4811.000  1.03660e+00
  4812.000  1.03710e+00
  4813.000  1.03770e+00
  4814.000  1.03950e+00
  4815.000  1.04510e+00
  4816.000  1.04800e+00
  4817.000  1.05000e+00
  4818.000  1.05280e+00
  4819.000  1.05300e+00
  4820.000  1.05260e+00
  4821.000  1.05050e+00
  4822.000  1.04310e+00
  4823.000  1.03230e+00
  4824.000  1.01600e+00
  4825.000  1.00490e+00
  4826.000  1.00800e+00
  4827.000  1.01840e+00
  4828.000  1.02550e+00
  4829.000  1.02300e+00
  4830.000  1.01940e+00
  4831.000  1.01480e+00
  4832.000  1.01060e+00
  4833.000  1.00680e+00
  4834.000  1.00640e+00
  4835.000  1.01080e+00
  4836.000  1.01310e+00
  4837.000  1.01070e+00
  4838.000  1.00850e+00
  4839.000  1.00310e+00
  4840.000  9.91880e-01
  4841.000  9.85040e-01
  4842.000  9.81710e-01
  4843.000  9.78750e-01
  4844.000  9.78400e-01
  4845.000  9.77900e-01
  4846.000  9.77870e-01
  4847.000  9.75500e-01
  4848.000  9.63670e-01
  4849.000  9.44430e-01
  4850.000  9.34250e-01
  4851.000  9.32140e-01
  4852.000  9.30720e-01
  4853.000  9.21850e-01
  4854.000  9.05040e-01
  4855.000  8.79640e-01
  4856.000  8.49680e-01
  4857.000  8.32090e-01
  4858.000  8.37730e-01
  4859.000  9.31520e-01
  4860.000  1.37750e+00
  4861.000  2.38920e+00
  4862.000  3.41570e+00
  4863.000  3.41690e+00
  4864.000  2.37420e+00
  4865.000  1.34880e+00
  4866.000  9.18020e-01
  4867.000  8.36630e-01
  4868.000  8.41170e-01
  4869.000  8.55770e-01
  4870.000  8.69460e-01
  4871.000  8.70780e-01
  4872.000  8.64920e-01
  4873.000  8.68410e-01
  4874.000  8.85160e-01
  4875.000  9.05850e-01
  4876.000  9.16280e-01
  4877.000  9.25620e-01
  4878.000  9.35050e-01
  4879.000  9.49600e-01
  4880.000  9.65120e-01
  4881.000  9.74580e-01
  4882.000  9.74150e-01
  4883.000  9.69670e-01
  4884.000  9.64710e-01
  4885.000  9.62610e-01
  4886.000  9.57620e-01
  4887.000  9.54690e-01
  4888.000  9.58070e-01
  4889.000  9.62490e-01
  4890.000  9.59690e-01
  4891.000  9.52340e-01
  4892.000  9.45610e-01
  4893.000  9.53840e-01
  4894.000  9.79550e-01
  4895.000  1.00670e+00
  4896.000  1.02360e+00
  4897.000  1.03170e+00
  4898.000  1.03350e+00
  4899.000  1.02910e+00
  4900.000  1.01800e+00
  4901.000  1.00690e+00
  4902.000  1.00340e+00
  4903.000  1.00380e+00
  4904.000  1.00180e+00
  4905.000  1.00590e+00
  4906.000  1.01640e+00
  4907.000  1.02490e+00
  4908.000  1.02510e+00
  4909.000  1.01640e+00
  4910.000  9.97670e-01
  4911.000  9.85240e-01
  4912.000  9.81800e-01
  4913.000  9.90880e-01
  4914.000  1.00160e+00
  4915.000  1.01210e+00
  4916.000  1.02160e+00
  4917.000  1.02260e+00
  4918.000  1.00850e+00
  4919.000  9.82250e-01
  4920.000  9.50250e-01
  4921.000  9.33000e-01
  4922.000  9.38490e-01
  4923.000  9.55060e-01
  4924.000  9.62410e-01
  4925.000  9.59420e-01
  4926.000  9.66170e-01
  4927.000  9.86360e-01
  4928.000  1.00620e+00
  4929.000  1.02150e+00
  4930.000  1.03000e+00
  4931.000  1.03410e+00
  4932.000  1.03080e+00
  4933.000  1.01860e+00
  4934.000  9.97720e-01
  4935.000  9.83540e-01
  4936.000  9.87590e-01
  4937.000  9.94030e-01
  4938.000  9.90240e-01
  4939.000  9.75140e-01
  4940.000  9.68810e-01
  4941.000  9.80370e-01
  4942.000  1.00050e+00
  4943.000  1.01700e+00
  4944.000  1.02520e+00
  4945.000  1.02780e+00
  4946.000  1.02550e+00
  4947.000  1.02330e+00
  4948.000  1.02500e+00
  4949.000  1.02840e+00
  4950.000  1.03210e+00
  4951.000  1.03570e+00
  4952.000  1.03490e+00
  4953.000  1.03260e+00
  4954.000  1.02790e+00
  4955.000  1.02600e+00
  4956.000  1.03300e+00
  4957.000  1.08360e+00
  4958.000  1.27850e+00
  4959.000  1.63930e+00
  4960.000  1.89920e+00
  4961.000  1.78000e+00
  4962.000  1.42400e+00
  4963.000  1.15710e+00
  4964.000  1.05260e+00
  4965.000  1.02260e+00
  4966.000  1.00670e+00
  4967.000  9.94780e-01
  4968.000  9.87180e-01
  4969.000  9.89020e-01
  4970.000  9.90480e-01
  4971.000  9.91720e-01
  4972.000  9.98340e-01
  4973.000  1.00460e+00
  4974.000  1.01390e+00
  4975.000  1.02020e+00
  4976.000  1.02140e+00
  4977.000  1.01750e+00
  4978.000  1.00980e+00
  4979.000  9.99840e-01
  4980.000  9.92690e-01
  4981.000  9.84290e-01
  4982.000  9.73250e-01
  4983.000  9.54420e-01
  4984.000  9.45480e-01
  4985.000  9.52560e-01
  4986.000  9.78480e-01
  4987.000  1.00220e+00
  4988.000  1.01150e+00
  4989.000  1.00900e+00
  4990.000  9.99290e-01
  4991.000  9.87440e-01
  4992.000  9.81510e-01
  4993.000  9.81560e-01
  4994.000  9.83330e-01
  4995.000  9.86090e-01
  4996.000  9.90330e-01
  4997.000  9.96750e-01
  4998.000  9.97460e-01
  4999.000  9.91670e-01
  5000.000  9.80520e-01
  5001.000  9.69390e-01
  5002.000  9.65390e-01
  5003.000  9.77430e-01
  5004.000  1.03030e+00
  5005.000  1.25640e+00
  5006.000  1.94520e+00
  5007.000  3.05500e+00
  5008.000  3.72330e+00
  5009.000  3.23910e+00
  5010.000  2.16090e+00
  5011.000  1.38500e+00
  5012.000  1.07170e+00
  5013.000  9.79990e-01
  5014.000  9.49840e-01
  5015.000  9.49740e-01
  5016.000  9.69300e-01
  5017.000  9.81940e-01
  5018.000  9.70220e-01
  5019.000  9.47000e-01
  5020.000  9.34160e-01
  5021.000  9.40430e-01
  5022.000  9.50880e-01
  5023.000  9.53110e-01
  5024.000  9.58130e-01
  5025.000  9.66680e-01
  5026.000  9.73570e-01
  5027.000  9.73060e-01
  5028.000  9.68460e-01
  5029.000  9.66900e-01
  5030.000  9.72580e-01
  5031.000  9.82020e-01
  5032.000  9.87370e-01
  5033.000  9.92470e-01
  5034.000  9.97970e-01
  5035.000  9.95960e-01
  5036.000  9.81100e-01
  5037.000  9.67760e-01
  5038.000  9.61500e-01
  5039.000  9.58430e-01
  5040.000  9.48760e-01
  5041.000  9.33810e-01
  5042.000  9.20840e-01
  5043.000  9.27350e-01
  5044.000  9.48610e-01
  5045.000  9.73690e-01
  5046.000  9.92600e-01
  5047.000  1.00070e+00
  5048.000  9.97510e-01
  5049.000  9.83290e-01
  5050.000  9.66340e-01
  5051.000  9.55830e-01
  5052.000  9.54090e-01
  5053.000  9.59270e-01
  5054.000  9.67550e-01
  5055.000  9.79830e-01
  5056.000  9.91470e-01
  5057.000  9.97490e-01
  5058.000  9.96620e-01
  5059.000  9.98680e-01
  5060.000  1.00120e+00
  5061.000  1.00420e+00
  5062.000  1.00700e+00
  5063.000  1.00640e+00
  5064.000  9.96890e-01
  5065.000  9.80060e-01
  5066.000  9.64420e-01
  5067.000  9.61370e-01
  5068.000  9.64810e-01
  5069.000  9.68000e-01
  5070.000  9.69870e-01
  5071.000  9.73260e-01
  5072.000  9.72800e-01
  5073.000  9.69280e-01
  5074.000  9.67300e-01
  5075.000  9.67680e-01
  5076.000  9.69300e-01
  5077.000  9.70410e-01
  5078.000  9.71030e-01
  5079.000  9.63770e-01
  5080.000  9.45730e-01
  5081.000  9.28650e-01
  5082.000  9.29220e-01
  5083.000  9.39770e-01
  5084.000  9.48680e-01
  5085.000  9.57500e-01
  5086.000  9.65960e-01
  5087.000  9.73280e-01
  5088.000  9.73870e-01
  5089.000  9.74750e-01
  5090.000  9.77960e-01
  5091.000  9.79870e-01
  5092.000  9.82560e-01
  5093.000  9.85300e-01
  5094.000  9.91290e-01
  5095.000  9.93520e-01
  5096.000  9.88540e-01
  5097.000  9.78080e-01
  5098.000  9.62040e-01
  5099.000  9.44990e-01
  5100.000  9.34920e-01
  5101.000  9.39830e-01
  5102.000  9.53700e-01
  5103.000  9.67800e-01
  5104.000  9.72420e-01
  5105.000  9.71950e-01
  5106.000  9.66170e-01
  5107.000  9.60080e-01
  5108.000  9.52090e-01
  5109.000  9.46740e-01
  5110.000  9.44270e-01
  5111.000  9.45390e-01
  5112.000  9.50700e-01
  5113.000  9.62040e-01
  5114.000  9.69770e-01
  5115.000  9.74620e-01
  5116.000  9.77250e-01
  5117.000  9.80090e-01
  5118.000  9.84830e-01
  5119.000  9.88710e-01
  5120.000  9.86470e-01
  5121.000  9.78870e-01
  5122.000  9.69190e-01
  5123.000  9.54980e-01
  5124.000  9.40930e-01
  5125.000  9.31490e-01
  5126.000  9.29630e-01
  5127.000  9.32130e-01
  5128.000  9.31160e-01
  5129.000  9.31240e-01
  5130.000  9.31500e-01
  5131.000  9.33710e-01
  5132.000  9.40440e-01
  5133.000  9.47110e-01
  5134.000  9.49970e-01
  5135.000  9.54740e-01
  5136.000  9.60520e-01
  5137.000  9.59820e-01
  5138.000  9.49940e-01
  5139.000  9.36820e-01
  5140.000  9.30680e-01
  5141.000  9.30080e-01
  5142.000  9.32760e-01
  5143.000  9.32150e-01
  5144.000  9.26780e-01
  5145.000  9.27800e-01
  5146.000  9.35290e-01
  5147.000  9.34890e-01
  5148.000  9.33580e-01
  5149.000  9.35350e-01
  5150.000  9.37720e-01
  5151.000  9.38550e-01
  5152.000  9.33670e-01
  5153.000  9.25660e-01
  5154.000  9.24180e-01
  5155.000  9.25840e-01
  5156.000  9.32120e-01
  5157.000  9.47120e-01
  5158.000  9.61140e-01
  5159.000  9.72530e-01
  5160.000  9.75140e-01
  5161.000  9.72380e-01
  5162.000  9.65860e-01
  5163.000  9.57010e-01
  5164.000  9.47550e-01
  5165.000  9.36160e-01
  5166.000  9.14090e-01
  5167.000  8.78160e-01
  5168.000  8.43170e-01
  5169.000  8.24370e-01
  5170.000  8.29920e-01
  5171.000  8.46930e-01
  5172.000  8.52140e-01
  5173.000  8.38740e-01
  5174.000  8.34630e-01
  5175.000  8.58610e-01
  5176.000  8.94220e-01
  5177.000  9.24390e-01
  5178.000  9.40780e-01
  5179.000  9.44890e-01
  5180.000  9.44820e-01
  5181.000  9.38850e-01
  5182.000  9.22770e-01
  5183.000  8.90770e-01
  5184.000  8.53060e-01
  5185.000  8.33630e-01
  5186.000  8.51040e-01
  5187.000  8.85340e-01
  5188.000  9.14180e-01
  5189.000  9.22960e-01
  5190.000  9.25040e-01
  5191.000  9.25240e-01
  5192.000  9.15780e-01
  5193.000  9.00870e-01
  5194.000  8.94450e-01
  5195.000  8.98770e-01
  5196.000  9.10010e-01
  5197.000  9.28400e-01
  5198.000  9.60830e-01
  5199.000  9.93340e-01
  5200.000  1.01510e+00
  5201.000  1.01470e+00
  5202.000  1.00050e+00
  5203.000  9.73550e-01
  5204.000  9.43900e-01
  5205.000  9.17390e-01
  5206.000  8.96920e-01
  5207.000  8.86970e-01
  5208.000  8.84000e-01
  5209.000  8.83510e-01
  5210.000  8.87470e-01
  5211.000  8.99140e-01
  5212.000  9.16490e-01
  5213.000  9.33420e-01
  5214.000  9.43730e-01
  5215.000  9.44030e-01
  5216.000  9.34570e-01
  5217.000  9.24120e-01
  5218.000  9.20710e-01
  5219.000  9.32110e-01
  5220.000  9.43570e-01
  5221.000  9.52080e-01
  5222.000  9.57560e-01
  5223.000  9.56610e-01
  5224.000  9.47960e-01
  5225.000  9.28790e-01
  5226.000  9.02000e-01
  5227.000  8.76560e-01
  5228.000  8.65830e-01
  5229.000  8.79880e-01
  5230.000  9.07180e-01
  5231.000  9.30200e-01
  5232.000  9.39360e-01
  5233.000  9.32410e-01
  5234.000  9.19410e-01
  5235.000  9.11170e-01
  5236.000  9.11950e-01
  5237.000  9.23630e-01
  5238.000  9.38940e-01
  5239.000  9.48980e-01
  5240.000  9.52570e-01
  5241.000  9.52710e-01
  5242.000  9.52950e-01
  5243.000  9.55270e-01
  5244.000  9.53650e-01
  5245.000  9.57450e-01
  5246.000  9.57320e-01
  5247.000  9.49410e-01
  5248.000  9.33380e-01
  5249.000  9.23010e-01
  5250.000  9.18970e-01
  5251.000  9.15370e-01
  5252.000  9.14280e-01
  5253.000  9.19720e-01
  5254.000  9.24360e-01
  5255.000  9.25030e-01
  5256.000  9.24680e-01
  5257.000  9.32220e-01
  5258.000  9.45080e-01
  5259.000  9.57770e-01
  5260.000  9.61340e-01
  5261.000  9.56310e-01
  5262.000  9.41810e-01
  5263.000  9.19450e-01
  5264.000  8.94120e-01
  5265.000  8.72600e-01
  5266.000  8.60320e-01
  5267.000  8.57500e-01
  5268.000  8.68790e-01
  5269.000  8.74510e-01
  5270.000  8.67470e-01
  5271.000  8.61090e-01
  5272.000  8.73730e-01
  5273.000  8.96200e-01
  5274.000  9.09080e-01
  5275.000  9.09530e-01
  5276.000  9.04490e-01
  5277.000  9.05570e-01
  5278.000  9.19410e-01
  5279.000  9.39220e-01
  5280.000  9.48510e-01
  5281.000  9.43390e-01
  5282.000  9.33380e-01
  5283.000  9.21300e-01
  5284.000  9.13820e-01
  5285.000  9.15010e-01
  5286.000  9.28020e-01
  5287.000  9.47650e-01
  5288.000  9.60320e-01
  5289.000  9.66500e-01
  5290.000  9.67130e-01
  5291.000  9.66310e-01
  5292.000  9.68290e-01
  5293.000  9.64400e-01
  5294.000  9.58540e-01
  5295.000  9.55160e-01
  5296.000  9.47400e-01
  5297.000  9.34330e-01
  5298.000  9.16560e-01
  5299.000  9.05950e-01
  5300.000  9.10290e-01
  5301.000  9.23100e-01
  5302.000  9.31620e-01
  5303.000  9.34740e-01
  5304.000  9.40650e-01
  5305.000  9.51900e-01
  5306.000  9.58640e-01
  5307.000  9.60070e-01
  5308.000  9.54600e-01
  5309.000  9.54530e-01
  5310.000  9.60480e-01
  5311.000  9.64170e-01
  5312.000  9.65620e-01
  5313.000  9.62770e-01
  5314.000  9.59750e-01
  5315.000  9.53340e-01
  5316.000  9.44560e-01
  5317.000  9.36280e-01
  5318.000  9.28460e-01
  5319.000  9.31310e-01
  5320.000  9.39320e-01
  5321.000  9.43950e-01
  5322.000  9.46730e-01
  5323.000  9.41640e-01
  5324.000  9.33610e-01
  5325.000  9.25290e-01
  5326.000  9.17560e-01
  5327.000  9.08200e-01
  5328.000  8.89910e-01
  5329.000  8.67760e-01
  5330.000  8.63070e-01
  5331.000  8.83340e-01
  5332.000  9.10160e-01
  5333.000  9.27240e-01
  5334.000  9.34830e-01
  5335.000  9.41430e-01
  5336.000  9.44880e-01
  5337.000  9.43530e-01
  5338.000  9.39450e-01
  5339.000  9.33320e-01
  5340.000  9.23390e-01
  5341.000  9.12460e-01
  5342.000  9.08120e-01
  5343.000  9.16910e-01
  5344.000  9.33100e-01
  5345.000  9.41580e-01
  5346.000  9.41390e-01
  5347.000  9.36030e-01
  5348.000  9.33040e-01
  5349.000  9.30570e-01
  5350.000  9.26890e-01
  5351.000  9.28790e-01
  5352.000  9.37830e-01
  5353.000  9.46830e-01
  5354.000  9.52040e-01
  5355.000  9.57260e-01
  5356.000  9.64920e-01
  5357.000  9.70120e-01
  5358.000  9.72110e-01
  5359.000  9.72450e-01
  5360.000  9.69430e-01
  5361.000  9.64530e-01
  5362.000  9.56230e-01
  5363.000  9.42630e-01
  5364.000  9.31970e-01
  5365.000  9.25940e-01
  5366.000  9.25200e-01
  5367.000  9.24450e-01
  5368.000  9.24700e-01
  5369.000  9.23110e-01
  5370.000  9.14540e-01
  5371.000  9.00250e-01
  5372.000  8.88970e-01
  5373.000  8.93590e-01
  5374.000  9.12190e-01
  5375.000  9.35950e-01
  5376.000  9.52760e-01
  5377.000  9.57830e-01
  5378.000  9.54940e-01
  5379.000  9.50640e-01
  5380.000  9.49930e-01
  5381.000  9.44450e-01
  5382.000  9.37300e-01
  5383.000  9.30750e-01
  5384.000  9.28280e-01
  5385.000  9.30700e-01
  5386.000  9.36430e-01
  5387.000  9.42010e-01
  5388.000  9.42640e-01
  5389.000  9.38220e-01
  5390.000  9.31860e-01
  5391.000  9.23860e-01
  5392.000  9.18860e-01
  5393.000  9.15580e-01
  5394.000  9.13070e-01
  5395.000  9.13950e-01
  5396.000  9.12020e-01
  5397.000  9.03770e-01
  5398.000  8.93270e-01
  5399.000  8.93820e-01
  5400.000  9.04500e-01
  5401.000  9.15980e-01
  5402.000  9.19020e-01
  5403.000  9.19240e-01
  5404.000  9.12740e-01
  5405.000  8.96260e-01
  5406.000  8.79630e-01
  5407.000  8.72480e-01
  5408.000  8.80390e-01
  5409.000  8.91040e-01
  5410.000  8.94920e-01
  5411.000  8.95930e-01
  5412.000  9.00360e-01
  5413.000  9.10970e-01
  5414.000  9.22290e-01
  5415.000  9.26080e-01
  5416.000  9.24440e-01
  5417.000  9.29070e-01
  5418.000  9.35930e-01
  5419.000  9.38450e-01
  5420.000  9.35160e-01
  5421.000  9.29560e-01
  5422.000  9.26520e-01
  5423.000  9.26140e-01
  5424.000  9.24960e-01
  5425.000  9.18120e-01
  5426.000  9.14250e-01
  5427.000  9.23580e-01
  5428.000  9.30850e-01
  5429.000  9.27860e-01
  5430.000  9.12280e-01
  5431.000  8.99310e-01
  5432.000  8.99620e-01
  5433.000  9.04260e-01
  5434.000  9.01780e-01
  5435.000  8.96120e-01
  5436.000  8.94290e-01
  5437.000  8.98460e-01
  5438.000  9.10020e-01
  5439.000  9.26200e-01
  5440.000  9.39950e-01
  5441.000  9.46960e-01
  5442.000  9.50780e-01
  5443.000  9.50950e-01
  5444.000  9.47020e-01
  5445.000  9.38270e-01
  5446.000  9.20340e-01
  5447.000  8.99480e-01
  5448.000  8.89200e-01
  5449.000  8.93250e-01
  5450.000  9.08990e-01
  5451.000  9.24560e-01
  5452.000  9.30320e-01
  5453.000  9.28920e-01
  5454.000  9.22330e-01
  5455.000  9.07930e-01
  5456.000  8.92950e-01
  5457.000  8.87140e-01
  5458.000  8.98730e-01
  5459.000  9.16310e-01
  5460.000  9.26980e-01
  5461.000  9.27730e-01
  5462.000  9.23220e-01
  5463.000  9.14520e-01
  5464.000  9.05490e-01
  5465.000  9.04600e-01
  5466.000  9.08620e-01
  5467.000  9.14220e-01
  5468.000  9.19540e-01
  5469.000  9.23620e-01
  5470.000  9.24110e-01
  5471.000  9.22040e-01
  5472.000  9.19230e-01
  5473.000  9.15710e-01
  5474.000  9.10500e-01
  5475.000  9.02240e-01
  5476.000  8.93210e-01
  5477.000  8.83980e-01
  5478.000  8.76980e-01
  5479.000  8.82650e-01
  5480.000  8.96440e-01
  5481.000  9.02950e-01
  5482.000  9.01270e-01
  5483.000  8.97510e-01
  5484.000  9.01690e-01
  5485.000  9.10890e-01
  5486.000  9.20280e-01
  5487.000  9.20290e-01
  5488.000  9.12760e-01
  5489.000  9.06570e-01
  5490.000  9.07140e-01
  5491.000  9.09980e-01
  5492.000  9.12090e-01
  5493.000  9.16020e-01
  5494.000  9.14810e-01
  5495.000  9.14000e-01
  5496.000  9.13760e-01
  5497.000  9.13500e-01
  5498.000  9.10060e-01
  5499.000  9.09510e-01
  5500.000  9.11820e-01
  5501.000  9.14030e-01
  5502.000  9.09110e-01
  5503.000  9.01910e-01
  5504.000  9.00330e-01
  5505.000  9.02300e-01
  5506.000  9.01860e-01
  5507.000  8.98420e-01
  5508.000  8.95460e-01
  5509.000  8.98100e-01
  5510.000  9.01990e-01
  5511.000  9.02810e-01
  5512.000  8.99480e-01
  5513.000  8.94160e-01
  5514.000  8.90810e-01
  5515.000  8.91120e-01
  5516.000  8.96770e-01
  5517.000  9.06750e-01
  5518.000  9.17950e-01
  5519.000  9.27000e-01
  5520.000  9.29650e-01
  5521.000  9.29140e-01
  5522.000  9.26230e-01
  5523.000  9.23810e-01
  5524.000  9.20230e-01
  5525.000  9.17260e-01
  5526.000  9.12570e-01
  5527.000  9.04090e-01
  5528.000  8.92420e-01
  5529.000  8.85000e-01
  5530.000  8.84370e-01
  5531.000  8.91750e-01
  5532.000  9.05230e-01
  5533.000  9.11080e-01
  5534.000  9.07750e-01
  5535.000  9.01220e-01
  5536.000  8.96420e-01
  5537.000  9.00540e-01
  5538.000  9.08000e-01
  5539.000  9.15130e-01
  5540.000  9.19870e-01
  5541.000  9.22110e-01
  5542.000  9.22720e-01
  5543.000  9.21180e-01
  5544.000  9.16850e-01
  5545.000  9.09610e-01
  5546.000  9.07400e-01
  5547.000  9.08740e-01
  5548.000  9.10920e-01
  5549.000  9.16350e-01
  5550.000  9.22840e-01
  5551.000  9.25740e-01
  5552.000  9.27610e-01
  5553.000  9.27060e-01
  5554.000  9.20400e-01
  5555.000  9.13770e-01
  5556.000  9.11060e-01
  5557.000  9.12200e-01
  5558.000  9.12730e-01
  5559.000  9.12890e-01
  5560.000  9.12990e-01
  5561.000  9.13640e-01
  5562.000  9.11100e-01
  5563.000  9.07890e-01
  5564.000  9.02140e-01
  5565.000  8.99520e-01
  5566.000  8.97550e-01
  5567.000  8.96670e-01
  5568.000  8.96210e-01
  5569.000  8.95240e-01
  5570.000  8.95320e-01
  5571.000  8.95810e-01
  5572.000  8.96660e-01
  5573.000  8.94820e-01
  5574.000  8.93310e-01
  5575.000  8.94560e-01
  5576.000  8.98520e-01
  5577.000  9.02140e-01
  5578.000  9.06340e-01
  5579.000  9.07770e-01
  5580.000  9.10060e-01
  5581.000  9.09480e-01
  5582.000  9.09920e-01
  5583.000  9.07460e-01
  5584.000  9.04900e-01
  5585.000  9.01590e-01
  5586.000  8.96390e-01
  5587.000  8.84730e-01
  5588.000  8.69910e-01
  5589.000  8.59540e-01
  5590.000  8.57360e-01
  5591.000  8.62800e-01
  5592.000  8.73090e-01
  5593.000  8.78830e-01
  5594.000  8.80520e-01
  5595.000  8.81840e-01
  5596.000  8.86120e-01
  5597.000  8.91020e-01
  5598.000  8.92210e-01
  5599.000  8.89170e-01
  5600.000  8.82650e-01
  5601.000  8.77220e-01
  5602.000  8.72620e-01
  5603.000  8.68470e-01
  5604.000  8.69210e-01
  5605.000  8.79230e-01
  5606.000  8.93460e-01
  5607.000  9.07470e-01
  5608.000  9.14790e-01
  5609.000  9.16900e-01
  5610.000  9.15660e-01
  5611.000  9.15300e-01
  5612.000  9.14830e-01
  5613.000  9.14000e-01
  5614.000  9.08860e-01
  5615.000  8.95960e-01
  5616.000  8.80170e-01
  5617.000  8.71250e-01
  5618.000  8.73700e-01
  5619.000  8.80970e-01
  5620.000  8.87130e-01
  5621.000  8.90790e-01
  5622.000  8.94190e-01
  5623.000  8.95610e-01
  5624.000  8.91880e-01
  5625.000  8.85140e-01
  5626.000  8.77780e-01
  5627.000  8.76820e-01
  5628.000  8.84190e-01
  5629.000  8.91900e-01
  5630.000  8.99470e-01
  5631.000  9.04090e-01
  5632.000  9.09370e-01
  5633.000  9.08730e-01
  5634.000  9.05820e-01
  5635.000  9.01760e-01
  5636.000  8.98170e-01
  5637.000  8.91590e-01
  5638.000  8.86060e-01
  5639.000  8.83690e-01
  5640.000  8.84460e-01
  5641.000  8.84000e-01
  5642.000  8.82600e-01
  5643.000  8.80830e-01
  5644.000  8.84140e-01
  5645.000  8.87310e-01
  5646.000  8.91120e-01
  5647.000  8.93310e-01
  5648.000  8.94630e-01
  5649.000  8.93500e-01
  5650.000  8.94670e-01
  5651.000  8.95140e-01
  5652.000  8.96170e-01
  5653.000  8.97470e-01
  5654.000  8.97720e-01
  5655.000  8.93330e-01
  5656.000  8.88600e-01
  5657.000  8.82840e-01
  5658.000  8.73900e-01
  5659.000  8.62320e-01
  5660.000  8.56200e-01
  5661.000  8.60330e-01
  5662.000  8.66040e-01
  5663.000  8.70710e-01
  5664.000  8.73420e-01
  5665.000  8.77760e-01
  5666.000  8.82820e-01
  5667.000  8.85320e-01
  5668.000  8.83330e-01
  5669.000  8.81630e-01
  5670.000  8.80540e-01
  5671.000  8.82900e-01
  5672.000  8.87790e-01
  5673.000  8.93610e-01
  5674.000  8.98670e-01
  5675.000  9.01870e-01
  5676.000  9.02050e-01
  5677.000  9.02010e-01
  5678.000  9.00610e-01
  5679.000  8.99250e-01
  5680.000  8.97490e-01
  5681.000  8.94490e-01
  5682.000  8.91400e-01
  5683.000  8.86090e-01
  5684.000  8.83260e-01
  5685.000  8.80710e-01
  5686.000  8.81690e-01
  5687.000  8.80940e-01
  5688.000  8.79210e-01
  5689.000  8.77020e-01
  5690.000  8.77790e-01
  5691.000  8.84280e-01
  5692.000  8.92010e-01
  5693.000  8.98550e-01
  5694.000  9.00550e-01
  5695.000  9.00480e-01
  5696.000  8.97280e-01
  5697.000  8.97170e-01
  5698.000  8.94190e-01
  5699.000  8.88780e-01
  5700.000  8.83310e-01
  5701.000  8.80000e-01
  5702.000  8.76020e-01
  5703.000  8.73810e-01
  5704.000  8.73460e-01
  5705.000  8.74780e-01
  5706.000  8.73960e-01
  5707.000  8.69330e-01
  5708.000  8.62070e-01
  5709.000  8.54450e-01
  5710.000  8.50090e-01
  5711.000  8.46960e-01
  5712.000  8.49960e-01
  5713.000  8.56490e-01
  5714.000  8.65470e-01
  5715.000  8.75370e-01
  5716.000  8.84530e-01
  5717.000  8.89780e-01
  5718.000  8.90950e-01
  5719.000  8.92940e-01
  5720.000  8.93870e-01
  5721.000  8.96100e-01
  5722.000  8.99610e-01
  5723.000  9.02620e-01
  5724.000  9.03930e-01
  5725.000  9.03940e-01
  5726.000  9.01070e-01
  5727.000  8.95950e-01
  5728.000  8.91840e-01
  5729.000  8.90490e-01
  5730.000  8.92350e-01
  5731.000  8.93990e-01
  5732.000  8.91920e-01
  5733.000  8.90530e-01
  5734.000  8.91990e-01
  5735.000  8.95780e-01
  5736.000  8.97130e-01
  5737.000  8.96140e-01
  5738.000  8.94960e-01
  5739.000  8.93720e-01
  5740.000  8.91200e-01
  5741.000  8.90330e-01
  5742.000  8.88960e-01
  5743.000  8.86850e-01
  5744.000  8.88490e-01
  5745.000  8.91330e-01
  5746.000  8.93330e-01
  5747.000  8.92310e-01
  5748.000  8.90370e-01
  5749.000  8.88680e-01
  5750.000  8.87280e-01
  5751.000  8.88870e-01
  5752.000  8.89300e-01
  5753.000  8.87320e-01
  5754.000  8.84230e-01
  5755.000  8.85870e-01
  5756.000  8.90340e-01
  5757.000  8.95820e-01
  5758.000  8.99000e-01
  5759.000  8.96950e-01
  5760.000  8.93750e-01
  5761.000  8.88240e-01
  5762.000  8.80230e-01
  5763.000  8.72910e-01
  5764.000  8.72010e-01
  5765.000  8.76670e-01
  5766.000  8.84980e-01
  5767.000  8.92120e-01
  5768.000  8.95140e-01
  5769.000  8.95470e-01
  5770.000  8.94010e-01
  5771.000  8.91880e-01
  5772.000  8.90770e-01
  5773.000  8.88670e-01
  5774.000  8.86500e-01
  5775.000  8.83840e-01
  5776.000  8.84040e-01
  5777.000  8.84680e-01
  5778.000  8.85450e-01
  5779.000  8.83460e-01
  5780.000  8.75270e-01
  5781.000  8.64210e-01
  5782.000  8.53870e-01
  5783.000  8.48340e-01
  5784.000  8.47390e-01
  5785.000  8.48650e-01
  5786.000  8.52300e-01
  5787.000  8.57550e-01
  5788.000  8.64730e-01
  5789.000  8.70980e-01
  5790.000  8.76360e-01
  5791.000  8.78150e-01
  5792.000  8.76630e-01
  5793.000  8.76630e-01
  5794.000  8.79550e-01
  5795.000  8.81590e-01
  5796.000  8.83600e-01
  5797.000  8.83510e-01
  5798.000  8.80350e-01
  5799.000  8.78500e-01
  5800.000  8.81120e-01
  5801.000  8.86860e-01
  5802.000  8.92690e-01
  5803.000  8.96130e-01
  5804.000  8.93090e-01
  5805.000  8.87970e-01
  5806.000  8.83120e-01
  5807.000  8.79950e-01
  5808.000  8.79440e-01
  5809.000  8.81330e-01
  5810.000  8.83990e-01
  5811.000  8.86460e-01
  5812.000  8.87350e-01
  5813.000  8.87450e-01
  5814.000  8.85730e-01
  5815.000  8.82820e-01
  5816.000  8.80250e-01
  5817.000  8.76510e-01
  5818.000  8.77400e-01
  5819.000  8.81280e-01
  5820.000  8.87770e-01
  5821.000  8.92120e-01
  5822.000  8.93420e-01
  5823.000  8.92180e-01
  5824.000  8.89290e-01
  5825.000  8.88030e-01
  5826.000  8.88630e-01
  5827.000  8.90970e-01
  5828.000  8.91700e-01
  5829.000  8.91030e-01
  5830.000  8.90930e-01
  5831.000  8.92190e-01
  5832.000  8.90700e-01
  5833.000  8.91460e-01
  5834.000  8.89040e-01
  5835.000  8.87000e-01
  5836.000  8.84190e-01
  5837.000  8.84220e-01
  5838.000  8.84770e-01
  5839.000  8.85430e-01
  5840.000  8.84870e-01
  5841.000  8.86600e-01
  5842.000  8.88640e-01
  5843.000  8.89590e-01
  5844.000  8.90390e-01
  5845.000  8.89110e-01
  5846.000  8.84880e-01
  5847.000  8.81750e-01
  5848.000  8.79540e-01
  5849.000  8.76650e-01
  5850.000  8.75370e-01
  5851.000  8.74310e-01
  5852.000  8.72470e-01
  5853.000  8.66880e-01
  5854.000  8.60710e-01
  5855.000  8.56860e-01
  5856.000  8.53700e-01
  5857.000  8.52040e-01
  5858.000  8.48970e-01
  5859.000  8.47940e-01
  5860.000  8.49170e-01
  5861.000  8.53960e-01
  5862.000  8.60250e-01
  5863.000  8.62910e-01
  5864.000  8.63750e-01
  5865.000  8.63460e-01
  5866.000  8.65030e-01
  5867.000  8.64300e-01
  5868.000  8.64130e-01
  5869.000  8.66520e-01
  5870.000  8.69000e-01
  5871.000  8.73610e-01
  5872.000  8.79700e-01
  5873.000  8.92610e-01
  5874.000  9.30850e-01
  5875.000  1.00170e+00
  5876.000  1.08920e+00
  5877.000  1.13590e+00
  5878.000  1.10870e+00
  5879.000  1.02970e+00
  5880.000  9.40770e-01
  5881.000  8.86520e-01
  5882.000  8.66830e-01
  5883.000  8.61960e-01
  5884.000  8.61890e-01
  5885.000  8.61570e-01
  5886.000  8.59380e-01
  5887.000  8.54200e-01
  5888.000  8.43960e-01
  5889.000  8.22230e-01
  5890.000  7.97610e-01
  5891.000  7.78680e-01
  5892.000  7.76590e-01
  5893.000  7.87700e-01
  5894.000  7.99790e-01
  5895.000  8.03790e-01
  5896.000  7.97670e-01
  5897.000  7.94010e-01
  5898.000  7.96990e-01
  5899.000  8.10060e-01
  5900.000  8.27290e-01
  5901.000  8.40290e-01
  5902.000  8.49430e-01
  5903.000  8.54220e-01
  5904.000  8.55960e-01
  5905.000  8.55700e-01
  5906.000  8.55490e-01
  5907.000  8.55390e-01
  5908.000  8.55000e-01
  5909.000  8.56250e-01
  5910.000  8.57230e-01
  5911.000  8.60250e-01
  5912.000  8.60270e-01
  5913.000  8.58060e-01
  5914.000  8.52710e-01
  5915.000  8.47490e-01
  5916.000  8.43620e-01
  5917.000  8.42830e-01
  5918.000  8.47110e-01
  5919.000  8.52900e-01
  5920.000  8.56820e-01
  5921.000  8.59200e-01
  5922.000  8.58920e-01
  5923.000  8.58920e-01
  5924.000  8.58240e-01
  5925.000  8.59000e-01
  5926.000  8.59770e-01
  5927.000  8.59750e-01
  5928.000  8.57900e-01
  5929.000  8.54350e-01
  5930.000  8.50310e-01
  5931.000  8.47660e-01
  5932.000  8.47790e-01
  5933.000  8.50000e-01
  5934.000  8.52160e-01
  5935.000  8.52090e-01
  5936.000  8.51440e-01
  5937.000  8.51160e-01
  5938.000  8.52870e-01
  5939.000  8.55610e-01
  5940.000  8.58370e-01
  5941.000  8.57090e-01
  5942.000  8.54070e-01
  5943.000  8.52720e-01
  5944.000  8.51500e-01
  5945.000  8.54960e-01
  5946.000  8.58960e-01
  5947.000  8.60580e-01
  5948.000  8.58070e-01
  5949.000  8.52900e-01
  5950.000  8.49430e-01
  5951.000  8.47380e-01
  5952.000  8.46710e-01
  5953.000  8.46670e-01
  5954.000  8.46180e-01
  5955.000  8.46300e-01
  5956.000  8.46780e-01
  5957.000  8.47860e-01
  5958.000  8.47450e-01
  5959.000  8.48840e-01
  5960.000  8.51280e-01
  5961.000  8.53970e-01
  5962.000  8.56610e-01
  5963.000  8.58100e-01
  5964.000  8.57680e-01
  5965.000  8.56280e-01
  5966.000  8.55650e-01
  5967.000  8.54870e-01
  5968.000  8.55360e-01
  5969.000  8.56470e-01
  5970.000  8.57940e-01
  5971.000  8.61660e-01
  5972.000  8.62440e-01
  5973.000  8.60850e-01
  5974.000  8.58460e-01
  5975.000  8.54750e-01
  5976.000  8.51590e-01
  5977.000  8.48150e-01
  5978.000  8.46330e-01
  5979.000  8.47360e-01
  5980.000  8.49640e-01
  5981.000  8.52800e-01
  5982.000  8.52510e-01
  5983.000  8.50280e-01
  5984.000  8.43990e-01
  5985.000  8.39370e-01
  5986.000  8.36900e-01
  5987.000  8.38510e-01
  5988.000  8.41180e-01
  5989.000  8.45770e-01
  5990.000  8.46830e-01
  5991.000  8.45990e-01
  5992.000  8.46290e-01
  5993.000  8.48100e-01
  5994.000  8.50890e-01
  5995.000  8.52250e-01
  5996.000  8.52540e-01
  5997.000  8.50590e-01
  5998.000  8.48230e-01
  5999.000  8.45700e-01
  6000.000  8.44760e-01
  6001.000  8.44890e-01
  6002.000  8.45830e-01
  6003.000  8.44550e-01
  6004.000  8.42390e-01
  6005.000  8.41720e-01
  6006.000  8.40970e-01
  6007.000  8.37570e-01
  6008.000  8.34150e-01
  6009.000  8.31060e-01
  6010.000  8.31610e-01
  6011.000  8.34860e-01
  6012.000  8.37370e-01
  6013.000  8.38290e-01
  6014.000  8.36910e-01
  6015.000  8.36760e-01
  6016.000  8.37060e-01
  6017.000  8.37050e-01
  6018.000  8.36140e-01
  6019.000  8.34280e-01
  6020.000  8.33920e-01
  6021.000  8.31740e-01
  6022.000  8.29700e-01
  6023.000  8.29830e-01
  6024.000  8.32380e-01
  6025.000  8.33730e-01
  6026.000  8.36180e-01
  6027.000  8.39480e-01
  6028.000  8.41610e-01
  6029.000  8.43470e-01
  6030.000  8.45980e-01
  6031.000  8.49470e-01
  6032.000  8.50650e-01
  6033.000  8.51850e-01
  6034.000  8.52420e-01
  6035.000  8.52780e-01
  6036.000  8.52500e-01
  6037.000  8.53850e-01
  6038.000  8.54130e-01
  6039.000  8.52090e-01
  6040.000  8.50240e-01
  6041.000  8.49220e-01
  6042.000  8.47030e-01
  6043.000  8.45890e-01
  6044.000  8.47310e-01
  6045.000  8.49570e-01
  6046.000  8.53800e-01
  6047.000  8.55260e-01
  6048.000  8.55560e-01
  6049.000  8.55140e-01
  6050.000  8.55670e-01
  6051.000  8.54450e-01
  6052.000  8.53440e-01
  6053.000  8.51060e-01
  6054.000  8.49170e-01
  6055.000  8.45530e-01
  6056.000  8.42550e-01
  6057.000  8.40580e-01
  6058.000  8.41510e-01
  6059.000  8.43630e-01
  6060.000  8.46870e-01
  6061.000  8.48910e-01
  6062.000  8.48750e-01
  6063.000  8.46080e-01
  6064.000  8.41220e-01
  6065.000  8.35760e-01
  6066.000  8.33100e-01
  6067.000  8.32800e-01
  6068.000  8.38100e-01
  6069.000  8.44270e-01
  6070.000  8.50030e-01
  6071.000  8.53770e-01
  6072.000  8.55920e-01
  6073.000  8.56120e-01
  6074.000  8.56380e-01
  6075.000  8.56200e-01
  6076.000  8.54610e-01
  6077.000  8.50460e-01
  6078.000  8.45400e-01
  6079.000  8.41100e-01
  6080.000  8.37620e-01
  6081.000  8.34600e-01
  6082.000  8.32540e-01
  6083.000  8.32600e-01
  6084.000  8.31620e-01
  6085.000  8.30940e-01
  6086.000  8.32440e-01
  6087.000  8.33330e-01
  6088.000  8.36000e-01
  6089.000  8.35970e-01
  6090.000  8.35620e-01
  6091.000  8.33750e-01
  6092.000  8.31160e-01
  6093.000  8.29660e-01
  6094.000  8.30880e-01
  6095.000  8.34750e-01
  6096.000  8.37020e-01
  6097.000  8.39120e-01
  6098.000  8.40120e-01
  6099.000  8.40460e-01
  6100.000  8.38380e-01
  6101.000  8.35510e-01
  6102.000  8.28300e-01
  6103.000  8.18670e-01
  6104.000  8.11060e-01
  6105.000  8.11440e-01
  6106.000  8.19220e-01
  6107.000  8.26670e-01
  6108.000  8.32380e-01
  6109.000  8.34100e-01
  6110.000  8.34480e-01
  6111.000  8.33870e-01
  6112.000  8.33790e-01
  6113.000  8.35250e-01
  6114.000  8.36240e-01
  6115.000  8.37820e-01
  6116.000  8.38110e-01
  6117.000  8.37280e-01
  6118.000  8.36340e-01
  6119.000  8.33900e-01
  6120.000  8.31000e-01
  6121.000  8.24250e-01
  6122.000  8.16180e-01
  6123.000  8.10990e-01
  6124.000  8.11670e-01
  6125.000  8.15800e-01
  6126.000  8.21890e-01
  6127.000  8.25700e-01
  6128.000  8.25660e-01
  6129.000  8.25140e-01
  6130.000  8.25780e-01
  6131.000  8.28070e-01
  6132.000  8.31350e-01
  6133.000  8.33080e-01
  6134.000  8.32300e-01
  6135.000  8.26630e-01
  6136.000  8.15720e-01
  6137.000  8.01300e-01
  6138.000  7.89430e-01
  6139.000  7.87230e-01
  6140.000  7.94470e-01
  6141.000  8.03780e-01
  6142.000  8.06870e-01
  6143.000  8.08600e-01
  6144.000  8.12810e-01
  6145.000  8.19140e-01
  6146.000  8.26030e-01
  6147.000  8.28440e-01
  6148.000  8.26250e-01
  6149.000  8.20890e-01
  6150.000  8.15770e-01
  6151.000  8.14150e-01
  6152.000  8.15750e-01
  6153.000  8.18300e-01
  6154.000  8.19890e-01
  6155.000  8.21140e-01
  6156.000  8.18420e-01
  6157.000  8.12410e-01
  6158.000  8.07990e-01
  6159.000  8.04660e-01
  6160.000  8.00780e-01
  6161.000  7.92730e-01
  6162.000  7.82440e-01
  6163.000  7.71440e-01
  6164.000  7.65700e-01
  6165.000  7.69070e-01
  6166.000  7.76990e-01
  6167.000  7.86820e-01
  6168.000  7.91360e-01
  6169.000  7.89840e-01
  6170.000  7.85550e-01
  6171.000  7.83280e-01
  6172.000  7.85590e-01
  6173.000  7.91350e-01
  6174.000  7.97100e-01
  6175.000  7.99770e-01
  6176.000  8.01400e-01
  6177.000  8.01610e-01
  6178.000  8.02420e-01
  6179.000  8.03450e-01
  6180.000  8.05580e-01
  6181.000  8.08890e-01
  6182.000  8.11000e-01
  6183.000  8.12600e-01
  6184.000  8.14150e-01
  6185.000  8.13890e-01
  6186.000  8.11110e-01
  6187.000  8.06960e-01
  6188.000  8.03340e-01
  6189.000  7.98680e-01
  6190.000  7.94420e-01
  6191.000  7.87510e-01
  6192.000  7.83010e-01
  6193.000  7.82350e-01
  6194.000  7.86140e-01
  6195.000  7.93130e-01
  6196.000  8.02090e-01
  6197.000  8.08400e-01
  6198.000  8.09650e-01
  6199.000  8.08380e-01
  6200.000  8.05200e-01
  6201.000  8.00790e-01
  6202.000  7.98300e-01
  6203.000  8.00660e-01
  6204.000  8.06190e-01
  6205.000  8.09940e-01
  6206.000  8.11160e-01
  6207.000  8.11210e-01
  6208.000  8.12570e-01
  6209.000  8.13560e-01
  6210.000  8.12550e-01
  6211.000  8.10170e-01
  6212.000  8.06760e-01
  6213.000  8.00660e-01
  6214.000  7.92790e-01
  6215.000  7.85960e-01
  6216.000  7.82620e-01
  6217.000  7.81620e-01
  6218.000  7.83550e-01
  6219.000  7.85210e-01
  6220.000  7.86410e-01
  6221.000  7.85450e-01
  6222.000  7.85890e-01
  6223.000  7.86910e-01
  6224.000  7.90100e-01
  6225.000  7.92600e-01
  6226.000  7.93830e-01
  6227.000  7.95360e-01
  6228.000  7.95730e-01
  6229.000  7.92320e-01
  6230.000  7.86370e-01
  6231.000  7.78440e-01
  6232.000  7.71050e-01
  6233.000  7.69920e-01
  6234.000  7.75860e-01
  6235.000  7.84600e-01
  6236.000  7.91650e-01
  6237.000  7.96060e-01
  6238.000  7.95510e-01
  6239.000  7.90770e-01
  6240.000  7.84490e-01
  6241.000  7.79550e-01
  6242.000  7.77290e-01
  6243.000  7.76160e-01
  6244.000  7.73740e-01
  6245.000  7.70380e-01
  6246.000  7.69040e-01
  6247.000  7.69580e-01
  6248.000  7.73870e-01
  6249.000  7.79250e-01
  6250.000  7.83670e-01
  6251.000  7.86260e-01
  6252.000  7.85250e-01
  6253.000  7.79920e-01
  6254.000  7.74120e-01
  6255.000  7.70500e-01
  6256.000  7.68280e-01
  6257.000  7.65770e-01
  6258.000  7.64080e-01
  6259.000  7.63050e-01
  6260.000  7.65790e-01
  6261.000  7.69510e-01
  6262.000  7.75690e-01
  6263.000  7.83010e-01
  6264.000  7.88490e-01
  6265.000  7.90440e-01
  6266.000  7.90010e-01
  6267.000  7.88650e-01
  6268.000  7.88990e-01
  6269.000  7.88660e-01
  6270.000  7.88810e-01
  6271.000  7.87820e-01
  6272.000  7.88730e-01
  6273.000  7.91480e-01
  6274.000  7.93480e-01
  6275.000  7.94850e-01
  6276.000  7.95110e-01
  6277.000  7.96070e-01
  6278.000  7.96580e-01
  6279.000  7.93610e-01
  6280.000  7.88770e-01
  6281.000  7.82430e-01
  6282.000  7.77260e-01
  6283.000  7.74160e-01
  6284.000  7.75640e-01
  6285.000  7.77560e-01
  6286.000  7.79130e-01
  6287.000  7.82850e-01
  6288.000  7.88260e-01
  6289.000  7.94650e-01
  6290.000  7.98940e-01
  6291.000  8.00340e-01
  6292.000  7.99800e-01
  6293.000  7.97920e-01
  6294.000  7.95890e-01
  6295.000  7.94940e-01
  6296.000  7.96290e-01
  6297.000  8.01600e-01
  6298.000  8.19500e-01
  6299.000  8.65780e-01
  6300.000  9.38610e-01
  6301.000  1.00560e+00
  6302.000  1.03290e+00
  6303.000  9.93340e-01
  6304.000  9.22850e-01
  6305.000  8.51610e-01
  6306.000  8.12170e-01
  6307.000  7.99620e-01
  6308.000  7.97350e-01
  6309.000  8.00630e-01
  6310.000  8.02120e-01
  6311.000  8.03480e-01
  6312.000  8.05830e-01
  6313.000  8.06580e-01
  6314.000  8.05070e-01
  6315.000  7.98390e-01
  6316.000  7.89500e-01
  6317.000  7.82410e-01
  6318.000  7.75810e-01
  6319.000  7.72680e-01
  6320.000  7.72470e-01
  6321.000  7.74220e-01
  6322.000  7.79480e-01
  6323.000  7.83580e-01
  6324.000  7.88740e-01
  6325.000  7.92720e-01
  6326.000  7.95070e-01
  6327.000  7.97860e-01
  6328.000  7.98750e-01
  6329.000  7.99160e-01
  6330.000  7.98990e-01
  6331.000  7.98710e-01
  6332.000  7.97860e-01
  6333.000  7.97570e-01
  6334.000  7.96350e-01
  6335.000  7.92510e-01
  6336.000  7.86550e-01
  6337.000  7.80460e-01
  6338.000  7.77370e-01
  6339.000  7.78960e-01
  6340.000  7.84350e-01
  6341.000  7.89440e-01
  6342.000  7.92850e-01
  6343.000  7.93400e-01
  6344.000  7.90350e-01
  6345.000  7.87040e-01
  6346.000  7.84620e-01
  6347.000  7.84870e-01
  6348.000  7.87870e-01
  6349.000  7.91390e-01
  6350.000  7.95450e-01
  6351.000  7.97550e-01
  6352.000  7.97810e-01
  6353.000  7.97610e-01
  6354.000  7.95230e-01
  6355.000  7.92320e-01
  6356.000  7.87730e-01
  6357.000  7.85090e-01
  6358.000  7.82500e-01
  6359.000  7.78910e-01
  6360.000  7.76880e-01
  6361.000  7.78170e-01
  6362.000  7.86510e-01
  6363.000  8.08200e-01
  6364.000  8.33660e-01
  6365.000  8.53410e-01
  6366.000  8.56460e-01
  6367.000  8.41790e-01
  6368.000  8.20910e-01
  6369.000  8.05470e-01
  6370.000  7.97300e-01
  6371.000  7.96220e-01
  6372.000  7.96120e-01
  6373.000  7.98630e-01
  6374.000  8.00680e-01
  6375.000  8.01750e-01
  6376.000  8.01810e-01
  6377.000  8.00510e-01
  6378.000  7.99910e-01
  6379.000  7.97660e-01
  6380.000  7.95230e-01
  6381.000  7.92920e-01
  6382.000  7.91170e-01
  6383.000  7.92170e-01
  6384.000  7.93870e-01
  6385.000  7.93330e-01
  6386.000  7.93350e-01
  6387.000  7.94110e-01
  6388.000  7.95810e-01
  6389.000  7.96860e-01
  6390.000  7.96730e-01
  6391.000  7.96190e-01
  6392.000  7.92310e-01
  6393.000  7.86740e-01
  6394.000  7.80310e-01
  6395.000  7.77250e-01
  6396.000  7.79810e-01
  6397.000  7.85170e-01
  6398.000  7.89420e-01
  6399.000  7.88360e-01
  6400.000  7.83320e-01
  6401.000  7.77200e-01
  6402.000  7.74740e-01
  6403.000  7.78780e-01
  6404.000  7.86840e-01
  6405.000  7.93760e-01
  6406.000  7.96650e-01
  6407.000  7.94880e-01
  6408.000  7.90900e-01
  6409.000  7.87340e-01
  6410.000  7.84820e-01
  6411.000  7.84410e-01
  6412.000  7.83000e-01
  6413.000  7.81600e-01
  6414.000  7.81220e-01
  6415.000  7.82280e-01
  6416.000  7.84580e-01
  6417.000  7.85180e-01
  6418.000  7.84130e-01
  6419.000  7.81980e-01
  6420.000  7.79680e-01
  6421.000  7.75530e-01
  6422.000  7.72550e-01
  6423.000  7.74340e-01
  6424.000  7.78990e-01
  6425.000  7.85630e-01
  6426.000  7.91830e-01
  6427.000  7.94940e-01
  6428.000  7.94910e-01
  6429.000  7.92920e-01
  6430.000  7.88060e-01
  6431.000  7.80550e-01
  6432.000  7.73760e-01
  6433.000  7.71740e-01
  6434.000  7.74730e-01
  6435.000  7.80210e-01
  6436.000  7.85670e-01
  6437.000  7.88010e-01
  6438.000  7.84770e-01
  6439.000  7.80180e-01
  6440.000  7.76100e-01
  6441.000  7.76440e-01
  6442.000  7.81130e-01
  6443.000  7.88290e-01
  6444.000  7.93800e-01
  6445.000  7.97350e-01
  6446.000  7.98220e-01
  6447.000  7.96900e-01
  6448.000  7.94020e-01
  6449.000  7.86670e-01
  6450.000  7.75150e-01
  6451.000  7.66160e-01
  6452.000  7.62310e-01
  6453.000  7.66980e-01
  6454.000  7.73010e-01
  6455.000  7.75480e-01
  6456.000  7.74630e-01
  6457.000  7.73360e-01
  6458.000  7.74120e-01
  6459.000  7.78690e-01
  6460.000  7.84420e-01
  6461.000  7.86750e-01
  6462.000  7.84190e-01
  6463.000  7.77490e-01
  6464.000  7.71650e-01
  6465.000  7.70680e-01
  6466.000  7.74140e-01
  6467.000  7.81040e-01
  6468.000  7.87100e-01
  6469.000  7.90150e-01
  6470.000  7.89900e-01
  6471.000  7.86740e-01
  6472.000  7.84660e-01
  6473.000  7.82450e-01
  6474.000  7.82700e-01
  6475.000  7.84740e-01
  6476.000  7.86270e-01
  6477.000  7.87370e-01
  6478.000  7.88270e-01
  6479.000  7.89210e-01
  6480.000  7.89080e-01
  6481.000  7.86120e-01
  6482.000  7.80880e-01
  6483.000  7.75780e-01
  6484.000  7.72260e-01
  6485.000  7.72150e-01
  6486.000  7.76240e-01
  6487.000  7.80990e-01
  6488.000  7.84400e-01
  6489.000  7.84880e-01
  6490.000  7.82860e-01
  6491.000  7.79960e-01
  6492.000  7.73020e-01
  6493.000  7.63300e-01
  6494.000  7.53100e-01
  6495.000  7.38650e-01
  6496.000  7.25430e-01
  6497.000  7.18620e-01
  6498.000  7.18270e-01
  6499.000  7.23450e-01
  6500.000  7.33070e-01
  6501.000  7.43900e-01
  6502.000  7.54440e-01
  6503.000  7.63270e-01
  6504.000  7.70280e-01
  6505.000  7.75030e-01
  6506.000  7.78010e-01
  6507.000  7.79960e-01
  6508.000  7.79800e-01
  6509.000  7.79400e-01
  6510.000  7.78860e-01
  6511.000  7.78930e-01
  6512.000  7.80640e-01
  6513.000  7.81330e-01
  6514.000  7.80740e-01
  6515.000  7.79460e-01
  6516.000  7.75530e-01
  6517.000  7.71620e-01
  6518.000  7.68680e-01
  6519.000  7.67030e-01
  6520.000  7.68130e-01
  6521.000  7.70300e-01
  6522.000  7.74190e-01
  6523.000  7.77590e-01
  6524.000  7.79410e-01
  6525.000  7.79870e-01
  6526.000  7.80230e-01
  6527.000  7.77610e-01
  6528.000  7.74320e-01
  6529.000  7.71660e-01
  6530.000  7.71010e-01
  6531.000  7.72140e-01
  6532.000  7.71500e-01
  6533.000  7.70400e-01
  6534.000  7.68600e-01
  6535.000  7.70090e-01
  6536.000  7.70530e-01
  6537.000  7.72670e-01
  6538.000  7.74420e-01
  6539.000  7.75620e-01
  6540.000  7.75900e-01
  6541.000  7.76130e-01
  6542.000  7.76810e-01
  6543.000  7.79070e-01
  6544.000  7.82850e-01
  6545.000  7.98450e-01
  6546.000  8.58460e-01
  6547.000  1.00170e+00
  6548.000  1.19530e+00
  6549.000  1.38120e+00
  6550.000  1.42240e+00
  6551.000  1.31000e+00
  6552.000  1.09300e+00
  6553.000  9.06200e-01
  6554.000  8.02130e-01
  6555.000  7.57900e-01
  6556.000  7.46290e-01
  6557.000  7.50780e-01
  6558.000  7.80460e-01
  6559.000  8.85280e-01
  6560.000  1.22010e+00
  6561.000  2.22780e+00
  6562.000  4.18930e+00
  6563.000  6.56730e+00
  6564.000  8.45610e+00
  6565.000  8.39040e+00
  6566.000  6.66230e+00
  6567.000  4.05260e+00
  6568.000  2.16330e+00
  6569.000  1.19190e+00
  6570.000  8.56890e-01
  6571.000  7.75490e-01
  6572.000  7.51130e-01
  6573.000  7.42160e-01
  6574.000  7.38080e-01
  6575.000  7.38030e-01
  6576.000  7.41150e-01
  6577.000  7.48350e-01
  6578.000  7.62490e-01
  6579.000  7.85930e-01
  6580.000  8.33250e-01
  6581.000  9.69270e-01
  6582.000  1.32670e+00
  6583.000  1.89150e+00
  6584.000  2.52470e+00
  6585.000  2.85220e+00
  6586.000  2.66460e+00
  6587.000  2.08840e+00
  6588.000  1.43730e+00
  6589.000  1.04530e+00
  6590.000  8.54770e-01
  6591.000  7.97920e-01
  6592.000  7.78070e-01
  6593.000  7.65310e-01
  6594.000  7.54740e-01
  6595.000  7.49260e-01
  6596.000  7.49770e-01
  6597.000  7.54980e-01
  6598.000  7.59690e-01
  6599.000  7.63370e-01
  6600.000  7.64990e-01
  6601.000  7.67350e-01
  6602.000  7.69830e-01
  6603.000  7.72860e-01
  6604.000  7.73560e-01
  6605.000  7.70750e-01
  6606.000  7.67860e-01
  6607.000  7.64770e-01
  6608.000  7.61220e-01
  6609.000  7.58300e-01
  6610.000  7.56080e-01
  6611.000  7.56480e-01
  6612.000  7.60240e-01
  6613.000  7.64870e-01
  6614.000  7.69080e-01
  6615.000  7.70510e-01
  6616.000  7.71630e-01
  6617.000  7.73670e-01
  6618.000  7.74710e-01
  6619.000  7.74890e-01
  6620.000  7.75810e-01
  6621.000  7.76350e-01
  6622.000  7.77090e-01
  6623.000  7.75580e-01
  6624.000  7.72250e-01
  6625.000  7.67710e-01
  6626.000  7.63840e-01
  6627.000  7.63740e-01
  6628.000  7.65180e-01
  6629.000  7.67410e-01
  6630.000  7.68130e-01
  6631.000  7.67670e-01
  6632.000  7.65450e-01
  6633.000  7.62240e-01
  6634.000  7.58040e-01
  6635.000  7.55980e-01
  6636.000  7.55400e-01
  6637.000  7.58360e-01
  6638.000  7.62870e-01
  6639.000  7.65700e-01
  6640.000  7.66570e-01
  6641.000  7.66670e-01
  6642.000  7.66080e-01
  6643.000  7.65270e-01
  6644.000  7.61710e-01
  6645.000  7.58880e-01
  6646.000  7.58980e-01
  6647.000  7.59670e-01
  6648.000  7.61140e-01
  6649.000  7.63120e-01
  6650.000  7.64570e-01
  6651.000  7.64770e-01
  6652.000  7.63800e-01
  6653.000  7.63330e-01
  6654.000  7.63350e-01
  6655.000  7.62840e-01
  6656.000  7.62580e-01
  6657.000  7.63920e-01
  6658.000  7.63800e-01
  6659.000  7.64160e-01
  6660.000  7.63060e-01
  6661.000  7.61880e-01
  6662.000  7.59600e-01
  6663.000  7.57030e-01
  6664.000  7.52840e-01
  6665.000  7.50920e-01
  6666.000  7.51420e-01
  6667.000  7.53360e-01
  6668.000  7.57100e-01
  6669.000  7.61100e-01
  6670.000  7.61760e-01
  6671.000  7.62950e-01
  6672.000  7.64350e-01
  6673.000  7.65100e-01
  6674.000  7.65930e-01
  6675.000  7.68290e-01
  6676.000  7.71880e-01
  6677.000  7.82190e-01
  6678.000  8.00020e-01
  6679.000  8.13220e-01
  6680.000  8.17050e-01
  6681.000  8.06000e-01
  6682.000  7.88570e-01
  6683.000  7.72740e-01
  6684.000  7.64210e-01
  6685.000  7.61490e-01
  6686.000  7.61470e-01
  6687.000  7.61310e-01
  6688.000  7.60430e-01
  6689.000  7.60570e-01
  6690.000  7.60740e-01
  6691.000  7.61560e-01
  6692.000  7.61210e-01
  6693.000  7.61980e-01
  6694.000  7.62040e-01
  6695.000  7.61060e-01
  6696.000  7.58180e-01
  6697.000  7.54960e-01
  6698.000  7.53200e-01
  6699.000  7.52760e-01
  6700.000  7.53450e-01
  6701.000  7.54950e-01
  6702.000  7.57150e-01
  6703.000  7.57170e-01
  6704.000  7.55690e-01
  6705.000  7.52860e-01
  6706.000  7.51680e-01
  6707.000  7.52200e-01
  6708.000  7.53870e-01
  6709.000  7.55260e-01
  6710.000  7.57480e-01
  6711.000  7.61440e-01
  6712.000  7.71760e-01
  6713.000  8.02100e-01
  6714.000  9.00760e-01
  6715.000  1.15180e+00
  6716.000  1.53100e+00
  6717.000  1.97730e+00
  6718.000  2.20190e+00
  6719.000  2.09750e+00
  6720.000  1.69610e+00
  6721.000  1.25910e+00
  6722.000  9.61140e-01
  6723.000  8.16640e-01
  6724.000  7.75290e-01
  6725.000  7.64490e-01
  6726.000  7.65760e-01
  6727.000  7.78340e-01
  6728.000  8.21640e-01
  6729.000  9.58270e-01
  6730.000  1.19610e+00
  6731.000  1.52550e+00
  6732.000  1.76830e+00
  6733.000  1.78420e+00
  6734.000  1.56130e+00
  6735.000  1.23310e+00
  6736.000  9.75610e-01
  6737.000  8.25320e-01
  6738.000  7.73710e-01
  6739.000  7.55500e-01
  6740.000  7.47900e-01
  6741.000  7.44380e-01
  6742.000  7.43110e-01
  6743.000  7.41820e-01
  6744.000  7.40330e-01
  6745.000  7.39730e-01
  6746.000  7.39520e-01
  6747.000  7.40230e-01
  6748.000  7.41530e-01
  6749.000  7.39860e-01
  6750.000  7.37290e-01
  6751.000  7.35860e-01
  6752.000  7.36010e-01
  6753.000  7.35950e-01
  6754.000  7.36470e-01
  6755.000  7.38310e-01
  6756.000  7.39200e-01
  6757.000  7.41260e-01
  6758.000  7.43460e-01
  6759.000  7.46410e-01
  6760.000  7.48940e-01
  6761.000  7.50440e-01
  6762.000  7.50750e-01
  6763.000  7.50670e-01
  6764.000  7.50070e-01
  6765.000  7.48740e-01
  6766.000  7.47370e-01
  6767.000  7.44370e-01
  6768.000  7.41170e-01
  6769.000  7.38260e-01
  6770.000  7.37640e-01
  6771.000  7.38490e-01
  6772.000  7.38380e-01
  6773.000  7.39690e-01
  6774.000  7.41420e-01
  6775.000  7.44420e-01
  6776.000  7.47470e-01
  6777.000  7.48990e-01
  6778.000  7.51350e-01
  6779.000  7.51720e-01
  6780.000  7.52230e-01
  6781.000  7.50830e-01
  6782.000  7.48890e-01
  6783.000  7.45830e-01
  6784.000  7.41100e-01
  6785.000  7.36720e-01
  6786.000  7.35120e-01
  6787.000  7.34370e-01
  6788.000  7.35060e-01
  6789.000  7.37180e-01
  6790.000  7.39740e-01
  6791.000  7.40590e-01
  6792.000  7.41090e-01
  6793.000  7.40410e-01
  6794.000  7.39380e-01
  6795.000  7.38400e-01
  6796.000  7.37390e-01
  6797.000  7.36780e-01
  6798.000  7.38630e-01
  6799.000  7.40210e-01
  6800.000  7.42180e-01
  6801.000  7.43190e-01
  6802.000  7.45130e-01
  6803.000  7.43960e-01
  6804.000  7.42740e-01
  6805.000  7.42470e-01
  6806.000  7.42540e-01
  6807.000  7.42130e-01
  6808.000  7.41540e-01
  6809.000  7.41240e-01
  6810.000  7.39850e-01
  6811.000  7.39950e-01
  6812.000  7.38850e-01
  6813.000  7.40810e-01
  6814.000  7.42560e-01
  6815.000  7.43140e-01
  6816.000  7.41710e-01
  6817.000  7.40400e-01
  6818.000  7.40570e-01
  6819.000  7.41000e-01
  6820.000  7.42110e-01
  6821.000  7.41960e-01
  6822.000  7.43010e-01
  6823.000  7.43670e-01
  6824.000  7.43740e-01
  6825.000  7.45250e-01
  6826.000  7.47200e-01
  6827.000  7.45960e-01
  6828.000  7.42370e-01
  6829.000  7.39350e-01
  6830.000  7.37840e-01
  6831.000  7.38150e-01
  6832.000  7.39620e-01
  6833.000  7.40050e-01
  6834.000  7.41430e-01
  6835.000  7.42810e-01
  6836.000  7.43260e-01
  6837.000  7.43050e-01
  6838.000  7.42110e-01
  6839.000  7.38260e-01
  6840.000  7.33800e-01
  6841.000  7.29610e-01
  6842.000  7.27780e-01
  6843.000  7.24890e-01
  6844.000  7.25040e-01
  6845.000  7.29160e-01
  6846.000  7.32550e-01
  6847.000  7.37610e-01
  6848.000  7.40350e-01
  6849.000  7.41090e-01
  6850.000  7.40180e-01
  6851.000  7.39440e-01
  6852.000  7.39140e-01
  6853.000  7.38170e-01
  6854.000  7.37090e-01
  6855.000  7.33690e-01
  6856.000  7.29100e-01
  6857.000  7.26140e-01
  6858.000  7.24600e-01
  6859.000  7.24550e-01
  6860.000  7.25540e-01
  6861.000  7.27010e-01
  6862.000  7.26950e-01
  6863.000  7.28010e-01
  6864.000  7.30450e-01
  6865.000  7.33950e-01
  6866.000  7.36510e-01
  6867.000  7.38550e-01
  6868.000  7.40140e-01
  6869.000  7.42140e-01
  6870.000  7.43200e-01
  6871.000  7.42920e-01
  6872.000  7.42310e-01
  6873.000  7.39540e-01
  6874.000  7.37260e-01
  6875.000  7.37350e-01
  6876.000  7.37310e-01
  6877.000  7.37110e-01
  6878.000  7.37770e-01
  6879.000  7.38900e-01
  6880.000  7.39770e-01
  6881.000  7.38260e-01
  6882.000  7.35310e-01
  6883.000  7.32280e-01
  6884.000  7.30770e-01
  6885.000  7.31240e-01
  6886.000  7.33570e-01
  6887.000  7.37260e-01
  6888.000  7.38950e-01
  6889.000  7.40840e-01
  6890.000  7.43010e-01
  6891.000  7.42780e-01
  6892.000  7.44560e-01
  6893.000  7.45020e-01
  6894.000  7.44670e-01
  6895.000  7.41830e-01
  6896.000  7.40970e-01
  6897.000  7.41340e-01
  6898.000  7.40200e-01
  6899.000  7.40060e-01
  6900.000  7.38890e-01
  6901.000  7.38860e-01
  6902.000  7.38360e-01
  6903.000  7.38830e-01
  6904.000  7.38960e-01
  6905.000  7.40140e-01
  6906.000  7.42580e-01
  6907.000  7.42560e-01
  6908.000  7.42360e-01
  6909.000  7.42650e-01
  6910.000  7.41790e-01
  6911.000  7.40390e-01
  6912.000  7.38300e-01
  6913.000  7.35400e-01
  6914.000  7.32310e-01
  6915.000  7.29070e-01
  6916.000  7.26790e-01
  6917.000  7.26460e-01
  6918.000  7.26570e-01
  6919.000  7.28870e-01
  6920.000  7.31580e-01
  6921.000  7.34090e-01
  6922.000  7.35050e-01
  6923.000  7.35710e-01
  6924.000  7.33360e-01
  6925.000  7.30270e-01
  6926.000  7.26080e-01
  6927.000  7.22700e-01
  6928.000  7.22100e-01
  6929.000  7.24570e-01
  6930.000  7.27360e-01
  6931.000  7.29620e-01
  6932.000  7.30310e-01
  6933.000  7.29000e-01
  6934.000  7.28060e-01
  6935.000  7.27490e-01
  6936.000  7.27150e-01
  6937.000  7.29500e-01
  6938.000  7.29730e-01
  6939.000  7.30600e-01
  6940.000  7.30930e-01
  6941.000  7.32760e-01
  6942.000  7.33430e-01
  6943.000  7.30570e-01
  6944.000  7.28150e-01
  6945.000  7.24490e-01
  6946.000  7.20070e-01
  6947.000  7.18920e-01
  6948.000  7.21370e-01
  6949.000  7.23790e-01
  6950.000  7.26830e-01
  6951.000  7.26550e-01
  6952.000  7.24990e-01
  6953.000  7.22290e-01
  6954.000  7.19940e-01
  6955.000  7.19730e-01
  6956.000  7.22350e-01
  6957.000  7.24250e-01
  6958.000  7.25640e-01
  6959.000  7.27870e-01
  6960.000  7.29680e-01
  6961.000  7.30550e-01
  6962.000  7.30290e-01
  6963.000  7.30440e-01
  6964.000  7.30580e-01
  6965.000  7.31150e-01
  6966.000  7.32030e-01
  6967.000  7.32040e-01
  6968.000  7.32450e-01
  6969.000  7.33420e-01
  6970.000  7.32370e-01
  6971.000  7.30910e-01
  6972.000  7.32010e-01
  6973.000  7.32660e-01
  6974.000  7.31560e-01
  6975.000  7.30130e-01
  6976.000  7.27650e-01
  6977.000  7.21640e-01
  6978.000  7.14950e-01
  6979.000  7.08130e-01
  6980.000  7.04870e-01
  6981.000  7.04880e-01
  6982.000  7.09640e-01
  6983.000  7.17810e-01
  6984.000  7.24180e-01
  6985.000  7.29260e-01
  6986.000  7.32650e-01
  6987.000  7.33630e-01
  6988.000  7.32100e-01
  6989.000  7.31210e-01
  6990.000  7.29150e-01
  6991.000  7.26750e-01
  6992.000  7.27490e-01
  6993.000  7.28280e-01
  6994.000  7.28980e-01
  6995.000  7.29320e-01
  6996.000  7.28170e-01
  6997.000  7.28270e-01
  6998.000  7.28180e-01
  6999.000  7.24890e-01
  7000.000  7.22540e-01
  7001.000  7.19700e-01
  7002.000  7.18910e-01
  7003.000  7.18560e-01
  7004.000  7.19780e-01
  7005.000  7.20610e-01
  7006.000  7.19580e-01
  7007.000  7.18250e-01
  7008.000  7.18620e-01
  7009.000  7.20880e-01
  7010.000  7.22790e-01
  7011.000  7.25390e-01
  7012.000  7.25590e-01
  7013.000  7.24640e-01
  7014.000  7.23580e-01
  7015.000  7.21540e-01
  7016.000  7.17250e-01
  7017.000  7.12080e-01
  7018.000  7.09680e-01
  7019.000  7.10120e-01
  7020.000  7.15410e-01
  7021.000  7.22140e-01
  7022.000  7.23460e-01
  7023.000  7.22990e-01
  7024.000  7.20880e-01
  7025.000  7.17590e-01
  7026.000  7.15030e-01
  7027.000  7.16570e-01
  7028.000  7.18820e-01
  7029.000  7.21160e-01
  7030.000  7.23630e-01
  7031.000  7.25170e-01
  7032.000  7.24740e-01
  7033.000  7.24460e-01
  7034.000  7.24310e-01
  7035.000  7.23920e-01
  7036.000  7.23790e-01
  7037.000  7.23830e-01
  7038.000  7.21610e-01
  7039.000  7.19580e-01
  7040.000  7.18100e-01
  7041.000  7.20300e-01
  7042.000  7.26000e-01
  7043.000  7.33130e-01
  7044.000  7.35280e-01
  7045.000  7.34780e-01
  7046.000  7.34360e-01
  7047.000  7.33690e-01
  7048.000  7.35220e-01
  7049.000  7.36480e-01
  7050.000  7.36810e-01
  7051.000  7.36550e-01
  7052.000  7.33270e-01
  7053.000  7.25380e-01
  7054.000  7.18390e-01
  7055.000  7.12040e-01
  7056.000  7.09020e-01
  7057.000  7.09180e-01
  7058.000  7.08710e-01
  7059.000  7.08620e-01
  7060.000  7.09400e-01
  7061.000  7.08180e-01
  7062.000  7.05750e-01
  7063.000  7.07730e-01
  7064.000  7.15580e-01
  7065.000  7.27140e-01
  7066.000  7.38630e-01
  7067.000  7.40400e-01
  7068.000  7.33660e-01
  7069.000  7.17850e-01
  7070.000  7.07460e-01
  7071.000  7.02410e-01
  7072.000  7.04930e-01
  7073.000  7.07570e-01
  7074.000  7.10800e-01
  7075.000  7.12660e-01
  7076.000  7.12080e-01
  7077.000  7.11990e-01
  7078.000  7.11470e-01
  7079.000  7.11220e-01
  7080.000  7.13600e-01
  7081.000  7.13470e-01
  7082.000  7.13060e-01
  7083.000  7.11180e-01
  7084.000  7.06070e-01
  7085.000  6.99880e-01
  7086.000  6.94920e-01
  7087.000  6.91450e-01
  7088.000  6.90980e-01
  7089.000  6.89310e-01
  7090.000  6.88130e-01
  7091.000  6.87520e-01
  7092.000  6.85390e-01
  7093.000  6.85590e-01
  7094.000  6.86220e-01
  7095.000  6.86980e-01
  7096.000  6.88720e-01
  7097.000  6.88420e-01
  7098.000  6.89640e-01
  7099.000  6.92390e-01
  7100.000  6.93610e-01
  7101.000  6.93580e-01
  7102.000  6.93670e-01
  7103.000  6.92230e-01
  7104.000  6.92860e-01
  7105.000  6.93610e-01
  7106.000  6.92910e-01
  7107.000  6.93750e-01
  7108.000  6.93720e-01
  7109.000  6.92660e-01
  7110.000  6.90100e-01
  7111.000  6.88240e-01
  7112.000  6.85800e-01
  7113.000  6.85360e-01
  7114.000  6.84420e-01
  7115.000  6.83670e-01
  7116.000  6.86170e-01
  7117.000  6.87480e-01
  7118.000  6.89600e-01
  7119.000  6.90090e-01
  7120.000  6.88940e-01
  7121.000  6.88400e-01
  7122.000  6.88490e-01
  7123.000  6.86460e-01
  7124.000  6.86410e-01
  7125.000  6.85640e-01
  7126.000  6.83640e-01
  7127.000  6.83080e-01
  7128.000  6.80020e-01
  7129.000  6.76610e-01
  7130.000  6.74070e-01
  7131.000  6.71810e-01
  7132.000  6.72450e-01
  7133.000  6.79320e-01
  7134.000  6.97740e-01
  7135.000  7.31890e-01
  7136.000  7.79640e-01
  7137.000  8.10670e-01
  7138.000  8.16650e-01
  7139.000  7.87430e-01
  7140.000  7.48130e-01
  7141.000  7.10950e-01
  7142.000  6.92510e-01
  7143.000  6.84760e-01
  7144.000  6.84300e-01
  7145.000  6.82950e-01
  7146.000  6.80820e-01
  7147.000  6.78180e-01
  7148.000  6.74400e-01
  7149.000  6.70660e-01
  7150.000  6.68830e-01
  7151.000  6.69360e-01
  7152.000  6.72520e-01
  7153.000  6.77530e-01
  7154.000  6.83570e-01
  7155.000  6.85440e-01
  7156.000  6.86740e-01
  7157.000  6.88440e-01
  7158.000  6.87350e-01
  7159.000  6.85770e-01
  7160.000  6.85710e-01
  7161.000  6.84700e-01
  7162.000  6.81860e-01
  7163.000  6.79560e-01
  7164.000  6.77630e-01
  7165.000  6.74260e-01
  7166.000  6.71000e-01
  7167.000  6.70490e-01
  7168.000  6.73290e-01
  7169.000  6.77840e-01
  7170.000  6.82100e-01
  7171.000  6.85620e-01
  7172.000  6.86950e-01
  7173.000  6.89340e-01
  7174.000  6.89380e-01
  7175.000  6.89230e-01
  7176.000  6.88050e-01
  7177.000  6.85250e-01
  7178.000  6.83650e-01
  7179.000  6.82500e-01
  7180.000  6.81860e-01
  7181.000  6.79820e-01
  7182.000  6.77770e-01
  7183.000  6.75030e-01
  7184.000  6.76100e-01
  7185.000  6.79090e-01
  7186.000  6.79900e-01
  7187.000  6.78340e-01
  7188.000  6.73920e-01
  7189.000  6.69430e-01
  7190.000  6.65660e-01
  7191.000  6.65210e-01
  7192.000  6.69890e-01
  7193.000  6.72870e-01
  7194.000  6.73900e-01
  7195.000  6.75200e-01
  7196.000  6.75630e-01
  7197.000  6.76730e-01
  7198.000  6.77080e-01
  7199.000  6.77150e-01
  7200.000  6.76990e-01
  7201.000  6.75860e-01
  7202.000  6.75120e-01
  7203.000  6.73900e-01
  7204.000  6.75620e-01
  7205.000  6.76410e-01
  7206.000  6.75630e-01
  7207.000  6.73850e-01
  7208.000  6.69620e-01
  7209.000  6.65400e-01
  7210.000  6.64880e-01
  7211.000  6.68070e-01
  7212.000  6.73870e-01
  7213.000  6.78680e-01
  7214.000  6.81320e-01
  7215.000  6.77840e-01
  7216.000  6.76460e-01
  7217.000  6.77050e-01
  7218.000  6.79530e-01
  7219.000  6.81660e-01
  7220.000  6.82320e-01
  7221.000  6.82280e-01
  7222.000  6.79690e-01
  7223.000  6.76620e-01
  7224.000  6.74280e-01
  7225.000  6.72520e-01
  7226.000  6.74200e-01
  7227.000  6.77450e-01
  7228.000  6.79260e-01
  7229.000  6.82060e-01
  7230.000  6.84970e-01
  7231.000  6.86900e-01
  7232.000  6.89030e-01
  7233.000  6.91570e-01
  7234.000  6.94200e-01
  7235.000  6.94170e-01
  7236.000  6.92690e-01
  7237.000  6.91330e-01
  7238.000  6.89550e-01
  7239.000  6.88220e-01
  7240.000  6.88580e-01
  7241.000  6.87830e-01
  7242.000  6.87330e-01
  7243.000  6.87630e-01
  7244.000  6.87100e-01
  7245.000  6.85970e-01
  7246.000  6.83480e-01
  7247.000  6.83050e-01
  7248.000  6.85010e-01
  7249.000  6.87440e-01
  7250.000  6.90260e-01
  7251.000  6.90230e-01
  7252.000  6.86830e-01
  7253.000  6.84350e-01
  7254.000  6.83440e-01
  7255.000  6.84930e-01
  7256.000  6.89640e-01
  7257.000  6.92780e-01
  7258.000  6.94590e-01
  7259.000  6.94020e-01
  7260.000  6.90290e-01
  7261.000  6.86600e-01
  7262.000  6.82050e-01
  7263.000  6.79490e-01
  7264.000  6.79760e-01
  7265.000  6.81760e-01
  7266.000  6.83920e-01
  7267.000  6.87850e-01
  7268.000  6.90380e-01
  7269.000  6.92730e-01
  7270.000  6.93540e-01
  7271.000  6.93330e-01
  7272.000  6.90710e-01
  7273.000  6.88580e-01
  7274.000  6.88640e-01
  7275.000  6.88830e-01
  7276.000  6.87940e-01
  7277.000  6.88980e-01
  7278.000  6.90920e-01
  7279.000  6.91560e-01
  7280.000  6.90880e-01
  7281.000  6.91340e-01
  7282.000  6.90310e-01
  7283.000  6.89700e-01
  7284.000  6.85770e-01
  7285.000  6.81290e-01
  7286.000  6.79300e-01
  7287.000  6.79600e-01
  7288.000  6.80940e-01
  7289.000  6.81150e-01
  7290.000  6.79100e-01
  7291.000  6.77420e-01
  7292.000  6.76810e-01
  7293.000  6.75220e-01
  7294.000  6.76020e-01
  7295.000  6.78920e-01
  7296.000  6.82110e-01
  7297.000  6.88840e-01
  7298.000  6.92670e-01
  7299.000  6.93620e-01
  7300.000  6.91670e-01
  7301.000  6.89420e-01
  7302.000  6.88420e-01
  7303.000  6.87240e-01
  7304.000  6.88110e-01
  7305.000  6.88680e-01
  7306.000  6.89820e-01
  7307.000  6.89400e-01
  7308.000  6.87180e-01
  7309.000  6.84400e-01
  7310.000  6.82390e-01
  7311.000  6.82580e-01
  7312.000  6.83100e-01
  7313.000  6.83040e-01
  7314.000  6.86470e-01
  7315.000  6.88250e-01
  7316.000  6.91700e-01
  7317.000  6.92880e-01
  7318.000  6.98860e-01
  7319.000  7.10440e-01
  7320.000  7.25620e-01
  7321.000  7.39080e-01
  7322.000  7.41260e-01
  7323.000  7.34430e-01
  7324.000  7.18840e-01
  7325.000  7.05260e-01
  7326.000  6.92990e-01
  7327.000  6.88230e-01
  7328.000  6.89090e-01
  7329.000  7.00120e-01
  7330.000  7.13160e-01
  7331.000  7.26760e-01
  7332.000  7.32580e-01
  7333.000  7.27680e-01
  7334.000  7.16160e-01
  7335.000  7.06400e-01
  7336.000  6.96740e-01
  7337.000  6.94710e-01
  7338.000  6.95160e-01
  7339.000  6.96660e-01
  7340.000  6.97760e-01
  7341.000  6.97860e-01
  7342.000  6.97250e-01
  7343.000  6.95630e-01
  7344.000  6.93360e-01
  7345.000  6.89350e-01
  7346.000  6.85930e-01
  7347.000  6.85070e-01
  7348.000  6.88680e-01
  7349.000  6.91620e-01
  7350.000  6.93400e-01
  7351.000  6.91630e-01
  7352.000  6.88290e-01
  7353.000  6.86140e-01
  7354.000  6.84900e-01
  7355.000  6.81040e-01
  7356.000  6.76870e-01
  7357.000  6.74070e-01
  7358.000  6.73290e-01
  7359.000  6.74230e-01
  7360.000  6.78410e-01
  7361.000  6.84800e-01
  7362.000  6.87110e-01
  7363.000  6.84470e-01
  7364.000  6.82530e-01
  7365.000  6.81790e-01
  7366.000  6.81850e-01
  7367.000  6.82200e-01
  7368.000  6.85810e-01
  7369.000  6.88250e-01
  7370.000  6.92150e-01
  7371.000  6.93450e-01
  7372.000  6.94680e-01
  7373.000  6.96340e-01
  7374.000  6.96370e-01
  7375.000  6.97860e-01
  7376.000  7.00320e-01
  7377.000  7.04540e-01
  7378.000  7.08810e-01
  7379.000  7.14060e-01
  7380.000  7.17620e-01
  7381.000  7.14360e-01
  7382.000  7.07950e-01
  7383.000  7.01110e-01
  7384.000  6.93580e-01
  7385.000  6.88320e-01
  7386.000  6.84380e-01
  7387.000  6.82040e-01
  7388.000  6.80150e-01
  7389.000  6.77140e-01
  7390.000  6.76040e-01
  7391.000  6.77600e-01
  7392.000  6.78890e-01
  7393.000  6.81650e-01
  7394.000  6.84580e-01
  7395.000  6.86230e-01
  7396.000  6.88350e-01
  7397.000  6.91330e-01
  7398.000  6.95030e-01
  7399.000  6.94000e-01
  7400.000  6.88940e-01
  7401.000  6.85330e-01
  7402.000  6.84450e-01
  7403.000  6.85040e-01
  7404.000  6.88810e-01
  7405.000  6.90980e-01
  7406.000  6.93230e-01
  7407.000  6.94790e-01
  7408.000  6.91040e-01
  7409.000  6.85750e-01
  7410.000  6.82730e-01
  7411.000  6.81810e-01
  7412.000  6.84040e-01
  7413.000  6.85240e-01
  7414.000  6.84880e-01
  7415.000  6.82840e-01
  7416.000  6.77970e-01
  7417.000  6.73450e-01
  7418.000  6.70190e-01
  7419.000  6.71770e-01
  7420.000  6.74420e-01
  7421.000  6.77480e-01
  7422.000  6.78080e-01
  7423.000  6.77510e-01
  7424.000  6.76520e-01
  7425.000  6.76700e-01
  7426.000  6.78190e-01
  7427.000  6.81900e-01
  7428.000  6.89540e-01
  7429.000  6.91310e-01
  7430.000  6.92390e-01
  7431.000  6.90890e-01
  7432.000  6.87560e-01
  7433.000  6.85630e-01
  7434.000  6.83480e-01
  7435.000  6.85500e-01
  7436.000  6.88760e-01
  7437.000  6.90450e-01
  7438.000  6.90760e-01
  7439.000  6.90400e-01
  7440.000  6.87640e-01
  7441.000  6.83480e-01
  7442.000  6.82670e-01
  7443.000  6.83550e-01
  7444.000  6.82830e-01
  7445.000  6.81820e-01
  7446.000  6.79340e-01
  7447.000  6.76610e-01
  7448.000  6.77030e-01
  7449.000  6.78880e-01
  7450.000  6.81820e-01
  7451.000  6.84720e-01
  7452.000  6.87690e-01
  7453.000  6.90290e-01
  7454.000  6.91970e-01
  7455.000  6.93840e-01
  7456.000  6.93920e-01
  7457.000  6.94600e-01
  7458.000  6.93060e-01
  7459.000  6.89700e-01
  7460.000  6.87350e-01
  7461.000  6.84600e-01
  7462.000  6.79630e-01
  7463.000  6.74950e-01
  7464.000  6.72670e-01
  7465.000  6.73310e-01
  7466.000  6.79550e-01
  7467.000  6.89850e-01
  7468.000  6.96540e-01
  7469.000  6.98980e-01
  7470.000  6.97360e-01
  7471.000  6.96560e-01
  7472.000  6.91460e-01
  7473.000  6.85920e-01
  7474.000  6.84120e-01
  7475.000  6.81870e-01
  7476.000  6.81780e-01
  7477.000  6.80890e-01
  7478.000  6.81030e-01
  7479.000  6.84910e-01
  7480.000  6.86880e-01
  7481.000  6.85470e-01
  7482.000  6.84150e-01
  7483.000  6.82290e-01
  7484.000  6.81330e-01
  7485.000  6.79760e-01
  7486.000  6.81070e-01
  7487.000  6.85180e-01
  7488.000  6.89080e-01
  7489.000  6.89930e-01
  7490.000  6.87930e-01
  7491.000  6.84170e-01
  7492.000  6.80560e-01
  7493.000  6.77490e-01
  7494.000  6.73120e-01
  7495.000  6.69320e-01
  7496.000  6.67360e-01
  7497.000  6.68180e-01
  7498.000  6.71640e-01
  7499.000  6.77410e-01
  7500.000  6.83560e-01
  7501.000  6.87360e-01
  7502.000  6.87740e-01
  7503.000  6.87740e-01
  7504.000  6.87360e-01
  7505.000  6.87040e-01
  7506.000  6.85840e-01
  7507.000  6.84750e-01
  7508.000  6.83350e-01
  7509.000  6.81670e-01
  7510.000  6.80080e-01
  7511.000  6.78810e-01
  7512.000  6.76860e-01
  7513.000  6.75050e-01
  7514.000  6.75750e-01
  7515.000  6.80150e-01
  7516.000  6.84530e-01
  7517.000  6.87970e-01
  7518.000  6.89640e-01
  7519.000  6.91300e-01
  7520.000  6.91730e-01
  7521.000  6.91620e-01
  7522.000  6.89800e-01
  7523.000  6.86110e-01
  7524.000  6.82330e-01
  7525.000  6.79480e-01
  7526.000  6.77590e-01
  7527.000  6.78760e-01
  7528.000  6.81550e-01
  7529.000  6.83940e-01
  7530.000  6.83870e-01
  7531.000  6.83510e-01
  7532.000  6.82900e-01
  7533.000  6.80990e-01
  7534.000  6.81440e-01
  7535.000  6.83590e-01
  7536.000  6.86020e-01
  7537.000  6.88630e-01
  7538.000  6.90270e-01
  7539.000  6.89660e-01
  7540.000  6.87370e-01
  7541.000  6.85820e-01
  7542.000  6.84950e-01
  7543.000  6.86310e-01
  7544.000  6.87670e-01
  7545.000  6.87140e-01
  7546.000  6.84590e-01
  7547.000  6.82420e-01
  7548.000  6.81060e-01
  7549.000  6.81750e-01
  7550.000  6.82620e-01
  7551.000  6.84720e-01
  7552.000  6.85130e-01
  7553.000  6.85920e-01
  7554.000  6.86250e-01
  7555.000  6.82100e-01
  7556.000  6.78770e-01
  7557.000  6.77030e-01
  7558.000  6.78440e-01
  7559.000  6.80870e-01
  7560.000  6.81630e-01
  7561.000  6.81210e-01
  7562.000  6.79980e-01
  7563.000  6.78620e-01
  7564.000  6.78830e-01
  7565.000  6.80090e-01
  7566.000  6.80720e-01
  7567.000  6.80000e-01
  7568.000  6.78460e-01
  7569.000  6.77320e-01
  7570.000  6.76400e-01
  7571.000  6.75770e-01
  7572.000  6.75410e-01
  7573.000  6.76770e-01
  7574.000  6.77260e-01
  7575.000  6.78740e-01
  7576.000  6.79510e-01
  7577.000  6.78600e-01
  7578.000  6.80510e-01
  7579.000  6.82020e-01
  7580.000  6.82870e-01
  7581.000  6.82360e-01
  7582.000  6.79840e-01
  7583.000  6.76920e-01
  7584.000  6.72890e-01
  7585.000  6.68800e-01
  7586.000  6.66190e-01
  7587.000  6.64980e-01
  7588.000  6.64350e-01
  7589.000  6.62570e-01
  7590.000  6.62750e-01
  7591.000  6.63850e-01
  7592.000  6.64830e-01
  7593.000  6.64820e-01
  7594.000  6.65900e-01
  7595.000  6.67820e-01
  7596.000  6.68780e-01
  7597.000  6.68690e-01
  7598.000  6.68960e-01
  7599.000  6.68570e-01
  7600.000  6.67640e-01
  7601.000  6.66110e-01
  7602.000  6.63390e-01
  7603.000  6.62480e-01
  7604.000  6.63240e-01
  7605.000  6.63590e-01
  7606.000  6.63380e-01
  7607.000  6.63360e-01
  7608.000  6.64420e-01
  7609.000  6.63550e-01
  7610.000  6.63060e-01
  7611.000  6.64110e-01
  7612.000  6.64080e-01
  7613.000  6.64840e-01
  7614.000  6.65460e-01
  7615.000  6.64150e-01
  7616.000  6.60150e-01
  7617.000  6.55680e-01
  7618.000  6.51540e-01
  7619.000  6.48970e-01
  7620.000  6.46460e-01
  7621.000  6.46920e-01
  7622.000  6.50540e-01
  7623.000  6.54570e-01
  7624.000  6.59600e-01
  7625.000  6.64070e-01
  7626.000  6.66670e-01
  7627.000  6.66800e-01
  7628.000  6.65030e-01
  7629.000  6.61880e-01
  7630.000  6.59780e-01
  7631.000  6.56740e-01
  7632.000  6.57970e-01
  7633.000  6.59050e-01
  7634.000  6.59340e-01
  7635.000  6.59720e-01
  7636.000  6.60210e-01
  7637.000  6.59790e-01
  7638.000  6.59420e-01
  7639.000  6.59210e-01
  7640.000  6.59730e-01
  7641.000  6.59270e-01
  7642.000  6.58150e-01
  7643.000  6.58070e-01
  7644.000  6.59310e-01
  7645.000  6.60550e-01
  7646.000  6.61560e-01
  7647.000  6.60450e-01
  7648.000  6.58570e-01
  7649.000  6.57120e-01
  7650.000  6.55190e-01
  7651.000  6.54160e-01
  7652.000  6.53300e-01
  7653.000  6.51840e-01
  7654.000  6.51990e-01
  7655.000  6.49060e-01
  7656.000  6.45380e-01
  7657.000  6.43240e-01
  7658.000  6.42500e-01
  7659.000  6.38790e-01
  7660.000  6.34630e-01
  7661.000  6.33370e-01
  7662.000  6.33210e-01
  7663.000  6.30780e-01
  7664.000  6.26930e-01
  7665.000  6.21210e-01
  7666.000  6.14070e-01
  7667.000  6.15900e-01
  7668.000  6.21010e-01
  7669.000  6.28290e-01
  7670.000  6.35920e-01
  7671.000  6.40880e-01
  7672.000  6.42340e-01
  7673.000  6.44130e-01
  7674.000  6.44440e-01
  7675.000  6.44270e-01
  7676.000  6.44340e-01
  7677.000  6.45200e-01
  7678.000  6.47220e-01
  7679.000  6.47390e-01
  7680.000  6.45410e-01
  7681.000  6.43170e-01
  7682.000  6.41730e-01
  7683.000  6.42460e-01
  7684.000  6.45080e-01
  7685.000  6.46290e-01
  7686.000  6.46290e-01
  7687.000  6.48080e-01
  7688.000  6.48420e-01
  7689.000  6.47300e-01
  7690.000  6.46400e-01
  7691.000  6.44290e-01
  7692.000  6.40420e-01
  7693.000  6.38790e-01
  7694.000  6.40260e-01
  7695.000  6.41270e-01
  7696.000  6.42530e-01
  7697.000  6.41020e-01
  7698.000  6.38500e-01
  7699.000  6.34590e-01
  7700.000  6.30620e-01
  7701.000  6.30030e-01
  7702.000  6.33150e-01
  7703.000  6.37090e-01
  7704.000  6.41370e-01
  7705.000  6.45000e-01
  7706.000  6.45300e-01
  7707.000  6.46190e-01
  7708.000  6.45770e-01
  7709.000  6.43530e-01
  7710.000  6.41000e-01
  7711.000  6.38210e-01
  7712.000  6.32640e-01
  7713.000  6.29980e-01
  7714.000  6.27380e-01
  7715.000  6.23660e-01
  7716.000  6.22410e-01
  7717.000  6.24860e-01
  7718.000  6.29180e-01
  7719.000  6.32440e-01
  7720.000  6.36580e-01
  7721.000  6.38590e-01
  7722.000  6.39410e-01
  7723.000  6.39050e-01
  7724.000  6.36920e-01
  7725.000  6.37330e-01
  7726.000  6.37480e-01
  7727.000  6.36980e-01
  7728.000  6.37120e-01
  7729.000  6.38960e-01
  7730.000  6.38980e-01
  7731.000  6.40480e-01
  7732.000  6.43550e-01
  7733.000  6.45300e-01
  7734.000  6.46520e-01
  7735.000  6.48280e-01
  7736.000  6.47260e-01
  7737.000  6.47670e-01
  7738.000  6.49280e-01
  7739.000  6.50800e-01
  7740.000  6.50540e-01
  7741.000  6.49140e-01
  7742.000  6.47700e-01
  7743.000  6.45310e-01
  7744.000  6.42190e-01
  7745.000  6.39230e-01
  7746.000  6.36350e-01
  7747.000  6.34520e-01
  7748.000  6.31860e-01
  7749.000  6.29180e-01
  7750.000  6.31680e-01
  7751.000  6.40470e-01
  7752.000  6.49820e-01
  7753.000  6.60460e-01
  7754.000  6.62420e-01
  7755.000  6.58270e-01
  7756.000  6.52470e-01
  7757.000  6.47680e-01
  7758.000  6.44070e-01
  7759.000  6.43680e-01
  7760.000  6.43230e-01
  7761.000  6.41770e-01
  7762.000  6.41160e-01
  7763.000  6.42840e-01
  7764.000  6.43250e-01
  7765.000  6.44080e-01
  7766.000  6.42890e-01
  7767.000  6.42550e-01
  7768.000  6.43340e-01
  7769.000  6.43310e-01
  7770.000  6.41740e-01
  7771.000  6.39960e-01
  7772.000  6.35770e-01
  7773.000  6.30060e-01
  7774.000  6.25480e-01
  7775.000  6.22930e-01
  7776.000  6.23030e-01
  7777.000  6.24960e-01
  7778.000  6.27960e-01
  7779.000  6.30590e-01
  7780.000  6.32250e-01
  7781.000  6.33670e-01
  7782.000  6.34030e-01
  7783.000  6.33990e-01
  7784.000  6.34770e-01
  7785.000  6.36600e-01
  7786.000  6.39550e-01
  7787.000  6.40060e-01
  7788.000  6.37830e-01
  7789.000  6.35270e-01
  7790.000  6.34400e-01
  7791.000  6.34940e-01
  7792.000  6.35230e-01
  7793.000  6.37760e-01
  7794.000  6.41170e-01
  7795.000  6.41450e-01
  7796.000  6.42760e-01
  7797.000  6.41980e-01
  7798.000  6.39290e-01
  7799.000  6.36230e-01
  7800.000  6.33570e-01
  7801.000  6.33790e-01
  7802.000  6.36440e-01
  7803.000  6.39860e-01
  7804.000  6.43240e-01
  7805.000  6.45680e-01
  7806.000  6.45410e-01
  7807.000  6.43310e-01
  7808.000  6.40940e-01
  7809.000  6.40680e-01
  7810.000  6.39530e-01
  7811.000  6.37810e-01
  7812.000  6.38900e-01
  7813.000  6.40340e-01
  7814.000  6.41000e-01
  7815.000  6.43380e-01
  7816.000  6.45830e-01
  7817.000  6.47490e-01
  7818.000  6.49140e-01
  7819.000  6.48940e-01
  7820.000  6.49300e-01
  7821.000  6.49410e-01
  7822.000  6.45310e-01
  7823.000  6.44930e-01
  7824.000  6.47160e-01
  7825.000  6.46070e-01
  7826.000  6.45680e-01
  7827.000  6.46320e-01
  7828.000  6.45420e-01
  7829.000  6.43580e-01
  7830.000  6.38910e-01
  7831.000  6.36180e-01
  7832.000  6.32350e-01
  7833.000  6.28600e-01
  7834.000  6.26180e-01
  7835.000  6.24700e-01
  7836.000  6.25100e-01
  7837.000  6.27280e-01
  7838.000  6.28970e-01
  7839.000  6.32080e-01
  7840.000  6.33420e-01
  7841.000  6.34930e-01
  7842.000  6.36390e-01
  7843.000  6.37830e-01
  7844.000  6.38050e-01
  7845.000  6.39240e-01
  7846.000  6.39070e-01
  7847.000  6.38080e-01
  7848.000  6.38250e-01
  7849.000  6.38210e-01
  7850.000  6.33730e-01
  7851.000  6.32760e-01
  7852.000  6.31140e-01
  7853.000  6.28990e-01
  7854.000  6.28720e-01
  7855.000  6.29340e-01
  7856.000  6.28330e-01
  7857.000  6.31030e-01
  7858.000  6.34450e-01
  7859.000  6.36160e-01
  7860.000  6.36190e-01
  7861.000  6.35920e-01
  7862.000  6.37680e-01
  7863.000  6.36640e-01
  7864.000  6.36220e-01
  7865.000  6.36430e-01
  7866.000  6.35890e-01
  7867.000  6.36180e-01
  7868.000  6.37190e-01
  7869.000  6.38120e-01
  7870.000  6.34950e-01
  7871.000  6.33880e-01
  7872.000  6.32640e-01
  7873.000  6.31060e-01
  7874.000  6.30300e-01
  7875.000  6.27430e-01
  7876.000  6.26070e-01
  7877.000  6.28290e-01
  7878.000  6.29020e-01
  7879.000  6.26710e-01
  7880.000  6.27000e-01
  7881.000  6.27500e-01
  7882.000  6.25620e-01
  7883.000  6.24190e-01
  7884.000  6.25050e-01
  7885.000  6.25060e-01
  7886.000  6.26470e-01
  7887.000  6.28330e-01
  7888.000  6.29550e-01
  7889.000  6.31880e-01
  7890.000  6.33200e-01
  7891.000  6.32970e-01
  7892.000  6.33640e-01
  7893.000  6.34620e-01
  7894.000  6.32770e-01
  7895.000  6.27330e-01
  7896.000  6.22220e-01
  7897.000  6.16320e-01
  7898.000  6.14280e-01
  7899.000  6.14820e-01
  7900.000  6.16220e-01
  7901.000  6.17460e-01
  7902.000  6.20400e-01
  7903.000  6.22710e-01
  7904.000  6.23730e-01
  7905.000  6.25000e-01
  7906.000  6.26160e-01
  7907.000  6.24990e-01
  7908.000  6.22230e-01
  7909.000  6.20480e-01
  7910.000  6.19260e-01
  7911.000  6.14400e-01
  7912.000  6.12030e-01
  7913.000  6.11440e-01
  7914.000  6.10660e-01
  7915.000  6.09630e-01
  7916.000  6.08730e-01
  7917.000  6.11010e-01
  7918.000  6.09990e-01
  7919.000  6.10210e-01
  7920.000  6.11500e-01
  7921.000  6.10510e-01
  7922.000  6.10620e-01
  7923.000  6.13890e-01
  7924.000  6.15840e-01
  7925.000  6.15650e-01
  7926.000  6.14130e-01
  7927.000  6.13130e-01
  7928.000  6.12770e-01
  7929.000  6.15800e-01
  7930.000  6.15860e-01
  7931.000  6.12210e-01
  7932.000  6.10150e-01
  7933.000  6.09380e-01
  7934.000  6.10290e-01
  7935.000  6.10630e-01
  7936.000  6.10840e-01
  7937.000  6.10210e-01
  7938.000  6.06210e-01
  7939.000  6.03900e-01
  7940.000  6.03260e-01
  7941.000  6.03940e-01
  7942.000  6.05040e-01
  7943.000  6.05860e-01
  7944.000  6.02680e-01
  7945.000  5.99240e-01
  7946.000  5.95560e-01
  7947.000  5.94960e-01
  7948.000  5.97780e-01
  7949.000  5.99630e-01
  7950.000  6.02940e-01
  7951.000  6.08040e-01
  7952.000  6.11790e-01
  7953.000  6.13310e-01
  7954.000  6.14740e-01
  7955.000  6.16530e-01
  7956.000  6.16720e-01
  7957.000  6.15600e-01
  7958.000  6.15610e-01
  7959.000  6.15980e-01
  7960.000  6.17060e-01
  7961.000  6.18050e-01
  7962.000  6.18740e-01
  7963.000  6.20160e-01
  7964.000  6.19490e-01
  7965.000  6.19360e-01
  7966.000  6.18250e-01
  7967.000  6.18420e-01
  7968.000  6.20760e-01
  7969.000  6.21280e-01
  7970.000  6.21820e-01
  7971.000  6.22260e-01
  7972.000  6.21870e-01
  7973.000  6.21070e-01
  7974.000  6.21210e-01
  7975.000  6.22620e-01
  7976.000  6.22360e-01
  7977.000  6.22540e-01
  7978.000  6.23160e-01
  7979.000  6.20000e-01
  7980.000  6.16980e-01
  7981.000  6.15380e-01
  7982.000  6.17630e-01
  7983.000  6.21910e-01
  7984.000  6.23010e-01
  7985.000  6.21530e-01
  7986.000  6.20650e-01
  7987.000  6.19400e-01
  7988.000  6.17510e-01
  7989.000  6.17100e-01
  7990.000  6.16480e-01
  7991.000  6.18180e-01
  7992.000  6.22790e-01
  7993.000  6.24020e-01
  7994.000  6.21080e-01
  7995.000  6.17540e-01
  7996.000  6.14210e-01
  7997.000  6.12340e-01
  7998.000  6.12940e-01
  7999.000  6.14020e-01
  8000.000  6.14830e-01
  8001.000  6.16890e-01
  8002.000  6.17570e-01
  8003.000  6.19870e-01
  8004.000  6.20350e-01
  8005.000  6.20880e-01
  8006.000  6.22330e-01
  8007.000  6.22620e-01
  8008.000  6.22510e-01
  8009.000  6.23360e-01
  8010.000  6.23950e-01
  8011.000  6.22600e-01
  8012.000  6.23030e-01
  8013.000  6.25230e-01
  8014.000  6.25480e-01
  8015.000  6.25250e-01
  8016.000  6.26930e-01
  8017.000  6.27610e-01
  8018.000  6.27630e-01
  8019.000  6.28100e-01
  8020.000  6.27240e-01
  8021.000  6.27730e-01
  8022.000  6.27320e-01
  8023.000  6.25380e-01
  8024.000  6.23170e-01
  8025.000  6.18540e-01
  8026.000  6.13260e-01
  8027.000  6.06190e-01
  8028.000  6.01950e-01
  8029.000  6.00580e-01
  8030.000  6.01510e-01
  8031.000  6.06600e-01
  8032.000  6.13850e-01
  8033.000  6.20430e-01
  8034.000  6.24220e-01
  8035.000  6.25560e-01
  8036.000  6.27470e-01
  8037.000  6.27730e-01
  8038.000  6.28070e-01
  8039.000  6.29260e-01
  8040.000  6.30360e-01
  8041.000  6.29670e-01
  8042.000  6.28400e-01
  8043.000  6.25230e-01
  8044.000  6.19830e-01
  8045.000  6.17040e-01
  8046.000  6.14570e-01
  8047.000  6.09730e-01
  8048.000  6.05660e-01
  8049.000  6.03510e-01
  8050.000  6.04470e-01
  8051.000  6.05560e-01
  8052.000  6.09330e-01
  8053.000  6.15890e-01
  8054.000  6.18380e-01
  8055.000  6.17740e-01
  8056.000  6.18130e-01
  8057.000  6.18970e-01
  8058.000  6.20690e-01
  8059.000  6.22920e-01
  8060.000  6.23230e-01
  8061.000  6.23520e-01
  8062.000  6.21860e-01
  8063.000  6.20170e-01
  8064.000  6.19950e-01
  8065.000  6.19440e-01
  8066.000  6.20580e-01
  8067.000  6.20460e-01
  8068.000  6.18120e-01
  8069.000  6.13530e-01
  8070.000  6.10750e-01
  8071.000  6.06000e-01
  8072.000  6.03360e-01
  8073.000  6.03200e-01
  8074.000  6.04150e-01
  8075.000  6.05020e-01
  8076.000  6.04530e-01
  8077.000  6.05900e-01
  8078.000  6.10080e-01
  8079.000  6.13560e-01
  8080.000  6.15280e-01
  8081.000  6.14880e-01
  8082.000  6.13110e-01
  8083.000  6.11080e-01
  8084.000  6.10910e-01
  8085.000  6.09810e-01
  8086.000  6.09880e-01
  8087.000  6.11530e-01
  8088.000  6.12450e-01
  8089.000  6.14030e-01
  8090.000  6.13310e-01
  8091.000  6.09590e-01
  8092.000  6.05400e-01
  8093.000  6.03230e-01
  8094.000  5.99790e-01
  8095.000  5.98400e-01
  8096.000  5.99720e-01
  8097.000  6.02180e-01
  8098.000  6.05200e-01
  8099.000  6.06520e-01
  8100.000  6.05370e-01
  8101.000  6.05710e-01
  8102.000  6.07030e-01
  8103.000  6.08760e-01
  8104.000  6.09520e-01
  8105.000  6.10700e-01
  8106.000  6.09860e-01
  8107.000  6.06680e-01
  8108.000  6.06180e-01
  8109.000  6.08490e-01
  8110.000  6.08560e-01
  8111.000  6.08090e-01
  8112.000  6.09620e-01
  8113.000  6.11310e-01
  8114.000  6.10580e-01
  8115.000  6.08700e-01
  8116.000  6.08300e-01
  8117.000  6.04920e-01
  8118.000  6.01370e-01
  8119.000  6.01240e-01
  8120.000  6.03990e-01
  8121.000  6.05890e-01
  8122.000  6.08210e-01
  8123.000  6.12030e-01
  8124.000  6.15370e-01
  8125.000  6.17230e-01
  8126.000  6.18140e-01
  8127.000  6.19040e-01
  8128.000  6.19830e-01
  8129.000  6.17970e-01
  8130.000  6.14540e-01
  8131.000  6.11590e-01
  8132.000  6.08710e-01
  8133.000  6.07990e-01
  8134.000  6.09750e-01
  8135.000  6.11290e-01
  8136.000  6.11840e-01
  8137.000  6.12850e-01
  8138.000  6.15540e-01
  8139.000  6.15000e-01
  8140.000  6.14270e-01
  8141.000  6.15200e-01
  8142.000  6.15370e-01
  8143.000  6.12350e-01
  8144.000  6.10300e-01
  8145.000  6.08840e-01
  8146.000  6.09890e-01
  8147.000  6.12140e-01
  8148.000  6.11170e-01
  8149.000  6.09370e-01
  8150.000  6.10880e-01
  8151.000  6.12350e-01
  8152.000  6.12620e-01
  8153.000  6.14510e-01
  8154.000  6.15830e-01
  8155.000  6.13410e-01
  8156.000  6.12300e-01
  8157.000  6.14910e-01
  8158.000  6.17170e-01
  8159.000  6.16350e-01
  8160.000  6.15040e-01
  8161.000  6.12140e-01
  8162.000  6.08100e-01
  8163.000  6.04590e-01
  8164.000  6.05560e-01
  8165.000  6.06440e-01
  8166.000  6.08230e-01
  8167.000  6.10360e-01
  8168.000  6.10850e-01
  8169.000  6.11700e-01
  8170.000  6.12490e-01
  8171.000  6.13160e-01
  8172.000  6.13480e-01
  8173.000  6.13490e-01
  8174.000  6.13680e-01
  8175.000  6.14120e-01
  8176.000  6.14980e-01
  8177.000  6.13270e-01
  8178.000  6.12310e-01
  8179.000  6.11700e-01
  8180.000  6.13790e-01
  8181.000  6.12570e-01
  8182.000  6.05930e-01
  8183.000  6.02550e-01
  8184.000  5.97560e-01
  8185.000  5.94190e-01
  8186.000  5.95050e-01
  8187.000  5.99460e-01
  8188.000  6.04250e-01
  8189.000  6.07600e-01
  8190.000  6.11330e-01
  8191.000  6.14080e-01
  8192.000  6.15060e-01
  8193.000  6.12620e-01
  8194.000  6.08540e-01
  8195.000  6.01200e-01
  8196.000  5.95680e-01
  8197.000  5.90310e-01
  8198.000  5.90220e-01
  8199.000  5.94290e-01
  8200.000  5.96930e-01
  8201.000  5.97300e-01
  8202.000  5.96180e-01
  8203.000  5.96270e-01
  8204.000  5.94330e-01
  8205.000  5.92860e-01
  8206.000  5.91120e-01
  8207.000  5.91200e-01
  8208.000  5.91850e-01
  8209.000  5.94200e-01
  8210.000  5.97250e-01
  8211.000  6.00030e-01
  8212.000  6.02570e-01
  8213.000  6.01240e-01
  8214.000  5.98150e-01
  8215.000  5.97660e-01
  8216.000  5.99890e-01
  8217.000  6.01810e-01
  8218.000  6.08360e-01
  8219.000  6.10790e-01
  8220.000  6.07820e-01
  8221.000  6.03640e-01
  8222.000  5.99000e-01
  8223.000  5.98140e-01
  8224.000  6.04150e-01
  8225.000  6.09510e-01
  8226.000  6.11580e-01
  8227.000  6.14650e-01
  8228.000  6.15670e-01
  8229.000  6.13320e-01
  8230.000  6.12700e-01
  8231.000  6.11190e-01
  8232.000  6.09270e-01
  8233.000  6.05990e-01
  8234.000  6.04710e-01
  8235.000  6.04470e-01
  8236.000  6.04490e-01
  8237.000  6.01330e-01
  8238.000  6.02280e-01
  8239.000  6.02810e-01
  8240.000  6.00640e-01
  8241.000  6.01860e-01
  8242.000  6.05050e-01
  8243.000  6.09730e-01
  8244.000  6.10620e-01
  8245.000  6.09890e-01
  8246.000  6.08330e-01
  8247.000  6.05520e-01
  8248.000  6.03620e-01
  8249.000  6.04280e-01
  8250.000  6.01570e-01
  8251.000  5.97260e-01
  8252.000  5.95980e-01
  8253.000  5.96140e-01
  8254.000  5.94960e-01
  8255.000  5.94090e-01
  8256.000  5.93770e-01
  8257.000  5.93010e-01
  8258.000  5.93380e-01
  8259.000  5.99140e-01
  8260.000  6.03550e-01
  8261.000  6.05330e-01
  8262.000  6.06260e-01
  8263.000  6.08740e-01
  8264.000  6.09930e-01
  8265.000  6.08640e-01
  8266.000  6.06550e-01
  8267.000  6.04440e-01
  8268.000  6.02410e-01
  8269.000  6.03430e-01
  8270.000  6.05120e-01
  8271.000  6.03850e-01
  8272.000  6.01240e-01
  8273.000  6.03310e-01
  8274.000  6.01630e-01
  8275.000  5.98410e-01
  8276.000  5.97290e-01
  8277.000  5.96270e-01
  8278.000  5.96230e-01
  8279.000  5.96320e-01
  8280.000  5.99750e-01
  8281.000  6.04050e-01
  8282.000  6.05230e-01
  8283.000  6.03030e-01
  8284.000  6.01160e-01
  8285.000  6.00770e-01
  8286.000  6.01760e-01
  8287.000  6.01210e-01
  8288.000  6.01520e-01
  8289.000  6.03700e-01
  8290.000  6.03320e-01
  8291.000  6.01240e-01
  8292.000  5.98110e-01
  8293.000  5.96580e-01
  8294.000  5.94850e-01
  8295.000  5.94000e-01
  8296.000  5.93110e-01
  8297.000  5.91670e-01
  8298.000  5.90110e-01
  8299.000  5.90640e-01
  8300.000  5.87860e-01
  8301.000  5.90590e-01
  8302.000  5.94310e-01
  8303.000  5.94140e-01
  8304.000  5.90320e-01
  8305.000  5.85930e-01
  8306.000  5.84010e-01
  8307.000  5.82480e-01
  8308.000  5.79910e-01
  8309.000  5.78880e-01
  8310.000  5.78370e-01
  8311.000  5.78850e-01
  8312.000  5.78460e-01
  8313.000  5.80470e-01
  8314.000  5.82330e-01
  8315.000  5.86540e-01
  8316.000  5.89850e-01
  8317.000  5.90140e-01
  8318.000  5.91330e-01
  8319.000  5.93780e-01
  8320.000  5.93720e-01
  8321.000  5.89310e-01
  8322.000  5.88180e-01
  8323.000  5.88630e-01
  8324.000  5.88750e-01
  8325.000  5.85240e-01
  8326.000  5.82030e-01
  8327.000  5.78480e-01
  8328.000  5.73830e-01
  8329.000  5.72950e-01
  8330.000  5.71650e-01
  8331.000  5.73620e-01
  8332.000  5.75000e-01
  8333.000  5.75220e-01
  8334.000  5.72960e-01
  8335.000  5.72430e-01
  8336.000  5.74070e-01
  8337.000  5.75690e-01
  8338.000  5.74370e-01
  8339.000  5.74610e-01
  8340.000  5.74680e-01
  8341.000  5.75240e-01
  8342.000  5.78340e-01
  8343.000  5.81130e-01
  8344.000  5.83350e-01
  8345.000  5.82430e-01
  8346.000  5.82790e-01
  8347.000  5.77530e-01
  8348.000  5.74870e-01
  8349.000  5.73560e-01
  8350.000  5.75080e-01
  8351.000  5.76540e-01
  8352.000  5.76320e-01
  8353.000  5.75990e-01
  8354.000  5.80920e-01
  8355.000  5.80870e-01
  8356.000  5.81830e-01
  8357.000  5.83660e-01
  8358.000  5.83490e-01
  8359.000  5.84940e-01
  8360.000  5.87080e-01
  8361.000  5.86350e-01
  8362.000  5.85160e-01
  8363.000  5.83560e-01
  8364.000  5.79990e-01
  8365.000  5.73660e-01
  8366.000  5.69810e-01
  8367.000  5.71870e-01
  8368.000  5.75270e-01
  8369.000  5.79290e-01
  8370.000  5.81740e-01
  8371.000  5.82550e-01
  8372.000  5.83230e-01
  8373.000  5.84790e-01
  8374.000  5.85800e-01
  8375.000  5.86120e-01
  8376.000  5.87580e-01
  8377.000  5.88550e-01
  8378.000  5.85260e-01
  8379.000  5.84530e-01
  8380.000  5.77670e-01
  8381.000  5.75070e-01
  8382.000  5.75490e-01
  8383.000  5.71550e-01
  8384.000  5.66090e-01
  8385.000  5.63670e-01
  8386.000  5.63770e-01
  8387.000  5.62660e-01
  8388.000  5.64570e-01
  8389.000  5.61630e-01
  8390.000  5.56460e-01
  8391.000  5.60000e-01
  8392.000  5.69740e-01
  8393.000  5.78510e-01
  8394.000  5.86800e-01
  8395.000  5.90320e-01
  8396.000  5.91120e-01
  8397.000  5.86830e-01
  8398.000  5.78800e-01
  8399.000  5.77120e-01
  8400.000  5.79270e-01
  8401.000  5.81400e-01
  8402.000  5.82240e-01
  8403.000  5.82270e-01
  8404.000  5.83700e-01
  8405.000  5.83200e-01
  8406.000  5.85960e-01
  8407.000  5.88450e-01
  8408.000  5.87430e-01
  8409.000  5.87860e-01
  8410.000  5.87070e-01
  8411.000  5.84680e-01
  8412.000  5.82530e-01
  8413.000  5.77520e-01
  8414.000  5.77800e-01
  8415.000  5.79330e-01
  8416.000  5.78480e-01
  8417.000  5.79530e-01
  8418.000  5.81260e-01
  8419.000  5.82940e-01
  8420.000  5.78740e-01
  8421.000  5.77330e-01
  8422.000  5.78740e-01
  8423.000  5.77000e-01
  8424.000  5.74320e-01
  8425.000  5.73150e-01
  8426.000  5.70640e-01
  8427.000  5.68000e-01
  8428.000  5.66070e-01
  8429.000  5.66390e-01
  8430.000  5.73420e-01
  8431.000  5.82630e-01
  8432.000  5.84380e-01
  8433.000  5.81330e-01
  8434.000  5.75310e-01
  8435.000  5.66650e-01
  8436.000  5.56300e-01
  8437.000  5.50930e-01
  8438.000  5.52720e-01
  8439.000  5.56130e-01
  8440.000  5.64000e-01
  8441.000  5.65820e-01
  8442.000  5.64920e-01
  8443.000  5.66130e-01
  8444.000  5.71650e-01
  8445.000  5.73080e-01
  8446.000  5.78180e-01
  8447.000  5.82490e-01
  8448.000  5.85700e-01
  8449.000  5.87690e-01
  8450.000  5.86190e-01
  8451.000  5.81920e-01
  8452.000  5.75950e-01
  8453.000  5.73270e-01
  8454.000  5.72050e-01
  8455.000  5.70340e-01
  8456.000  5.70300e-01
  8457.000  5.68000e-01
  8458.000  5.65650e-01
  8459.000  5.66530e-01
  8460.000  5.69330e-01
  8461.000  5.71330e-01
  8462.000  5.72200e-01
  8463.000  5.71880e-01
  8464.000  5.71440e-01
  8465.000  5.68110e-01
  8466.000  5.64610e-01
  8467.000  5.60600e-01
  8468.000  5.57290e-01
  8469.000  5.55680e-01
  8470.000  5.53020e-01
  8471.000  5.50840e-01
  8472.000  5.51840e-01
  8473.000  5.58620e-01
  8474.000  5.65590e-01
  8475.000  5.70490e-01
  8476.000  5.72520e-01
  8477.000  5.75410e-01
  8478.000  5.76390e-01
  8479.000  5.75250e-01
  8480.000  5.74500e-01
  8481.000  5.73670e-01
  8482.000  5.71800e-01
  8483.000  5.68750e-01
  8484.000  5.68160e-01
  8485.000  5.68180e-01
  8486.000  5.70320e-01
  8487.000  5.72400e-01
  8488.000  5.74310e-01
  8489.000  5.71730e-01
  8490.000  5.71150e-01
  8491.000  5.72520e-01
  8492.000  5.72680e-01
  8493.000  5.68990e-01
  8494.000  5.64170e-01
  8495.000  5.56780e-01
  8496.000  5.46140e-01
  8497.000  5.26380e-01
  8498.000  5.02870e-01
  8499.000  4.83910e-01
  8500.000  4.78490e-01
  8501.000  4.82380e-01
  8502.000  4.96910e-01
  8503.000  5.16780e-01
  8504.000  5.33300e-01
  8505.000  5.46600e-01
  8506.000  5.52470e-01
  8507.000  5.56220e-01
  8508.000  5.60300e-01
  8509.000  5.64810e-01
  8510.000  5.65670e-01
  8511.000  5.64950e-01
  8512.000  5.65110e-01
  8513.000  5.64260e-01
  8514.000  5.58870e-01
  8515.000  5.53500e-01
  8516.000  5.50450e-01
  8517.000  5.47890e-01
  8518.000  5.47130e-01
  8519.000  5.48580e-01
  8520.000  5.52560e-01
  8521.000  5.56220e-01
  8522.000  5.60610e-01
  8523.000  5.63680e-01
  8524.000  5.64560e-01
  8525.000  5.63430e-01
  8526.000  5.62620e-01
  8527.000  5.60930e-01
  8528.000  5.59830e-01
  8529.000  5.58400e-01
  8530.000  5.59200e-01
  8531.000  5.60040e-01
  8532.000  5.59910e-01
  8533.000  5.57240e-01
  8534.000  5.54740e-01
  8535.000  5.51520e-01
  8536.000  5.43640e-01
  8537.000  5.35290e-01
  8538.000  5.22270e-01
  8539.000  5.07840e-01
  8540.000  4.86140e-01
  8541.000  4.61950e-01
  8542.000  4.32520e-01
  8543.000  4.12440e-01
  8544.000  4.00070e-01
  8545.000  4.07010e-01
  8546.000  4.29440e-01
  8547.000  4.54960e-01
  8548.000  4.82300e-01
  8549.000  4.98840e-01
  8550.000  5.13310e-01
  8551.000  5.25680e-01
  8552.000  5.37070e-01
  8553.000  5.43420e-01
  8554.000  5.49180e-01
  8555.000  5.52760e-01
  8556.000  5.55900e-01
  8557.000  5.56470e-01
  8558.000  5.58160e-01
  8559.000  5.60340e-01
  8560.000  5.60450e-01
  8561.000  5.62310e-01
  8562.000  5.63080e-01
  8563.000  5.64220e-01
  8564.000  5.66010e-01
  8565.000  5.68070e-01
  8566.000  5.68460e-01
  8567.000  5.68750e-01
  8568.000  5.69780e-01
  8569.000  5.68150e-01
  8570.000  5.68170e-01
  8571.000  5.68750e-01
  8572.000  5.69970e-01
  8573.000  5.69970e-01
  8574.000  5.69130e-01
  8575.000  5.68600e-01
  8576.000  5.69290e-01
  8577.000  5.71510e-01
  8578.000  5.76080e-01
  8579.000  5.81750e-01
  8580.000  5.86690e-01
  8581.000  5.86450e-01
  8582.000  5.82940e-01
  8583.000  5.75150e-01
  8584.000  5.69560e-01
  8585.000  5.66160e-01
  8586.000  5.66040e-01
  8587.000  5.62600e-01
  8588.000  5.62170e-01
  8589.000  5.67600e-01
  8590.000  5.68020e-01
  8591.000  5.63320e-01
  8592.000  5.59320e-01
  8593.000  5.57100e-01
  8594.000  5.56420e-01
  8595.000  5.56670e-01
  8596.000  5.57020e-01
  8597.000  5.57030e-01
  8598.000  5.60460e-01
  8599.000  5.63880e-01
  8600.000  5.67370e-01
  8601.000  5.72050e-01
  8602.000  5.71920e-01
  8603.000  5.65390e-01
  8604.000  5.62500e-01
  8605.000  5.59230e-01
  8606.000  5.58490e-01
  8607.000  5.61450e-01
  8608.000  5.63710e-01
  8609.000  5.64040e-01
  8610.000  5.63000e-01
  8611.000  5.62270e-01
  8612.000  5.61470e-01
  8613.000  5.58420e-01
  8614.000  5.60380e-01
  8615.000  5.63390e-01
  8616.000  5.67570e-01
  8617.000  5.76080e-01
  8618.000  5.80440e-01
  8619.000  5.82450e-01
  8620.000  5.83450e-01
  8621.000  5.79110e-01
  8622.000  5.73090e-01
  8623.000  5.67900e-01
  8624.000  5.67470e-01
  8625.000  5.68910e-01
  8626.000  5.71090e-01
  8627.000  5.75190e-01
  8628.000  5.76470e-01
  8629.000  5.77480e-01
  8630.000  5.78140e-01
  8631.000  5.77520e-01
  8632.000  5.76990e-01
  8633.000  5.76200e-01
  8634.000  5.74660e-01
  8635.000  5.75190e-01
  8636.000  5.75720e-01
  8637.000  5.76520e-01
  8638.000  5.77340e-01
  8639.000  5.76480e-01
  8640.000  5.77580e-01
  8641.000  5.79460e-01
  8642.000  5.78690e-01
  8643.000  5.77360e-01
  8644.000  5.74570e-01
  8645.000  5.73270e-01
  8646.000  5.72060e-01
  8647.000  5.69230e-01
  8648.000  5.69760e-01
  8649.000  5.66980e-01
  8650.000  5.63970e-01
  8651.000  5.62610e-01
  8652.000  5.59630e-01
  8653.000  5.60670e-01
  8654.000  5.59820e-01
  8655.000  5.57970e-01
  8656.000  5.53310e-01
  8657.000  5.46840e-01
  8658.000  5.37780e-01
  8659.000  5.19740e-01
  8660.000  5.05440e-01
  8661.000  4.84100e-01
  8662.000  4.59500e-01
  8663.000  4.33580e-01
  8664.000  4.20560e-01
  8665.000  4.24620e-01
  8666.000  4.46020e-01
  8667.000  4.76680e-01
  8668.000  4.97400e-01
  8669.000  5.17350e-01
  8670.000  5.27960e-01
  8671.000  5.32170e-01
  8672.000  5.34630e-01
  8673.000  5.38600e-01
  8674.000  5.38770e-01
  8675.000  5.38220e-01
  8676.000  5.41570e-01
  8677.000  5.44400e-01
  8678.000  5.46390e-01
  8679.000  5.50480e-01
  8680.000  5.55430e-01
  8681.000  5.59210e-01
  8682.000  5.62220e-01
  8683.000  5.62970e-01
  8684.000  5.62660e-01
  8685.000  5.65530e-01
  8686.000  5.68100e-01
  8687.000  5.67360e-01
  8688.000  5.59420e-01
  8689.000  5.51870e-01
  8690.000  5.45970e-01
  8691.000  5.43250e-01
  8692.000  5.44820e-01
  8693.000  5.51950e-01
  8694.000  5.60180e-01
  8695.000  5.67120e-01
  8696.000  5.69680e-01
  8697.000  5.73930e-01
  8698.000  5.77820e-01
  8699.000  5.77530e-01
  8700.000  5.71670e-01
  8701.000  5.70010e-01
  8702.000  5.72280e-01
  8703.000  5.71240e-01
  8704.000  5.72420e-01
  8705.000  5.78050e-01
  8706.000  5.79720e-01
  8707.000  5.80680e-01
  8708.000  5.78490e-01
  8709.000  5.74350e-01
  8710.000  5.71050e-01
  8711.000  5.71580e-01
  8712.000  5.71920e-01
  8713.000  5.68920e-01
  8714.000  5.69130e-01
  8715.000  5.67400e-01
  8716.000  5.69070e-01
  8717.000  5.72730e-01
  8718.000  5.76080e-01
  8719.000  5.77520e-01
  8720.000  5.76750e-01
  8721.000  5.78810e-01
  8722.000  5.78610e-01
  8723.000  5.76880e-01
  8724.000  5.78410e-01
  8725.000  5.78450e-01
  8726.000  5.78370e-01
  8727.000  5.80880e-01
  8728.000  5.79750e-01
  8729.000  5.74560e-01
  8730.000  5.73060e-01
  8731.000  5.71080e-01
  8732.000  5.70580e-01
  8733.000  5.70170e-01
  8734.000  5.68040e-01
  8735.000  5.63310e-01
  8736.000  5.62300e-01
  8737.000  5.62200e-01
  8738.000  5.61920e-01
  8739.000  5.59450e-01
  8740.000  5.58590e-01
  8741.000  5.60150e-01
  8742.000  5.57100e-01
  8743.000  5.53890e-01
  8744.000  5.56840e-01
  8745.000  5.55490e-01
  8746.000  5.52410e-01
  8747.000  5.48540e-01
  8748.000  5.47110e-01
  8749.000  5.51070e-01
  8750.000  5.60450e-01
  8751.000  5.69060e-01
  8752.000  5.64880e-01
  8753.000  5.60900e-01
  8754.000  5.59940e-01
  8755.000  5.53760e-01
  8756.000  5.46820e-01
  8757.000  5.44240e-01
  8758.000  5.49800e-01
  8759.000  5.50590e-01
  8760.000  5.51000e-01
  8761.000  5.53870e-01
  8762.000  5.55340e-01
  8763.000  5.55230e-01
  8764.000  5.58490e-01
  8765.000  5.55860e-01
  8766.000  5.49800e-01
  8767.000  5.49360e-01
  8768.000  5.53020e-01
  8769.000  5.57810e-01
  8770.000  5.63260e-01
  8771.000  5.66220e-01
  8772.000  5.62810e-01
  8773.000  5.60420e-01
  8774.000  5.57790e-01
  8775.000  5.55640e-01
  8776.000  5.57730e-01
  8777.000  5.63440e-01
  8778.000  5.67620e-01
  8779.000  5.69440e-01
  8780.000  5.71530e-01
  8781.000  5.72390e-01
  8782.000  5.72300e-01
  8783.000  5.75530e-01
  8784.000  5.74560e-01
  8785.000  5.72530e-01
  8786.000  5.73710e-01
  8787.000  5.78810e-01
  8788.000  5.80690e-01
  8789.000  5.82170e-01
  8790.000  5.82740e-01
  8791.000  5.75310e-01
  8792.000  5.70530e-01
  8793.000  5.71400e-01
  8794.000  5.69260e-01
  8795.000  5.65010e-01
  8796.000  5.64610e-01
  8797.000  5.67570e-01
  8798.000  5.72010e-01
  8799.000  5.74730e-01
  8800.000  5.74510e-01
  8801.000  5.75270e-01
  8802.000  5.76880e-01
  8803.000  5.77900e-01
  8804.000  5.70460e-01
  8805.000  5.60760e-01
  8806.000  5.52140e-01
  8807.000  5.45790e-01
  8808.000  5.39460e-01
  8809.000  5.35830e-01
  8810.000  5.34940e-01
  8811.000  5.40890e-01
  8812.000  5.53510e-01
  8813.000  5.61920e-01
  8814.000  5.72650e-01
  8815.000  5.77820e-01
  8816.000  5.75220e-01
  8817.000  5.74370e-01
  8818.000  5.78030e-01
  8819.000  5.79190e-01
  8820.000  5.78320e-01
  8821.000  5.75970e-01
  8822.000  5.68130e-01
  8823.000  5.60900e-01
  8824.000  5.55660e-01
  8825.000  5.53460e-01
  8826.000  5.49710e-01
  8827.000  5.50710e-01
  8828.000  5.59590e-01
  8829.000  5.65330e-01
  8830.000  5.71890e-01
  8831.000  5.74030e-01
  8832.000  5.69810e-01
  8833.000  5.70480e-01
  8834.000  5.74680e-01
  8835.000  5.73290e-01
  8836.000  5.67940e-01
  8837.000  5.64380e-01
  8838.000  5.60460e-01
  8839.000  5.58130e-01
  8840.000  5.52420e-01
  8841.000  5.51640e-01
  8842.000  5.56190e-01
  8843.000  5.60580e-01
  8844.000  5.57790e-01
  8845.000  5.56320e-01
  8846.000  5.60120e-01
  8847.000  5.58330e-01
  8848.000  5.59250e-01
  8849.000  5.67570e-01
  8850.000  5.63470e-01
  8851.000  5.56050e-01
  8852.000  5.55840e-01
  8853.000  5.57050e-01
  8854.000  5.54320e-01
  8855.000  5.56500e-01
  8856.000  5.59290e-01
  8857.000  5.54840e-01
  8858.000  5.52800e-01
  8859.000  5.52230e-01
  8860.000  5.52180e-01
  8861.000  5.49190e-01
  8862.000  5.48040e-01
  8863.000  5.53430e-01
  8864.000  5.56060e-01
  8865.000  5.55190e-01
  8866.000  5.51100e-01
  8867.000  5.37990e-01
  8868.000  5.26220e-01
  8869.000  5.18900e-01
  8870.000  5.17530e-01
  8871.000  5.18990e-01
  8872.000  5.20330e-01
  8873.000  5.21550e-01
  8874.000  5.25430e-01
  8875.000  5.34490e-01
  8876.000  5.31170e-01
  8877.000  5.28140e-01
  8878.000  5.31110e-01
  8879.000  5.25610e-01
  8880.000  5.21110e-01
  8881.000  5.22050e-01
  8882.000  5.27640e-01
  8883.000  5.37450e-01
  8884.000  5.41270e-01
  8885.000  5.49950e-01
  8886.000  5.52470e-01
  8887.000  5.47740e-01
  8888.000  5.50590e-01
  8889.000  5.54250e-01
  8890.000  5.52280e-01
  8891.000  5.52490e-01
  8892.000  5.49630e-01
  8893.000  5.54810e-01
  8894.000  5.64540e-01
  8895.000  5.60260e-01
  8896.000  5.54400e-01
  8897.000  5.50610e-01
  8898.000  5.49710e-01
  8899.000  5.54890e-01
  8900.000  5.56870e-01
  8901.000  5.56920e-01
  8902.000  5.64390e-01
  8903.000  5.66550e-01
  8904.000  5.54570e-01
  8905.000  5.55360e-01
  8906.000  5.57040e-01
  8907.000  5.56460e-01
  8908.000  5.50670e-01
  8909.000  5.54900e-01
  8910.000  5.54570e-01
  8911.000  5.44510e-01
  8912.000  5.38440e-01
  8913.000  5.44330e-01
  8914.000  5.47550e-01
  8915.000  5.46070e-01
  8916.000  5.45740e-01
  8917.000  5.39970e-01
  8918.000  5.34660e-01
  8919.000  5.34060e-01
  8920.000  5.30820e-01
  8921.000  5.30330e-01
  8922.000  5.36660e-01
  8923.000  5.34690e-01
  8924.000  5.27750e-01
  8925.000  5.33230e-01
  8926.000  5.39320e-01
  8927.000  5.34460e-01
  8928.000  5.32710e-01
  8929.000  5.25680e-01
  8930.000  5.27490e-01
  8931.000  5.34590e-01
  8932.000  5.41380e-01
  8933.000  5.40640e-01
  8934.000  5.47310e-01
  8935.000  5.58900e-01
  8936.000  5.60160e-01
  8937.000  5.44530e-01
  8938.000  5.43820e-01
  8939.000  5.42570e-01
  8940.000  5.35370e-01
  8941.000  5.44330e-01
  8942.000  5.47570e-01
  8943.000  5.37270e-01
  8944.000  5.41460e-01
  8945.000  5.38580e-01
  8946.000  5.23530e-01
  8947.000  5.16590e-01
  8948.000  5.22280e-01
  8949.000  5.19430e-01
  8950.000  5.18240e-01
  8951.000  5.27960e-01
  8952.000  5.36270e-01
  8953.000  5.35530e-01
  8954.000  5.36810e-01
  8955.000  5.29740e-01
  8956.000  5.32990e-01
  8957.000  5.40200e-01
  8958.000  5.46860e-01
  8959.000  5.53330e-01
  8960.000  5.49950e-01
  8961.000  5.42160e-01
  8962.000  5.41690e-01
  8963.000  5.50030e-01
  8964.000  5.44320e-01
  8965.000  5.36320e-01
  8966.000  5.40470e-01
  8967.000  5.42240e-01
  8968.000  5.34900e-01
  8969.000  5.33230e-01
  8970.000  5.27110e-01
  8971.000  5.23050e-01
  8972.000  5.36480e-01
  8973.000  5.35760e-01
  8974.000  5.30870e-01
  8975.000  5.36210e-01
  8976.000  5.33650e-01
  8977.000  5.25980e-01
  8978.000  5.20310e-01
  8979.000  5.12200e-01
  8980.000  5.14240e-01
  8981.000  5.27550e-01
  8982.000  5.35210e-01
  8983.000  5.26460e-01
  8984.000  5.14460e-01
  8985.000  5.26220e-01
  8986.000  5.42500e-01
  8987.000  5.42650e-01
  8988.000  5.29170e-01
  8989.000  5.14270e-01
  8990.000  5.13630e-01
  8991.000  5.29430e-01
  8992.000  5.42410e-01
  8993.000  5.62980e-01
  8994.000  5.61770e-01
  8995.000  5.37710e-01
  8996.000  5.37330e-01
  8997.000  5.35780e-01
  8998.000  5.22830e-01
  8999.000  5.16520e-01
  9000.000  5.25940e-01
