# dobos/SF2  |  Dobos et al. 2012, MNRAS 420, 1217 (SDSS composites)
# columns: wavelength_Angstrom  flam_erg_s_cm2_A (absolute scale arbitrary - ETC renormalizes)
  3550.000  7.95860e-01
  3551.000  7.95610e-01
  3552.000  7.87500e-01
  3553.000  7.79880e-01
  3554.000  7.72350e-01
  3555.000  7.60110e-01
  3556.000  7.54870e-01
  3557.000  7.62730e-01
  3558.000  7.70650e-01
  3559.000  7.62950e-01
  3560.000  7.69970e-01
  3561.000  7.71030e-01
  3562.000  7.71210e-01
  3563.000  7.79980e-01
  3564.000  7.84460e-01
  3565.000  7.60730e-01
  3566.000  7.31400e-01
  3567.000  7.24720e-01
  3568.000  7.32330e-01
  3569.000  7.28460e-01
  3570.000  7.22380e-01
  3571.000  7.16790e-01
  3572.000  7.22710e-01
  3573.000  7.28650e-01
  3574.000  7.38810e-01
  3575.000  7.40120e-01
  3576.000  7.46090e-01
  3577.000  7.44230e-01
  3578.000  7.41290e-01
  3579.000  7.37940e-01
  3580.000  7.34860e-01
  3581.000  7.21170e-01
  3582.000  7.07940e-01
  3583.000  7.14260e-01
  3584.000  7.14170e-01
  3585.000  7.05500e-01
  3586.000  6.86560e-01
  3587.000  6.79960e-01
  3588.000  6.85520e-01
  3589.000  6.99940e-01
  3590.000  7.14490e-01
  3591.000  7.37400e-01
  3592.000  7.51300e-01
  3593.000  7.57460e-01
  3594.000  7.58300e-01
  3595.000  7.57610e-01
  3596.000  7.67700e-01
  3597.000  7.80690e-01
  3598.000  7.87350e-01
  3599.000  7.87590e-01
  3600.000  7.90430e-01
  3601.000  7.87370e-01
  3602.000  7.70080e-01
  3603.000  7.49370e-01
  3604.000  7.41260e-01
  3605.000  7.32570e-01
  3606.000  7.38350e-01
  3607.000  7.42970e-01
  3608.000  7.39740e-01
  3609.000  7.29810e-01
  3610.000  7.17590e-01
  3611.000  7.25990e-01
  3612.000  7.34690e-01
  3613.000  7.35840e-01
  3614.000  7.37630e-01
  3615.000  7.47150e-01
  3616.000  7.59360e-01
  3617.000  7.57880e-01
  3618.000  7.37280e-01
  3619.000  7.12770e-01
  3620.000  7.09850e-01
  3621.000  7.22620e-01
  3622.000  7.44280e-01
  3623.000  7.56320e-01
  3624.000  7.63370e-01
  3625.000  7.69180e-01
  3626.000  7.79650e-01
  3627.000  7.91760e-01
  3628.000  8.02120e-01
  3629.000  7.92810e-01
  3630.000  7.68900e-01
  3631.000  7.32720e-01
  3632.000  7.03290e-01
  3633.000  7.03130e-01
  3634.000  7.16670e-01
  3635.000  7.28900e-01
  3636.000  7.38390e-01
  3637.000  7.46880e-01
  3638.000  7.61360e-01
  3639.000  7.71650e-01
  3640.000  7.80770e-01
  3641.000  7.84350e-01
  3642.000  7.75390e-01
  3643.000  7.60160e-01
  3644.000  7.48700e-01
  3645.000  7.40230e-01
  3646.000  7.32390e-01
  3647.000  7.29810e-01
  3648.000  7.26270e-01
  3649.000  7.19990e-01
  3650.000  7.16980e-01
  3651.000  7.23300e-01
  3652.000  7.35630e-01
  3653.000  7.46420e-01
  3654.000  7.55120e-01
  3655.000  7.59590e-01
  3656.000  7.60580e-01
  3657.000  7.65180e-01
  3658.000  7.68520e-01
  3659.000  7.73160e-01
  3660.000  7.73970e-01
  3661.000  7.69140e-01
  3662.000  7.61520e-01
  3663.000  7.55230e-01
  3664.000  7.50890e-01
  3665.000  7.47580e-01
  3666.000  7.54840e-01
  3667.000  7.59280e-01
  3668.000  7.54050e-01
  3669.000  7.45630e-01
  3670.000  7.36900e-01
  3671.000  7.38370e-01
  3672.000  7.53870e-01
  3673.000  7.66880e-01
  3674.000  7.63070e-01
  3675.000  7.58520e-01
  3676.000  7.58580e-01
  3677.000  7.48850e-01
  3678.000  7.30560e-01
  3679.000  7.22560e-01
  3680.000  7.17830e-01
  3681.000  7.17620e-01
  3682.000  7.28290e-01
  3683.000  7.39150e-01
  3684.000  7.40850e-01
  3685.000  7.27800e-01
  3686.000  7.16960e-01
  3687.000  7.10860e-01
  3688.000  7.07400e-01
  3689.000  7.15490e-01
  3690.000  7.30090e-01
  3691.000  7.54190e-01
  3692.000  7.70600e-01
  3693.000  7.69480e-01
  3694.000  7.51910e-01
  3695.000  7.40910e-01
  3696.000  7.42800e-01
  3697.000  7.49060e-01
  3698.000  7.55230e-01
  3699.000  7.66570e-01
  3700.000  7.81430e-01
  3701.000  7.86820e-01
  3702.000  7.76210e-01
  3703.000  7.51910e-01
  3704.000  7.30270e-01
  3705.000  7.01620e-01
  3706.000  6.84870e-01
  3707.000  6.91370e-01
  3708.000  7.10850e-01
  3709.000  7.20190e-01
  3710.000  7.19270e-01
  3711.000  7.18340e-01
  3712.000  7.26470e-01
  3713.000  7.41270e-01
  3714.000  7.63570e-01
  3715.000  7.89740e-01
  3716.000  8.11200e-01
  3717.000  8.24920e-01
  3718.000  8.20630e-01
  3719.000  7.89140e-01
  3720.000  7.35650e-01
  3721.000  6.93450e-01
  3722.000  6.84900e-01
  3723.000  7.26130e-01
  3724.000  9.21510e-01
  3725.000  1.51930e+00
  3726.000  2.41600e+00
  3727.000  3.02490e+00
  3728.000  3.34070e+00
  3729.000  3.64220e+00
  3730.000  3.33350e+00
  3731.000  2.19890e+00
  3732.000  1.18960e+00
  3733.000  7.77570e-01
  3734.000  6.71820e-01
  3735.000  6.40560e-01
  3736.000  6.28160e-01
  3737.000  6.44310e-01
  3738.000  6.91050e-01
  3739.000  7.57460e-01
  3740.000  8.19220e-01
  3741.000  8.60700e-01
  3742.000  8.74450e-01
  3743.000  8.62440e-01
  3744.000  8.41250e-01
  3745.000  8.14420e-01
  3746.000  7.78350e-01
  3747.000  7.35060e-01
  3748.000  6.90140e-01
  3749.000  6.48420e-01
  3750.000  6.36410e-01
  3751.000  6.51940e-01
  3752.000  6.83860e-01
  3753.000  7.24610e-01
  3754.000  7.78900e-01
  3755.000  8.37690e-01
  3756.000  8.77510e-01
  3757.000  8.88530e-01
  3758.000  8.68460e-01
  3759.000  8.44910e-01
  3760.000  8.46320e-01
  3761.000  8.65500e-01
  3762.000  8.81900e-01
  3763.000  8.88640e-01
  3764.000  8.82860e-01
  3765.000  8.70110e-01
  3766.000  8.47170e-01
  3767.000  8.08560e-01
  3768.000  7.59390e-01
  3769.000  7.25100e-01
  3770.000  7.15070e-01
  3771.000  7.17450e-01
  3772.000  7.23980e-01
  3773.000  7.36790e-01
  3774.000  7.67160e-01
  3775.000  8.08360e-01
  3776.000  8.44650e-01
  3777.000  8.83280e-01
  3778.000  9.23380e-01
  3779.000  9.58660e-01
  3780.000  9.91080e-01
  3781.000  1.01950e+00
  3782.000  1.03700e+00
  3783.000  1.04050e+00
  3784.000  1.04610e+00
  3785.000  1.04480e+00
  3786.000  1.02470e+00
  3787.000  9.92050e-01
  3788.000  9.64450e-01
  3789.000  9.48310e-01
  3790.000  9.31490e-01
  3791.000  9.16600e-01
  3792.000  9.00530e-01
  3793.000  8.73010e-01
  3794.000  8.26790e-01
  3795.000  7.71740e-01
  3796.000  7.24830e-01
  3797.000  7.02150e-01
  3798.000  7.03810e-01
  3799.000  6.98430e-01
  3800.000  6.93390e-01
  3801.000  7.22190e-01
  3802.000  7.81580e-01
  3803.000  8.42170e-01
  3804.000  8.95300e-01
  3805.000  9.30770e-01
  3806.000  9.50020e-01
  3807.000  9.54970e-01
  3808.000  9.67370e-01
  3809.000  9.98500e-01
  3810.000  1.03480e+00
  3811.000  1.05700e+00
  3812.000  1.06140e+00
  3813.000  1.04310e+00
  3814.000  1.01180e+00
  3815.000  9.83650e-01
  3816.000  9.75990e-01
  3817.000  9.86100e-01
  3818.000  9.96580e-01
  3819.000  9.90880e-01
  3820.000  9.63670e-01
  3821.000  9.35580e-01
  3822.000  9.40160e-01
  3823.000  9.61110e-01
  3824.000  9.60890e-01
  3825.000  9.31780e-01
  3826.000  8.96590e-01
  3827.000  8.74510e-01
  3828.000  8.57600e-01
  3829.000  8.37370e-01
  3830.000  8.14780e-01
  3831.000  7.84130e-01
  3832.000  7.37250e-01
  3833.000  6.83950e-01
  3834.000  6.56830e-01
  3835.000  6.77540e-01
  3836.000  7.06370e-01
  3837.000  6.94190e-01
  3838.000  6.62850e-01
  3839.000  6.62480e-01
  3840.000  7.00890e-01
  3841.000  7.53700e-01
  3842.000  8.10360e-01
  3843.000  8.64610e-01
  3844.000  9.11800e-01
  3845.000  9.42260e-01
  3846.000  9.62370e-01
  3847.000  9.81510e-01
  3848.000  1.00120e+00
  3849.000  1.01100e+00
  3850.000  1.00860e+00
  3851.000  1.01180e+00
  3852.000  1.02980e+00
  3853.000  1.04620e+00
  3854.000  1.05060e+00
  3855.000  1.04290e+00
  3856.000  1.03040e+00
  3857.000  1.02340e+00
  3858.000  1.02410e+00
  3859.000  1.02100e+00
  3860.000  1.01190e+00
  3861.000  1.01390e+00
  3862.000  1.03960e+00
  3863.000  1.06660e+00
  3864.000  1.07360e+00
  3865.000  1.07090e+00
  3866.000  1.07000e+00
  3867.000  1.08050e+00
  3868.000  1.11720e+00
  3869.000  1.16160e+00
  3870.000  1.15630e+00
  3871.000  1.09660e+00
  3872.000  1.03110e+00
  3873.000  9.89030e-01
  3874.000  9.83140e-01
  3875.000  9.99760e-01
  3876.000  1.01180e+00
  3877.000  9.99450e-01
  3878.000  9.67200e-01
  3879.000  9.37280e-01
  3880.000  9.28170e-01
  3881.000  9.26930e-01
  3882.000  9.06390e-01
  3883.000  8.75990e-01
  3884.000  8.46300e-01
  3885.000  8.10460e-01
  3886.000  7.61630e-01
  3887.000  7.36580e-01
  3888.000  7.93800e-01
  3889.000  9.02380e-01
  3890.000  9.31220e-01
  3891.000  8.46640e-01
  3892.000  7.66030e-01
  3893.000  7.63960e-01
  3894.000  7.97850e-01
  3895.000  8.30350e-01
  3896.000  8.59490e-01
  3897.000  8.89210e-01
  3898.000  9.18230e-01
  3899.000  9.33780e-01
  3900.000  9.44930e-01
  3901.000  9.61980e-01
  3902.000  9.83930e-01
  3903.000  1.00110e+00
  3904.000  9.99800e-01
  3905.000  9.94920e-01
  3906.000  9.90730e-01
  3907.000  9.96520e-01
  3908.000  1.02120e+00
  3909.000  1.05340e+00
  3910.000  1.07620e+00
  3911.000  1.08760e+00
  3912.000  1.08890e+00
  3913.000  1.08510e+00
  3914.000  1.07360e+00
  3915.000  1.06750e+00
  3916.000  1.06550e+00
  3917.000  1.06220e+00
  3918.000  1.05510e+00
  3919.000  1.04470e+00
  3920.000  1.03270e+00
  3921.000  1.02320e+00
  3922.000  1.02410e+00
  3923.000  1.03110e+00
  3924.000  1.03860e+00
  3925.000  1.03580e+00
  3926.000  1.01950e+00
  3927.000  9.92780e-01
  3928.000  9.61030e-01
  3929.000  9.28140e-01
  3930.000  8.88340e-01
  3931.000  8.40090e-01
  3932.000  7.72110e-01
  3933.000  6.94380e-01
  3934.000  6.41750e-01
  3935.000  6.53170e-01
  3936.000  7.20150e-01
  3937.000  8.01840e-01
  3938.000  8.68860e-01
  3939.000  9.18340e-01
  3940.000  9.57490e-01
  3941.000  9.83320e-01
  3942.000  9.94510e-01
  3943.000  9.95250e-01
  3944.000  9.91270e-01
  3945.000  9.95720e-01
  3946.000  1.01050e+00
  3947.000  1.02550e+00
  3948.000  1.02960e+00
  3949.000  1.02290e+00
  3950.000  1.02260e+00
  3951.000  1.03080e+00
  3952.000  1.02930e+00
  3953.000  1.02130e+00
  3954.000  1.01800e+00
  3955.000  1.01800e+00
  3956.000  1.00680e+00
  3957.000  9.86980e-01
  3958.000  9.73220e-01
  3959.000  9.72080e-01
  3960.000  9.62940e-01
  3961.000  9.31980e-01
  3962.000  8.81760e-01
  3963.000  8.34990e-01
  3964.000  7.95920e-01
  3965.000  7.54870e-01
  3966.000  7.00080e-01
  3967.000  6.34910e-01
  3968.000  5.83500e-01
  3969.000  6.03830e-01
  3970.000  7.07950e-01
  3971.000  7.84370e-01
  3972.000  7.48770e-01
  3973.000  6.77220e-01
  3974.000  6.70590e-01
  3975.000  7.17900e-01
  3976.000  7.75450e-01
  3977.000  8.27940e-01
  3978.000  8.72380e-01
  3979.000  9.13920e-01
  3980.000  9.51620e-01
  3981.000  9.78660e-01
  3982.000  9.86020e-01
  3983.000  9.87450e-01
  3984.000  9.93890e-01
  3985.000  1.01270e+00
  3986.000  1.03160e+00
  3987.000  1.04500e+00
  3988.000  1.05880e+00
  3989.000  1.07230e+00
  3990.000  1.07920e+00
  3991.000  1.08340e+00
  3992.000  1.09290e+00
  3993.000  1.10670e+00
  3994.000  1.11080e+00
  3995.000  1.10390e+00
  3996.000  1.08980e+00
  3997.000  1.07700e+00
  3998.000  1.07310e+00
  3999.000  1.08140e+00
  4000.000  1.10430e+00
  4001.000  1.12510e+00
  4002.000  1.13400e+00
  4003.000  1.13530e+00
  4004.000  1.12530e+00
  4005.000  1.10090e+00
  4006.000  1.07540e+00
  4007.000  1.07140e+00
  4008.000  1.09060e+00
  4009.000  1.10930e+00
  4010.000  1.11680e+00
  4011.000  1.12270e+00
  4012.000  1.12520e+00
  4013.000  1.12850e+00
  4014.000  1.13190e+00
  4015.000  1.14080e+00
  4016.000  1.14730e+00
  4017.000  1.14930e+00
  4018.000  1.14870e+00
  4019.000  1.15430e+00
  4020.000  1.16260e+00
  4021.000  1.16260e+00
  4022.000  1.15430e+00
  4023.000  1.13540e+00
  4024.000  1.11440e+00
  4025.000  1.09860e+00
  4026.000  1.10010e+00
  4027.000  1.11990e+00
  4028.000  1.13490e+00
  4029.000  1.13680e+00
  4030.000  1.12230e+00
  4031.000  1.09760e+00
  4032.000  1.07860e+00
  4033.000  1.07360e+00
  4034.000  1.07920e+00
  4035.000  1.09330e+00
  4036.000  1.11780e+00
  4037.000  1.14260e+00
  4038.000  1.16630e+00
  4039.000  1.17740e+00
  4040.000  1.17000e+00
  4041.000  1.15590e+00
  4042.000  1.14880e+00
  4043.000  1.14480e+00
  4044.000  1.12810e+00
  4045.000  1.09000e+00
  4046.000  1.05720e+00
  4047.000  1.06090e+00
  4048.000  1.09660e+00
  4049.000  1.12980e+00
  4050.000  1.15040e+00
  4051.000  1.15530e+00
  4052.000  1.14920e+00
  4053.000  1.13700e+00
  4054.000  1.12100e+00
  4055.000  1.10950e+00
  4056.000  1.10390e+00
  4057.000  1.10120e+00
  4058.000  1.09790e+00
  4059.000  1.10110e+00
  4060.000  1.11280e+00
  4061.000  1.12780e+00
  4062.000  1.12220e+00
  4063.000  1.09260e+00
  4064.000  1.06370e+00
  4065.000  1.06020e+00
  4066.000  1.08080e+00
  4067.000  1.10050e+00
  4068.000  1.12340e+00
  4069.000  1.15100e+00
  4070.000  1.15670e+00
  4071.000  1.12260e+00
  4072.000  1.07910e+00
  4073.000  1.06390e+00
  4074.000  1.07560e+00
  4075.000  1.08710e+00
  4076.000  1.07480e+00
  4077.000  1.04660e+00
  4078.000  1.02210e+00
  4079.000  1.02250e+00
  4080.000  1.04690e+00
  4081.000  1.07910e+00
  4082.000  1.09770e+00
  4083.000  1.09350e+00
  4084.000  1.07230e+00
  4085.000  1.05130e+00
  4086.000  1.04430e+00
  4087.000  1.04760e+00
  4088.000  1.05700e+00
  4089.000  1.06230e+00
  4090.000  1.05750e+00
  4091.000  1.04390e+00
  4092.000  1.02780e+00
  4093.000  1.00920e+00
  4094.000  9.91380e-01
  4095.000  9.66560e-01
  4096.000  9.27070e-01
  4097.000  8.82780e-01
  4098.000  8.43270e-01
  4099.000  8.17490e-01
  4100.000  8.38090e-01
  4101.000  9.63720e-01
  4102.000  1.13260e+00
  4103.000  1.15350e+00
  4104.000  9.99570e-01
  4105.000  8.56380e-01
  4106.000  8.26160e-01
  4107.000  8.57760e-01
  4108.000  8.89920e-01
  4109.000  9.14320e-01
  4110.000  9.31370e-01
  4111.000  9.45330e-01
  4112.000  9.63970e-01
  4113.000  9.87610e-01
  4114.000  1.01090e+00
  4115.000  1.03130e+00
  4116.000  1.04840e+00
  4117.000  1.05590e+00
  4118.000  1.05200e+00
  4119.000  1.04070e+00
  4120.000  1.03110e+00
  4121.000  1.03230e+00
  4122.000  1.03880e+00
  4123.000  1.04550e+00
  4124.000  1.05820e+00
  4125.000  1.07230e+00
  4126.000  1.08260e+00
  4127.000  1.07730e+00
  4128.000  1.06030e+00
  4129.000  1.04900e+00
  4130.000  1.04450e+00
  4131.000  1.04120e+00
  4132.000  1.03440e+00
  4133.000  1.02840e+00
  4134.000  1.03550e+00
  4135.000  1.05480e+00
  4136.000  1.08280e+00
  4137.000  1.10380e+00
  4138.000  1.11340e+00
  4139.000  1.12190e+00
  4140.000  1.12810e+00
  4141.000  1.12340e+00
  4142.000  1.10010e+00
  4143.000  1.05830e+00
  4144.000  1.02470e+00
  4145.000  1.02320e+00
  4146.000  1.04740e+00
  4147.000  1.07790e+00
  4148.000  1.09530e+00
  4149.000  1.09770e+00
  4150.000  1.09270e+00
  4151.000  1.08820e+00
  4152.000  1.08630e+00
  4153.000  1.08230e+00
  4154.000  1.07410e+00
  4155.000  1.06490e+00
  4156.000  1.06150e+00
  4157.000  1.06490e+00
  4158.000  1.07470e+00
  4159.000  1.09010e+00
  4160.000  1.10090e+00
  4161.000  1.10460e+00
  4162.000  1.10470e+00
  4163.000  1.10760e+00
  4164.000  1.11090e+00
  4165.000  1.10980e+00
  4166.000  1.10590e+00
  4167.000  1.09770e+00
  4168.000  1.09010e+00
  4169.000  1.08790e+00
  4170.000  1.09100e+00
  4171.000  1.08170e+00
  4172.000  1.05430e+00
  4173.000  1.02390e+00
  4174.000  1.01060e+00
  4175.000  1.02060e+00
  4176.000  1.03850e+00
  4177.000  1.04570e+00
  4178.000  1.04090e+00
  4179.000  1.04010e+00
  4180.000  1.04990e+00
  4181.000  1.06260e+00
  4182.000  1.06730e+00
  4183.000  1.06620e+00
  4184.000  1.06770e+00
  4185.000  1.07510e+00
  4186.000  1.07850e+00
  4187.000  1.06850e+00
  4188.000  1.05510e+00
  4189.000  1.05500e+00
  4190.000  1.06840e+00
  4191.000  1.08000e+00
  4192.000  1.08510e+00
  4193.000  1.09460e+00
  4194.000  1.10560e+00
  4195.000  1.10470e+00
  4196.000  1.08480e+00
  4197.000  1.06120e+00
  4198.000  1.04310e+00
  4199.000  1.03170e+00
  4200.000  1.03220e+00
  4201.000  1.03700e+00
  4202.000  1.04100e+00
  4203.000  1.04330e+00
  4204.000  1.05030e+00
  4205.000  1.05850e+00
  4206.000  1.06850e+00
  4207.000  1.07960e+00
  4208.000  1.09220e+00
  4209.000  1.09830e+00
  4210.000  1.09670e+00
  4211.000  1.09400e+00
  4212.000  1.09690e+00
  4213.000  1.10170e+00
  4214.000  1.09600e+00
  4215.000  1.07870e+00
  4216.000  1.05790e+00
  4217.000  1.05480e+00
  4218.000  1.07380e+00
  4219.000  1.09310e+00
  4220.000  1.10700e+00
  4221.000  1.11220e+00
  4222.000  1.10880e+00
  4223.000  1.09420e+00
  4224.000  1.06610e+00
  4225.000  1.02830e+00
  4226.000  9.85350e-01
  4227.000  9.56700e-01
  4228.000  9.64160e-01
  4229.000  1.00890e+00
  4230.000  1.05980e+00
  4231.000  1.09140e+00
  4232.000  1.09550e+00
  4233.000  1.07720e+00
  4234.000  1.05660e+00
  4235.000  1.04700e+00
  4236.000  1.04560e+00
  4237.000  1.04640e+00
  4238.000  1.04790e+00
  4239.000  1.05150e+00
  4240.000  1.05660e+00
  4241.000  1.06640e+00
  4242.000  1.07720e+00
  4243.000  1.08460e+00
  4244.000  1.09330e+00
  4245.000  1.10230e+00
  4246.000  1.09750e+00
  4247.000  1.07800e+00
  4248.000  1.05850e+00
  4249.000  1.04860e+00
  4250.000  1.04300e+00
  4251.000  1.03880e+00
  4252.000  1.04300e+00
  4253.000  1.05140e+00
  4254.000  1.05470e+00
  4255.000  1.04960e+00
  4256.000  1.05290e+00
  4257.000  1.06710e+00
  4258.000  1.07400e+00
  4259.000  1.06270e+00
  4260.000  1.03830e+00
  4261.000  1.02110e+00
  4262.000  1.02840e+00
  4263.000  1.05470e+00
  4264.000  1.08600e+00
  4265.000  1.10450e+00
  4266.000  1.10890e+00
  4267.000  1.10330e+00
  4268.000  1.08680e+00
  4269.000  1.06700e+00
  4270.000  1.04770e+00
  4271.000  1.02040e+00
  4272.000  9.92500e-01
  4273.000  9.84220e-01
  4274.000  9.89290e-01
  4275.000  9.99850e-01
  4276.000  1.01740e+00
  4277.000  1.04450e+00
  4278.000  1.06970e+00
  4279.000  1.07990e+00
  4280.000  1.07510e+00
  4281.000  1.06170e+00
  4282.000  1.05100e+00
  4283.000  1.04630e+00
  4284.000  1.04610e+00
  4285.000  1.04340e+00
  4286.000  1.04020e+00
  4287.000  1.03950e+00
  4288.000  1.03590e+00
  4289.000  1.01650e+00
  4290.000  9.85670e-01
  4291.000  9.69210e-01
  4292.000  9.82140e-01
  4293.000  1.00960e+00
  4294.000  1.02490e+00
  4295.000  1.02220e+00
  4296.000  1.01230e+00
  4297.000  1.00480e+00
  4298.000  9.89880e-01
  4299.000  9.60780e-01
  4300.000  9.30940e-01
  4301.000  9.12590e-01
  4302.000  9.11360e-01
  4303.000  9.16750e-01
  4304.000  9.26720e-01
  4305.000  9.38520e-01
  4306.000  9.44080e-01
  4307.000  9.36420e-01
  4308.000  9.20850e-01
  4309.000  9.10630e-01
  4310.000  9.15450e-01
  4311.000  9.35550e-01
  4312.000  9.56180e-01
  4313.000  9.65720e-01
  4314.000  9.68230e-01
  4315.000  9.74560e-01
  4316.000  9.99460e-01
  4317.000  1.03700e+00
  4318.000  1.06070e+00
  4319.000  1.06570e+00
  4320.000  1.05540e+00
  4321.000  1.04050e+00
  4322.000  1.02590e+00
  4323.000  1.01080e+00
  4324.000  9.83390e-01
  4325.000  9.42790e-01
  4326.000  9.11260e-01
  4327.000  9.11240e-01
  4328.000  9.41220e-01
  4329.000  9.74970e-01
  4330.000  9.86080e-01
  4331.000  9.74590e-01
  4332.000  9.58100e-01
  4333.000  9.47280e-01
  4334.000  9.37080e-01
  4335.000  9.22080e-01
  4336.000  8.97830e-01
  4337.000  8.56970e-01
  4338.000  8.33440e-01
  4339.000  9.42640e-01
  4340.000  1.25680e+00
  4341.000  1.56820e+00
  4342.000  1.53970e+00
  4343.000  1.21010e+00
  4344.000  9.24280e-01
  4345.000  8.31870e-01
  4346.000  8.42530e-01
  4347.000  8.73280e-01
  4348.000  9.01220e-01
  4349.000  9.28750e-01
  4350.000  9.44740e-01
  4351.000  9.34350e-01
  4352.000  9.10530e-01
  4353.000  9.07200e-01
  4354.000  9.30210e-01
  4355.000  9.65690e-01
  4356.000  9.97010e-01
  4357.000  1.01900e+00
  4358.000  1.03220e+00
  4359.000  1.03220e+00
  4360.000  1.03240e+00
  4361.000  1.04170e+00
  4362.000  1.05500e+00
  4363.000  1.07270e+00
  4364.000  1.08370e+00
  4365.000  1.08980e+00
  4366.000  1.08610e+00
  4367.000  1.07100e+00
  4368.000  1.04940e+00
  4369.000  1.03500e+00
  4370.000  1.03370e+00
  4371.000  1.03980e+00
  4372.000  1.04670e+00
  4373.000  1.04480e+00
  4374.000  1.02930e+00
  4375.000  1.00860e+00
  4376.000  1.00330e+00
  4377.000  1.01970e+00
  4378.000  1.04870e+00
  4379.000  1.06870e+00
  4380.000  1.07350e+00
  4381.000  1.06480e+00
  4382.000  1.04290e+00
  4383.000  1.00030e+00
  4384.000  9.48540e-01
  4385.000  9.18700e-01
  4386.000  9.31850e-01
  4387.000  9.66260e-01
  4388.000  9.94520e-01
  4389.000  1.00550e+00
  4390.000  1.00870e+00
  4391.000  1.01190e+00
  4392.000  1.02090e+00
  4393.000  1.03220e+00
  4394.000  1.03430e+00
  4395.000  1.02520e+00
  4396.000  1.02360e+00
  4397.000  1.03990e+00
  4398.000  1.06130e+00
  4399.000  1.06460e+00
  4400.000  1.04620e+00
  4401.000  1.02920e+00
  4402.000  1.03100e+00
  4403.000  1.03930e+00
  4404.000  1.03370e+00
  4405.000  1.01360e+00
  4406.000  1.00200e+00
  4407.000  1.00980e+00
  4408.000  1.01740e+00
  4409.000  1.02360e+00
  4410.000  1.03510e+00
  4411.000  1.05440e+00
  4412.000  1.07510e+00
  4413.000  1.08530e+00
  4414.000  1.07810e+00
  4415.000  1.05060e+00
  4416.000  1.01600e+00
  4417.000  1.00190e+00
  4418.000  1.01170e+00
  4419.000  1.03420e+00
  4420.000  1.06000e+00
  4421.000  1.07360e+00
  4422.000  1.06670e+00
  4423.000  1.05330e+00
  4424.000  1.04740e+00
  4425.000  1.05220e+00
  4426.000  1.05770e+00
  4427.000  1.05630e+00
  4428.000  1.05460e+00
  4429.000  1.05500e+00
  4430.000  1.05170e+00
  4431.000  1.04640e+00
  4432.000  1.04620e+00
  4433.000  1.04750e+00
  4434.000  1.03720e+00
  4435.000  1.02060e+00
  4436.000  1.01240e+00
  4437.000  1.02650e+00
  4438.000  1.05610e+00
  4439.000  1.08310e+00
  4440.000  1.09390e+00
  4441.000  1.08310e+00
  4442.000  1.05610e+00
  4443.000  1.02800e+00
  4444.000  1.01650e+00
  4445.000  1.02870e+00
  4446.000  1.05520e+00
  4447.000  1.07660e+00
  4448.000  1.08410e+00
  4449.000  1.08370e+00
  4450.000  1.07950e+00
  4451.000  1.07480e+00
  4452.000  1.07400e+00
  4453.000  1.07300e+00
  4454.000  1.06100e+00
  4455.000  1.03660e+00
  4456.000  1.01770e+00
  4457.000  1.01590e+00
  4458.000  1.02450e+00
  4459.000  1.03010e+00
  4460.000  1.02720e+00
  4461.000  1.02200e+00
  4462.000  1.01790e+00
  4463.000  1.02210e+00
  4464.000  1.03610e+00
  4465.000  1.04840e+00
  4466.000  1.04990e+00
  4467.000  1.04460e+00
  4468.000  1.03390e+00
  4469.000  1.02080e+00
  4470.000  1.01790e+00
  4471.000  1.03870e+00
  4472.000  1.07190e+00
  4473.000  1.09390e+00
  4474.000  1.09920e+00
  4475.000  1.09870e+00
  4476.000  1.10170e+00
  4477.000  1.10700e+00
  4478.000  1.11030e+00
  4479.000  1.09980e+00
  4480.000  1.06750e+00
  4481.000  1.02370e+00
  4482.000  9.93340e-01
  4483.000  9.98110e-01
  4484.000  1.03580e+00
  4485.000  1.07610e+00
  4486.000  1.10330e+00
  4487.000  1.11200e+00
  4488.000  1.09990e+00
  4489.000  1.07570e+00
  4490.000  1.05320e+00
  4491.000  1.04760e+00
  4492.000  1.05830e+00
  4493.000  1.07240e+00
  4494.000  1.07460e+00
  4495.000  1.06530e+00
  4496.000  1.05660e+00
  4497.000  1.06080e+00
  4498.000  1.07570e+00
  4499.000  1.08960e+00
  4500.000  1.09500e+00
  4501.000  1.08760e+00
  4502.000  1.07990e+00
  4503.000  1.08770e+00
  4504.000  1.11290e+00
  4505.000  1.13250e+00
  4506.000  1.13600e+00
  4507.000  1.12780e+00
  4508.000  1.11460e+00
  4509.000  1.10610e+00
  4510.000  1.10890e+00
  4511.000  1.11530e+00
  4512.000  1.11740e+00
  4513.000  1.11160e+00
  4514.000  1.09730e+00
  4515.000  1.08490e+00
  4516.000  1.08010e+00
  4517.000  1.08030e+00
  4518.000  1.08140e+00
  4519.000  1.08170e+00
  4520.000  1.08510e+00
  4521.000  1.09030e+00
  4522.000  1.08830e+00
  4523.000  1.07820e+00
  4524.000  1.06620e+00
  4525.000  1.05990e+00
  4526.000  1.05410e+00
  4527.000  1.04210e+00
  4528.000  1.02540e+00
  4529.000  1.01190e+00
  4530.000  1.00870e+00
  4531.000  1.01660e+00
  4532.000  1.02980e+00
  4533.000  1.03420e+00
  4534.000  1.02710e+00
  4535.000  1.01400e+00
  4536.000  1.01570e+00
  4537.000  1.04150e+00
  4538.000  1.07550e+00
  4539.000  1.09500e+00
  4540.000  1.09210e+00
  4541.000  1.07710e+00
  4542.000  1.06860e+00
  4543.000  1.07000e+00
  4544.000  1.07470e+00
  4545.000  1.07340e+00
  4546.000  1.06760e+00
  4547.000  1.06510e+00
  4548.000  1.05810e+00
  4549.000  1.04320e+00
  4550.000  1.02570e+00
  4551.000  1.02120e+00
  4552.000  1.03050e+00
  4553.000  1.03570e+00
  4554.000  1.02990e+00
  4555.000  1.02020e+00
  4556.000  1.01930e+00
  4557.000  1.03520e+00
  4558.000  1.05810e+00
  4559.000  1.07770e+00
  4560.000  1.08860e+00
  4561.000  1.09560e+00
  4562.000  1.09970e+00
  4563.000  1.09500e+00
  4564.000  1.07810e+00
  4565.000  1.05750e+00
  4566.000  1.05050e+00
  4567.000  1.06190e+00
  4568.000  1.07950e+00
  4569.000  1.09360e+00
  4570.000  1.09680e+00
  4571.000  1.08710e+00
  4572.000  1.07160e+00
  4573.000  1.06630e+00
  4574.000  1.07520e+00
  4575.000  1.08550e+00
  4576.000  1.08830e+00
  4577.000  1.08870e+00
  4578.000  1.08620e+00
  4579.000  1.07810e+00
  4580.000  1.06170e+00
  4581.000  1.04740e+00
  4582.000  1.03930e+00
  4583.000  1.03550e+00
  4584.000  1.03270e+00
  4585.000  1.03250e+00
  4586.000  1.03890e+00
  4587.000  1.04950e+00
  4588.000  1.05980e+00
  4589.000  1.06770e+00
  4590.000  1.07280e+00
  4591.000  1.06880e+00
  4592.000  1.05810e+00
  4593.000  1.04960e+00
  4594.000  1.04740e+00
  4595.000  1.04950e+00
  4596.000  1.05110e+00
  4597.000  1.05410e+00
  4598.000  1.05710e+00
  4599.000  1.06160e+00
  4600.000  1.06410e+00
  4601.000  1.06020e+00
  4602.000  1.05610e+00
  4603.000  1.05940e+00
  4604.000  1.06240e+00
  4605.000  1.06560e+00
  4606.000  1.06760e+00
  4607.000  1.07100e+00
  4608.000  1.08400e+00
  4609.000  1.09930e+00
  4610.000  1.10900e+00
  4611.000  1.10720e+00
  4612.000  1.09670e+00
  4613.000  1.08720e+00
  4614.000  1.08370e+00
  4615.000  1.08410e+00
  4616.000  1.08660e+00
  4617.000  1.08550e+00
  4618.000  1.08350e+00
  4619.000  1.07700e+00
  4620.000  1.07270e+00
  4621.000  1.07410e+00
  4622.000  1.08310e+00
  4623.000  1.09350e+00
  4624.000  1.09660e+00
  4625.000  1.09720e+00
  4626.000  1.09450e+00
  4627.000  1.09070e+00
  4628.000  1.08770e+00
  4629.000  1.08190e+00
  4630.000  1.07480e+00
  4631.000  1.07630e+00
  4632.000  1.08410e+00
  4633.000  1.08680e+00
  4634.000  1.07870e+00
  4635.000  1.06940e+00
  4636.000  1.06690e+00
  4637.000  1.06630e+00
  4638.000  1.06220e+00
  4639.000  1.05640e+00
  4640.000  1.05420e+00
  4641.000  1.05810e+00
  4642.000  1.06640e+00
  4643.000  1.07320e+00
  4644.000  1.07370e+00
  4645.000  1.06620e+00
  4646.000  1.05260e+00
  4647.000  1.03450e+00
  4648.000  1.02040e+00
  4649.000  1.01890e+00
  4650.000  1.03090e+00
  4651.000  1.04430e+00
  4652.000  1.05680e+00
  4653.000  1.06640e+00
  4654.000  1.06660e+00
  4655.000  1.05730e+00
  4656.000  1.04840e+00
  4657.000  1.04820e+00
  4658.000  1.06270e+00
  4659.000  1.08730e+00
  4660.000  1.10500e+00
  4661.000  1.10800e+00
  4662.000  1.09460e+00
  4663.000  1.07690e+00
  4664.000  1.06170e+00
  4665.000  1.05140e+00
  4666.000  1.04050e+00
  4667.000  1.01940e+00
  4668.000  9.97320e-01
  4669.000  9.89830e-01
  4670.000  1.00230e+00
  4671.000  1.02440e+00
  4672.000  1.04470e+00
  4673.000  1.05530e+00
  4674.000  1.05590e+00
  4675.000  1.05760e+00
  4676.000  1.06270e+00
  4677.000  1.07040e+00
  4678.000  1.07190e+00
  4679.000  1.06340e+00
  4680.000  1.05140e+00
  4681.000  1.04340e+00
  4682.000  1.04160e+00
  4683.000  1.04770e+00
  4684.000  1.05930e+00
  4685.000  1.07130e+00
  4686.000  1.07890e+00
  4687.000  1.07770e+00
  4688.000  1.07220e+00
  4689.000  1.06580e+00
  4690.000  1.06010e+00
  4691.000  1.05630e+00
  4692.000  1.05300e+00
  4693.000  1.05410e+00
  4694.000  1.05810e+00
  4695.000  1.06490e+00
  4696.000  1.07140e+00
  4697.000  1.07370e+00
  4698.000  1.06490e+00
  4699.000  1.04800e+00
  4700.000  1.03460e+00
  4701.000  1.03120e+00
  4702.000  1.03090e+00
  4703.000  1.02420e+00
  4704.000  1.01950e+00
  4705.000  1.02260e+00
  4706.000  1.02980e+00
  4707.000  1.03190e+00
  4708.000  1.02580e+00
  4709.000  1.01780e+00
  4710.000  1.01610e+00
  4711.000  1.02550e+00
  4712.000  1.03980e+00
  4713.000  1.04660e+00
  4714.000  1.04050e+00
  4715.000  1.03160e+00
  4716.000  1.03080e+00
  4717.000  1.04330e+00
  4718.000  1.05690e+00
  4719.000  1.06800e+00
  4720.000  1.07350e+00
  4721.000  1.07590e+00
  4722.000  1.07510e+00
  4723.000  1.07150e+00
  4724.000  1.07130e+00
  4725.000  1.07480e+00
  4726.000  1.07430e+00
  4727.000  1.06220e+00
  4728.000  1.04200e+00
  4729.000  1.02180e+00
  4730.000  1.01270e+00
  4731.000  1.01260e+00
  4732.000  1.01880e+00
  4733.000  1.02680e+00
  4734.000  1.03530e+00
  4735.000  1.04330e+00
  4736.000  1.04540e+00
  4737.000  1.04260e+00
  4738.000  1.04000e+00
  4739.000  1.04460e+00
  4740.000  1.05130e+00
  4741.000  1.05180e+00
  4742.000  1.04930e+00
  4743.000  1.05070e+00
  4744.000  1.05480e+00
  4745.000  1.05700e+00
  4746.000  1.05800e+00
  4747.000  1.06040e+00
  4748.000  1.06400e+00
  4749.000  1.06600e+00
  4750.000  1.06570e+00
  4751.000  1.06530e+00
  4752.000  1.06220e+00
  4753.000  1.05490e+00
  4754.000  1.04860e+00
  4755.000  1.04380e+00
  4756.000  1.03930e+00
  4757.000  1.03700e+00
  4758.000  1.03740e+00
  4759.000  1.04230e+00
  4760.000  1.04560e+00
  4761.000  1.04680e+00
  4762.000  1.03620e+00
  4763.000  1.01990e+00
  4764.000  1.00670e+00
  4765.000  9.98300e-01
  4766.000  9.95900e-01
  4767.000  9.99200e-01
  4768.000  1.00920e+00
  4769.000  1.02240e+00
  4770.000  1.03550e+00
  4771.000  1.04120e+00
  4772.000  1.03770e+00
  4773.000  1.03450e+00
  4774.000  1.03820e+00
  4775.000  1.04890e+00
  4776.000  1.05620e+00
  4777.000  1.06060e+00
  4778.000  1.06020e+00
  4779.000  1.05830e+00
  4780.000  1.05380e+00
  4781.000  1.04740e+00
  4782.000  1.04330e+00
  4783.000  1.03820e+00
  4784.000  1.03400e+00
  4785.000  1.03000e+00
  4786.000  1.02910e+00
  4787.000  1.02360e+00
  4788.000  1.01930e+00
  4789.000  1.01780e+00
  4790.000  1.01970e+00
  4791.000  1.02190e+00
  4792.000  1.02800e+00
  4793.000  1.03760e+00
  4794.000  1.04960e+00
  4795.000  1.06160e+00
  4796.000  1.06780e+00
  4797.000  1.06380e+00
  4798.000  1.05270e+00
  4799.000  1.03760e+00
  4800.000  1.02690e+00
  4801.000  1.02490e+00
  4802.000  1.03240e+00
  4803.000  1.04160e+00
  4804.000  1.04370e+00
  4805.000  1.03650e+00
  4806.000  1.02580e+00
  4807.000  1.01930e+00
  4808.000  1.01740e+00
  4809.000  1.01940e+00
  4810.000  1.02210e+00
  4811.000  1.02530e+00
  4812.000  1.02750e+00
  4813.000  1.02940e+00
  4814.000  1.03190e+00
  4815.000  1.03660e+00
  4816.000  1.03870e+00
  4817.000  1.04160e+00
  4818.000  1.04460e+00
  4819.000  1.04770e+00
  4820.000  1.04870e+00
  4821.000  1.04680e+00
  4822.000  1.04010e+00
  4823.000  1.02640e+00
  4824.000  1.00800e+00
  4825.000  9.97230e-01
  4826.000  1.00150e+00
  4827.000  1.01260e+00
  4828.000  1.01890e+00
  4829.000  1.01650e+00
  4830.000  1.01230e+00
  4831.000  1.00770e+00
  4832.000  1.00420e+00
  4833.000  1.00080e+00
  4834.000  1.00090e+00
  4835.000  1.00630e+00
  4836.000  1.00810e+00
  4837.000  1.00650e+00
  4838.000  1.00470e+00
  4839.000  9.96730e-01
  4840.000  9.87700e-01
  4841.000  9.80130e-01
  4842.000  9.77280e-01
  4843.000  9.76210e-01
  4844.000  9.75180e-01
  4845.000  9.75440e-01
  4846.000  9.78290e-01
  4847.000  9.76920e-01
  4848.000  9.65100e-01
  4849.000  9.48300e-01
  4850.000  9.37210e-01
  4851.000  9.36200e-01
  4852.000  9.35530e-01
  4853.000  9.28180e-01
  4854.000  9.12700e-01
  4855.000  8.87010e-01
  4856.000  8.58660e-01
  4857.000  8.40440e-01
  4858.000  8.47630e-01
  4859.000  9.43300e-01
  4860.000  1.30310e+00
  4861.000  2.01970e+00
  4862.000  2.71070e+00
  4863.000  2.71480e+00
  4864.000  2.01490e+00
  4865.000  1.28200e+00
  4866.000  9.29130e-01
  4867.000  8.45870e-01
  4868.000  8.48400e-01
  4869.000  8.64190e-01
  4870.000  8.73490e-01
  4871.000  8.72000e-01
  4872.000  8.64590e-01
  4873.000  8.65300e-01
  4874.000  8.79750e-01
  4875.000  9.01200e-01
  4876.000  9.16780e-01
  4877.000  9.24620e-01
  4878.000  9.34300e-01
  4879.000  9.48220e-01
  4880.000  9.62250e-01
  4881.000  9.71610e-01
  4882.000  9.71010e-01
  4883.000  9.65910e-01
  4884.000  9.60930e-01
  4885.000  9.57260e-01
  4886.000  9.51710e-01
  4887.000  9.45490e-01
  4888.000  9.47470e-01
  4889.000  9.53060e-01
  4890.000  9.51470e-01
  4891.000  9.41890e-01
  4892.000  9.35180e-01
  4893.000  9.45920e-01
  4894.000  9.73770e-01
  4895.000  1.00420e+00
  4896.000  1.02540e+00
  4897.000  1.03480e+00
  4898.000  1.03740e+00
  4899.000  1.03110e+00
  4900.000  1.02000e+00
  4901.000  1.00830e+00
  4902.000  1.00330e+00
  4903.000  1.00290e+00
  4904.000  1.00130e+00
  4905.000  1.00410e+00
  4906.000  1.01450e+00
  4907.000  1.02500e+00
  4908.000  1.02580e+00
  4909.000  1.01500e+00
  4910.000  9.96300e-01
  4911.000  9.80730e-01
  4912.000  9.76400e-01
  4913.000  9.84340e-01
  4914.000  9.98400e-01
  4915.000  1.01250e+00
  4916.000  1.02220e+00
  4917.000  1.02240e+00
  4918.000  1.00690e+00
  4919.000  9.75530e-01
  4920.000  9.41870e-01
  4921.000  9.22030e-01
  4922.000  9.24510e-01
  4923.000  9.38490e-01
  4924.000  9.48770e-01
  4925.000  9.54410e-01
  4926.000  9.64690e-01
  4927.000  9.86180e-01
  4928.000  1.00910e+00
  4929.000  1.02470e+00
  4930.000  1.03450e+00
  4931.000  1.03860e+00
  4932.000  1.03470e+00
  4933.000  1.02030e+00
  4934.000  1.00090e+00
  4935.000  9.87190e-01
  4936.000  9.88320e-01
  4937.000  9.92970e-01
  4938.000  9.86750e-01
  4939.000  9.73140e-01
  4940.000  9.67950e-01
  4941.000  9.80380e-01
  4942.000  1.00160e+00
  4943.000  1.02000e+00
  4944.000  1.03000e+00
  4945.000  1.03240e+00
  4946.000  1.03080e+00
  4947.000  1.02800e+00
  4948.000  1.02940e+00
  4949.000  1.03400e+00
  4950.000  1.03870e+00
  4951.000  1.04290e+00
  4952.000  1.04480e+00
  4953.000  1.04140e+00
  4954.000  1.03460e+00
  4955.000  1.02960e+00
  4956.000  1.02750e+00
  4957.000  1.03880e+00
  4958.000  1.09940e+00
  4959.000  1.21720e+00
  4960.000  1.31180e+00
  4961.000  1.29450e+00
  4962.000  1.19000e+00
  4963.000  1.09360e+00
  4964.000  1.04600e+00
  4965.000  1.02560e+00
  4966.000  1.01000e+00
  4967.000  9.96660e-01
  4968.000  9.90230e-01
  4969.000  9.90310e-01
  4970.000  9.92010e-01
  4971.000  9.95960e-01
  4972.000  1.00280e+00
  4973.000  1.01130e+00
  4974.000  1.01950e+00
  4975.000  1.02590e+00
  4976.000  1.02780e+00
  4977.000  1.02540e+00
  4978.000  1.01640e+00
  4979.000  1.00510e+00
  4980.000  9.93930e-01
  4981.000  9.82700e-01
  4982.000  9.68010e-01
  4983.000  9.48860e-01
  4984.000  9.35350e-01
  4985.000  9.40090e-01
  4986.000  9.59630e-01
  4987.000  9.82410e-01
  4988.000  9.99180e-01
  4989.000  1.00560e+00
  4990.000  1.00220e+00
  4991.000  9.93470e-01
  4992.000  9.86410e-01
  4993.000  9.86420e-01
  4994.000  9.89490e-01
  4995.000  9.91810e-01
  4996.000  9.97150e-01
  4997.000  1.00190e+00
  4998.000  1.00290e+00
  4999.000  9.96470e-01
  5000.000  9.85430e-01
  5001.000  9.71790e-01
  5002.000  9.64550e-01
  5003.000  9.72060e-01
  5004.000  1.00590e+00
  5005.000  1.11490e+00
  5006.000  1.37770e+00
  5007.000  1.74790e+00
  5008.000  1.96170e+00
  5009.000  1.81960e+00
  5010.000  1.46720e+00
  5011.000  1.17740e+00
  5012.000  1.03080e+00
  5013.000  9.70530e-01
  5014.000  9.45380e-01
  5015.000  9.41670e-01
  5016.000  9.52260e-01
  5017.000  9.62570e-01
  5018.000  9.55900e-01
  5019.000  9.40890e-01
  5020.000  9.35250e-01
  5021.000  9.42630e-01
  5022.000  9.51800e-01
  5023.000  9.55840e-01
  5024.000  9.61010e-01
  5025.000  9.69720e-01
  5026.000  9.77410e-01
  5027.000  9.76500e-01
  5028.000  9.71440e-01
  5029.000  9.70260e-01
  5030.000  9.77120e-01
  5031.000  9.85690e-01
  5032.000  9.94330e-01
  5033.000  1.00300e+00
  5034.000  1.00990e+00
  5035.000  1.00640e+00
  5036.000  9.91800e-01
  5037.000  9.74840e-01
  5038.000  9.65280e-01
  5039.000  9.58980e-01
  5040.000  9.47330e-01
  5041.000  9.28570e-01
  5042.000  9.15910e-01
  5043.000  9.24190e-01
  5044.000  9.50670e-01
  5045.000  9.80730e-01
  5046.000  1.00190e+00
  5047.000  1.01140e+00
  5048.000  1.00740e+00
  5049.000  9.91540e-01
  5050.000  9.72890e-01
  5051.000  9.62010e-01
  5052.000  9.59060e-01
  5053.000  9.64130e-01
  5054.000  9.75070e-01
  5055.000  9.87630e-01
  5056.000  1.00030e+00
  5057.000  1.00680e+00
  5058.000  1.00980e+00
  5059.000  1.01290e+00
  5060.000  1.01660e+00
  5061.000  1.01980e+00
  5062.000  1.02400e+00
  5063.000  1.02130e+00
  5064.000  1.01140e+00
  5065.000  9.92250e-01
  5066.000  9.76090e-01
  5067.000  9.70030e-01
  5068.000  9.72520e-01
  5069.000  9.77420e-01
  5070.000  9.79610e-01
  5071.000  9.82310e-01
  5072.000  9.83810e-01
  5073.000  9.79780e-01
  5074.000  9.77120e-01
  5075.000  9.78180e-01
  5076.000  9.80170e-01
  5077.000  9.80930e-01
  5078.000  9.79080e-01
  5079.000  9.69230e-01
  5080.000  9.49380e-01
  5081.000  9.33270e-01
  5082.000  9.32730e-01
  5083.000  9.41630e-01
  5084.000  9.52560e-01
  5085.000  9.64250e-01
  5086.000  9.74440e-01
  5087.000  9.82670e-01
  5088.000  9.86190e-01
  5089.000  9.87820e-01
  5090.000  9.90560e-01
  5091.000  9.94070e-01
  5092.000  9.97820e-01
  5093.000  1.00240e+00
  5094.000  1.00680e+00
  5095.000  1.00860e+00
  5096.000  1.00350e+00
  5097.000  9.90320e-01
  5098.000  9.71970e-01
  5099.000  9.52420e-01
  5100.000  9.42920e-01
  5101.000  9.48490e-01
  5102.000  9.63540e-01
  5103.000  9.77540e-01
  5104.000  9.85440e-01
  5105.000  9.84440e-01
  5106.000  9.79190e-01
  5107.000  9.72890e-01
  5108.000  9.63140e-01
  5109.000  9.56150e-01
  5110.000  9.53320e-01
  5111.000  9.54600e-01
  5112.000  9.62250e-01
  5113.000  9.73630e-01
  5114.000  9.81460e-01
  5115.000  9.87570e-01
  5116.000  9.93230e-01
  5117.000  9.98460e-01
  5118.000  1.00450e+00
  5119.000  1.00720e+00
  5120.000  1.00470e+00
  5121.000  9.96550e-01
  5122.000  9.84010e-01
  5123.000  9.68790e-01
  5124.000  9.52670e-01
  5125.000  9.41530e-01
  5126.000  9.38180e-01
  5127.000  9.39680e-01
  5128.000  9.41090e-01
  5129.000  9.40620e-01
  5130.000  9.41250e-01
  5131.000  9.45460e-01
  5132.000  9.52210e-01
  5133.000  9.59820e-01
  5134.000  9.65130e-01
  5135.000  9.71060e-01
  5136.000  9.75600e-01
  5137.000  9.75090e-01
  5138.000  9.64620e-01
  5139.000  9.50450e-01
  5140.000  9.41510e-01
  5141.000  9.41410e-01
  5142.000  9.44150e-01
  5143.000  9.42430e-01
  5144.000  9.39130e-01
  5145.000  9.42510e-01
  5146.000  9.46700e-01
  5147.000  9.46670e-01
  5148.000  9.43630e-01
  5149.000  9.44490e-01
  5150.000  9.48330e-01
  5151.000  9.50210e-01
  5152.000  9.45600e-01
  5153.000  9.39470e-01
  5154.000  9.35970e-01
  5155.000  9.38170e-01
  5156.000  9.46710e-01
  5157.000  9.60990e-01
  5158.000  9.76180e-01
  5159.000  9.89190e-01
  5160.000  9.93580e-01
  5161.000  9.89610e-01
  5162.000  9.82530e-01
  5163.000  9.74320e-01
  5164.000  9.62800e-01
  5165.000  9.48290e-01
  5166.000  9.20820e-01
  5167.000  8.80850e-01
  5168.000  8.42730e-01
  5169.000  8.22050e-01
  5170.000  8.26880e-01
  5171.000  8.42970e-01
  5172.000  8.46500e-01
  5173.000  8.35850e-01
  5174.000  8.33280e-01
  5175.000  8.58660e-01
  5176.000  9.00200e-01
  5177.000  9.34030e-01
  5178.000  9.51740e-01
  5179.000  9.59810e-01
  5180.000  9.59880e-01
  5181.000  9.50860e-01
  5182.000  9.28580e-01
  5183.000  8.91780e-01
  5184.000  8.51860e-01
  5185.000  8.34280e-01
  5186.000  8.51910e-01
  5187.000  8.89550e-01
  5188.000  9.22410e-01
  5189.000  9.39230e-01
  5190.000  9.44820e-01
  5191.000  9.43030e-01
  5192.000  9.31930e-01
  5193.000  9.15660e-01
  5194.000  9.08320e-01
  5195.000  9.14390e-01
  5196.000  9.25380e-01
  5197.000  9.47170e-01
  5198.000  9.76040e-01
  5199.000  1.00850e+00
  5200.000  1.03090e+00
  5201.000  1.03630e+00
  5202.000  1.02120e+00
  5203.000  9.92710e-01
  5204.000  9.62380e-01
  5205.000  9.36340e-01
  5206.000  9.13550e-01
  5207.000  8.98810e-01
  5208.000  8.94350e-01
  5209.000  8.95810e-01
  5210.000  9.01290e-01
  5211.000  9.14350e-01
  5212.000  9.33900e-01
  5213.000  9.53470e-01
  5214.000  9.65110e-01
  5215.000  9.64940e-01
  5216.000  9.56230e-01
  5217.000  9.44310e-01
  5218.000  9.42070e-01
  5219.000  9.52640e-01
  5220.000  9.68120e-01
  5221.000  9.79320e-01
  5222.000  9.83860e-01
  5223.000  9.82740e-01
  5224.000  9.70900e-01
  5225.000  9.48210e-01
  5226.000  9.19960e-01
  5227.000  8.92840e-01
  5228.000  8.82950e-01
  5229.000  8.96600e-01
  5230.000  9.24920e-01
  5231.000  9.50980e-01
  5232.000  9.62780e-01
  5233.000  9.57050e-01
  5234.000  9.43270e-01
  5235.000  9.33030e-01
  5236.000  9.36070e-01
  5237.000  9.50610e-01
  5238.000  9.65030e-01
  5239.000  9.75610e-01
  5240.000  9.80520e-01
  5241.000  9.83030e-01
  5242.000  9.83590e-01
  5243.000  9.84340e-01
  5244.000  9.85090e-01
  5245.000  9.86690e-01
  5246.000  9.85520e-01
  5247.000  9.75300e-01
  5248.000  9.61520e-01
  5249.000  9.50980e-01
  5250.000  9.45290e-01
  5251.000  9.41780e-01
  5252.000  9.41800e-01
  5253.000  9.45950e-01
  5254.000  9.52880e-01
  5255.000  9.53620e-01
  5256.000  9.53980e-01
  5257.000  9.60330e-01
  5258.000  9.76480e-01
  5259.000  9.89940e-01
  5260.000  9.93670e-01
  5261.000  9.86360e-01
  5262.000  9.67070e-01
  5263.000  9.40510e-01
  5264.000  9.11960e-01
  5265.000  8.87220e-01
  5266.000  8.72700e-01
  5267.000  8.71670e-01
  5268.000  8.80540e-01
  5269.000  8.84920e-01
  5270.000  8.77150e-01
  5271.000  8.72010e-01
  5272.000  8.84330e-01
  5273.000  9.09910e-01
  5274.000  9.26570e-01
  5275.000  9.30360e-01
  5276.000  9.28840e-01
  5277.000  9.34580e-01
  5278.000  9.51630e-01
  5279.000  9.71060e-01
  5280.000  9.80490e-01
  5281.000  9.77550e-01
  5282.000  9.64270e-01
  5283.000  9.50530e-01
  5284.000  9.42180e-01
  5285.000  9.43900e-01
  5286.000  9.58510e-01
  5287.000  9.81740e-01
  5288.000  9.99480e-01
  5289.000  1.00680e+00
  5290.000  1.00840e+00
  5291.000  1.00930e+00
  5292.000  1.01030e+00
  5293.000  1.00760e+00
  5294.000  1.00040e+00
  5295.000  9.94410e-01
  5296.000  9.85120e-01
  5297.000  9.69100e-01
  5298.000  9.48590e-01
  5299.000  9.36460e-01
  5300.000  9.39080e-01
  5301.000  9.49810e-01
  5302.000  9.59920e-01
  5303.000  9.67780e-01
  5304.000  9.75990e-01
  5305.000  9.88660e-01
  5306.000  9.99810e-01
  5307.000  1.00230e+00
  5308.000  9.99010e-01
  5309.000  9.96840e-01
  5310.000  1.00110e+00
  5311.000  1.00650e+00
  5312.000  1.00920e+00
  5313.000  1.00600e+00
  5314.000  1.00030e+00
  5315.000  9.93280e-01
  5316.000  9.85370e-01
  5317.000  9.76080e-01
  5318.000  9.70220e-01
  5319.000  9.71910e-01
  5320.000  9.78210e-01
  5321.000  9.84040e-01
  5322.000  9.85220e-01
  5323.000  9.80650e-01
  5324.000  9.72150e-01
  5325.000  9.61220e-01
  5326.000  9.50330e-01
  5327.000  9.37180e-01
  5328.000  9.16920e-01
  5329.000  8.95060e-01
  5330.000  8.90380e-01
  5331.000  9.09160e-01
  5332.000  9.38660e-01
  5333.000  9.61230e-01
  5334.000  9.72340e-01
  5335.000  9.80430e-01
  5336.000  9.85180e-01
  5337.000  9.85500e-01
  5338.000  9.80540e-01
  5339.000  9.72240e-01
  5340.000  9.62000e-01
  5341.000  9.49940e-01
  5342.000  9.45030e-01
  5343.000  9.54260e-01
  5344.000  9.68180e-01
  5345.000  9.77370e-01
  5346.000  9.78710e-01
  5347.000  9.74460e-01
  5348.000  9.70320e-01
  5349.000  9.67500e-01
  5350.000  9.64430e-01
  5351.000  9.67540e-01
  5352.000  9.76190e-01
  5353.000  9.88270e-01
  5354.000  9.98640e-01
  5355.000  1.00660e+00
  5356.000  1.01320e+00
  5357.000  1.01800e+00
  5358.000  1.02120e+00
  5359.000  1.01960e+00
  5360.000  1.01780e+00
  5361.000  1.01240e+00
  5362.000  1.00180e+00
  5363.000  9.88380e-01
  5364.000  9.77480e-01
  5365.000  9.69180e-01
  5366.000  9.65180e-01
  5367.000  9.64940e-01
  5368.000  9.64520e-01
  5369.000  9.60800e-01
  5370.000  9.49190e-01
  5371.000  9.34010e-01
  5372.000  9.23290e-01
  5373.000  9.29020e-01
  5374.000  9.49940e-01
  5375.000  9.76070e-01
  5376.000  9.94700e-01
  5377.000  1.00130e+00
  5378.000  1.00020e+00
  5379.000  9.98520e-01
  5380.000  9.96540e-01
  5381.000  9.88370e-01
  5382.000  9.81820e-01
  5383.000  9.76960e-01
  5384.000  9.75050e-01
  5385.000  9.76680e-01
  5386.000  9.82010e-01
  5387.000  9.88450e-01
  5388.000  9.89610e-01
  5389.000  9.84390e-01
  5390.000  9.76450e-01
  5391.000  9.68110e-01
  5392.000  9.61580e-01
  5393.000  9.56590e-01
  5394.000  9.54530e-01
  5395.000  9.54500e-01
  5396.000  9.51580e-01
  5397.000  9.41280e-01
  5398.000  9.32440e-01
  5399.000  9.32630e-01
  5400.000  9.42970e-01
  5401.000  9.55720e-01
  5402.000  9.61740e-01
  5403.000  9.60430e-01
  5404.000  9.51020e-01
  5405.000  9.33060e-01
  5406.000  9.15550e-01
  5407.000  9.09250e-01
  5408.000  9.15390e-01
  5409.000  9.26810e-01
  5410.000  9.32770e-01
  5411.000  9.34050e-01
  5412.000  9.40280e-01
  5413.000  9.53120e-01
  5414.000  9.64970e-01
  5415.000  9.70010e-01
  5416.000  9.72000e-01
  5417.000  9.76710e-01
  5418.000  9.82300e-01
  5419.000  9.86220e-01
  5420.000  9.83520e-01
  5421.000  9.78490e-01
  5422.000  9.74820e-01
  5423.000  9.73790e-01
  5424.000  9.69420e-01
  5425.000  9.62260e-01
  5426.000  9.61610e-01
  5427.000  9.69910e-01
  5428.000  9.76700e-01
  5429.000  9.73030e-01
  5430.000  9.57450e-01
  5431.000  9.44360e-01
  5432.000  9.42770e-01
  5433.000  9.45160e-01
  5434.000  9.44370e-01
  5435.000  9.38770e-01
  5436.000  9.36180e-01
  5437.000  9.43150e-01
  5438.000  9.56250e-01
  5439.000  9.73160e-01
  5440.000  9.89550e-01
  5441.000  1.00150e+00
  5442.000  1.00560e+00
  5443.000  1.00510e+00
  5444.000  1.00060e+00
  5445.000  9.88220e-01
  5446.000  9.68320e-01
  5447.000  9.45860e-01
  5448.000  9.33620e-01
  5449.000  9.38150e-01
  5450.000  9.53620e-01
  5451.000  9.71010e-01
  5452.000  9.78830e-01
  5453.000  9.77960e-01
  5454.000  9.68610e-01
  5455.000  9.53770e-01
  5456.000  9.38100e-01
  5457.000  9.32340e-01
  5458.000  9.43910e-01
  5459.000  9.63020e-01
  5460.000  9.77200e-01
  5461.000  9.80020e-01
  5462.000  9.73110e-01
  5463.000  9.61920e-01
  5464.000  9.53410e-01
  5465.000  9.51960e-01
  5466.000  9.56310e-01
  5467.000  9.62670e-01
  5468.000  9.69460e-01
  5469.000  9.73530e-01
  5470.000  9.73060e-01
  5471.000  9.71870e-01
  5472.000  9.69140e-01
  5473.000  9.63780e-01
  5474.000  9.56720e-01
  5475.000  9.49310e-01
  5476.000  9.39650e-01
  5477.000  9.28230e-01
  5478.000  9.21520e-01
  5479.000  9.26180e-01
  5480.000  9.38590e-01
  5481.000  9.47050e-01
  5482.000  9.47440e-01
  5483.000  9.46210e-01
  5484.000  9.50230e-01
  5485.000  9.59990e-01
  5486.000  9.68900e-01
  5487.000  9.68790e-01
  5488.000  9.63040e-01
  5489.000  9.56920e-01
  5490.000  9.54650e-01
  5491.000  9.57920e-01
  5492.000  9.63100e-01
  5493.000  9.65210e-01
  5494.000  9.65700e-01
  5495.000  9.65080e-01
  5496.000  9.65140e-01
  5497.000  9.63620e-01
  5498.000  9.61230e-01
  5499.000  9.62570e-01
  5500.000  9.65430e-01
  5501.000  9.66260e-01
  5502.000  9.62490e-01
  5503.000  9.55060e-01
  5504.000  9.51260e-01
  5505.000  9.51660e-01
  5506.000  9.50980e-01
  5507.000  9.45920e-01
  5508.000  9.41980e-01
  5509.000  9.43990e-01
  5510.000  9.48220e-01
  5511.000  9.50790e-01
  5512.000  9.47620e-01
  5513.000  9.41790e-01
  5514.000  9.37800e-01
  5515.000  9.39340e-01
  5516.000  9.45810e-01
  5517.000  9.55630e-01
  5518.000  9.66990e-01
  5519.000  9.77210e-01
  5520.000  9.83730e-01
  5521.000  9.85420e-01
  5522.000  9.82050e-01
  5523.000  9.79730e-01
  5524.000  9.79130e-01
  5525.000  9.75210e-01
  5526.000  9.67800e-01
  5527.000  9.56110e-01
  5528.000  9.42580e-01
  5529.000  9.32980e-01
  5530.000  9.33450e-01
  5531.000  9.43810e-01
  5532.000  9.55820e-01
  5533.000  9.61360e-01
  5534.000  9.60200e-01
  5535.000  9.55630e-01
  5536.000  9.51140e-01
  5537.000  9.52270e-01
  5538.000  9.58290e-01
  5539.000  9.65040e-01
  5540.000  9.70810e-01
  5541.000  9.76700e-01
  5542.000  9.78940e-01
  5543.000  9.77740e-01
  5544.000  9.72230e-01
  5545.000  9.67060e-01
  5546.000  9.63830e-01
  5547.000  9.64840e-01
  5548.000  9.68220e-01
  5549.000  9.74950e-01
  5550.000  9.81630e-01
  5551.000  9.85420e-01
  5552.000  9.86130e-01
  5553.000  9.84110e-01
  5554.000  9.78820e-01
  5555.000  9.74340e-01
  5556.000  9.71030e-01
  5557.000  9.69020e-01
  5558.000  9.70140e-01
  5559.000  9.72560e-01
  5560.000  9.73090e-01
  5561.000  9.71900e-01
  5562.000  9.68490e-01
  5563.000  9.64180e-01
  5564.000  9.59530e-01
  5565.000  9.55120e-01
  5566.000  9.53250e-01
  5567.000  9.51310e-01
  5568.000  9.50160e-01
  5569.000  9.49870e-01
  5570.000  9.49600e-01
  5571.000  9.50260e-01
  5572.000  9.51210e-01
  5573.000  9.50540e-01
  5574.000  9.49940e-01
  5575.000  9.51600e-01
  5576.000  9.55940e-01
  5577.000  9.61720e-01
  5578.000  9.65040e-01
  5579.000  9.66240e-01
  5580.000  9.68400e-01
  5581.000  9.69080e-01
  5582.000  9.67550e-01
  5583.000  9.64890e-01
  5584.000  9.61400e-01
  5585.000  9.57530e-01
  5586.000  9.49750e-01
  5587.000  9.36980e-01
  5588.000  9.20440e-01
  5589.000  9.09220e-01
  5590.000  9.06640e-01
  5591.000  9.12300e-01
  5592.000  9.21550e-01
  5593.000  9.29950e-01
  5594.000  9.34450e-01
  5595.000  9.36240e-01
  5596.000  9.39710e-01
  5597.000  9.45600e-01
  5598.000  9.48740e-01
  5599.000  9.45210e-01
  5600.000  9.37480e-01
  5601.000  9.29740e-01
  5602.000  9.23580e-01
  5603.000  9.22040e-01
  5604.000  9.25850e-01
  5605.000  9.36550e-01
  5606.000  9.51860e-01
  5607.000  9.66350e-01
  5608.000  9.76120e-01
  5609.000  9.79410e-01
  5610.000  9.80110e-01
  5611.000  9.79120e-01
  5612.000  9.78740e-01
  5613.000  9.75990e-01
  5614.000  9.69690e-01
  5615.000  9.54900e-01
  5616.000  9.37150e-01
  5617.000  9.25830e-01
  5618.000  9.26980e-01
  5619.000  9.35830e-01
  5620.000  9.43510e-01
  5621.000  9.48830e-01
  5622.000  9.53040e-01
  5623.000  9.54400e-01
  5624.000  9.49120e-01
  5625.000  9.41270e-01
  5626.000  9.34370e-01
  5627.000  9.33970e-01
  5628.000  9.42160e-01
  5629.000  9.52180e-01
  5630.000  9.60330e-01
  5631.000  9.67800e-01
  5632.000  9.69770e-01
  5633.000  9.70620e-01
  5634.000  9.68460e-01
  5635.000  9.63600e-01
  5636.000  9.57960e-01
  5637.000  9.50970e-01
  5638.000  9.46170e-01
  5639.000  9.42780e-01
  5640.000  9.40450e-01
  5641.000  9.40120e-01
  5642.000  9.39480e-01
  5643.000  9.39030e-01
  5644.000  9.41840e-01
  5645.000  9.46090e-01
  5646.000  9.49290e-01
  5647.000  9.53150e-01
  5648.000  9.55350e-01
  5649.000  9.55550e-01
  5650.000  9.56080e-01
  5651.000  9.57120e-01
  5652.000  9.58420e-01
  5653.000  9.59830e-01
  5654.000  9.59730e-01
  5655.000  9.55450e-01
  5656.000  9.48550e-01
  5657.000  9.40490e-01
  5658.000  9.29470e-01
  5659.000  9.19350e-01
  5660.000  9.13150e-01
  5661.000  9.15510e-01
  5662.000  9.21340e-01
  5663.000  9.27280e-01
  5664.000  9.30810e-01
  5665.000  9.35690e-01
  5666.000  9.41850e-01
  5667.000  9.44910e-01
  5668.000  9.44190e-01
  5669.000  9.41440e-01
  5670.000  9.40870e-01
  5671.000  9.43600e-01
  5672.000  9.48930e-01
  5673.000  9.57150e-01
  5674.000  9.63870e-01
  5675.000  9.67790e-01
  5676.000  9.67650e-01
  5677.000  9.68090e-01
  5678.000  9.66890e-01
  5679.000  9.65880e-01
  5680.000  9.63090e-01
  5681.000  9.59740e-01
  5682.000  9.54580e-01
  5683.000  9.48940e-01
  5684.000  9.44180e-01
  5685.000  9.41970e-01
  5686.000  9.41490e-01
  5687.000  9.41050e-01
  5688.000  9.38710e-01
  5689.000  9.39540e-01
  5690.000  9.42990e-01
  5691.000  9.48210e-01
  5692.000  9.56180e-01
  5693.000  9.62900e-01
  5694.000  9.67440e-01
  5695.000  9.67860e-01
  5696.000  9.66830e-01
  5697.000  9.63740e-01
  5698.000  9.59840e-01
  5699.000  9.54850e-01
  5700.000  9.49290e-01
  5701.000  9.43460e-01
  5702.000  9.38790e-01
  5703.000  9.36140e-01
  5704.000  9.35530e-01
  5705.000  9.36120e-01
  5706.000  9.34030e-01
  5707.000  9.28550e-01
  5708.000  9.20530e-01
  5709.000  9.13370e-01
  5710.000  9.07830e-01
  5711.000  9.05310e-01
  5712.000  9.07850e-01
  5713.000  9.14970e-01
  5714.000  9.25650e-01
  5715.000  9.38010e-01
  5716.000  9.48620e-01
  5717.000  9.55370e-01
  5718.000  9.59020e-01
  5719.000  9.61010e-01
  5720.000  9.62890e-01
  5721.000  9.65990e-01
  5722.000  9.69830e-01
  5723.000  9.73590e-01
  5724.000  9.75400e-01
  5725.000  9.74890e-01
  5726.000  9.72430e-01
  5727.000  9.67670e-01
  5728.000  9.62470e-01
  5729.000  9.60070e-01
  5730.000  9.60140e-01
  5731.000  9.60720e-01
  5732.000  9.59410e-01
  5733.000  9.58910e-01
  5734.000  9.60810e-01
  5735.000  9.64110e-01
  5736.000  9.66780e-01
  5737.000  9.68330e-01
  5738.000  9.67180e-01
  5739.000  9.64560e-01
  5740.000  9.61910e-01
  5741.000  9.60000e-01
  5742.000  9.59030e-01
  5743.000  9.58080e-01
  5744.000  9.58860e-01
  5745.000  9.62190e-01
  5746.000  9.64570e-01
  5747.000  9.64140e-01
  5748.000  9.61490e-01
  5749.000  9.58130e-01
  5750.000  9.56760e-01
  5751.000  9.57790e-01
  5752.000  9.58050e-01
  5753.000  9.56780e-01
  5754.000  9.53770e-01
  5755.000  9.53310e-01
  5756.000  9.57180e-01
  5757.000  9.63740e-01
  5758.000  9.68440e-01
  5759.000  9.69530e-01
  5760.000  9.65520e-01
  5761.000  9.57550e-01
  5762.000  9.48720e-01
  5763.000  9.42080e-01
  5764.000  9.39820e-01
  5765.000  9.45500e-01
  5766.000  9.55410e-01
  5767.000  9.63390e-01
  5768.000  9.68370e-01
  5769.000  9.69430e-01
  5770.000  9.68150e-01
  5771.000  9.65980e-01
  5772.000  9.62040e-01
  5773.000  9.59020e-01
  5774.000  9.56660e-01
  5775.000  9.54610e-01
  5776.000  9.54510e-01
  5777.000  9.54450e-01
  5778.000  9.53580e-01
  5779.000  9.49570e-01
  5780.000  9.40880e-01
  5781.000  9.26960e-01
  5782.000  9.14040e-01
  5783.000  9.05680e-01
  5784.000  9.05740e-01
  5785.000  9.08740e-01
  5786.000  9.13790e-01
  5787.000  9.20490e-01
  5788.000  9.29170e-01
  5789.000  9.37490e-01
  5790.000  9.42500e-01
  5791.000  9.44890e-01
  5792.000  9.46150e-01
  5793.000  9.47470e-01
  5794.000  9.49860e-01
  5795.000  9.53400e-01
  5796.000  9.56090e-01
  5797.000  9.55270e-01
  5798.000  9.51300e-01
  5799.000  9.50450e-01
  5800.000  9.53020e-01
  5801.000  9.59320e-01
  5802.000  9.67210e-01
  5803.000  9.70780e-01
  5804.000  9.68550e-01
  5805.000  9.63150e-01
  5806.000  9.57030e-01
  5807.000  9.52090e-01
  5808.000  9.52220e-01
  5809.000  9.53850e-01
  5810.000  9.55940e-01
  5811.000  9.57940e-01
  5812.000  9.59950e-01
  5813.000  9.61480e-01
  5814.000  9.59060e-01
  5815.000  9.56270e-01
  5816.000  9.52330e-01
  5817.000  9.50470e-01
  5818.000  9.51740e-01
  5819.000  9.56470e-01
  5820.000  9.61900e-01
  5821.000  9.67160e-01
  5822.000  9.68730e-01
  5823.000  9.67930e-01
  5824.000  9.66960e-01
  5825.000  9.65950e-01
  5826.000  9.65590e-01
  5827.000  9.66320e-01
  5828.000  9.66970e-01
  5829.000  9.67510e-01
  5830.000  9.67720e-01
  5831.000  9.68040e-01
  5832.000  9.67210e-01
  5833.000  9.66860e-01
  5834.000  9.64440e-01
  5835.000  9.61070e-01
  5836.000  9.59190e-01
  5837.000  9.58950e-01
  5838.000  9.59380e-01
  5839.000  9.59620e-01
  5840.000  9.60340e-01
  5841.000  9.62570e-01
  5842.000  9.65100e-01
  5843.000  9.66710e-01
  5844.000  9.66920e-01
  5845.000  9.65510e-01
  5846.000  9.62530e-01
  5847.000  9.57370e-01
  5848.000  9.53130e-01
  5849.000  9.50280e-01
  5850.000  9.48940e-01
  5851.000  9.46350e-01
  5852.000  9.43820e-01
  5853.000  9.38650e-01
  5854.000  9.32470e-01
  5855.000  9.27410e-01
  5856.000  9.24560e-01
  5857.000  9.22760e-01
  5858.000  9.19400e-01
  5859.000  9.16800e-01
  5860.000  9.17250e-01
  5861.000  9.22690e-01
  5862.000  9.29340e-01
  5863.000  9.33740e-01
  5864.000  9.36140e-01
  5865.000  9.37380e-01
  5866.000  9.37580e-01
  5867.000  9.38190e-01
  5868.000  9.39200e-01
  5869.000  9.41360e-01
  5870.000  9.45240e-01
  5871.000  9.49390e-01
  5872.000  9.54220e-01
  5873.000  9.66260e-01
  5874.000  9.94170e-01
  5875.000  1.04200e+00
  5876.000  1.09810e+00
  5877.000  1.12660e+00
  5878.000  1.11040e+00
  5879.000  1.05760e+00
  5880.000  9.98560e-01
  5881.000  9.57800e-01
  5882.000  9.39880e-01
  5883.000  9.33630e-01
  5884.000  9.32820e-01
  5885.000  9.31480e-01
  5886.000  9.27640e-01
  5887.000  9.17690e-01
  5888.000  8.98870e-01
  5889.000  8.69070e-01
  5890.000  8.36890e-01
  5891.000  8.12760e-01
  5892.000  8.11260e-01
  5893.000  8.25100e-01
  5894.000  8.41330e-01
  5895.000  8.46080e-01
  5896.000  8.40020e-01
  5897.000  8.36210e-01
  5898.000  8.42970e-01
  5899.000  8.62370e-01
  5900.000  8.86760e-01
  5901.000  9.06260e-01
  5902.000  9.18960e-01
  5903.000  9.25700e-01
  5904.000  9.29510e-01
  5905.000  9.30540e-01
  5906.000  9.28900e-01
  5907.000  9.28460e-01
  5908.000  9.30010e-01
  5909.000  9.32300e-01
  5910.000  9.34900e-01
  5911.000  9.35900e-01
  5912.000  9.35590e-01
  5913.000  9.32780e-01
  5914.000  9.28230e-01
  5915.000  9.21630e-01
  5916.000  9.17290e-01
  5917.000  9.16790e-01
  5918.000  9.20120e-01
  5919.000  9.25480e-01
  5920.000  9.30940e-01
  5921.000  9.33840e-01
  5922.000  9.35670e-01
  5923.000  9.35380e-01
  5924.000  9.35430e-01
  5925.000  9.35930e-01
  5926.000  9.37350e-01
  5927.000  9.36330e-01
  5928.000  9.33840e-01
  5929.000  9.29870e-01
  5930.000  9.25170e-01
  5931.000  9.22860e-01
  5932.000  9.23350e-01
  5933.000  9.25910e-01
  5934.000  9.27960e-01
  5935.000  9.27590e-01
  5936.000  9.27460e-01
  5937.000  9.28460e-01
  5938.000  9.31110e-01
  5939.000  9.33210e-01
  5940.000  9.34020e-01
  5941.000  9.33390e-01
  5942.000  9.32170e-01
  5943.000  9.30710e-01
  5944.000  9.31800e-01
  5945.000  9.33740e-01
  5946.000  9.36250e-01
  5947.000  9.37610e-01
  5948.000  9.36200e-01
  5949.000  9.31170e-01
  5950.000  9.26350e-01
  5951.000  9.24730e-01
  5952.000  9.23510e-01
  5953.000  9.22750e-01
  5954.000  9.21650e-01
  5955.000  9.21550e-01
  5956.000  9.21620e-01
  5957.000  9.22900e-01
  5958.000  9.23760e-01
  5959.000  9.24190e-01
  5960.000  9.27200e-01
  5961.000  9.30450e-01
  5962.000  9.34110e-01
  5963.000  9.35290e-01
  5964.000  9.36380e-01
  5965.000  9.36120e-01
  5966.000  9.33970e-01
  5967.000  9.32480e-01
  5968.000  9.33410e-01
  5969.000  9.35260e-01
  5970.000  9.38280e-01
  5971.000  9.40760e-01
  5972.000  9.42310e-01
  5973.000  9.42340e-01
  5974.000  9.39630e-01
  5975.000  9.35840e-01
  5976.000  9.31790e-01
  5977.000  9.26270e-01
  5978.000  9.23210e-01
  5979.000  9.23280e-01
  5980.000  9.25640e-01
  5981.000  9.29130e-01
  5982.000  9.29770e-01
  5983.000  9.26430e-01
  5984.000  9.19940e-01
  5985.000  9.14460e-01
  5986.000  9.11820e-01
  5987.000  9.12600e-01
  5988.000  9.17290e-01
  5989.000  9.22390e-01
  5990.000  9.25740e-01
  5991.000  9.26610e-01
  5992.000  9.27210e-01
  5993.000  9.27860e-01
  5994.000  9.30220e-01
  5995.000  9.33460e-01
  5996.000  9.33900e-01
  5997.000  9.32450e-01
  5998.000  9.28100e-01
  5999.000  9.24220e-01
  6000.000  9.22940e-01
  6001.000  9.23170e-01
  6002.000  9.23570e-01
  6003.000  9.22450e-01
  6004.000  9.20920e-01
  6005.000  9.19860e-01
  6006.000  9.17960e-01
  6007.000  9.14750e-01
  6008.000  9.10370e-01
  6009.000  9.06650e-01
  6010.000  9.06090e-01
  6011.000  9.09500e-01
  6012.000  9.13070e-01
  6013.000  9.14660e-01
  6014.000  9.13920e-01
  6015.000  9.12330e-01
  6016.000  9.11340e-01
  6017.000  9.11370e-01
  6018.000  9.11580e-01
  6019.000  9.10480e-01
  6020.000  9.09070e-01
  6021.000  9.06750e-01
  6022.000  9.06350e-01
  6023.000  9.06590e-01
  6024.000  9.09290e-01
  6025.000  9.11790e-01
  6026.000  9.15260e-01
  6027.000  9.19320e-01
  6028.000  9.22990e-01
  6029.000  9.25580e-01
  6030.000  9.29110e-01
  6031.000  9.31540e-01
  6032.000  9.32870e-01
  6033.000  9.34290e-01
  6034.000  9.35820e-01
  6035.000  9.37260e-01
  6036.000  9.37660e-01
  6037.000  9.37520e-01
  6038.000  9.36610e-01
  6039.000  9.34890e-01
  6040.000  9.33460e-01
  6041.000  9.31840e-01
  6042.000  9.30720e-01
  6043.000  9.29300e-01
  6044.000  9.29660e-01
  6045.000  9.33360e-01
  6046.000  9.35800e-01
  6047.000  9.37940e-01
  6048.000  9.39820e-01
  6049.000  9.40300e-01
  6050.000  9.39980e-01
  6051.000  9.39390e-01
  6052.000  9.38180e-01
  6053.000  9.36440e-01
  6054.000  9.33100e-01
  6055.000  9.29740e-01
  6056.000  9.26570e-01
  6057.000  9.24460e-01
  6058.000  9.23670e-01
  6059.000  9.25040e-01
  6060.000  9.27720e-01
  6061.000  9.30350e-01
  6062.000  9.31400e-01
  6063.000  9.29190e-01
  6064.000  9.24210e-01
  6065.000  9.19340e-01
  6066.000  9.15070e-01
  6067.000  9.14750e-01
  6068.000  9.19800e-01
  6069.000  9.27650e-01
  6070.000  9.35490e-01
  6071.000  9.40070e-01
  6072.000  9.42280e-01
  6073.000  9.43930e-01
  6074.000  9.43710e-01
  6075.000  9.43130e-01
  6076.000  9.40810e-01
  6077.000  9.36910e-01
  6078.000  9.31490e-01
  6079.000  9.26140e-01
  6080.000  9.21660e-01
  6081.000  9.18930e-01
  6082.000  9.16930e-01
  6083.000  9.15530e-01
  6084.000  9.13880e-01
  6085.000  9.13850e-01
  6086.000  9.14560e-01
  6087.000  9.16470e-01
  6088.000  9.17800e-01
  6089.000  9.18320e-01
  6090.000  9.17230e-01
  6091.000  9.14720e-01
  6092.000  9.12360e-01
  6093.000  9.11860e-01
  6094.000  9.13580e-01
  6095.000  9.17170e-01
  6096.000  9.21270e-01
  6097.000  9.23170e-01
  6098.000  9.23730e-01
  6099.000  9.23860e-01
  6100.000  9.23120e-01
  6101.000  9.19020e-01
  6102.000  9.10250e-01
  6103.000  9.00130e-01
  6104.000  8.92650e-01
  6105.000  8.91530e-01
  6106.000  8.98920e-01
  6107.000  9.07850e-01
  6108.000  9.14000e-01
  6109.000  9.18140e-01
  6110.000  9.20080e-01
  6111.000  9.20460e-01
  6112.000  9.20350e-01
  6113.000  9.20480e-01
  6114.000  9.20960e-01
  6115.000  9.22560e-01
  6116.000  9.22720e-01
  6117.000  9.22320e-01
  6118.000  9.21740e-01
  6119.000  9.18470e-01
  6120.000  9.13510e-01
  6121.000  9.06080e-01
  6122.000  8.97410e-01
  6123.000  8.90960e-01
  6124.000  8.91420e-01
  6125.000  8.96860e-01
  6126.000  9.03550e-01
  6127.000  9.07670e-01
  6128.000  9.09240e-01
  6129.000  9.08370e-01
  6130.000  9.09170e-01
  6131.000  9.12380e-01
  6132.000  9.16550e-01
  6133.000  9.19110e-01
  6134.000  9.18030e-01
  6135.000  9.10650e-01
  6136.000  8.96410e-01
  6137.000  8.79620e-01
  6138.000  8.67640e-01
  6139.000  8.64690e-01
  6140.000  8.71110e-01
  6141.000  8.81370e-01
  6142.000  8.89840e-01
  6143.000  8.94130e-01
  6144.000  8.98810e-01
  6145.000  9.04530e-01
  6146.000  9.10290e-01
  6147.000  9.12280e-01
  6148.000  9.10780e-01
  6149.000  9.06740e-01
  6150.000  9.01120e-01
  6151.000  8.96720e-01
  6152.000  8.97300e-01
  6153.000  9.00310e-01
  6154.000  9.01530e-01
  6155.000  9.01650e-01
  6156.000  8.98380e-01
  6157.000  8.93690e-01
  6158.000  8.88990e-01
  6159.000  8.85300e-01
  6160.000  8.78750e-01
  6161.000  8.68220e-01
  6162.000  8.55210e-01
  6163.000  8.42980e-01
  6164.000  8.36910e-01
  6165.000  8.40190e-01
  6166.000  8.49520e-01
  6167.000  8.59870e-01
  6168.000  8.65270e-01
  6169.000  8.64380e-01
  6170.000  8.60270e-01
  6171.000  8.57410e-01
  6172.000  8.58990e-01
  6173.000  8.65130e-01
  6174.000  8.72400e-01
  6175.000  8.77420e-01
  6176.000  8.79640e-01
  6177.000  8.80480e-01
  6178.000  8.81240e-01
  6179.000  8.83250e-01
  6180.000  8.86390e-01
  6181.000  8.89060e-01
  6182.000  8.91720e-01
  6183.000  8.93960e-01
  6184.000  8.95110e-01
  6185.000  8.94740e-01
  6186.000  8.92560e-01
  6187.000  8.87580e-01
  6188.000  8.82040e-01
  6189.000  8.76720e-01
  6190.000  8.71440e-01
  6191.000  8.65350e-01
  6192.000  8.60240e-01
  6193.000  8.58480e-01
  6194.000  8.63390e-01
  6195.000  8.72590e-01
  6196.000  8.82130e-01
  6197.000  8.88520e-01
  6198.000  8.90790e-01
  6199.000  8.88790e-01
  6200.000  8.85260e-01
  6201.000  8.81430e-01
  6202.000  8.79750e-01
  6203.000  8.81920e-01
  6204.000  8.85770e-01
  6205.000  8.89230e-01
  6206.000  8.92580e-01
  6207.000  8.94530e-01
  6208.000  8.95570e-01
  6209.000  8.96230e-01
  6210.000  8.95350e-01
  6211.000  8.93040e-01
  6212.000  8.89100e-01
  6213.000  8.81810e-01
  6214.000  8.72650e-01
  6215.000  8.64190e-01
  6216.000  8.58520e-01
  6217.000  8.57150e-01
  6218.000  8.59760e-01
  6219.000  8.62440e-01
  6220.000  8.63500e-01
  6221.000  8.63110e-01
  6222.000  8.64070e-01
  6223.000  8.66500e-01
  6224.000  8.70380e-01
  6225.000  8.72870e-01
  6226.000  8.74670e-01
  6227.000  8.75330e-01
  6228.000  8.73710e-01
  6229.000  8.70600e-01
  6230.000  8.63360e-01
  6231.000  8.54150e-01
  6232.000  8.48020e-01
  6233.000  8.46970e-01
  6234.000  8.52990e-01
  6235.000  8.62720e-01
  6236.000  8.73160e-01
  6237.000  8.77970e-01
  6238.000  8.75960e-01
  6239.000  8.70650e-01
  6240.000  8.63450e-01
  6241.000  8.58060e-01
  6242.000  8.53820e-01
  6243.000  8.52340e-01
  6244.000  8.49800e-01
  6245.000  8.47240e-01
  6246.000  8.45880e-01
  6247.000  8.46800e-01
  6248.000  8.50730e-01
  6249.000  8.55830e-01
  6250.000  8.62270e-01
  6251.000  8.65780e-01
  6252.000  8.63920e-01
  6253.000  8.58090e-01
  6254.000  8.50910e-01
  6255.000  8.45460e-01
  6256.000  8.41720e-01
  6257.000  8.40580e-01
  6258.000  8.39360e-01
  6259.000  8.37680e-01
  6260.000  8.40340e-01
  6261.000  8.46680e-01
  6262.000  8.55000e-01
  6263.000  8.64230e-01
  6264.000  8.69760e-01
  6265.000  8.72400e-01
  6266.000  8.72160e-01
  6267.000  8.71280e-01
  6268.000  8.70770e-01
  6269.000  8.70800e-01
  6270.000  8.70340e-01
  6271.000  8.70250e-01
  6272.000  8.70790e-01
  6273.000  8.72980e-01
  6274.000  8.75700e-01
  6275.000  8.78150e-01
  6276.000  8.79250e-01
  6277.000  8.79680e-01
  6278.000  8.78600e-01
  6279.000  8.75270e-01
  6280.000  8.69320e-01
  6281.000  8.62270e-01
  6282.000  8.55180e-01
  6283.000  8.50330e-01
  6284.000  8.48790e-01
  6285.000  8.49590e-01
  6286.000  8.52440e-01
  6287.000  8.57390e-01
  6288.000  8.64320e-01
  6289.000  8.72880e-01
  6290.000  8.80070e-01
  6291.000  8.83620e-01
  6292.000  8.84980e-01
  6293.000  8.84630e-01
  6294.000  8.83870e-01
  6295.000  8.83990e-01
  6296.000  8.83940e-01
  6297.000  8.88280e-01
  6298.000  9.02900e-01
  6299.000  9.38050e-01
  6300.000  9.89190e-01
  6301.000  1.03550e+00
  6302.000  1.05300e+00
  6303.000  1.02720e+00
  6304.000  9.78820e-01
  6305.000  9.27810e-01
  6306.000  8.97030e-01
  6307.000  8.86460e-01
  6308.000  8.85860e-01
  6309.000  8.88220e-01
  6310.000  8.88850e-01
  6311.000  8.88160e-01
  6312.000  8.86190e-01
  6313.000  8.84060e-01
  6314.000  8.81130e-01
  6315.000  8.76030e-01
  6316.000  8.69350e-01
  6317.000  8.62180e-01
  6318.000  8.55790e-01
  6319.000  8.52190e-01
  6320.000  8.52800e-01
  6321.000  8.55950e-01
  6322.000  8.61720e-01
  6323.000  8.67730e-01
  6324.000  8.73690e-01
  6325.000  8.78540e-01
  6326.000  8.82720e-01
  6327.000  8.85540e-01
  6328.000  8.86880e-01
  6329.000  8.87710e-01
  6330.000  8.87760e-01
  6331.000  8.87020e-01
  6332.000  8.87120e-01
  6333.000  8.86730e-01
  6334.000  8.85290e-01
  6335.000  8.80480e-01
  6336.000  8.73810e-01
  6337.000  8.66370e-01
  6338.000  8.63160e-01
  6339.000  8.64550e-01
  6340.000  8.69650e-01
  6341.000  8.75290e-01
  6342.000  8.78400e-01
  6343.000  8.78480e-01
  6344.000  8.75830e-01
  6345.000  8.72030e-01
  6346.000  8.69570e-01
  6347.000  8.70110e-01
  6348.000  8.73220e-01
  6349.000  8.77710e-01
  6350.000  8.82080e-01
  6351.000  8.85000e-01
  6352.000  8.86450e-01
  6353.000  8.86280e-01
  6354.000  8.82800e-01
  6355.000  8.78970e-01
  6356.000  8.73990e-01
  6357.000  8.70460e-01
  6358.000  8.67200e-01
  6359.000  8.63410e-01
  6360.000  8.59510e-01
  6361.000  8.58640e-01
  6362.000  8.64570e-01
  6363.000  8.79050e-01
  6364.000  8.98080e-01
  6365.000  9.14110e-01
  6366.000  9.18210e-01
  6367.000  9.11110e-01
  6368.000  8.99910e-01
  6369.000  8.90290e-01
  6370.000  8.85150e-01
  6371.000  8.84070e-01
  6372.000  8.85420e-01
  6373.000  8.87580e-01
  6374.000  8.90280e-01
  6375.000  8.92260e-01
  6376.000  8.93060e-01
  6377.000  8.93050e-01
  6378.000  8.90580e-01
  6379.000  8.87380e-01
  6380.000  8.84360e-01
  6381.000  8.82190e-01
  6382.000  8.80760e-01
  6383.000  8.81710e-01
  6384.000  8.84190e-01
  6385.000  8.85550e-01
  6386.000  8.85520e-01
  6387.000  8.86310e-01
  6388.000  8.87960e-01
  6389.000  8.89250e-01
  6390.000  8.90100e-01
  6391.000  8.87730e-01
  6392.000  8.83500e-01
  6393.000  8.77810e-01
  6394.000  8.70790e-01
  6395.000  8.67090e-01
  6396.000  8.68170e-01
  6397.000  8.74120e-01
  6398.000  8.78180e-01
  6399.000  8.77970e-01
  6400.000  8.72550e-01
  6401.000  8.66590e-01
  6402.000  8.65320e-01
  6403.000  8.69820e-01
  6404.000  8.78280e-01
  6405.000  8.84930e-01
  6406.000  8.87640e-01
  6407.000  8.86090e-01
  6408.000  8.82100e-01
  6409.000  8.76800e-01
  6410.000  8.73390e-01
  6411.000  8.72430e-01
  6412.000  8.72570e-01
  6413.000  8.70980e-01
  6414.000  8.70200e-01
  6415.000  8.71270e-01
  6416.000  8.72980e-01
  6417.000  8.74500e-01
  6418.000  8.74730e-01
  6419.000  8.72750e-01
  6420.000  8.68990e-01
  6421.000  8.64160e-01
  6422.000  8.61490e-01
  6423.000  8.64170e-01
  6424.000  8.69980e-01
  6425.000  8.77730e-01
  6426.000  8.84280e-01
  6427.000  8.87640e-01
  6428.000  8.88410e-01
  6429.000  8.86250e-01
  6430.000  8.81690e-01
  6431.000  8.73730e-01
  6432.000  8.65750e-01
  6433.000  8.63160e-01
  6434.000  8.65110e-01
  6435.000  8.70520e-01
  6436.000  8.76530e-01
  6437.000  8.79680e-01
  6438.000  8.77360e-01
  6439.000  8.72870e-01
  6440.000  8.68210e-01
  6441.000  8.67850e-01
  6442.000  8.72820e-01
  6443.000  8.81090e-01
  6444.000  8.87860e-01
  6445.000  8.91080e-01
  6446.000  8.92610e-01
  6447.000  8.91980e-01
  6448.000  8.86610e-01
  6449.000  8.76740e-01
  6450.000  8.64490e-01
  6451.000  8.55040e-01
  6452.000  8.51060e-01
  6453.000  8.54980e-01
  6454.000  8.60320e-01
  6455.000  8.64250e-01
  6456.000  8.64830e-01
  6457.000  8.64510e-01
  6458.000  8.65320e-01
  6459.000  8.70050e-01
  6460.000  8.75640e-01
  6461.000  8.79430e-01
  6462.000  8.76310e-01
  6463.000  8.69690e-01
  6464.000  8.63090e-01
  6465.000  8.61840e-01
  6466.000  8.66980e-01
  6467.000  8.74440e-01
  6468.000  8.81610e-01
  6469.000  8.85180e-01
  6470.000  8.85970e-01
  6471.000  8.82550e-01
  6472.000  8.79130e-01
  6473.000  8.77460e-01
  6474.000  8.77770e-01
  6475.000  8.80030e-01
  6476.000  8.80630e-01
  6477.000  8.81960e-01
  6478.000  8.83720e-01
  6479.000  8.84540e-01
  6480.000  8.84270e-01
  6481.000  8.80750e-01
  6482.000  8.74990e-01
  6483.000  8.68510e-01
  6484.000  8.65870e-01
  6485.000  8.66480e-01
  6486.000  8.70470e-01
  6487.000  8.75210e-01
  6488.000  8.78860e-01
  6489.000  8.79760e-01
  6490.000  8.77410e-01
  6491.000  8.72750e-01
  6492.000  8.65380e-01
  6493.000  8.53780e-01
  6494.000  8.38850e-01
  6495.000  8.21980e-01
  6496.000  8.08710e-01
  6497.000  8.00960e-01
  6498.000  8.00980e-01
  6499.000  8.08200e-01
  6500.000  8.19100e-01
  6501.000  8.32710e-01
  6502.000  8.44600e-01
  6503.000  8.54230e-01
  6504.000  8.63370e-01
  6505.000  8.69860e-01
  6506.000  8.74110e-01
  6507.000  8.76470e-01
  6508.000  8.76240e-01
  6509.000  8.75900e-01
  6510.000  8.75310e-01
  6511.000  8.75670e-01
  6512.000  8.76900e-01
  6513.000  8.77900e-01
  6514.000  8.77690e-01
  6515.000  8.76010e-01
  6516.000  8.73480e-01
  6517.000  8.69310e-01
  6518.000  8.65750e-01
  6519.000  8.63930e-01
  6520.000  8.63970e-01
  6521.000  8.65760e-01
  6522.000  8.69680e-01
  6523.000  8.74190e-01
  6524.000  8.76730e-01
  6525.000  8.77200e-01
  6526.000  8.75960e-01
  6527.000  8.73050e-01
  6528.000  8.68850e-01
  6529.000  8.65800e-01
  6530.000  8.65810e-01
  6531.000  8.67120e-01
  6532.000  8.66800e-01
  6533.000  8.66380e-01
  6534.000  8.65330e-01
  6535.000  8.65480e-01
  6536.000  8.67170e-01
  6537.000  8.69720e-01
  6538.000  8.71780e-01
  6539.000  8.73210e-01
  6540.000  8.75090e-01
  6541.000  8.76670e-01
  6542.000  8.78240e-01
  6543.000  8.80490e-01
  6544.000  8.87410e-01
  6545.000  9.12280e-01
  6546.000  9.90010e-01
  6547.000  1.14310e+00
  6548.000  1.33940e+00
  6549.000  1.51930e+00
  6550.000  1.56040e+00
  6551.000  1.45530e+00
  6552.000  1.24400e+00
  6553.000  1.04990e+00
  6554.000  9.25990e-01
  6555.000  8.65790e-01
  6556.000  8.47850e-01
  6557.000  8.50900e-01
  6558.000  8.85270e-01
  6559.000  1.01010e+00
  6560.000  1.37110e+00
  6561.000  2.29800e+00
  6562.000  3.86210e+00
  6563.000  5.71840e+00
  6564.000  7.09950e+00
  6565.000  7.08970e+00
  6566.000  5.79610e+00
  6567.000  3.82400e+00
  6568.000  2.26780e+00
  6569.000  1.35300e+00
  6570.000  9.84550e-01
  6571.000  8.78670e-01
  6572.000  8.47240e-01
  6573.000  8.37900e-01
  6574.000  8.34350e-01
  6575.000  8.33500e-01
  6576.000  8.37600e-01
  6577.000  8.48370e-01
  6578.000  8.66100e-01
  6579.000  8.98390e-01
  6580.000  9.68850e-01
  6581.000  1.15360e+00
  6582.000  1.55740e+00
  6583.000  2.13310e+00
  6584.000  2.75930e+00
  6585.000  3.07100e+00
  6586.000  2.90830e+00
  6587.000  2.34490e+00
  6588.000  1.69590e+00
  6589.000  1.24930e+00
  6590.000  1.00150e+00
  6591.000  9.13130e-01
  6592.000  8.81490e-01
  6593.000  8.63160e-01
  6594.000  8.50020e-01
  6595.000  8.43850e-01
  6596.000  8.44650e-01
  6597.000  8.48840e-01
  6598.000  8.54520e-01
  6599.000  8.58840e-01
  6600.000  8.61530e-01
  6601.000  8.64230e-01
  6602.000  8.68340e-01
  6603.000  8.70910e-01
  6604.000  8.71460e-01
  6605.000  8.69440e-01
  6606.000  8.65170e-01
  6607.000  8.61260e-01
  6608.000  8.57170e-01
  6609.000  8.53520e-01
  6610.000  8.52010e-01
  6611.000  8.53440e-01
  6612.000  8.57570e-01
  6613.000  8.62720e-01
  6614.000  8.66680e-01
  6615.000  8.69790e-01
  6616.000  8.71760e-01
  6617.000  8.73300e-01
  6618.000  8.74870e-01
  6619.000  8.76050e-01
  6620.000  8.76740e-01
  6621.000  8.76640e-01
  6622.000  8.76340e-01
  6623.000  8.75140e-01
  6624.000  8.72490e-01
  6625.000  8.67780e-01
  6626.000  8.63420e-01
  6627.000  8.61440e-01
  6628.000  8.61950e-01
  6629.000  8.64090e-01
  6630.000  8.64920e-01
  6631.000  8.64540e-01
  6632.000  8.61720e-01
  6633.000  8.58370e-01
  6634.000  8.53800e-01
  6635.000  8.51130e-01
  6636.000  8.51210e-01
  6637.000  8.54010e-01
  6638.000  8.58300e-01
  6639.000  8.62470e-01
  6640.000  8.64840e-01
  6641.000  8.65050e-01
  6642.000  8.63560e-01
  6643.000  8.61580e-01
  6644.000  8.58860e-01
  6645.000  8.57190e-01
  6646.000  8.57140e-01
  6647.000  8.57480e-01
  6648.000  8.59740e-01
  6649.000  8.62090e-01
  6650.000  8.63250e-01
  6651.000  8.63030e-01
  6652.000  8.62420e-01
  6653.000  8.62130e-01
  6654.000  8.61380e-01
  6655.000  8.60840e-01
  6656.000  8.60810e-01
  6657.000  8.61110e-01
  6658.000  8.60890e-01
  6659.000  8.60660e-01
  6660.000  8.60800e-01
  6661.000  8.58800e-01
  6662.000  8.55790e-01
  6663.000  8.51620e-01
  6664.000  8.47960e-01
  6665.000  8.45690e-01
  6666.000  8.46690e-01
  6667.000  8.49220e-01
  6668.000  8.52040e-01
  6669.000  8.55900e-01
  6670.000  8.58510e-01
  6671.000  8.61270e-01
  6672.000  8.63190e-01
  6673.000  8.64820e-01
  6674.000  8.66210e-01
  6675.000  8.67410e-01
  6676.000  8.70130e-01
  6677.000  8.75610e-01
  6678.000  8.83920e-01
  6679.000  8.90060e-01
  6680.000  8.90800e-01
  6681.000  8.85280e-01
  6682.000  8.76030e-01
  6683.000  8.66280e-01
  6684.000  8.61800e-01
  6685.000  8.60710e-01
  6686.000  8.61020e-01
  6687.000  8.61110e-01
  6688.000  8.60710e-01
  6689.000  8.60260e-01
  6690.000  8.60200e-01
  6691.000  8.60500e-01
  6692.000  8.60720e-01
  6693.000  8.61180e-01
  6694.000  8.60380e-01
  6695.000  8.58530e-01
  6696.000  8.55550e-01
  6697.000  8.52340e-01
  6698.000  8.49500e-01
  6699.000  8.48650e-01
  6700.000  8.50660e-01
  6701.000  8.53710e-01
  6702.000  8.55420e-01
  6703.000  8.55140e-01
  6704.000  8.53880e-01
  6705.000  8.51650e-01
  6706.000  8.50870e-01
  6707.000  8.51590e-01
  6708.000  8.52670e-01
  6709.000  8.54950e-01
  6710.000  8.57020e-01
  6711.000  8.61070e-01
  6712.000  8.72110e-01
  6713.000  9.05390e-01
  6714.000  1.00320e+00
  6715.000  1.21390e+00
  6716.000  1.51220e+00
  6717.000  1.84510e+00
  6718.000  2.00930e+00
  6719.000  1.93670e+00
  6720.000  1.64190e+00
  6721.000  1.31220e+00
  6722.000  1.05890e+00
  6723.000  9.24790e-01
  6724.000  8.77550e-01
  6725.000  8.63600e-01
  6726.000  8.64540e-01
  6727.000  8.78290e-01
  6728.000  9.27290e-01
  6729.000  1.04980e+00
  6730.000  1.24380e+00
  6731.000  1.49950e+00
  6732.000  1.67780e+00
  6733.000  1.69590e+00
  6734.000  1.53020e+00
  6735.000  1.28590e+00
  6736.000  1.07090e+00
  6737.000  9.35250e-01
  6738.000  8.77880e-01
  6739.000  8.55600e-01
  6740.000  8.46830e-01
  6741.000  8.43320e-01
  6742.000  8.41230e-01
  6743.000  8.38920e-01
  6744.000  8.37760e-01
  6745.000  8.37860e-01
  6746.000  8.39240e-01
  6747.000  8.39960e-01
  6748.000  8.39040e-01
  6749.000  8.36540e-01
  6750.000  8.34580e-01
  6751.000  8.32700e-01
  6752.000  8.32620e-01
  6753.000  8.33190e-01
  6754.000  8.33480e-01
  6755.000  8.35080e-01
  6756.000  8.37240e-01
  6757.000  8.40080e-01
  6758.000  8.43770e-01
  6759.000  8.47320e-01
  6760.000  8.49180e-01
  6761.000  8.50990e-01
  6762.000  8.51730e-01
  6763.000  8.51810e-01
  6764.000  8.51390e-01
  6765.000  8.50110e-01
  6766.000  8.47400e-01
  6767.000  8.43890e-01
  6768.000  8.40330e-01
  6769.000  8.36890e-01
  6770.000  8.35330e-01
  6771.000  8.36160e-01
  6772.000  8.36790e-01
  6773.000  8.38600e-01
  6774.000  8.41580e-01
  6775.000  8.44870e-01
  6776.000  8.49410e-01
  6777.000  8.52420e-01
  6778.000  8.54200e-01
  6779.000  8.54750e-01
  6780.000  8.55100e-01
  6781.000  8.54010e-01
  6782.000  8.50390e-01
  6783.000  8.46090e-01
  6784.000  8.41340e-01
  6785.000  8.35730e-01
  6786.000  8.32740e-01
  6787.000  8.32510e-01
  6788.000  8.34580e-01
  6789.000  8.36750e-01
  6790.000  8.39680e-01
  6791.000  8.40950e-01
  6792.000  8.41910e-01
  6793.000  8.41810e-01
  6794.000  8.39890e-01
  6795.000  8.37660e-01
  6796.000  8.37210e-01
  6797.000  8.37610e-01
  6798.000  8.39070e-01
  6799.000  8.41030e-01
  6800.000  8.42040e-01
  6801.000  8.43430e-01
  6802.000  8.45080e-01
  6803.000  8.45710e-01
  6804.000  8.46620e-01
  6805.000  8.45090e-01
  6806.000  8.44700e-01
  6807.000  8.43710e-01
  6808.000  8.42900e-01
  6809.000  8.42500e-01
  6810.000  8.42330e-01
  6811.000  8.42740e-01
  6812.000  8.42900e-01
  6813.000  8.42800e-01
  6814.000  8.43010e-01
  6815.000  8.43060e-01
  6816.000  8.42610e-01
  6817.000  8.43520e-01
  6818.000  8.44170e-01
  6819.000  8.44830e-01
  6820.000  8.45730e-01
  6821.000  8.45410e-01
  6822.000  8.44850e-01
  6823.000  8.44840e-01
  6824.000  8.46560e-01
  6825.000  8.48930e-01
  6826.000  8.49290e-01
  6827.000  8.47780e-01
  6828.000  8.45180e-01
  6829.000  8.42850e-01
  6830.000  8.41580e-01
  6831.000  8.41120e-01
  6832.000  8.40880e-01
  6833.000  8.42890e-01
  6834.000  8.44940e-01
  6835.000  8.46220e-01
  6836.000  8.47120e-01
  6837.000  8.46330e-01
  6838.000  8.43890e-01
  6839.000  8.39950e-01
  6840.000  8.35150e-01
  6841.000  8.29650e-01
  6842.000  8.25210e-01
  6843.000  8.22830e-01
  6844.000  8.23610e-01
  6845.000  8.26350e-01
  6846.000  8.32090e-01
  6847.000  8.37900e-01
  6848.000  8.41040e-01
  6849.000  8.42560e-01
  6850.000  8.42690e-01
  6851.000  8.42840e-01
  6852.000  8.42480e-01
  6853.000  8.39670e-01
  6854.000  8.36770e-01
  6855.000  8.33470e-01
  6856.000  8.29250e-01
  6857.000  8.26470e-01
  6858.000  8.25170e-01
  6859.000  8.25280e-01
  6860.000  8.26480e-01
  6861.000  8.26780e-01
  6862.000  8.26420e-01
  6863.000  8.26660e-01
  6864.000  8.29770e-01
  6865.000  8.34270e-01
  6866.000  8.39810e-01
  6867.000  8.43710e-01
  6868.000  8.45930e-01
  6869.000  8.47620e-01
  6870.000  8.47970e-01
  6871.000  8.46830e-01
  6872.000  8.45470e-01
  6873.000  8.44250e-01
  6874.000  8.42360e-01
  6875.000  8.40620e-01
  6876.000  8.39930e-01
  6877.000  8.40980e-01
  6878.000  8.41770e-01
  6879.000  8.42540e-01
  6880.000  8.42200e-01
  6881.000  8.40680e-01
  6882.000  8.39260e-01
  6883.000  8.36150e-01
  6884.000  8.33860e-01
  6885.000  8.33960e-01
  6886.000  8.36490e-01
  6887.000  8.39270e-01
  6888.000  8.42320e-01
  6889.000  8.45880e-01
  6890.000  8.48630e-01
  6891.000  8.51090e-01
  6892.000  8.52350e-01
  6893.000  8.53170e-01
  6894.000  8.52040e-01
  6895.000  8.50110e-01
  6896.000  8.48850e-01
  6897.000  8.47440e-01
  6898.000  8.46560e-01
  6899.000  8.46150e-01
  6900.000  8.45770e-01
  6901.000  8.45400e-01
  6902.000  8.45980e-01
  6903.000  8.46280e-01
  6904.000  8.46640e-01
  6905.000  8.47600e-01
  6906.000  8.48940e-01
  6907.000  8.49710e-01
  6908.000  8.49690e-01
  6909.000  8.49050e-01
  6910.000  8.49650e-01
  6911.000  8.49120e-01
  6912.000  8.46190e-01
  6913.000  8.43190e-01
  6914.000  8.39850e-01
  6915.000  8.36300e-01
  6916.000  8.34390e-01
  6917.000  8.33670e-01
  6918.000  8.34200e-01
  6919.000  8.36800e-01
  6920.000  8.38540e-01
  6921.000  8.39910e-01
  6922.000  8.41270e-01
  6923.000  8.41710e-01
  6924.000  8.40060e-01
  6925.000  8.36530e-01
  6926.000  8.32570e-01
  6927.000  8.29230e-01
  6928.000  8.28830e-01
  6929.000  8.30620e-01
  6930.000  8.33530e-01
  6931.000  8.35340e-01
  6932.000  8.35550e-01
  6933.000  8.34370e-01
  6934.000  8.32640e-01
  6935.000  8.32130e-01
  6936.000  8.33140e-01
  6937.000  8.34750e-01
  6938.000  8.35470e-01
  6939.000  8.36890e-01
  6940.000  8.40130e-01
  6941.000  8.41400e-01
  6942.000  8.40930e-01
  6943.000  8.38740e-01
  6944.000  8.36200e-01
  6945.000  8.30520e-01
  6946.000  8.27410e-01
  6947.000  8.25900e-01
  6948.000  8.27250e-01
  6949.000  8.30940e-01
  6950.000  8.34130e-01
  6951.000  8.34190e-01
  6952.000  8.31760e-01
  6953.000  8.29500e-01
  6954.000  8.27480e-01
  6955.000  8.26930e-01
  6956.000  8.28090e-01
  6957.000  8.30910e-01
  6958.000  8.34050e-01
  6959.000  8.36460e-01
  6960.000  8.37970e-01
  6961.000  8.39730e-01
  6962.000  8.40330e-01
  6963.000  8.41620e-01
  6964.000  8.41860e-01
  6965.000  8.40960e-01
  6966.000  8.40370e-01
  6967.000  8.40690e-01
  6968.000  8.41670e-01
  6969.000  8.42610e-01
  6970.000  8.43420e-01
  6971.000  8.43230e-01
  6972.000  8.43030e-01
  6973.000  8.41960e-01
  6974.000  8.40540e-01
  6975.000  8.39180e-01
  6976.000  8.35380e-01
  6977.000  8.28710e-01
  6978.000  8.20900e-01
  6979.000  8.13640e-01
  6980.000  8.09750e-01
  6981.000  8.10930e-01
  6982.000  8.16930e-01
  6983.000  8.25850e-01
  6984.000  8.34620e-01
  6985.000  8.39880e-01
  6986.000  8.42800e-01
  6987.000  8.44740e-01
  6988.000  8.44480e-01
  6989.000  8.41750e-01
  6990.000  8.39890e-01
  6991.000  8.38930e-01
  6992.000  8.38310e-01
  6993.000  8.38400e-01
  6994.000  8.39140e-01
  6995.000  8.40350e-01
  6996.000  8.40630e-01
  6997.000  8.40360e-01
  6998.000  8.38110e-01
  6999.000  8.35830e-01
  7000.000  8.32780e-01
  7001.000  8.28900e-01
  7002.000  8.27170e-01
  7003.000  8.26820e-01
  7004.000  8.27650e-01
  7005.000  8.28060e-01
  7006.000  8.27270e-01
  7007.000  8.26280e-01
  7008.000  8.26170e-01
  7009.000  8.28800e-01
  7010.000  8.31790e-01
  7011.000  8.34330e-01
  7012.000  8.35260e-01
  7013.000  8.34390e-01
  7014.000  8.32350e-01
  7015.000  8.29120e-01
  7016.000  8.24470e-01
  7017.000  8.18300e-01
  7018.000  8.16080e-01
  7019.000  8.18320e-01
  7020.000  8.23280e-01
  7021.000  8.28570e-01
  7022.000  8.33050e-01
  7023.000  8.32360e-01
  7024.000  8.29470e-01
  7025.000  8.25410e-01
  7026.000  8.23890e-01
  7027.000  8.25540e-01
  7028.000  8.28330e-01
  7029.000  8.30460e-01
  7030.000  8.33250e-01
  7031.000  8.35260e-01
  7032.000  8.35940e-01
  7033.000  8.35400e-01
  7034.000  8.34550e-01
  7035.000  8.34210e-01
  7036.000  8.34120e-01
  7037.000  8.33520e-01
  7038.000  8.30910e-01
  7039.000  8.29250e-01
  7040.000  8.29980e-01
  7041.000  8.32890e-01
  7042.000  8.39040e-01
  7043.000  8.45940e-01
  7044.000  8.48020e-01
  7045.000  8.49190e-01
  7046.000  8.48360e-01
  7047.000  8.47600e-01
  7048.000  8.48190e-01
  7049.000  8.49800e-01
  7050.000  8.51110e-01
  7051.000  8.50170e-01
  7052.000  8.46400e-01
  7053.000  8.37730e-01
  7054.000  8.28810e-01
  7055.000  8.20210e-01
  7056.000  8.14900e-01
  7057.000  8.13130e-01
  7058.000  8.13290e-01
  7059.000  8.13520e-01
  7060.000  8.12580e-01
  7061.000  8.10260e-01
  7062.000  8.08810e-01
  7063.000  8.10070e-01
  7064.000  8.15880e-01
  7065.000  8.22480e-01
  7066.000  8.29030e-01
  7067.000  8.29770e-01
  7068.000  8.23950e-01
  7069.000  8.14600e-01
  7070.000  8.07590e-01
  7071.000  8.05310e-01
  7072.000  8.08410e-01
  7073.000  8.12250e-01
  7074.000  8.16120e-01
  7075.000  8.18190e-01
  7076.000  8.18480e-01
  7077.000  8.18020e-01
  7078.000  8.19120e-01
  7079.000  8.20630e-01
  7080.000  8.22070e-01
  7081.000  8.22880e-01
  7082.000  8.22280e-01
  7083.000  8.19190e-01
  7084.000  8.12140e-01
  7085.000  8.04560e-01
  7086.000  7.98280e-01
  7087.000  7.94300e-01
  7088.000  7.91430e-01
  7089.000  7.90240e-01
  7090.000  7.89320e-01
  7091.000  7.87750e-01
  7092.000  7.86850e-01
  7093.000  7.87280e-01
  7094.000  7.87950e-01
  7095.000  7.88580e-01
  7096.000  7.89110e-01
  7097.000  7.90170e-01
  7098.000  7.91710e-01
  7099.000  7.93870e-01
  7100.000  7.94720e-01
  7101.000  7.95870e-01
  7102.000  7.95700e-01
  7103.000  7.94520e-01
  7104.000  7.94920e-01
  7105.000  7.95580e-01
  7106.000  7.96580e-01
  7107.000  7.97080e-01
  7108.000  7.96450e-01
  7109.000  7.94740e-01
  7110.000  7.91640e-01
  7111.000  7.89270e-01
  7112.000  7.86520e-01
  7113.000  7.84580e-01
  7114.000  7.83850e-01
  7115.000  7.84420e-01
  7116.000  7.86870e-01
  7117.000  7.89820e-01
  7118.000  7.91340e-01
  7119.000  7.91600e-01
  7120.000  7.90750e-01
  7121.000  7.89240e-01
  7122.000  7.88180e-01
  7123.000  7.87150e-01
  7124.000  7.86620e-01
  7125.000  7.86270e-01
  7126.000  7.84520e-01
  7127.000  7.82360e-01
  7128.000  7.79920e-01
  7129.000  7.77230e-01
  7130.000  7.74080e-01
  7131.000  7.71830e-01
  7132.000  7.70330e-01
  7133.000  7.74570e-01
  7134.000  7.87330e-01
  7135.000  8.08290e-01
  7136.000  8.34000e-01
  7137.000  8.51090e-01
  7138.000  8.54660e-01
  7139.000  8.41550e-01
  7140.000  8.21220e-01
  7141.000  8.01450e-01
  7142.000  7.90050e-01
  7143.000  7.85030e-01
  7144.000  7.84030e-01
  7145.000  7.83150e-01
  7146.000  7.80590e-01
  7147.000  7.77860e-01
  7148.000  7.74190e-01
  7149.000  7.71160e-01
  7150.000  7.68970e-01
  7151.000  7.69480e-01
  7152.000  7.72970e-01
  7153.000  7.78220e-01
  7154.000  7.82930e-01
  7155.000  7.86990e-01
  7156.000  7.89130e-01
  7157.000  7.89740e-01
  7158.000  7.89620e-01
  7159.000  7.89830e-01
  7160.000  7.88250e-01
  7161.000  7.84720e-01
  7162.000  7.82950e-01
  7163.000  7.81440e-01
  7164.000  7.78350e-01
  7165.000  7.74990e-01
  7166.000  7.70940e-01
  7167.000  7.70970e-01
  7168.000  7.72960e-01
  7169.000  7.78630e-01
  7170.000  7.83830e-01
  7171.000  7.88300e-01
  7172.000  7.91290e-01
  7173.000  7.93110e-01
  7174.000  7.93630e-01
  7175.000  7.93450e-01
  7176.000  7.92110e-01
  7177.000  7.89650e-01
  7178.000  7.87500e-01
  7179.000  7.85710e-01
  7180.000  7.84290e-01
  7181.000  7.81500e-01
  7182.000  7.79020e-01
  7183.000  7.77390e-01
  7184.000  7.79470e-01
  7185.000  7.81070e-01
  7186.000  7.82430e-01
  7187.000  7.80280e-01
  7188.000  7.75150e-01
  7189.000  7.69360e-01
  7190.000  7.66680e-01
  7191.000  7.66850e-01
  7192.000  7.70330e-01
  7193.000  7.73990e-01
  7194.000  7.74610e-01
  7195.000  7.76180e-01
  7196.000  7.78030e-01
  7197.000  7.79400e-01
  7198.000  7.80480e-01
  7199.000  7.80310e-01
  7200.000  7.80260e-01
  7201.000  7.79080e-01
  7202.000  7.78190e-01
  7203.000  7.78150e-01
  7204.000  7.77970e-01
  7205.000  7.79520e-01
  7206.000  7.78520e-01
  7207.000  7.75280e-01
  7208.000  7.70610e-01
  7209.000  7.67240e-01
  7210.000  7.67250e-01
  7211.000  7.70660e-01
  7212.000  7.75650e-01
  7213.000  7.80250e-01
  7214.000  7.83320e-01
  7215.000  7.82960e-01
  7216.000  7.81930e-01
  7217.000  7.81950e-01
  7218.000  7.83440e-01
  7219.000  7.85380e-01
  7220.000  7.85390e-01
  7221.000  7.84720e-01
  7222.000  7.83440e-01
  7223.000  7.81500e-01
  7224.000  7.78870e-01
  7225.000  7.77400e-01
  7226.000  7.77830e-01
  7227.000  7.80940e-01
  7228.000  7.85410e-01
  7229.000  7.89100e-01
  7230.000  7.92370e-01
  7231.000  7.95330e-01
  7232.000  7.98400e-01
  7233.000  8.00190e-01
  7234.000  8.02800e-01
  7235.000  8.04280e-01
  7236.000  8.04070e-01
  7237.000  8.02190e-01
  7238.000  8.00720e-01
  7239.000  7.98060e-01
  7240.000  7.97260e-01
  7241.000  7.96310e-01
  7242.000  7.96100e-01
  7243.000  7.97280e-01
  7244.000  7.96770e-01
  7245.000  7.93310e-01
  7246.000  7.92470e-01
  7247.000  7.92930e-01
  7248.000  7.94140e-01
  7249.000  7.97670e-01
  7250.000  8.00300e-01
  7251.000  7.99790e-01
  7252.000  7.96820e-01
  7253.000  7.94160e-01
  7254.000  7.92360e-01
  7255.000  7.92460e-01
  7256.000  7.94910e-01
  7257.000  7.99160e-01
  7258.000  8.01800e-01
  7259.000  8.03090e-01
  7260.000  8.01150e-01
  7261.000  7.96420e-01
  7262.000  7.91660e-01
  7263.000  7.87480e-01
  7264.000  7.86870e-01
  7265.000  7.89980e-01
  7266.000  7.94670e-01
  7267.000  7.98900e-01
  7268.000  8.01090e-01
  7269.000  8.03090e-01
  7270.000  8.03990e-01
  7271.000  8.03460e-01
  7272.000  8.01660e-01
  7273.000  7.98990e-01
  7274.000  7.98430e-01
  7275.000  7.97980e-01
  7276.000  7.98900e-01
  7277.000  8.00370e-01
  7278.000  8.00490e-01
  7279.000  8.00520e-01
  7280.000  7.99400e-01
  7281.000  7.98300e-01
  7282.000  7.95750e-01
  7283.000  7.92450e-01
  7284.000  7.89860e-01
  7285.000  7.87320e-01
  7286.000  7.85390e-01
  7287.000  7.86250e-01
  7288.000  7.88240e-01
  7289.000  7.87460e-01
  7290.000  7.85060e-01
  7291.000  7.83460e-01
  7292.000  7.81380e-01
  7293.000  7.80380e-01
  7294.000  7.82590e-01
  7295.000  7.86310e-01
  7296.000  7.93350e-01
  7297.000  7.97810e-01
  7298.000  8.01060e-01
  7299.000  8.03570e-01
  7300.000  8.03050e-01
  7301.000  8.01880e-01
  7302.000  7.99570e-01
  7303.000  8.00140e-01
  7304.000  8.00380e-01
  7305.000  8.00100e-01
  7306.000  8.00760e-01
  7307.000  7.99600e-01
  7308.000  7.97860e-01
  7309.000  7.95650e-01
  7310.000  7.93520e-01
  7311.000  7.92560e-01
  7312.000  7.92600e-01
  7313.000  7.93990e-01
  7314.000  7.96790e-01
  7315.000  7.99380e-01
  7316.000  8.03670e-01
  7317.000  8.06790e-01
  7318.000  8.10610e-01
  7319.000  8.16710e-01
  7320.000  8.24340e-01
  7321.000  8.31150e-01
  7322.000  8.33540e-01
  7323.000  8.30410e-01
  7324.000  8.21220e-01
  7325.000  8.11270e-01
  7326.000  8.03090e-01
  7327.000  7.99590e-01
  7328.000  8.00630e-01
  7329.000  8.06850e-01
  7330.000  8.15350e-01
  7331.000  8.24290e-01
  7332.000  8.27380e-01
  7333.000  8.24750e-01
  7334.000  8.20060e-01
  7335.000  8.15260e-01
  7336.000  8.10230e-01
  7337.000  8.08570e-01
  7338.000  8.09870e-01
  7339.000  8.11990e-01
  7340.000  8.14350e-01
  7341.000  8.15690e-01
  7342.000  8.14740e-01
  7343.000  8.13380e-01
  7344.000  8.10080e-01
  7345.000  8.05250e-01
  7346.000  8.01860e-01
  7347.000  8.01460e-01
  7348.000  8.03270e-01
  7349.000  8.05790e-01
  7350.000  8.06740e-01
  7351.000  8.05150e-01
  7352.000  8.02870e-01
  7353.000  7.99840e-01
  7354.000  7.96650e-01
  7355.000  7.91950e-01
  7356.000  7.88060e-01
  7357.000  7.86230e-01
  7358.000  7.85330e-01
  7359.000  7.86690e-01
  7360.000  7.91330e-01
  7361.000  7.96490e-01
  7362.000  7.98650e-01
  7363.000  7.96450e-01
  7364.000  7.94440e-01
  7365.000  7.93640e-01
  7366.000  7.95060e-01
  7367.000  7.96630e-01
  7368.000  8.01310e-01
  7369.000  8.06080e-01
  7370.000  8.08410e-01
  7371.000  8.10810e-01
  7372.000  8.13070e-01
  7373.000  8.14710e-01
  7374.000  8.16180e-01
  7375.000  8.15960e-01
  7376.000  8.17540e-01
  7377.000  8.20010e-01
  7378.000  8.24230e-01
  7379.000  8.29640e-01
  7380.000  8.32660e-01
  7381.000  8.30560e-01
  7382.000  8.25090e-01
  7383.000  8.17620e-01
  7384.000  8.11030e-01
  7385.000  8.05600e-01
  7386.000  8.00480e-01
  7387.000  7.95200e-01
  7388.000  7.92400e-01
  7389.000  7.89610e-01
  7390.000  7.87720e-01
  7391.000  7.88720e-01
  7392.000  7.92100e-01
  7393.000  7.97060e-01
  7394.000  8.00310e-01
  7395.000  8.02950e-01
  7396.000  8.05450e-01
  7397.000  8.07510e-01
  7398.000  8.09320e-01
  7399.000  8.08750e-01
  7400.000  8.06190e-01
  7401.000  8.02570e-01
  7402.000  8.01080e-01
  7403.000  8.03220e-01
  7404.000  8.06000e-01
  7405.000  8.09760e-01
  7406.000  8.11550e-01
  7407.000  8.11370e-01
  7408.000  8.09820e-01
  7409.000  8.06510e-01
  7410.000  8.02040e-01
  7411.000  7.98870e-01
  7412.000  7.99510e-01
  7413.000  8.00320e-01
  7414.000  7.99700e-01
  7415.000  7.97090e-01
  7416.000  7.92080e-01
  7417.000  7.89480e-01
  7418.000  7.87380e-01
  7419.000  7.87000e-01
  7420.000  7.90020e-01
  7421.000  7.91600e-01
  7422.000  7.91940e-01
  7423.000  7.91160e-01
  7424.000  7.90070e-01
  7425.000  7.89760e-01
  7426.000  7.92890e-01
  7427.000  7.99500e-01
  7428.000  8.05290e-01
  7429.000  8.08270e-01
  7430.000  8.10440e-01
  7431.000  8.08430e-01
  7432.000  8.05450e-01
  7433.000  8.02930e-01
  7434.000  8.01780e-01
  7435.000  8.04360e-01
  7436.000  8.07300e-01
  7437.000  8.09320e-01
  7438.000  8.10230e-01
  7439.000  8.10280e-01
  7440.000  8.07190e-01
  7441.000  8.04080e-01
  7442.000  8.01890e-01
  7443.000  7.99050e-01
  7444.000  7.98190e-01
  7445.000  7.97810e-01
  7446.000  7.96530e-01
  7447.000  7.95380e-01
  7448.000  7.96100e-01
  7449.000  7.98630e-01
  7450.000  8.00420e-01
  7451.000  8.04150e-01
  7452.000  8.07960e-01
  7453.000  8.10890e-01
  7454.000  8.14020e-01
  7455.000  8.14930e-01
  7456.000  8.15240e-01
  7457.000  8.15060e-01
  7458.000  8.13060e-01
  7459.000  8.10160e-01
  7460.000  8.07800e-01
  7461.000  8.02800e-01
  7462.000  7.97090e-01
  7463.000  7.93530e-01
  7464.000  7.91490e-01
  7465.000  7.93530e-01
  7466.000  8.00710e-01
  7467.000  8.08550e-01
  7468.000  8.14980e-01
  7469.000  8.18330e-01
  7470.000  8.18230e-01
  7471.000  8.14800e-01
  7472.000  8.10960e-01
  7473.000  8.06270e-01
  7474.000  8.03740e-01
  7475.000  8.02180e-01
  7476.000  8.01520e-01
  7477.000  8.01420e-01
  7478.000  8.02640e-01
  7479.000  8.04300e-01
  7480.000  8.04770e-01
  7481.000  8.04150e-01
  7482.000  8.03460e-01
  7483.000  8.01680e-01
  7484.000  8.00870e-01
  7485.000  8.00760e-01
  7486.000  8.02600e-01
  7487.000  8.05750e-01
  7488.000  8.08830e-01
  7489.000  8.09490e-01
  7490.000  8.08090e-01
  7491.000  8.05990e-01
  7492.000  8.02750e-01
  7493.000  7.96520e-01
  7494.000  7.91660e-01
  7495.000  7.87390e-01
  7496.000  7.85120e-01
  7497.000  7.84750e-01
  7498.000  7.89720e-01
  7499.000  7.96310e-01
  7500.000  8.03660e-01
  7501.000  8.08620e-01
  7502.000  8.11980e-01
  7503.000  8.13180e-01
  7504.000  8.13200e-01
  7505.000  8.11630e-01
  7506.000  8.09460e-01
  7507.000  8.07100e-01
  7508.000  8.04970e-01
  7509.000  8.02630e-01
  7510.000  8.00700e-01
  7511.000  7.98690e-01
  7512.000  7.96270e-01
  7513.000  7.96810e-01
  7514.000  7.98930e-01
  7515.000  8.02030e-01
  7516.000  8.06150e-01
  7517.000  8.08790e-01
  7518.000  8.12070e-01
  7519.000  8.14460e-01
  7520.000  8.14260e-01
  7521.000  8.14500e-01
  7522.000  8.13270e-01
  7523.000  8.09450e-01
  7524.000  8.04910e-01
  7525.000  8.01410e-01
  7526.000  8.00180e-01
  7527.000  8.00750e-01
  7528.000  8.03480e-01
  7529.000  8.06690e-01
  7530.000  8.07650e-01
  7531.000  8.07100e-01
  7532.000  8.04840e-01
  7533.000  8.04080e-01
  7534.000  8.04890e-01
  7535.000  8.06470e-01
  7536.000  8.09530e-01
  7537.000  8.12460e-01
  7538.000  8.13920e-01
  7539.000  8.13630e-01
  7540.000  8.11330e-01
  7541.000  8.10010e-01
  7542.000  8.09300e-01
  7543.000  8.09000e-01
  7544.000  8.09220e-01
  7545.000  8.09240e-01
  7546.000  8.09100e-01
  7547.000  8.07610e-01
  7548.000  8.06290e-01
  7549.000  8.04960e-01
  7550.000  8.06270e-01
  7551.000  8.08660e-01
  7552.000  8.09890e-01
  7553.000  8.09720e-01
  7554.000  8.08170e-01
  7555.000  8.05550e-01
  7556.000  8.02640e-01
  7557.000  8.01040e-01
  7558.000  8.00530e-01
  7559.000  8.01460e-01
  7560.000  8.02900e-01
  7561.000  8.03240e-01
  7562.000  8.02470e-01
  7563.000  8.01470e-01
  7564.000  8.01950e-01
  7565.000  8.02900e-01
  7566.000  8.03310e-01
  7567.000  8.03800e-01
  7568.000  8.02300e-01
  7569.000  8.00910e-01
  7570.000  7.99600e-01
  7571.000  7.98660e-01
  7572.000  7.99050e-01
  7573.000  7.99950e-01
  7574.000  8.01000e-01
  7575.000  8.01380e-01
  7576.000  8.01810e-01
  7577.000  8.03190e-01
  7578.000  8.04620e-01
  7579.000  8.06160e-01
  7580.000  8.06900e-01
  7581.000  8.06210e-01
  7582.000  8.03960e-01
  7583.000  7.99250e-01
  7584.000  7.94740e-01
  7585.000  7.88670e-01
  7586.000  7.84970e-01
  7587.000  7.81950e-01
  7588.000  7.79880e-01
  7589.000  7.79770e-01
  7590.000  7.79430e-01
  7591.000  7.78870e-01
  7592.000  7.79090e-01
  7593.000  7.79680e-01
  7594.000  7.80660e-01
  7595.000  7.82260e-01
  7596.000  7.83970e-01
  7597.000  7.83960e-01
  7598.000  7.83680e-01
  7599.000  7.83540e-01
  7600.000  7.83010e-01
  7601.000  7.81000e-01
  7602.000  7.79110e-01
  7603.000  7.78840e-01
  7604.000  7.77750e-01
  7605.000  7.78360e-01
  7606.000  7.78890e-01
  7607.000  7.79420e-01
  7608.000  7.80190e-01
  7609.000  7.79700e-01
  7610.000  7.79050e-01
  7611.000  7.78880e-01
  7612.000  7.79140e-01
  7613.000  7.80030e-01
  7614.000  7.79850e-01
  7615.000  7.77670e-01
  7616.000  7.74390e-01
  7617.000  7.69950e-01
  7618.000  7.64490e-01
  7619.000  7.61180e-01
  7620.000  7.59640e-01
  7621.000  7.60480e-01
  7622.000  7.64390e-01
  7623.000  7.68820e-01
  7624.000  7.74220e-01
  7625.000  7.79040e-01
  7626.000  7.81940e-01
  7627.000  7.82090e-01
  7628.000  7.80030e-01
  7629.000  7.77150e-01
  7630.000  7.74420e-01
  7631.000  7.72250e-01
  7632.000  7.71560e-01
  7633.000  7.71800e-01
  7634.000  7.72360e-01
  7635.000  7.73540e-01
  7636.000  7.74380e-01
  7637.000  7.74270e-01
  7638.000  7.73250e-01
  7639.000  7.71990e-01
  7640.000  7.71810e-01
  7641.000  7.72140e-01
  7642.000  7.72730e-01
  7643.000  7.74640e-01
  7644.000  7.76100e-01
  7645.000  7.77100e-01
  7646.000  7.76900e-01
  7647.000  7.75290e-01
  7648.000  7.72960e-01
  7649.000  7.70690e-01
  7650.000  7.69350e-01
  7651.000  7.68580e-01
  7652.000  7.66100e-01
  7653.000  7.64150e-01
  7654.000  7.62220e-01
  7655.000  7.59370e-01
  7656.000  7.56920e-01
  7657.000  7.54720e-01
  7658.000  7.51690e-01
  7659.000  7.48270e-01
  7660.000  7.44620e-01
  7661.000  7.40990e-01
  7662.000  7.37960e-01
  7663.000  7.35410e-01
  7664.000  7.31180e-01
  7665.000  7.24940e-01
  7666.000  7.20140e-01
  7667.000  7.20880e-01
  7668.000  7.25990e-01
  7669.000  7.33230e-01
  7670.000  7.40830e-01
  7671.000  7.47880e-01
  7672.000  7.50550e-01
  7673.000  7.51720e-01
  7674.000  7.52580e-01
  7675.000  7.53550e-01
  7676.000  7.54730e-01
  7677.000  7.56010e-01
  7678.000  7.57160e-01
  7679.000  7.57470e-01
  7680.000  7.55930e-01
  7681.000  7.54570e-01
  7682.000  7.53500e-01
  7683.000  7.52740e-01
  7684.000  7.53830e-01
  7685.000  7.56530e-01
  7686.000  7.57820e-01
  7687.000  7.57830e-01
  7688.000  7.56500e-01
  7689.000  7.55030e-01
  7690.000  7.54390e-01
  7691.000  7.52070e-01
  7692.000  7.49370e-01
  7693.000  7.48280e-01
  7694.000  7.47640e-01
  7695.000  7.48470e-01
  7696.000  7.50070e-01
  7697.000  7.48760e-01
  7698.000  7.45740e-01
  7699.000  7.42110e-01
  7700.000  7.39270e-01
  7701.000  7.38820e-01
  7702.000  7.41140e-01
  7703.000  7.47040e-01
  7704.000  7.51870e-01
  7705.000  7.55470e-01
  7706.000  7.56320e-01
  7707.000  7.56050e-01
  7708.000  7.54850e-01
  7709.000  7.52150e-01
  7710.000  7.48880e-01
  7711.000  7.45420e-01
  7712.000  7.40360e-01
  7713.000  7.36200e-01
  7714.000  7.31960e-01
  7715.000  7.28720e-01
  7716.000  7.28060e-01
  7717.000  7.31080e-01
  7718.000  7.34770e-01
  7719.000  7.40230e-01
  7720.000  7.44890e-01
  7721.000  7.47510e-01
  7722.000  7.49040e-01
  7723.000  7.48980e-01
  7724.000  7.47730e-01
  7725.000  7.45980e-01
  7726.000  7.45290e-01
  7727.000  7.46870e-01
  7728.000  7.48580e-01
  7729.000  7.50690e-01
  7730.000  7.51380e-01
  7731.000  7.53180e-01
  7732.000  7.55960e-01
  7733.000  7.58420e-01
  7734.000  7.59460e-01
  7735.000  7.59760e-01
  7736.000  7.60550e-01
  7737.000  7.62150e-01
  7738.000  7.63440e-01
  7739.000  7.64220e-01
  7740.000  7.63970e-01
  7741.000  7.63470e-01
  7742.000  7.60900e-01
  7743.000  7.57600e-01
  7744.000  7.54270e-01
  7745.000  7.51060e-01
  7746.000  7.46580e-01
  7747.000  7.42680e-01
  7748.000  7.38940e-01
  7749.000  7.34740e-01
  7750.000  7.34380e-01
  7751.000  7.38670e-01
  7752.000  7.45500e-01
  7753.000  7.53290e-01
  7754.000  7.57670e-01
  7755.000  7.59010e-01
  7756.000  7.59020e-01
  7757.000  7.57370e-01
  7758.000  7.56190e-01
  7759.000  7.55640e-01
  7760.000  7.54510e-01
  7761.000  7.53290e-01
  7762.000  7.53870e-01
  7763.000  7.54150e-01
  7764.000  7.54980e-01
  7765.000  7.54860e-01
  7766.000  7.54940e-01
  7767.000  7.54920e-01
  7768.000  7.55720e-01
  7769.000  7.55710e-01
  7770.000  7.53790e-01
  7771.000  7.51000e-01
  7772.000  7.47650e-01
  7773.000  7.43130e-01
  7774.000  7.37300e-01
  7775.000  7.33950e-01
  7776.000  7.34540e-01
  7777.000  7.36100e-01
  7778.000  7.39110e-01
  7779.000  7.43270e-01
  7780.000  7.44660e-01
  7781.000  7.44390e-01
  7782.000  7.44290e-01
  7783.000  7.45470e-01
  7784.000  7.48060e-01
  7785.000  7.49650e-01
  7786.000  7.50700e-01
  7787.000  7.50840e-01
  7788.000  7.50340e-01
  7789.000  7.49400e-01
  7790.000  7.46570e-01
  7791.000  7.45580e-01
  7792.000  7.48320e-01
  7793.000  7.52260e-01
  7794.000  7.55790e-01
  7795.000  7.56780e-01
  7796.000  7.56390e-01
  7797.000  7.55670e-01
  7798.000  7.52890e-01
  7799.000  7.51120e-01
  7800.000  7.48690e-01
  7801.000  7.47550e-01
  7802.000  7.49820e-01
  7803.000  7.52160e-01
  7804.000  7.55250e-01
  7805.000  7.57230e-01
  7806.000  7.59350e-01
  7807.000  7.59780e-01
  7808.000  7.58690e-01
  7809.000  7.57070e-01
  7810.000  7.55060e-01
  7811.000  7.53360e-01
  7812.000  7.52860e-01
  7813.000  7.53850e-01
  7814.000  7.55970e-01
  7815.000  7.60130e-01
  7816.000  7.63560e-01
  7817.000  7.64860e-01
  7818.000  7.66010e-01
  7819.000  7.66420e-01
  7820.000  7.66320e-01
  7821.000  7.64810e-01
  7822.000  7.63190e-01
  7823.000  7.63160e-01
  7824.000  7.63480e-01
  7825.000  7.63340e-01
  7826.000  7.63660e-01
  7827.000  7.62610e-01
  7828.000  7.61500e-01
  7829.000  7.59200e-01
  7830.000  7.55370e-01
  7831.000  7.51200e-01
  7832.000  7.46530e-01
  7833.000  7.42440e-01
  7834.000  7.39650e-01
  7835.000  7.37970e-01
  7836.000  7.35750e-01
  7837.000  7.36090e-01
  7838.000  7.39750e-01
  7839.000  7.44650e-01
  7840.000  7.47840e-01
  7841.000  7.50720e-01
  7842.000  7.52160e-01
  7843.000  7.52260e-01
  7844.000  7.52780e-01
  7845.000  7.53540e-01
  7846.000  7.53620e-01
  7847.000  7.53280e-01
  7848.000  7.54060e-01
  7849.000  7.53470e-01
  7850.000  7.50730e-01
  7851.000  7.48110e-01
  7852.000  7.45540e-01
  7853.000  7.43990e-01
  7854.000  7.44050e-01
  7855.000  7.44060e-01
  7856.000  7.46250e-01
  7857.000  7.48840e-01
  7858.000  7.48920e-01
  7859.000  7.50170e-01
  7860.000  7.52430e-01
  7861.000  7.54050e-01
  7862.000  7.54230e-01
  7863.000  7.54050e-01
  7864.000  7.53820e-01
  7865.000  7.53190e-01
  7866.000  7.53780e-01
  7867.000  7.54570e-01
  7868.000  7.54940e-01
  7869.000  7.54590e-01
  7870.000  7.53550e-01
  7871.000  7.51650e-01
  7872.000  7.49580e-01
  7873.000  7.46690e-01
  7874.000  7.43880e-01
  7875.000  7.41880e-01
  7876.000  7.42020e-01
  7877.000  7.42530e-01
  7878.000  7.42360e-01
  7879.000  7.43290e-01
  7880.000  7.43060e-01
  7881.000  7.42030e-01
  7882.000  7.41290e-01
  7883.000  7.41070e-01
  7884.000  7.40620e-01
  7885.000  7.41510e-01
  7886.000  7.43320e-01
  7887.000  7.44950e-01
  7888.000  7.47580e-01
  7889.000  7.48880e-01
  7890.000  7.51420e-01
  7891.000  7.52090e-01
  7892.000  7.51350e-01
  7893.000  7.49320e-01
  7894.000  7.46610e-01
  7895.000  7.41250e-01
  7896.000  7.36040e-01
  7897.000  7.31890e-01
  7898.000  7.30410e-01
  7899.000  7.28670e-01
  7900.000  7.31370e-01
  7901.000  7.34850e-01
  7902.000  7.36460e-01
  7903.000  7.39430e-01
  7904.000  7.40000e-01
  7905.000  7.40760e-01
  7906.000  7.40770e-01
  7907.000  7.39140e-01
  7908.000  7.37970e-01
  7909.000  7.36480e-01
  7910.000  7.34080e-01
  7911.000  7.30140e-01
  7912.000  7.26080e-01
  7913.000  7.24370e-01
  7914.000  7.21820e-01
  7915.000  7.21540e-01
  7916.000  7.21720e-01
  7917.000  7.20760e-01
  7918.000  7.21690e-01
  7919.000  7.21800e-01
  7920.000  7.21460e-01
  7921.000  7.22820e-01
  7922.000  7.25410e-01
  7923.000  7.27790e-01
  7924.000  7.27800e-01
  7925.000  7.28020e-01
  7926.000  7.29160e-01
  7927.000  7.29240e-01
  7928.000  7.28640e-01
  7929.000  7.28330e-01
  7930.000  7.28340e-01
  7931.000  7.26800e-01
  7932.000  7.24270e-01
  7933.000  7.23090e-01
  7934.000  7.22320e-01
  7935.000  7.21050e-01
  7936.000  7.20780e-01
  7937.000  7.21510e-01
  7938.000  7.20880e-01
  7939.000  7.18830e-01
  7940.000  7.17170e-01
  7941.000  7.17560e-01
  7942.000  7.16280e-01
  7943.000  7.15050e-01
  7944.000  7.12890e-01
  7945.000  7.09880e-01
  7946.000  7.06730e-01
  7947.000  7.06250e-01
  7948.000  7.08400e-01
  7949.000  7.11680e-01
  7950.000  7.17880e-01
  7951.000  7.22570e-01
  7952.000  7.26700e-01
  7953.000  7.30740e-01
  7954.000  7.33010e-01
  7955.000  7.33510e-01
  7956.000  7.33850e-01
  7957.000  7.33220e-01
  7958.000  7.32370e-01
  7959.000  7.33530e-01
  7960.000  7.35040e-01
  7961.000  7.35980e-01
  7962.000  7.36070e-01
  7963.000  7.36300e-01
  7964.000  7.36090e-01
  7965.000  7.36350e-01
  7966.000  7.36870e-01
  7967.000  7.37170e-01
  7968.000  7.38490e-01
  7969.000  7.40930e-01
  7970.000  7.41640e-01
  7971.000  7.41570e-01
  7972.000  7.41310e-01
  7973.000  7.40980e-01
  7974.000  7.41570e-01
  7975.000  7.43830e-01
  7976.000  7.44330e-01
  7977.000  7.42320e-01
  7978.000  7.40970e-01
  7979.000  7.39630e-01
  7980.000  7.37570e-01
  7981.000  7.35050e-01
  7982.000  7.35540e-01
  7983.000  7.38690e-01
  7984.000  7.41350e-01
  7985.000  7.42720e-01
  7986.000  7.42630e-01
  7987.000  7.40780e-01
  7988.000  7.37500e-01
  7989.000  7.34580e-01
  7990.000  7.35230e-01
  7991.000  7.38610e-01
  7992.000  7.41300e-01
  7993.000  7.42180e-01
  7994.000  7.40160e-01
  7995.000  7.36630e-01
  7996.000  7.31770e-01
  7997.000  7.30180e-01
  7998.000  7.29680e-01
  7999.000  7.29330e-01
  8000.000  7.30060e-01
  8001.000  7.31240e-01
  8002.000  7.32720e-01
  8003.000  7.34810e-01
  8004.000  7.37040e-01
  8005.000  7.39740e-01
  8006.000  7.41700e-01
  8007.000  7.43150e-01
  8008.000  7.44130e-01
  8009.000  7.44850e-01
  8010.000  7.44590e-01
  8011.000  7.43840e-01
  8012.000  7.42980e-01
  8013.000  7.43850e-01
  8014.000  7.46750e-01
  8015.000  7.48620e-01
  8016.000  7.49350e-01
  8017.000  7.51370e-01
  8018.000  7.52810e-01
  8019.000  7.51460e-01
  8020.000  7.50110e-01
  8021.000  7.50510e-01
  8022.000  7.48480e-01
  8023.000  7.46990e-01
  8024.000  7.44170e-01
  8025.000  7.40230e-01
  8026.000  7.34300e-01
  8027.000  7.26900e-01
  8028.000  7.20820e-01
  8029.000  7.19260e-01
  8030.000  7.21750e-01
  8031.000  7.27220e-01
  8032.000  7.34640e-01
  8033.000  7.40580e-01
  8034.000  7.45210e-01
  8035.000  7.48970e-01
  8036.000  7.52310e-01
  8037.000  7.53420e-01
  8038.000  7.53880e-01
  8039.000  7.54690e-01
  8040.000  7.54490e-01
  8041.000  7.53720e-01
  8042.000  7.50360e-01
  8043.000  7.47570e-01
  8044.000  7.43470e-01
  8045.000  7.39300e-01
  8046.000  7.34080e-01
  8047.000  7.27720e-01
  8048.000  7.23750e-01
  8049.000  7.23200e-01
  8050.000  7.23410e-01
  8051.000  7.26770e-01
  8052.000  7.30750e-01
  8053.000  7.33990e-01
  8054.000  7.37700e-01
  8055.000  7.41320e-01
  8056.000  7.43240e-01
  8057.000  7.45070e-01
  8058.000  7.46320e-01
  8059.000  7.46930e-01
  8060.000  7.47750e-01
  8061.000  7.47910e-01
  8062.000  7.47770e-01
  8063.000  7.46130e-01
  8064.000  7.44910e-01
  8065.000  7.46000e-01
  8066.000  7.46740e-01
  8067.000  7.44050e-01
  8068.000  7.40790e-01
  8069.000  7.36720e-01
  8070.000  7.30550e-01
  8071.000  7.26590e-01
  8072.000  7.25330e-01
  8073.000  7.24420e-01
  8074.000  7.24260e-01
  8075.000  7.25560e-01
  8076.000  7.27110e-01
  8077.000  7.29970e-01
  8078.000  7.32720e-01
  8079.000  7.34720e-01
  8080.000  7.35270e-01
  8081.000  7.36100e-01
  8082.000  7.36160e-01
  8083.000  7.34250e-01
  8084.000  7.32720e-01
  8085.000  7.31950e-01
  8086.000  7.32400e-01
  8087.000  7.32900e-01
  8088.000  7.34170e-01
  8089.000  7.36230e-01
  8090.000  7.35870e-01
  8091.000  7.33490e-01
  8092.000  7.29020e-01
  8093.000  7.24430e-01
  8094.000  7.21110e-01
  8095.000  7.19570e-01
  8096.000  7.19430e-01
  8097.000  7.20770e-01
  8098.000  7.22840e-01
  8099.000  7.25040e-01
  8100.000  7.26300e-01
  8101.000  7.28050e-01
  8102.000  7.30370e-01
  8103.000  7.32880e-01
  8104.000  7.33830e-01
  8105.000  7.33260e-01
  8106.000  7.32490e-01
  8107.000  7.31580e-01
  8108.000  7.32290e-01
  8109.000  7.32950e-01
  8110.000  7.32020e-01
  8111.000  7.32190e-01
  8112.000  7.32830e-01
  8113.000  7.33120e-01
  8114.000  7.32800e-01
  8115.000  7.31810e-01
  8116.000  7.28800e-01
  8117.000  7.26660e-01
  8118.000  7.24660e-01
  8119.000  7.24680e-01
  8120.000  7.26430e-01
  8121.000  7.28770e-01
  8122.000  7.33000e-01
  8123.000  7.36660e-01
  8124.000  7.41170e-01
  8125.000  7.42920e-01
  8126.000  7.42980e-01
  8127.000  7.42910e-01
  8128.000  7.42740e-01
  8129.000  7.42070e-01
  8130.000  7.41270e-01
  8131.000  7.40150e-01
  8132.000  7.37390e-01
  8133.000  7.34970e-01
  8134.000  7.35240e-01
  8135.000  7.36920e-01
  8136.000  7.38970e-01
  8137.000  7.40290e-01
  8138.000  7.39970e-01
  8139.000  7.40740e-01
  8140.000  7.42610e-01
  8141.000  7.43140e-01
  8142.000  7.41300e-01
  8143.000  7.38550e-01
  8144.000  7.36150e-01
  8145.000  7.36390e-01
  8146.000  7.36150e-01
  8147.000  7.36400e-01
  8148.000  7.38210e-01
  8149.000  7.39120e-01
  8150.000  7.39260e-01
  8151.000  7.39160e-01
  8152.000  7.40390e-01
  8153.000  7.40210e-01
  8154.000  7.41780e-01
  8155.000  7.42720e-01
  8156.000  7.43770e-01
  8157.000  7.44680e-01
  8158.000  7.44550e-01
  8159.000  7.44990e-01
  8160.000  7.44460e-01
  8161.000  7.40570e-01
  8162.000  7.35460e-01
  8163.000  7.31000e-01
  8164.000  7.30940e-01
  8165.000  7.32850e-01
  8166.000  7.35800e-01
  8167.000  7.38680e-01
  8168.000  7.40240e-01
  8169.000  7.41230e-01
  8170.000  7.42370e-01
  8171.000  7.42320e-01
  8172.000  7.42330e-01
  8173.000  7.41700e-01
  8174.000  7.40990e-01
  8175.000  7.41450e-01
  8176.000  7.42210e-01
  8177.000  7.42450e-01
  8178.000  7.44020e-01
  8179.000  7.44060e-01
  8180.000  7.41710e-01
  8181.000  7.39490e-01
  8182.000  7.34070e-01
  8183.000  7.27470e-01
  8184.000  7.21020e-01
  8185.000  7.18130e-01
  8186.000  7.17880e-01
  8187.000  7.20320e-01
  8188.000  7.25640e-01
  8189.000  7.32300e-01
  8190.000  7.38250e-01
  8191.000  7.43090e-01
  8192.000  7.44050e-01
  8193.000  7.42020e-01
  8194.000  7.37410e-01
  8195.000  7.26960e-01
  8196.000  7.17480e-01
  8197.000  7.10960e-01
  8198.000  7.09930e-01
  8199.000  7.12500e-01
  8200.000  7.16640e-01
  8201.000  7.19400e-01
  8202.000  7.18890e-01
  8203.000  7.17790e-01
  8204.000  7.16100e-01
  8205.000  7.14350e-01
  8206.000  7.14320e-01
  8207.000  7.13540e-01
  8208.000  7.14110e-01
  8209.000  7.15690e-01
  8210.000  7.18020e-01
  8211.000  7.20650e-01
  8212.000  7.20420e-01
  8213.000  7.20120e-01
  8214.000  7.18800e-01
  8215.000  7.18040e-01
  8216.000  7.20770e-01
  8217.000  7.23610e-01
  8218.000  7.27620e-01
  8219.000  7.29140e-01
  8220.000  7.26380e-01
  8221.000  7.21870e-01
  8222.000  7.18800e-01
  8223.000  7.20630e-01
  8224.000  7.26680e-01
  8225.000  7.32000e-01
  8226.000  7.36950e-01
  8227.000  7.39600e-01
  8228.000  7.41420e-01
  8229.000  7.39890e-01
  8230.000  7.39960e-01
  8231.000  7.36440e-01
  8232.000  7.34360e-01
  8233.000  7.31610e-01
  8234.000  7.30270e-01
  8235.000  7.28870e-01
  8236.000  7.29070e-01
  8237.000  7.28480e-01
  8238.000  7.28540e-01
  8239.000  7.28610e-01
  8240.000  7.30070e-01
  8241.000  7.31240e-01
  8242.000  7.32810e-01
  8243.000  7.34430e-01
  8244.000  7.35610e-01
  8245.000  7.37750e-01
  8246.000  7.36820e-01
  8247.000  7.36180e-01
  8248.000  7.32920e-01
  8249.000  7.29060e-01
  8250.000  7.27340e-01
  8251.000  7.25520e-01
  8252.000  7.23860e-01
  8253.000  7.22260e-01
  8254.000  7.19370e-01
  8255.000  7.17250e-01
  8256.000  7.17040e-01
  8257.000  7.18290e-01
  8258.000  7.19320e-01
  8259.000  7.20810e-01
  8260.000  7.25320e-01
  8261.000  7.31890e-01
  8262.000  7.36910e-01
  8263.000  7.38370e-01
  8264.000  7.39040e-01
  8265.000  7.37630e-01
  8266.000  7.36150e-01
  8267.000  7.33430e-01
  8268.000  7.30920e-01
  8269.000  7.30160e-01
  8270.000  7.29270e-01
  8271.000  7.30200e-01
  8272.000  7.31180e-01
  8273.000  7.28710e-01
  8274.000  7.25430e-01
  8275.000  7.22260e-01
  8276.000  7.22320e-01
  8277.000  7.20960e-01
  8278.000  7.21110e-01
  8279.000  7.23840e-01
  8280.000  7.24540e-01
  8281.000  7.26420e-01
  8282.000  7.27870e-01
  8283.000  7.26150e-01
  8284.000  7.26000e-01
  8285.000  7.25250e-01
  8286.000  7.24240e-01
  8287.000  7.25320e-01
  8288.000  7.24360e-01
  8289.000  7.22300e-01
  8290.000  7.22550e-01
  8291.000  7.21670e-01
  8292.000  7.20010e-01
  8293.000  7.18380e-01
  8294.000  7.17530e-01
  8295.000  7.17360e-01
  8296.000  7.16330e-01
  8297.000  7.13300e-01
  8298.000  7.12900e-01
  8299.000  7.12820e-01
  8300.000  7.12360e-01
  8301.000  7.12070e-01
  8302.000  7.13500e-01
  8303.000  7.13550e-01
  8304.000  7.11450e-01
  8305.000  7.08880e-01
  8306.000  7.05030e-01
  8307.000  7.01960e-01
  8308.000  6.98720e-01
  8309.000  6.95410e-01
  8310.000  6.96050e-01
  8311.000  6.98770e-01
  8312.000  7.00290e-01
  8313.000  7.00880e-01
  8314.000  7.01860e-01
  8315.000  7.04200e-01
  8316.000  7.08800e-01
  8317.000  7.13490e-01
  8318.000  7.13700e-01
  8319.000  7.14050e-01
  8320.000  7.15240e-01
  8321.000  7.12030e-01
  8322.000  7.09150e-01
  8323.000  7.08360e-01
  8324.000  7.07230e-01
  8325.000  7.05740e-01
  8326.000  7.02010e-01
  8327.000  6.95990e-01
  8328.000  6.91660e-01
  8329.000  6.90770e-01
  8330.000  6.90760e-01
  8331.000  6.89840e-01
  8332.000  6.89390e-01
  8333.000  6.89110e-01
  8334.000  6.90520e-01
  8335.000  6.89870e-01
  8336.000  6.89050e-01
  8337.000  6.90580e-01
  8338.000  6.92570e-01
  8339.000  6.91720e-01
  8340.000  6.93500e-01
  8341.000  6.96400e-01
  8342.000  6.98550e-01
  8343.000  6.99560e-01
  8344.000  7.00530e-01
  8345.000  6.99640e-01
  8346.000  6.98280e-01
  8347.000  6.95130e-01
  8348.000  6.93550e-01
  8349.000  6.92010e-01
  8350.000  6.89520e-01
  8351.000  6.91670e-01
  8352.000  6.95560e-01
  8353.000  6.98010e-01
  8354.000  6.99410e-01
  8355.000  6.99980e-01
  8356.000  7.00960e-01
  8357.000  7.02860e-01
  8358.000  7.05330e-01
  8359.000  7.06890e-01
  8360.000  7.06710e-01
  8361.000  7.06730e-01
  8362.000  7.05670e-01
  8363.000  7.03090e-01
  8364.000  6.97870e-01
  8365.000  6.92300e-01
  8366.000  6.90590e-01
  8367.000  6.91300e-01
  8368.000  6.94740e-01
  8369.000  7.00930e-01
  8370.000  7.04500e-01
  8371.000  7.06400e-01
  8372.000  7.08360e-01
  8373.000  7.07830e-01
  8374.000  7.07020e-01
  8375.000  7.07980e-01
  8376.000  7.09130e-01
  8377.000  7.07120e-01
  8378.000  7.03350e-01
  8379.000  7.01820e-01
  8380.000  6.98070e-01
  8381.000  6.95640e-01
  8382.000  6.94640e-01
  8383.000  6.91920e-01
  8384.000  6.86680e-01
  8385.000  6.83420e-01
  8386.000  6.78550e-01
  8387.000  6.77110e-01
  8388.000  6.75210e-01
  8389.000  6.73700e-01
  8390.000  6.74440e-01
  8391.000  6.78940e-01
  8392.000  6.88490e-01
  8393.000  6.96090e-01
  8394.000  7.03270e-01
  8395.000  7.08070e-01
  8396.000  7.08890e-01
  8397.000  7.05000e-01
  8398.000  7.00550e-01
  8399.000  6.98020e-01
  8400.000  6.98550e-01
  8401.000  7.01290e-01
  8402.000  7.02700e-01
  8403.000  7.03680e-01
  8404.000  7.03980e-01
  8405.000  7.05050e-01
  8406.000  7.07150e-01
  8407.000  7.07920e-01
  8408.000  7.07830e-01
  8409.000  7.08340e-01
  8410.000  7.08370e-01
  8411.000  7.07260e-01
  8412.000  7.04970e-01
  8413.000  7.02320e-01
  8414.000  7.00180e-01
  8415.000  6.99680e-01
  8416.000  6.99670e-01
  8417.000  7.01790e-01
  8418.000  7.03450e-01
  8419.000  7.02420e-01
  8420.000  7.01760e-01
  8421.000  6.98810e-01
  8422.000  6.98240e-01
  8423.000  6.96440e-01
  8424.000  6.93850e-01
  8425.000  6.90990e-01
  8426.000  6.88010e-01
  8427.000  6.85040e-01
  8428.000  6.83750e-01
  8429.000  6.86170e-01
  8430.000  6.91780e-01
  8431.000  6.98940e-01
  8432.000  7.04420e-01
  8433.000  7.03180e-01
  8434.000  6.94690e-01
  8435.000  6.84500e-01
  8436.000  6.74250e-01
  8437.000  6.68390e-01
  8438.000  6.66440e-01
  8439.000  6.70120e-01
  8440.000  6.75310e-01
  8441.000  6.79890e-01
  8442.000  6.81520e-01
  8443.000  6.83280e-01
  8444.000  6.85690e-01
  8445.000  6.88330e-01
  8446.000  6.92510e-01
  8447.000  6.95160e-01
  8448.000  6.96930e-01
  8449.000  6.97800e-01
  8450.000  6.93890e-01
  8451.000  6.92120e-01
  8452.000  6.90910e-01
  8453.000  6.89200e-01
  8454.000  6.89950e-01
  8455.000  6.90120e-01
  8456.000  6.88470e-01
  8457.000  6.86710e-01
  8458.000  6.86450e-01
  8459.000  6.86270e-01
  8460.000  6.87690e-01
  8461.000  6.89250e-01
  8462.000  6.92660e-01
  8463.000  6.92310e-01
  8464.000  6.90820e-01
  8465.000  6.88150e-01
  8466.000  6.82580e-01
  8467.000  6.76160e-01
  8468.000  6.71960e-01
  8469.000  6.68070e-01
  8470.000  6.66070e-01
  8471.000  6.67920e-01
  8472.000  6.70130e-01
  8473.000  6.73700e-01
  8474.000  6.79840e-01
  8475.000  6.84030e-01
  8476.000  6.87440e-01
  8477.000  6.92150e-01
  8478.000  6.94260e-01
  8479.000  6.91630e-01
  8480.000  6.90950e-01
  8481.000  6.91590e-01
  8482.000  6.89330e-01
  8483.000  6.86090e-01
  8484.000  6.85910e-01
  8485.000  6.87680e-01
  8486.000  6.88640e-01
  8487.000  6.88700e-01
  8488.000  6.90380e-01
  8489.000  6.91110e-01
  8490.000  6.89770e-01
  8491.000  6.90510e-01
  8492.000  6.90540e-01
  8493.000  6.86370e-01
  8494.000  6.79100e-01
  8495.000  6.66580e-01
  8496.000  6.52290e-01
  8497.000  6.30260e-01
  8498.000  6.08230e-01
  8499.000  5.89100e-01
  8500.000  5.80360e-01
  8501.000  5.82680e-01
  8502.000  5.96200e-01
  8503.000  6.19870e-01
  8504.000  6.39650e-01
  8505.000  6.55660e-01
  8506.000  6.65520e-01
  8507.000  6.72480e-01
  8508.000  6.75480e-01
  8509.000  6.81150e-01
  8510.000  6.84610e-01
  8511.000  6.84330e-01
  8512.000  6.82290e-01
  8513.000  6.77820e-01
  8514.000  6.71380e-01
  8515.000  6.65950e-01
  8516.000  6.61000e-01
  8517.000  6.58790e-01
  8518.000  6.59380e-01
  8519.000  6.61950e-01
  8520.000  6.67220e-01
  8521.000  6.73200e-01
  8522.000  6.76840e-01
  8523.000  6.79400e-01
  8524.000  6.81090e-01
  8525.000  6.80560e-01
  8526.000  6.80970e-01
  8527.000  6.78750e-01
  8528.000  6.75770e-01
  8529.000  6.75290e-01
  8530.000  6.73260e-01
  8531.000  6.73830e-01
  8532.000  6.73900e-01
  8533.000  6.74280e-01
  8534.000  6.72880e-01
  8535.000  6.67070e-01
  8536.000  6.57400e-01
  8537.000  6.46750e-01
  8538.000  6.28170e-01
  8539.000  6.08730e-01
  8540.000  5.80090e-01
  8541.000  5.50740e-01
  8542.000  5.17110e-01
  8543.000  4.97380e-01
  8544.000  4.85360e-01
  8545.000  4.91400e-01
  8546.000  5.15350e-01
  8547.000  5.41600e-01
  8548.000  5.72120e-01
  8549.000  5.96530e-01
  8550.000  6.17420e-01
  8551.000  6.32400e-01
  8552.000  6.45750e-01
  8553.000  6.55900e-01
  8554.000  6.64360e-01
  8555.000  6.67780e-01
  8556.000  6.70190e-01
  8557.000  6.70800e-01
  8558.000  6.72250e-01
  8559.000  6.74050e-01
  8560.000  6.76040e-01
  8561.000  6.78250e-01
  8562.000  6.80970e-01
  8563.000  6.84530e-01
  8564.000  6.85790e-01
  8565.000  6.85780e-01
  8566.000  6.85800e-01
  8567.000  6.86240e-01
  8568.000  6.86440e-01
  8569.000  6.87360e-01
  8570.000  6.87220e-01
  8571.000  6.85910e-01
  8572.000  6.86460e-01
  8573.000  6.85970e-01
  8574.000  6.87200e-01
  8575.000  6.88800e-01
  8576.000  6.89180e-01
  8577.000  6.89710e-01
  8578.000  6.93860e-01
  8579.000  7.01460e-01
  8580.000  7.04980e-01
  8581.000  7.04720e-01
  8582.000  7.01440e-01
  8583.000  6.95600e-01
  8584.000  6.89640e-01
  8585.000  6.84690e-01
  8586.000  6.81470e-01
  8587.000  6.80940e-01
  8588.000  6.83470e-01
  8589.000  6.85790e-01
  8590.000  6.85210e-01
  8591.000  6.82570e-01
  8592.000  6.80710e-01
  8593.000  6.79320e-01
  8594.000  6.76750e-01
  8595.000  6.75040e-01
  8596.000  6.74980e-01
  8597.000  6.76470e-01
  8598.000  6.78570e-01
  8599.000  6.79820e-01
  8600.000  6.82530e-01
  8601.000  6.85780e-01
  8602.000  6.86830e-01
  8603.000  6.84110e-01
  8604.000  6.82500e-01
  8605.000  6.83100e-01
  8606.000  6.82880e-01
  8607.000  6.82620e-01
  8608.000  6.80740e-01
  8609.000  6.80760e-01
  8610.000  6.82070e-01
  8611.000  6.80030e-01
  8612.000  6.77450e-01
  8613.000  6.77330e-01
  8614.000  6.78270e-01
  8615.000  6.81980e-01
  8616.000  6.86340e-01
  8617.000  6.93550e-01
  8618.000  6.97570e-01
  8619.000  6.99030e-01
  8620.000  6.97970e-01
  8621.000  6.95530e-01
  8622.000  6.92790e-01
  8623.000  6.89190e-01
  8624.000  6.86750e-01
  8625.000  6.88500e-01
  8626.000  6.90640e-01
  8627.000  6.93700e-01
  8628.000  6.97700e-01
  8629.000  6.98510e-01
  8630.000  6.97800e-01
  8631.000  6.98040e-01
  8632.000  6.99190e-01
  8633.000  6.98840e-01
  8634.000  6.98900e-01
  8635.000  6.98850e-01
  8636.000  6.96670e-01
  8637.000  6.97190e-01
  8638.000  6.99820e-01
  8639.000  7.00870e-01
  8640.000  6.99240e-01
  8641.000  6.97610e-01
  8642.000  6.97710e-01
  8643.000  6.97340e-01
  8644.000  6.97980e-01
  8645.000  6.94960e-01
  8646.000  6.91720e-01
  8647.000  6.90400e-01
  8648.000  6.87570e-01
  8649.000  6.84840e-01
  8650.000  6.81410e-01
  8651.000  6.77940e-01
  8652.000  6.77240e-01
  8653.000  6.75460e-01
  8654.000  6.73050e-01
  8655.000  6.70260e-01
  8656.000  6.66970e-01
  8657.000  6.60610e-01
  8658.000  6.51990e-01
  8659.000  6.35420e-01
  8660.000  6.14110e-01
  8661.000  5.82530e-01
  8662.000  5.53040e-01
  8663.000  5.26230e-01
  8664.000  5.13380e-01
  8665.000  5.17790e-01
  8666.000  5.36950e-01
  8667.000  5.67410e-01
  8668.000  5.92880e-01
  8669.000  6.18180e-01
  8670.000  6.32680e-01
  8671.000  6.43900e-01
  8672.000  6.50460e-01
  8673.000  6.54900e-01
  8674.000  6.58480e-01
  8675.000  6.59070e-01
  8676.000  6.57750e-01
  8677.000  6.59770e-01
  8678.000  6.62920e-01
  8679.000  6.67790e-01
  8680.000  6.73240e-01
  8681.000  6.78360e-01
  8682.000  6.79660e-01
  8683.000  6.81540e-01
  8684.000  6.83420e-01
  8685.000  6.85180e-01
  8686.000  6.85460e-01
  8687.000  6.80850e-01
  8688.000  6.75420e-01
  8689.000  6.71190e-01
  8690.000  6.66940e-01
  8691.000  6.60870e-01
  8692.000  6.61810e-01
  8693.000  6.69850e-01
  8694.000  6.77800e-01
  8695.000  6.84860e-01
  8696.000  6.91300e-01
  8697.000  6.95090e-01
  8698.000  6.95040e-01
  8699.000  6.93850e-01
  8700.000  6.93540e-01
  8701.000  6.94510e-01
  8702.000  6.94590e-01
  8703.000  6.95800e-01
  8704.000  6.97440e-01
  8705.000  6.98680e-01
  8706.000  7.00580e-01
  8707.000  7.01990e-01
  8708.000  7.02520e-01
  8709.000  7.01770e-01
  8710.000  6.98990e-01
  8711.000  6.97580e-01
  8712.000  6.96430e-01
  8713.000  6.97180e-01
  8714.000  6.95710e-01
  8715.000  6.92340e-01
  8716.000  6.94070e-01
  8717.000  6.96700e-01
  8718.000  6.96530e-01
  8719.000  6.96120e-01
  8720.000  6.97840e-01
  8721.000  7.00760e-01
  8722.000  7.01820e-01
  8723.000  7.03710e-01
  8724.000  7.06130e-01
  8725.000  7.09110e-01
  8726.000  7.08120e-01
  8727.000  7.07180e-01
  8728.000  7.06530e-01
  8729.000  7.04460e-01
  8730.000  7.02940e-01
  8731.000  7.00440e-01
  8732.000  7.00090e-01
  8733.000  6.98880e-01
  8734.000  6.97540e-01
  8735.000  6.94870e-01
  8736.000  6.90340e-01
  8737.000  6.85640e-01
  8738.000  6.84290e-01
  8739.000  6.84650e-01
  8740.000  6.85590e-01
  8741.000  6.85070e-01
  8742.000  6.85260e-01
  8743.000  6.86660e-01
  8744.000  6.83130e-01
  8745.000  6.81860e-01
  8746.000  6.82300e-01
  8747.000  6.81840e-01
  8748.000  6.82420e-01
  8749.000  6.81940e-01
  8750.000  6.81810e-01
  8751.000  6.85000e-01
  8752.000  6.86050e-01
  8753.000  6.83090e-01
  8754.000  6.80140e-01
  8755.000  6.77400e-01
  8756.000  6.76700e-01
  8757.000  6.76770e-01
  8758.000  6.76350e-01
  8759.000  6.77180e-01
  8760.000  6.78590e-01
  8761.000  6.82310e-01
  8762.000  6.86950e-01
  8763.000  6.90130e-01
  8764.000  6.88120e-01
  8765.000  6.85500e-01
  8766.000  6.82750e-01
  8767.000  6.81800e-01
  8768.000  6.85390e-01
  8769.000  6.90310e-01
  8770.000  6.90730e-01
  8771.000  6.92860e-01
  8772.000  6.94050e-01
  8773.000  6.93230e-01
  8774.000  6.90560e-01
  8775.000  6.87560e-01
  8776.000  6.89300e-01
  8777.000  6.93570e-01
  8778.000  6.95680e-01
  8779.000  6.98110e-01
  8780.000  7.01050e-01
  8781.000  7.04990e-01
  8782.000  7.08500e-01
  8783.000  7.10250e-01
  8784.000  7.12550e-01
  8785.000  7.10130e-01
  8786.000  7.07980e-01
  8787.000  7.11380e-01
  8788.000  7.12680e-01
  8789.000  7.12020e-01
  8790.000  7.10160e-01
  8791.000  7.07940e-01
  8792.000  7.06900e-01
  8793.000  7.07330e-01
  8794.000  7.06550e-01
  8795.000  7.03300e-01
  8796.000  7.00280e-01
  8797.000  7.02000e-01
  8798.000  7.06680e-01
  8799.000  7.09000e-01
  8800.000  7.12150e-01
  8801.000  7.12490e-01
  8802.000  7.11710e-01
  8803.000  7.08080e-01
  8804.000  7.01700e-01
  8805.000  6.92100e-01
  8806.000  6.78000e-01
  8807.000  6.68250e-01
  8808.000  6.62470e-01
  8809.000  6.61210e-01
  8810.000  6.65320e-01
  8811.000  6.73510e-01
  8812.000  6.87000e-01
  8813.000  7.03010e-01
  8814.000  7.10990e-01
  8815.000  7.13250e-01
  8816.000  7.16120e-01
  8817.000  7.16250e-01
  8818.000  7.18350e-01
  8819.000  7.20770e-01
  8820.000  7.16530e-01
  8821.000  7.09710e-01
  8822.000  7.07890e-01
  8823.000  7.02310e-01
  8824.000  6.93700e-01
  8825.000  6.87730e-01
  8826.000  6.85060e-01
  8827.000  6.88370e-01
  8828.000  6.94100e-01
  8829.000  7.03000e-01
  8830.000  7.12690e-01
  8831.000  7.17050e-01
  8832.000  7.20080e-01
  8833.000  7.18090e-01
  8834.000  7.13130e-01
  8835.000  7.12370e-01
  8836.000  7.13040e-01
  8837.000  7.08070e-01
  8838.000  7.00600e-01
  8839.000  6.94650e-01
  8840.000  6.90800e-01
  8841.000  6.88810e-01
  8842.000  6.94340e-01
  8843.000  6.99810e-01
  8844.000  7.03270e-01
  8845.000  7.06250e-01
  8846.000  7.03860e-01
  8847.000  7.04730e-01
  8848.000  7.07340e-01
  8849.000  7.05860e-01
  8850.000  7.05380e-01
  8851.000  7.06860e-01
  8852.000  7.07320e-01
  8853.000  7.07500e-01
  8854.000  7.06370e-01
  8855.000  7.03230e-01
  8856.000  7.02580e-01
  8857.000  7.02020e-01
  8858.000  6.96200e-01
  8859.000  6.91200e-01
  8860.000  6.89560e-01
  8861.000  6.85050e-01
  8862.000  6.75530e-01
  8863.000  6.74250e-01
  8864.000  6.79210e-01
  8865.000  6.78400e-01
  8866.000  6.77090e-01
  8867.000  6.73920e-01
  8868.000  6.61580e-01
  8869.000  6.55060e-01
  8870.000  6.56350e-01
  8871.000  6.58540e-01
  8872.000  6.62060e-01
  8873.000  6.68700e-01
  8874.000  6.74860e-01
  8875.000  6.76780e-01
  8876.000  6.76890e-01
  8877.000  6.75710e-01
  8878.000  6.70880e-01
  8879.000  6.67320e-01
  8880.000  6.71650e-01
  8881.000  6.73260e-01
  8882.000  6.74170e-01
  8883.000  6.79380e-01
  8884.000  6.79590e-01
  8885.000  6.80440e-01
  8886.000  6.89920e-01
  8887.000  6.93100e-01
  8888.000  6.89200e-01
  8889.000  6.91390e-01
  8890.000  6.91120e-01
  8891.000  6.94020e-01
  8892.000  6.95600e-01
  8893.000  6.96380e-01
  8894.000  6.94210e-01
  8895.000  6.87240e-01
  8896.000  6.88720e-01
  8897.000  6.91420e-01
  8898.000  6.93370e-01
  8899.000  6.96780e-01
  8900.000  6.92040e-01
  8901.000  6.91050e-01
  8902.000  6.91600e-01
  8903.000  6.89530e-01
  8904.000  6.93230e-01
  8905.000  6.97580e-01
  8906.000  6.96000e-01
  8907.000  6.97030e-01
  8908.000  7.01040e-01
  8909.000  7.02590e-01
  8910.000  6.95170e-01
  8911.000  6.89650e-01
  8912.000  6.89660e-01
  8913.000  6.86980e-01
  8914.000  6.86050e-01
  8915.000  6.85530e-01
  8916.000  6.87360e-01
  8917.000  6.91090e-01
  8918.000  6.93720e-01
  8919.000  6.91110e-01
  8920.000  6.87330e-01
  8921.000  6.87060e-01
  8922.000  6.83790e-01
  8923.000  6.80780e-01
  8924.000  6.81000e-01
  8925.000  6.82360e-01
  8926.000  6.84110e-01
  8927.000  6.83210e-01
  8928.000  6.78330e-01
  8929.000  6.79280e-01
  8930.000  6.83950e-01
  8931.000  6.85090e-01
  8932.000  6.86170e-01
  8933.000  6.89250e-01
  8934.000  6.94290e-01
  8935.000  6.93080e-01
  8936.000  6.96030e-01
  8937.000  7.00340e-01
  8938.000  6.97680e-01
  8939.000  6.95380e-01
  8940.000  6.92860e-01
  8941.000  6.94900e-01
  8942.000  6.95160e-01
  8943.000  6.92740e-01
  8944.000  6.90080e-01
  8945.000  6.81980e-01
  8946.000  6.76800e-01
  8947.000  6.74540e-01
  8948.000  6.65000e-01
  8949.000  6.65790e-01
  8950.000  6.72620e-01
  8951.000  6.71760e-01
  8952.000  6.82240e-01
  8953.000  6.87940e-01
  8954.000  6.88190e-01
  8955.000  6.92980e-01
  8956.000  6.96570e-01
  8957.000  6.94130e-01
  8958.000  6.90110e-01
  8959.000  6.92510e-01
  8960.000  6.97020e-01
  8961.000  6.99960e-01
  8962.000  6.96130e-01
  8963.000  6.90400e-01
  8964.000  6.90450e-01
  8965.000  6.95120e-01
  8966.000  7.00910e-01
  8967.000  6.91950e-01
  8968.000  6.72290e-01
  8969.000  6.70670e-01
  8970.000  6.77140e-01
  8971.000  6.78200e-01
  8972.000  6.80620e-01
  8973.000  6.81720e-01
  8974.000  6.81930e-01
  8975.000  6.85800e-01
  8976.000  6.89790e-01
  8977.000  6.84500e-01
  8978.000  6.76080e-01
  8979.000  6.69080e-01
  8980.000  6.76230e-01
  8981.000  6.80400e-01
  8982.000  6.75060e-01
  8983.000  6.74910e-01
  8984.000  6.87760e-01
  8985.000  6.93280e-01
  8986.000  6.77250e-01
  8987.000  6.74760e-01
  8988.000  6.79550e-01
  8989.000  6.60510e-01
  8990.000  6.56480e-01
  8991.000  6.64740e-01
  8992.000  6.66850e-01
  8993.000  6.60870e-01
  8994.000  6.57700e-01
  8995.000  6.57100e-01
  8996.000  6.57320e-01
  8997.000  6.61470e-01
  8998.000  6.59510e-01
  8999.000  6.60550e-01
  9000.000  6.62690e-01
  9001.000  6.60890e-01
  9002.000  6.61660e-01
  9003.000  6.65670e-01
  9004.000  6.61280e-01
  9005.000  6.66700e-01
  9006.000  6.38800e-01
  9007.000  6.48450e-01
  9008.000  6.61440e-01
  9009.000  6.55200e-01
  9010.000  6.40700e-01
  9011.000  6.22440e-01
  9012.000  6.36980e-01
  9013.000  6.56220e-01
  9014.000  6.79880e-01
  9015.000  6.83430e-01
  9016.000  6.78750e-01
  9017.000  7.19110e-01
  9018.000  7.26550e-01
  9019.000  7.25930e-01
  9020.000  7.05770e-01
  9021.000  6.84900e-01
  9022.000  6.64190e-01
  9023.000  6.51500e-01
  9024.000  6.62150e-01
  9025.000  6.41590e-01
  9026.000  6.33480e-01
  9027.000  6.47010e-01
  9028.000  6.90960e-01
  9029.000  6.89660e-01
  9030.000  7.08160e-01
  9031.000  7.42870e-01
  9032.000  7.74880e-01
  9033.000  7.49960e-01
  9034.000  7.49960e-01
  9035.000  8.09910e-01
  9036.000  8.11740e-01
  9037.000  7.28000e-01
  9038.000  7.17620e-01
  9039.000  0.00000e+00
  9040.000  0.00000e+00
  9041.000  0.00000e+00
  9042.000  0.00000e+00
  9043.000  0.00000e+00
  9044.000  0.00000e+00
  9045.000  0.00000e+00
  9046.000  0.00000e+00
  9047.000  0.00000e+00
  9048.000  0.00000e+00
  9049.000  0.00000e+00
  9050.000  0.00000e+00
