# dobos/BG  |  Dobos et al. 2012, MNRAS 420, 1217 (SDSS composites)
# columns: wavelength_Angstrom  flam_erg_s_cm2_A (absolute scale arbitrary - ETC renormalizes)
  3350.000  5.45400e-01
  3351.000  5.32720e-01
  3352.000  5.31690e-01
  3353.000  5.52900e-01
  3354.000  5.75180e-01
  3355.000  5.57850e-01
  3356.000  5.70410e-01
  3357.000  5.63510e-01
  3358.000  5.27450e-01
  3359.000  5.09490e-01
  3360.000  4.89060e-01
  3361.000  4.72300e-01
  3362.000  4.85530e-01
  3363.000  5.18330e-01
  3364.000  5.33140e-01
  3365.000  5.36300e-01
  3366.000  5.46810e-01
  3367.000  5.15960e-01
  3368.000  5.17430e-01
  3369.000  5.07040e-01
  3370.000  4.95990e-01
  3371.000  4.90710e-01
  3372.000  4.92470e-01
  3373.000  5.08980e-01
  3374.000  5.12350e-01
  3375.000  5.40970e-01
  3376.000  5.64360e-01
  3377.000  5.70710e-01
  3378.000  5.65200e-01
  3379.000  5.29700e-01
  3380.000  5.13410e-01
  3381.000  5.08140e-01
  3382.000  5.16650e-01
  3383.000  5.27090e-01
  3384.000  5.32960e-01
  3385.000  5.47810e-01
  3386.000  5.52830e-01
  3387.000  5.56080e-01
  3388.000  5.50750e-01
  3389.000  5.52710e-01
  3390.000  5.56220e-01
  3391.000  5.50310e-01
  3392.000  5.38940e-01
  3393.000  5.21460e-01
  3394.000  5.22950e-01
  3395.000  5.35170e-01
  3396.000  5.54280e-01
  3397.000  5.67340e-01
  3398.000  5.81220e-01
  3399.000  5.87540e-01
  3400.000  5.96730e-01
  3401.000  5.96560e-01
  3402.000  5.83000e-01
  3403.000  5.76500e-01
  3404.000  5.68660e-01
  3405.000  5.60750e-01
  3406.000  5.59100e-01
  3407.000  5.51990e-01
  3408.000  5.44890e-01
  3409.000  5.45000e-01
  3410.000  5.48430e-01
  3411.000  5.52090e-01
  3412.000  5.56290e-01
  3413.000  5.48750e-01
  3414.000  5.37820e-01
  3415.000  5.34680e-01
  3416.000  5.37640e-01
  3417.000  5.47610e-01
  3418.000  5.64120e-01
  3419.000  5.75340e-01
  3420.000  5.82930e-01
  3421.000  5.82890e-01
  3422.000  5.72150e-01
  3423.000  5.61930e-01
  3424.000  5.57440e-01
  3425.000  5.63580e-01
  3426.000  5.70620e-01
  3427.000  5.74200e-01
  3428.000  5.76070e-01
  3429.000  5.82200e-01
  3430.000  5.89340e-01
  3431.000  5.88380e-01
  3432.000  5.78890e-01
  3433.000  5.61190e-01
  3434.000  5.56150e-01
  3435.000  5.64000e-01
  3436.000  5.68880e-01
  3437.000  5.62300e-01
  3438.000  5.53940e-01
  3439.000  5.35980e-01
  3440.000  5.17710e-01
  3441.000  5.00740e-01
  3442.000  4.88050e-01
  3443.000  4.85130e-01
  3444.000  4.89960e-01
  3445.000  5.04010e-01
  3446.000  5.18360e-01
  3447.000  5.30800e-01
  3448.000  5.44580e-01
  3449.000  5.55780e-01
  3450.000  5.65260e-01
  3451.000  5.67660e-01
  3452.000  5.61350e-01
  3453.000  5.55530e-01
  3454.000  5.54640e-01
  3455.000  5.56760e-01
  3456.000  5.58400e-01
  3457.000  5.51060e-01
  3458.000  5.43140e-01
  3459.000  5.33130e-01
  3460.000  5.22160e-01
  3461.000  5.17410e-01
  3462.000  5.21030e-01
  3463.000  5.34570e-01
  3464.000  5.46110e-01
  3465.000  5.50350e-01
  3466.000  5.49580e-01
  3467.000  5.49880e-01
  3468.000  5.55450e-01
  3469.000  5.63590e-01
  3470.000  5.69570e-01
  3471.000  5.68160e-01
  3472.000  5.58400e-01
  3473.000  5.44280e-01
  3474.000  5.26280e-01
  3475.000  5.10410e-01
  3476.000  5.02580e-01
  3477.000  5.05880e-01
  3478.000  5.18680e-01
  3479.000  5.33740e-01
  3480.000  5.45780e-01
  3481.000  5.48890e-01
  3482.000  5.44140e-01
  3483.000  5.40010e-01
  3484.000  5.35030e-01
  3485.000  5.37140e-01
  3486.000  5.46930e-01
  3487.000  5.56570e-01
  3488.000  5.55890e-01
  3489.000  5.43340e-01
  3490.000  5.27090e-01
  3491.000  5.15660e-01
  3492.000  5.14730e-01
  3493.000  5.18490e-01
  3494.000  5.21040e-01
  3495.000  5.19520e-01
  3496.000  5.12370e-01
  3497.000  5.07320e-01
  3498.000  5.14220e-01
  3499.000  5.34110e-01
  3500.000  5.54950e-01
  3501.000  5.67220e-01
  3502.000  5.76210e-01
  3503.000  5.81140e-01
  3504.000  5.83040e-01
  3505.000  5.77350e-01
  3506.000  5.66200e-01
  3507.000  5.60800e-01
  3508.000  5.61360e-01
  3509.000  5.59790e-01
  3510.000  5.52440e-01
  3511.000  5.43050e-01
  3512.000  5.34120e-01
  3513.000  5.26710e-01
  3514.000  5.23280e-01
  3515.000  5.27630e-01
  3516.000  5.41220e-01
  3517.000  5.60060e-01
  3518.000  5.72810e-01
  3519.000  5.72740e-01
  3520.000  5.61980e-01
  3521.000  5.48460e-01
  3522.000  5.35440e-01
  3523.000  5.25820e-01
  3524.000  5.13290e-01
  3525.000  5.02500e-01
  3526.000  4.99750e-01
  3527.000  5.06820e-01
  3528.000  5.26400e-01
  3529.000  5.44340e-01
  3530.000  5.54180e-01
  3531.000  5.53940e-01
  3532.000  5.50690e-01
  3533.000  5.50140e-01
  3534.000  5.54480e-01
  3535.000  5.62090e-01
  3536.000  5.66230e-01
  3537.000  5.68730e-01
  3538.000  5.73220e-01
  3539.000  5.79750e-01
  3540.000  5.81900e-01
  3541.000  5.78970e-01
  3542.000  5.74090e-01
  3543.000  5.72760e-01
  3544.000  5.76210e-01
  3545.000  5.78920e-01
  3546.000  5.78960e-01
  3547.000  5.77560e-01
  3548.000  5.73980e-01
  3549.000  5.72900e-01
  3550.000  5.74600e-01
  3551.000  5.73640e-01
  3552.000  5.66730e-01
  3553.000  5.57530e-01
  3554.000  5.48690e-01
  3555.000  5.46470e-01
  3556.000  5.50100e-01
  3557.000  5.54010e-01
  3558.000  5.54710e-01
  3559.000  5.51810e-01
  3560.000  5.51030e-01
  3561.000  5.53230e-01
  3562.000  5.58960e-01
  3563.000  5.62090e-01
  3564.000  5.53370e-01
  3565.000  5.32300e-01
  3566.000  5.11620e-01
  3567.000  5.02490e-01
  3568.000  5.02150e-01
  3569.000  5.00160e-01
  3570.000  4.94070e-01
  3571.000  4.93180e-01
  3572.000  4.98690e-01
  3573.000  5.09090e-01
  3574.000  5.17450e-01
  3575.000  5.22540e-01
  3576.000  5.25890e-01
  3577.000  5.27200e-01
  3578.000  5.24430e-01
  3579.000  5.15660e-01
  3580.000  5.01120e-01
  3581.000  4.86610e-01
  3582.000  4.78720e-01
  3583.000  4.76810e-01
  3584.000  4.76780e-01
  3585.000  4.70490e-01
  3586.000  4.59760e-01
  3587.000  4.55750e-01
  3588.000  4.63930e-01
  3589.000  4.78850e-01
  3590.000  4.99500e-01
  3591.000  5.20320e-01
  3592.000  5.35950e-01
  3593.000  5.44230e-01
  3594.000  5.49000e-01
  3595.000  5.55630e-01
  3596.000  5.66770e-01
  3597.000  5.77260e-01
  3598.000  5.85070e-01
  3599.000  5.88930e-01
  3600.000  5.88840e-01
  3601.000  5.83720e-01
  3602.000  5.70130e-01
  3603.000  5.50860e-01
  3604.000  5.34530e-01
  3605.000  5.27240e-01
  3606.000  5.26550e-01
  3607.000  5.27120e-01
  3608.000  5.22990e-01
  3609.000  5.15100e-01
  3610.000  5.08620e-01
  3611.000  5.13080e-01
  3612.000  5.22700e-01
  3613.000  5.28370e-01
  3614.000  5.34810e-01
  3615.000  5.42810e-01
  3616.000  5.49070e-01
  3617.000  5.44680e-01
  3618.000  5.27220e-01
  3619.000  5.06950e-01
  3620.000  5.00540e-01
  3621.000  5.12490e-01
  3622.000  5.33180e-01
  3623.000  5.50460e-01
  3624.000  5.61560e-01
  3625.000  5.73310e-01
  3626.000  5.88380e-01
  3627.000  6.02190e-01
  3628.000  6.05790e-01
  3629.000  5.95530e-01
  3630.000  5.69600e-01
  3631.000  5.35690e-01
  3632.000  5.10140e-01
  3633.000  5.03250e-01
  3634.000  5.10820e-01
  3635.000  5.22100e-01
  3636.000  5.35450e-01
  3637.000  5.49950e-01
  3638.000  5.65990e-01
  3639.000  5.79910e-01
  3640.000  5.89400e-01
  3641.000  5.91240e-01
  3642.000  5.83990e-01
  3643.000  5.70980e-01
  3644.000  5.57800e-01
  3645.000  5.46600e-01
  3646.000  5.36890e-01
  3647.000  5.30210e-01
  3648.000  5.25280e-01
  3649.000  5.22460e-01
  3650.000  5.26920e-01
  3651.000  5.37860e-01
  3652.000  5.52660e-01
  3653.000  5.67210e-01
  3654.000  5.79200e-01
  3655.000  5.85950e-01
  3656.000  5.91160e-01
  3657.000  5.96450e-01
  3658.000  6.02940e-01
  3659.000  6.06790e-01
  3660.000  6.07740e-01
  3661.000  6.04730e-01
  3662.000  5.98020e-01
  3663.000  5.90010e-01
  3664.000  5.83040e-01
  3665.000  5.81150e-01
  3666.000  5.83420e-01
  3667.000  5.82450e-01
  3668.000  5.78020e-01
  3669.000  5.71530e-01
  3670.000  5.67000e-01
  3671.000  5.72660e-01
  3672.000  5.82910e-01
  3673.000  5.92410e-01
  3674.000  5.95970e-01
  3675.000  5.92940e-01
  3676.000  5.85740e-01
  3677.000  5.73720e-01
  3678.000  5.59070e-01
  3679.000  5.47660e-01
  3680.000  5.43310e-01
  3681.000  5.45700e-01
  3682.000  5.53140e-01
  3683.000  5.60420e-01
  3684.000  5.62400e-01
  3685.000  5.55180e-01
  3686.000  5.42980e-01
  3687.000  5.32870e-01
  3688.000  5.31630e-01
  3689.000  5.41130e-01
  3690.000  5.61420e-01
  3691.000  5.82430e-01
  3692.000  5.95770e-01
  3693.000  5.97960e-01
  3694.000  5.88980e-01
  3695.000  5.81120e-01
  3696.000  5.79730e-01
  3697.000  5.84400e-01
  3698.000  5.93790e-01
  3699.000  6.06870e-01
  3700.000  6.18830e-01
  3701.000  6.21070e-01
  3702.000  6.08920e-01
  3703.000  5.85080e-01
  3704.000  5.55100e-01
  3705.000  5.28200e-01
  3706.000  5.13110e-01
  3707.000  5.13750e-01
  3708.000  5.22670e-01
  3709.000  5.32050e-01
  3710.000  5.40740e-01
  3711.000  5.52180e-01
  3712.000  5.68540e-01
  3713.000  5.89200e-01
  3714.000  6.11160e-01
  3715.000  6.29780e-01
  3716.000  6.39050e-01
  3717.000  6.36090e-01
  3718.000  6.20890e-01
  3719.000  5.86850e-01
  3720.000  5.46970e-01
  3721.000  5.15590e-01
  3722.000  5.12160e-01
  3723.000  5.52790e-01
  3724.000  6.63300e-01
  3725.000  8.62630e-01
  3726.000  1.10220e+00
  3727.000  1.29120e+00
  3728.000  1.40420e+00
  3729.000  1.43690e+00
  3730.000  1.31900e+00
  3731.000  1.04690e+00
  3732.000  7.66690e-01
  3733.000  5.87720e-01
  3734.000  4.98990e-01
  3735.000  4.60730e-01
  3736.000  4.51950e-01
  3737.000  4.68480e-01
  3738.000  5.03720e-01
  3739.000  5.53060e-01
  3740.000  5.97820e-01
  3741.000  6.29080e-01
  3742.000  6.37680e-01
  3743.000  6.27290e-01
  3744.000  6.06660e-01
  3745.000  5.80370e-01
  3746.000  5.50200e-01
  3747.000  5.19830e-01
  3748.000  4.88240e-01
  3749.000  4.63490e-01
  3750.000  4.56900e-01
  3751.000  4.74250e-01
  3752.000  5.10420e-01
  3753.000  5.56220e-01
  3754.000  6.02360e-01
  3755.000  6.40250e-01
  3756.000  6.61290e-01
  3757.000  6.57270e-01
  3758.000  6.36300e-01
  3759.000  6.16880e-01
  3760.000  6.14050e-01
  3761.000  6.23050e-01
  3762.000  6.34710e-01
  3763.000  6.40480e-01
  3764.000  6.40580e-01
  3765.000  6.33590e-01
  3766.000  6.19290e-01
  3767.000  5.97300e-01
  3768.000  5.74010e-01
  3769.000  5.56900e-01
  3770.000  5.48530e-01
  3771.000  5.50180e-01
  3772.000  5.61140e-01
  3773.000  5.80420e-01
  3774.000  6.05790e-01
  3775.000  6.31440e-01
  3776.000  6.55710e-01
  3777.000  6.78740e-01
  3778.000  7.00940e-01
  3779.000  7.24960e-01
  3780.000  7.47990e-01
  3781.000  7.66840e-01
  3782.000  7.79050e-01
  3783.000  7.85080e-01
  3784.000  7.85850e-01
  3785.000  7.76660e-01
  3786.000  7.54750e-01
  3787.000  7.26520e-01
  3788.000  7.01250e-01
  3789.000  6.85330e-01
  3790.000  6.73980e-01
  3791.000  6.65440e-01
  3792.000  6.55920e-01
  3793.000  6.37040e-01
  3794.000  6.08370e-01
  3795.000  5.74930e-01
  3796.000  5.45320e-01
  3797.000  5.22250e-01
  3798.000  5.10110e-01
  3799.000  5.09310e-01
  3800.000  5.23730e-01
  3801.000  5.56800e-01
  3802.000  6.01300e-01
  3803.000  6.44770e-01
  3804.000  6.79360e-01
  3805.000  7.00490e-01
  3806.000  7.08620e-01
  3807.000  7.10240e-01
  3808.000  7.18870e-01
  3809.000  7.38350e-01
  3810.000  7.60690e-01
  3811.000  7.74320e-01
  3812.000  7.70370e-01
  3813.000  7.50420e-01
  3814.000  7.24710e-01
  3815.000  7.01620e-01
  3816.000  6.91320e-01
  3817.000  6.93730e-01
  3818.000  6.97280e-01
  3819.000  6.89220e-01
  3820.000  6.72460e-01
  3821.000  6.59500e-01
  3822.000  6.59950e-01
  3823.000  6.64710e-01
  3824.000  6.60590e-01
  3825.000  6.42250e-01
  3826.000  6.19930e-01
  3827.000  6.01550e-01
  3828.000  5.89040e-01
  3829.000  5.78020e-01
  3830.000  5.64890e-01
  3831.000  5.44870e-01
  3832.000  5.14980e-01
  3833.000  4.84180e-01
  3834.000  4.66020e-01
  3835.000  4.63800e-01
  3836.000  4.68940e-01
  3837.000  4.71090e-01
  3838.000  4.70000e-01
  3839.000  4.77780e-01
  3840.000  5.00370e-01
  3841.000  5.36280e-01
  3842.000  5.78680e-01
  3843.000  6.20010e-01
  3844.000  6.53010e-01
  3845.000  6.77380e-01
  3846.000  6.93990e-01
  3847.000  7.08420e-01
  3848.000  7.17430e-01
  3849.000  7.21500e-01
  3850.000  7.22180e-01
  3851.000  7.25140e-01
  3852.000  7.34350e-01
  3853.000  7.42740e-01
  3854.000  7.43370e-01
  3855.000  7.36740e-01
  3856.000  7.27140e-01
  3857.000  7.18530e-01
  3858.000  7.11980e-01
  3859.000  7.04270e-01
  3860.000  7.00750e-01
  3861.000  7.08850e-01
  3862.000  7.28500e-01
  3863.000  7.51140e-01
  3864.000  7.65900e-01
  3865.000  7.72050e-01
  3866.000  7.75970e-01
  3867.000  7.84850e-01
  3868.000  8.00830e-01
  3869.000  8.11350e-01
  3870.000  7.99380e-01
  3871.000  7.65780e-01
  3872.000  7.28770e-01
  3873.000  7.07350e-01
  3874.000  7.07830e-01
  3875.000  7.19620e-01
  3876.000  7.28270e-01
  3877.000  7.20560e-01
  3878.000  7.00530e-01
  3879.000  6.81750e-01
  3880.000  6.71720e-01
  3881.000  6.65100e-01
  3882.000  6.53870e-01
  3883.000  6.38280e-01
  3884.000  6.22690e-01
  3885.000  6.02980e-01
  3886.000  5.77590e-01
  3887.000  5.61190e-01
  3888.000  5.66310e-01
  3889.000  5.88260e-01
  3890.000  6.01980e-01
  3891.000  5.99900e-01
  3892.000  6.01250e-01
  3893.000  6.15220e-01
  3894.000  6.35790e-01
  3895.000  6.55300e-01
  3896.000  6.72700e-01
  3897.000  6.90650e-01
  3898.000  7.05580e-01
  3899.000  7.16450e-01
  3900.000  7.25110e-01
  3901.000  7.35640e-01
  3902.000  7.44970e-01
  3903.000  7.47870e-01
  3904.000  7.42970e-01
  3905.000  7.36380e-01
  3906.000  7.35110e-01
  3907.000  7.45940e-01
  3908.000  7.68160e-01
  3909.000  7.92920e-01
  3910.000  8.12340e-01
  3911.000  8.25550e-01
  3912.000  8.30650e-01
  3913.000  8.28000e-01
  3914.000  8.22890e-01
  3915.000  8.17950e-01
  3916.000  8.12560e-01
  3917.000  8.05820e-01
  3918.000  7.95610e-01
  3919.000  7.82440e-01
  3920.000  7.67770e-01
  3921.000  7.56650e-01
  3922.000  7.52530e-01
  3923.000  7.55500e-01
  3924.000  7.58170e-01
  3925.000  7.53130e-01
  3926.000  7.36350e-01
  3927.000  7.08770e-01
  3928.000  6.74640e-01
  3929.000  6.35520e-01
  3930.000  5.91670e-01
  3931.000  5.44270e-01
  3932.000  4.94480e-01
  3933.000  4.47840e-01
  3934.000  4.21880e-01
  3935.000  4.31190e-01
  3936.000  4.71540e-01
  3937.000  5.25450e-01
  3938.000  5.79560e-01
  3939.000  6.26900e-01
  3940.000  6.65560e-01
  3941.000  6.93140e-01
  3942.000  7.06230e-01
  3943.000  7.10950e-01
  3944.000  7.13130e-01
  3945.000  7.22160e-01
  3946.000  7.38590e-01
  3947.000  7.57100e-01
  3948.000  7.67900e-01
  3949.000  7.74090e-01
  3950.000  7.81240e-01
  3951.000  7.87720e-01
  3952.000  7.89160e-01
  3953.000  7.87180e-01
  3954.000  7.85370e-01
  3955.000  7.81740e-01
  3956.000  7.73100e-01
  3957.000  7.62760e-01
  3958.000  7.53490e-01
  3959.000  7.45710e-01
  3960.000  7.28750e-01
  3961.000  6.95680e-01
  3962.000  6.53110e-01
  3963.000  6.11160e-01
  3964.000  5.74400e-01
  3965.000  5.35700e-01
  3966.000  4.91150e-01
  3967.000  4.43830e-01
  3968.000  4.09940e-01
  3969.000  4.05650e-01
  3970.000  4.31160e-01
  3971.000  4.62160e-01
  3972.000  4.78560e-01
  3973.000  4.90500e-01
  3974.000  5.16470e-01
  3975.000  5.58930e-01
  3976.000  6.06970e-01
  3977.000  6.52250e-01
  3978.000  6.93730e-01
  3979.000  7.30680e-01
  3980.000  7.60770e-01
  3981.000  7.80410e-01
  3982.000  7.88890e-01
  3983.000  7.90930e-01
  3984.000  7.96020e-01
  3985.000  8.05320e-01
  3986.000  8.16590e-01
  3987.000  8.28560e-01
  3988.000  8.41200e-01
  3989.000  8.53100e-01
  3990.000  8.61620e-01
  3991.000  8.67540e-01
  3992.000  8.76170e-01
  3993.000  8.84220e-01
  3994.000  8.86560e-01
  3995.000  8.80120e-01
  3996.000  8.68910e-01
  3997.000  8.58800e-01
  3998.000  8.58180e-01
  3999.000  8.70230e-01
  4000.000  8.90150e-01
  4001.000  9.08130e-01
  4002.000  9.17110e-01
  4003.000  9.16180e-01
  4004.000  9.03540e-01
  4005.000  8.81500e-01
  4006.000  8.63260e-01
  4007.000  8.60290e-01
  4008.000  8.73080e-01
  4009.000  8.90030e-01
  4010.000  9.03960e-01
  4011.000  9.12890e-01
  4012.000  9.18250e-01
  4013.000  9.22450e-01
  4014.000  9.27180e-01
  4015.000  9.31170e-01
  4016.000  9.33980e-01
  4017.000  9.35550e-01
  4018.000  9.36380e-01
  4019.000  9.40360e-01
  4020.000  9.45550e-01
  4021.000  9.46670e-01
  4022.000  9.39500e-01
  4023.000  9.27340e-01
  4024.000  9.14010e-01
  4025.000  9.05720e-01
  4026.000  9.05920e-01
  4027.000  9.15740e-01
  4028.000  9.25250e-01
  4029.000  9.23210e-01
  4030.000  9.06630e-01
  4031.000  8.80710e-01
  4032.000  8.58010e-01
  4033.000  8.48230e-01
  4034.000  8.51460e-01
  4035.000  8.67810e-01
  4036.000  8.93620e-01
  4037.000  9.23890e-01
  4038.000  9.48010e-01
  4039.000  9.58950e-01
  4040.000  9.56730e-01
  4041.000  9.48220e-01
  4042.000  9.37900e-01
  4043.000  9.23120e-01
  4044.000  8.97830e-01
  4045.000  8.63920e-01
  4046.000  8.40220e-01
  4047.000  8.44180e-01
  4048.000  8.73020e-01
  4049.000  9.06300e-01
  4050.000  9.30840e-01
  4051.000  9.40460e-01
  4052.000  9.37280e-01
  4053.000  9.25280e-01
  4054.000  9.09620e-01
  4055.000  8.94280e-01
  4056.000  8.83040e-01
  4057.000  8.76440e-01
  4058.000  8.73320e-01
  4059.000  8.77280e-01
  4060.000  8.88590e-01
  4061.000  8.95690e-01
  4062.000  8.88180e-01
  4063.000  8.67610e-01
  4064.000  8.48640e-01
  4065.000  8.45380e-01
  4066.000  8.57450e-01
  4067.000  8.75430e-01
  4068.000  8.93650e-01
  4069.000  9.08670e-01
  4070.000  9.10420e-01
  4071.000  8.95930e-01
  4072.000  8.76850e-01
  4073.000  8.68980e-01
  4074.000  8.72500e-01
  4075.000  8.72520e-01
  4076.000  8.58800e-01
  4077.000  8.37430e-01
  4078.000  8.25210e-01
  4079.000  8.32550e-01
  4080.000  8.56330e-01
  4081.000  8.83970e-01
  4082.000  9.00700e-01
  4083.000  9.00390e-01
  4084.000  8.88940e-01
  4085.000  8.78390e-01
  4086.000  8.75960e-01
  4087.000  8.84140e-01
  4088.000  8.96150e-01
  4089.000  9.03860e-01
  4090.000  9.02380e-01
  4091.000  8.92880e-01
  4092.000  8.78840e-01
  4093.000  8.63300e-01
  4094.000  8.45660e-01
  4095.000  8.22940e-01
  4096.000  7.92640e-01
  4097.000  7.59770e-01
  4098.000  7.31180e-01
  4099.000  7.12150e-01
  4100.000  7.12560e-01
  4101.000  7.35650e-01
  4102.000  7.64010e-01
  4103.000  7.66990e-01
  4104.000  7.43620e-01
  4105.000  7.25030e-01
  4106.000  7.32340e-01
  4107.000  7.56340e-01
  4108.000  7.79180e-01
  4109.000  7.93270e-01
  4110.000  8.01020e-01
  4111.000  8.08170e-01
  4112.000  8.19080e-01
  4113.000  8.36080e-01
  4114.000  8.56220e-01
  4115.000  8.73760e-01
  4116.000  8.85920e-01
  4117.000  8.88930e-01
  4118.000  8.83040e-01
  4119.000  8.72870e-01
  4120.000  8.65280e-01
  4121.000  8.63920e-01
  4122.000  8.68090e-01
  4123.000  8.74860e-01
  4124.000  8.84440e-01
  4125.000  8.93650e-01
  4126.000  8.97890e-01
  4127.000  8.92880e-01
  4128.000  8.81850e-01
  4129.000  8.70880e-01
  4130.000  8.62020e-01
  4131.000  8.54520e-01
  4132.000  8.47410e-01
  4133.000  8.43470e-01
  4134.000  8.50300e-01
  4135.000  8.69090e-01
  4136.000  8.92080e-01
  4137.000  9.13580e-01
  4138.000  9.28570e-01
  4139.000  9.36840e-01
  4140.000  9.37510e-01
  4141.000  9.27480e-01
  4142.000  9.03000e-01
  4143.000  8.70970e-01
  4144.000  8.48420e-01
  4145.000  8.47510e-01
  4146.000  8.64050e-01
  4147.000  8.85390e-01
  4148.000  8.99180e-01
  4149.000  9.01810e-01
  4150.000  8.97740e-01
  4151.000  8.92200e-01
  4152.000  8.88040e-01
  4153.000  8.82870e-01
  4154.000  8.76500e-01
  4155.000  8.71330e-01
  4156.000  8.69210e-01
  4157.000  8.73870e-01
  4158.000  8.83500e-01
  4159.000  8.96870e-01
  4160.000  9.09710e-01
  4161.000  9.18940e-01
  4162.000  9.25760e-01
  4163.000  9.31050e-01
  4164.000  9.33440e-01
  4165.000  9.29620e-01
  4166.000  9.21150e-01
  4167.000  9.11640e-01
  4168.000  9.05150e-01
  4169.000  9.01670e-01
  4170.000  8.98000e-01
  4171.000  8.86830e-01
  4172.000  8.65540e-01
  4173.000  8.43680e-01
  4174.000  8.33890e-01
  4175.000  8.38340e-01
  4176.000  8.48470e-01
  4177.000  8.55490e-01
  4178.000  8.58450e-01
  4179.000  8.62400e-01
  4180.000  8.69200e-01
  4181.000  8.76550e-01
  4182.000  8.79990e-01
  4183.000  8.82620e-01
  4184.000  8.87570e-01
  4185.000  8.93680e-01
  4186.000  8.94930e-01
  4187.000  8.90090e-01
  4188.000  8.83830e-01
  4189.000  8.83850e-01
  4190.000  8.92020e-01
  4191.000  9.02260e-01
  4192.000  9.13440e-01
  4193.000  9.22580e-01
  4194.000  9.26260e-01
  4195.000  9.19910e-01
  4196.000  9.00780e-01
  4197.000  8.79500e-01
  4198.000  8.62670e-01
  4199.000  8.52970e-01
  4200.000  8.51440e-01
  4201.000  8.54340e-01
  4202.000  8.58250e-01
  4203.000  8.64510e-01
  4204.000  8.74930e-01
  4205.000  8.88160e-01
  4206.000  9.02930e-01
  4207.000  9.16650e-01
  4208.000  9.28070e-01
  4209.000  9.33790e-01
  4210.000  9.34560e-01
  4211.000  9.33620e-01
  4212.000  9.33930e-01
  4213.000  9.31820e-01
  4214.000  9.22430e-01
  4215.000  9.07700e-01
  4216.000  8.97520e-01
  4217.000  9.01780e-01
  4218.000  9.18570e-01
  4219.000  9.38530e-01
  4220.000  9.52510e-01
  4221.000  9.56330e-01
  4222.000  9.48250e-01
  4223.000  9.25060e-01
  4224.000  8.88860e-01
  4225.000  8.45550e-01
  4226.000  8.04350e-01
  4227.000  7.81400e-01
  4228.000  7.91620e-01
  4229.000  8.30680e-01
  4230.000  8.77950e-01
  4231.000  9.13810e-01
  4232.000  9.26450e-01
  4233.000  9.20830e-01
  4234.000  9.07350e-01
  4235.000  8.96800e-01
  4236.000  8.89470e-01
  4237.000  8.86670e-01
  4238.000  8.88840e-01
  4239.000  8.94060e-01
  4240.000  9.02960e-01
  4241.000  9.14270e-01
  4242.000  9.26320e-01
  4243.000  9.38770e-01
  4244.000  9.50310e-01
  4245.000  9.55910e-01
  4246.000  9.51720e-01
  4247.000  9.36870e-01
  4248.000  9.17990e-01
  4249.000  9.01020e-01
  4250.000  8.88630e-01
  4251.000  8.84040e-01
  4252.000  8.87570e-01
  4253.000  8.92720e-01
  4254.000  8.95580e-01
  4255.000  8.96850e-01
  4256.000  9.02700e-01
  4257.000  9.12750e-01
  4258.000  9.15670e-01
  4259.000  9.04180e-01
  4260.000  8.86060e-01
  4261.000  8.76400e-01
  4262.000  8.85630e-01
  4263.000  9.11380e-01
  4264.000  9.41310e-01
  4265.000  9.62410e-01
  4266.000  9.69280e-01
  4267.000  9.61280e-01
  4268.000  9.43020e-01
  4269.000  9.16690e-01
  4270.000  8.86970e-01
  4271.000  8.56540e-01
  4272.000  8.32240e-01
  4273.000  8.21770e-01
  4274.000  8.25810e-01
  4275.000  8.40360e-01
  4276.000  8.62790e-01
  4277.000  8.90990e-01
  4278.000  9.16130e-01
  4279.000  9.27870e-01
  4280.000  9.26900e-01
  4281.000  9.17730e-01
  4282.000  9.09650e-01
  4283.000  9.05620e-01
  4284.000  9.01860e-01
  4285.000  8.96980e-01
  4286.000  8.89830e-01
  4287.000  8.80060e-01
  4288.000  8.66490e-01
  4289.000  8.48180e-01
  4290.000  8.30970e-01
  4291.000  8.25060e-01
  4292.000  8.36140e-01
  4293.000  8.55760e-01
  4294.000  8.69160e-01
  4295.000  8.70800e-01
  4296.000  8.62410e-01
  4297.000  8.46850e-01
  4298.000  8.22490e-01
  4299.000  7.92080e-01
  4300.000  7.64050e-01
  4301.000  7.45650e-01
  4302.000  7.41490e-01
  4303.000  7.46320e-01
  4304.000  7.53920e-01
  4305.000  7.59970e-01
  4306.000  7.59280e-01
  4307.000  7.50560e-01
  4308.000  7.39400e-01
  4309.000  7.34560e-01
  4310.000  7.41370e-01
  4311.000  7.60740e-01
  4312.000  7.85040e-01
  4313.000  8.09370e-01
  4314.000  8.33470e-01
  4315.000  8.63910e-01
  4316.000  9.00640e-01
  4317.000  9.37980e-01
  4318.000  9.63520e-01
  4319.000  9.71300e-01
  4320.000  9.63890e-01
  4321.000  9.46700e-01
  4322.000  9.22310e-01
  4323.000  8.91420e-01
  4324.000  8.53990e-01
  4325.000  8.16730e-01
  4326.000  7.96160e-01
  4327.000  8.05030e-01
  4328.000  8.36520e-01
  4329.000  8.72410e-01
  4330.000  8.95730e-01
  4331.000  9.01990e-01
  4332.000  8.99150e-01
  4333.000  8.95310e-01
  4334.000  8.90430e-01
  4335.000  8.78440e-01
  4336.000  8.54070e-01
  4337.000  8.20060e-01
  4338.000  7.98800e-01
  4339.000  8.23200e-01
  4340.000  8.94910e-01
  4341.000  9.60530e-01
  4342.000  9.59900e-01
  4343.000  8.95830e-01
  4344.000  8.29610e-01
  4345.000  8.03470e-01
  4346.000  8.13620e-01
  4347.000  8.38100e-01
  4348.000  8.62270e-01
  4349.000  8.77970e-01
  4350.000  8.79260e-01
  4351.000  8.65400e-01
  4352.000  8.45820e-01
  4353.000  8.37570e-01
  4354.000  8.49640e-01
  4355.000  8.74900e-01
  4356.000  9.01670e-01
  4357.000  9.21980e-01
  4358.000  9.33870e-01
  4359.000  9.38700e-01
  4360.000  9.43050e-01
  4361.000  9.53030e-01
  4362.000  9.67810e-01
  4363.000  9.83440e-01
  4364.000  9.95440e-01
  4365.000  1.00050e+00
  4366.000  9.96620e-01
  4367.000  9.81840e-01
  4368.000  9.62010e-01
  4369.000  9.48190e-01
  4370.000  9.42390e-01
  4371.000  9.42060e-01
  4372.000  9.39880e-01
  4373.000  9.31230e-01
  4374.000  9.16510e-01
  4375.000  9.03330e-01
  4376.000  9.02230e-01
  4377.000  9.16570e-01
  4378.000  9.38590e-01
  4379.000  9.54310e-01
  4380.000  9.54740e-01
  4381.000  9.37630e-01
  4382.000  9.04310e-01
  4383.000  8.59930e-01
  4384.000  8.19830e-01
  4385.000  8.01860e-01
  4386.000  8.12210e-01
  4387.000  8.41250e-01
  4388.000  8.68890e-01
  4389.000  8.85260e-01
  4390.000  8.93230e-01
  4391.000  8.99090e-01
  4392.000  9.06330e-01
  4393.000  9.13770e-01
  4394.000  9.18650e-01
  4395.000  9.21530e-01
  4396.000  9.29810e-01
  4397.000  9.44710e-01
  4398.000  9.58440e-01
  4399.000  9.60230e-01
  4400.000  9.49740e-01
  4401.000  9.36360e-01
  4402.000  9.27770e-01
  4403.000  9.20500e-01
  4404.000  9.08070e-01
  4405.000  8.92230e-01
  4406.000  8.83210e-01
  4407.000  8.86800e-01
  4408.000  8.98100e-01
  4409.000  9.14630e-01
  4410.000  9.36260e-01
  4411.000  9.59440e-01
  4412.000  9.78160e-01
  4413.000  9.83400e-01
  4414.000  9.70630e-01
  4415.000  9.46020e-01
  4416.000  9.24410e-01
  4417.000  9.18930e-01
  4418.000  9.30720e-01
  4419.000  9.52890e-01
  4420.000  9.73570e-01
  4421.000  9.80990e-01
  4422.000  9.76110e-01
  4423.000  9.65110e-01
  4424.000  9.58960e-01
  4425.000  9.58920e-01
  4426.000  9.62710e-01
  4427.000  9.65890e-01
  4428.000  9.67860e-01
  4429.000  9.67550e-01
  4430.000  9.64170e-01
  4431.000  9.58780e-01
  4432.000  9.52710e-01
  4433.000  9.46080e-01
  4434.000  9.35670e-01
  4435.000  9.25230e-01
  4436.000  9.23140e-01
  4437.000  9.37830e-01
  4438.000  9.65110e-01
  4439.000  9.88900e-01
  4440.000  9.98370e-01
  4441.000  9.89890e-01
  4442.000  9.68940e-01
  4443.000  9.50200e-01
  4444.000  9.45560e-01
  4445.000  9.58370e-01
  4446.000  9.80370e-01
  4447.000  9.99610e-01
  4448.000  1.00940e+00
  4449.000  1.01100e+00
  4450.000  1.00770e+00
  4451.000  1.00260e+00
  4452.000  9.94540e-01
  4453.000  9.81620e-01
  4454.000  9.63120e-01
  4455.000  9.40710e-01
  4456.000  9.22930e-01
  4457.000  9.15660e-01
  4458.000  9.16230e-01
  4459.000  9.17120e-01
  4460.000  9.15440e-01
  4461.000  9.14290e-01
  4462.000  9.17180e-01
  4463.000  9.26560e-01
  4464.000  9.41750e-01
  4465.000  9.55410e-01
  4466.000  9.61560e-01
  4467.000  9.60990e-01
  4468.000  9.55580e-01
  4469.000  9.49590e-01
  4470.000  9.49070e-01
  4471.000  9.58960e-01
  4472.000  9.77510e-01
  4473.000  9.98060e-01
  4474.000  1.01560e+00
  4475.000  1.02810e+00
  4476.000  1.03640e+00
  4477.000  1.04140e+00
  4478.000  1.03860e+00
  4479.000  1.02340e+00
  4480.000  9.94000e-01
  4481.000  9.61450e-01
  4482.000  9.42420e-01
  4483.000  9.48230e-01
  4484.000  9.74710e-01
  4485.000  1.00800e+00
  4486.000  1.03270e+00
  4487.000  1.04050e+00
  4488.000  1.03040e+00
  4489.000  1.00980e+00
  4490.000  9.91710e-01
  4491.000  9.84640e-01
  4492.000  9.88820e-01
  4493.000  9.94270e-01
  4494.000  9.93450e-01
  4495.000  9.87320e-01
  4496.000  9.83370e-01
  4497.000  9.88760e-01
  4498.000  1.00220e+00
  4499.000  1.01690e+00
  4500.000  1.02570e+00
  4501.000  1.02820e+00
  4502.000  1.03160e+00
  4503.000  1.04370e+00
  4504.000  1.06200e+00
  4505.000  1.07820e+00
  4506.000  1.08410e+00
  4507.000  1.08010e+00
  4508.000  1.07220e+00
  4509.000  1.06700e+00
  4510.000  1.06630e+00
  4511.000  1.06660e+00
  4512.000  1.06260e+00
  4513.000  1.05110e+00
  4514.000  1.03750e+00
  4515.000  1.02700e+00
  4516.000  1.02280e+00
  4517.000  1.02160e+00
  4518.000  1.02340e+00
  4519.000  1.02700e+00
  4520.000  1.03270e+00
  4521.000  1.03680e+00
  4522.000  1.03670e+00
  4523.000  1.02900e+00
  4524.000  1.01540e+00
  4525.000  9.99900e-01
  4526.000  9.83320e-01
  4527.000  9.63310e-01
  4528.000  9.44270e-01
  4529.000  9.32040e-01
  4530.000  9.28100e-01
  4531.000  9.32630e-01
  4532.000  9.40820e-01
  4533.000  9.46010e-01
  4534.000  9.44910e-01
  4535.000  9.44950e-01
  4536.000  9.55110e-01
  4537.000  9.77590e-01
  4538.000  1.00470e+00
  4539.000  1.02300e+00
  4540.000  1.02670e+00
  4541.000  1.02200e+00
  4542.000  1.01600e+00
  4543.000  1.01440e+00
  4544.000  1.01340e+00
  4545.000  1.01030e+00
  4546.000  1.00570e+00
  4547.000  9.98680e-01
  4548.000  9.89920e-01
  4549.000  9.79890e-01
  4550.000  9.70880e-01
  4551.000  9.67790e-01
  4552.000  9.70220e-01
  4553.000  9.72980e-01
  4554.000  9.72770e-01
  4555.000  9.72630e-01
  4556.000  9.79900e-01
  4557.000  9.95600e-01
  4558.000  1.01660e+00
  4559.000  1.03590e+00
  4560.000  1.04800e+00
  4561.000  1.05450e+00
  4562.000  1.05420e+00
  4563.000  1.04480e+00
  4564.000  1.02920e+00
  4565.000  1.01450e+00
  4566.000  1.01000e+00
  4567.000  1.01850e+00
  4568.000  1.03340e+00
  4569.000  1.04410e+00
  4570.000  1.04550e+00
  4571.000  1.03900e+00
  4572.000  1.03050e+00
  4573.000  1.02920e+00
  4574.000  1.03510e+00
  4575.000  1.04320e+00
  4576.000  1.04660e+00
  4577.000  1.04480e+00
  4578.000  1.03850e+00
  4579.000  1.02550e+00
  4580.000  1.00950e+00
  4581.000  9.94600e-01
  4582.000  9.85870e-01
  4583.000  9.82420e-01
  4584.000  9.82900e-01
  4585.000  9.85580e-01
  4586.000  9.90140e-01
  4587.000  9.99400e-01
  4588.000  1.01160e+00
  4589.000  1.02260e+00
  4590.000  1.02750e+00
  4591.000  1.02420e+00
  4592.000  1.01520e+00
  4593.000  1.00570e+00
  4594.000  9.99800e-01
  4595.000  9.97370e-01
  4596.000  9.96960e-01
  4597.000  9.97800e-01
  4598.000  1.00080e+00
  4599.000  1.00370e+00
  4600.000  1.00550e+00
  4601.000  1.00610e+00
  4602.000  1.00700e+00
  4603.000  1.00880e+00
  4604.000  1.01230e+00
  4605.000  1.01600e+00
  4606.000  1.02150e+00
  4607.000  1.03190e+00
  4608.000  1.04640e+00
  4609.000  1.06110e+00
  4610.000  1.07080e+00
  4611.000  1.07070e+00
  4612.000  1.06340e+00
  4613.000  1.05620e+00
  4614.000  1.05250e+00
  4615.000  1.05300e+00
  4616.000  1.05560e+00
  4617.000  1.05700e+00
  4618.000  1.05560e+00
  4619.000  1.05200e+00
  4620.000  1.04960e+00
  4621.000  1.05120e+00
  4622.000  1.05590e+00
  4623.000  1.06140e+00
  4624.000  1.06440e+00
  4625.000  1.06390e+00
  4626.000  1.06140e+00
  4627.000  1.05830e+00
  4628.000  1.05550e+00
  4629.000  1.05330e+00
  4630.000  1.05120e+00
  4631.000  1.05100e+00
  4632.000  1.05160e+00
  4633.000  1.05030e+00
  4634.000  1.04440e+00
  4635.000  1.03660e+00
  4636.000  1.03040e+00
  4637.000  1.02420e+00
  4638.000  1.01740e+00
  4639.000  1.01190e+00
  4640.000  1.00920e+00
  4641.000  1.01110e+00
  4642.000  1.01670e+00
  4643.000  1.01990e+00
  4644.000  1.01820e+00
  4645.000  1.00760e+00
  4646.000  9.92360e-01
  4647.000  9.76150e-01
  4648.000  9.66380e-01
  4649.000  9.67630e-01
  4650.000  9.78960e-01
  4651.000  9.95310e-01
  4652.000  1.01080e+00
  4653.000  1.02040e+00
  4654.000  1.02140e+00
  4655.000  1.01680e+00
  4656.000  1.01200e+00
  4657.000  1.01480e+00
  4658.000  1.02770e+00
  4659.000  1.04700e+00
  4660.000  1.06260e+00
  4661.000  1.06690e+00
  4662.000  1.05880e+00
  4663.000  1.04200e+00
  4664.000  1.02190e+00
  4665.000  1.00260e+00
  4666.000  9.81370e-01
  4667.000  9.59070e-01
  4668.000  9.42460e-01
  4669.000  9.39820e-01
  4670.000  9.52930e-01
  4671.000  9.75330e-01
  4672.000  9.96140e-01
  4673.000  1.00950e+00
  4674.000  1.01600e+00
  4675.000  1.02100e+00
  4676.000  1.02550e+00
  4677.000  1.02930e+00
  4678.000  1.02730e+00
  4679.000  1.01940e+00
  4680.000  1.00980e+00
  4681.000  1.00240e+00
  4682.000  1.00180e+00
  4683.000  1.00810e+00
  4684.000  1.01910e+00
  4685.000  1.02960e+00
  4686.000  1.03610e+00
  4687.000  1.03720e+00
  4688.000  1.03390e+00
  4689.000  1.02860e+00
  4690.000  1.02360e+00
  4691.000  1.01890e+00
  4692.000  1.01600e+00
  4693.000  1.01670e+00
  4694.000  1.02100e+00
  4695.000  1.02650e+00
  4696.000  1.03080e+00
  4697.000  1.02950e+00
  4698.000  1.02090e+00
  4699.000  1.00760e+00
  4700.000  9.94720e-01
  4701.000  9.85790e-01
  4702.000  9.79620e-01
  4703.000  9.75990e-01
  4704.000  9.75740e-01
  4705.000  9.79260e-01
  4706.000  9.84600e-01
  4707.000  9.87190e-01
  4708.000  9.86160e-01
  4709.000  9.84590e-01
  4710.000  9.87180e-01
  4711.000  9.94730e-01
  4712.000  1.00370e+00
  4713.000  1.00710e+00
  4714.000  1.00530e+00
  4715.000  1.00420e+00
  4716.000  1.00860e+00
  4717.000  1.02050e+00
  4718.000  1.03660e+00
  4719.000  1.05120e+00
  4720.000  1.06100e+00
  4721.000  1.06580e+00
  4722.000  1.06610e+00
  4723.000  1.06450e+00
  4724.000  1.06300e+00
  4725.000  1.06130e+00
  4726.000  1.05480e+00
  4727.000  1.03960e+00
  4728.000  1.01780e+00
  4729.000  9.96680e-01
  4730.000  9.83270e-01
  4731.000  9.80650e-01
  4732.000  9.87060e-01
  4733.000  9.97240e-01
  4734.000  1.00740e+00
  4735.000  1.01470e+00
  4736.000  1.01890e+00
  4737.000  1.02060e+00
  4738.000  1.02410e+00
  4739.000  1.02970e+00
  4740.000  1.03610e+00
  4741.000  1.03970e+00
  4742.000  1.04100e+00
  4743.000  1.04320e+00
  4744.000  1.04600e+00
  4745.000  1.04970e+00
  4746.000  1.05310e+00
  4747.000  1.05600e+00
  4748.000  1.05860e+00
  4749.000  1.05990e+00
  4750.000  1.05960e+00
  4751.000  1.05640e+00
  4752.000  1.05020e+00
  4753.000  1.04110e+00
  4754.000  1.03310e+00
  4755.000  1.02610e+00
  4756.000  1.02250e+00
  4757.000  1.02270e+00
  4758.000  1.02560e+00
  4759.000  1.02960e+00
  4760.000  1.03150e+00
  4761.000  1.02750e+00
  4762.000  1.01680e+00
  4763.000  1.00210e+00
  4764.000  9.88110e-01
  4765.000  9.78220e-01
  4766.000  9.73930e-01
  4767.000  9.76700e-01
  4768.000  9.87420e-01
  4769.000  1.00200e+00
  4770.000  1.01530e+00
  4771.000  1.02280e+00
  4772.000  1.02590e+00
  4773.000  1.02890e+00
  4774.000  1.03470e+00
  4775.000  1.04340e+00
  4776.000  1.05240e+00
  4777.000  1.05710e+00
  4778.000  1.05910e+00
  4779.000  1.05740e+00
  4780.000  1.05260e+00
  4781.000  1.04580e+00
  4782.000  1.03790e+00
  4783.000  1.03020e+00
  4784.000  1.02340e+00
  4785.000  1.01880e+00
  4786.000  1.01560e+00
  4787.000  1.01290e+00
  4788.000  1.01130e+00
  4789.000  1.01170e+00
  4790.000  1.01380e+00
  4791.000  1.01840e+00
  4792.000  1.02710e+00
  4793.000  1.03930e+00
  4794.000  1.05450e+00
  4795.000  1.06660e+00
  4796.000  1.07280e+00
  4797.000  1.07020e+00
  4798.000  1.05940e+00
  4799.000  1.04680e+00
  4800.000  1.03760e+00
  4801.000  1.03560e+00
  4802.000  1.04010e+00
  4803.000  1.04560e+00
  4804.000  1.04820e+00
  4805.000  1.04320e+00
  4806.000  1.03480e+00
  4807.000  1.02660e+00
  4808.000  1.02240e+00
  4809.000  1.02160e+00
  4810.000  1.02430e+00
  4811.000  1.02890e+00
  4812.000  1.03260e+00
  4813.000  1.03630e+00
  4814.000  1.03980e+00
  4815.000  1.04390e+00
  4816.000  1.04940e+00
  4817.000  1.05490e+00
  4818.000  1.06050e+00
  4819.000  1.06460e+00
  4820.000  1.06560e+00
  4821.000  1.06120e+00
  4822.000  1.05090e+00
  4823.000  1.03620e+00
  4824.000  1.02250e+00
  4825.000  1.01490e+00
  4826.000  1.01640e+00
  4827.000  1.02120e+00
  4828.000  1.02440e+00
  4829.000  1.02450e+00
  4830.000  1.02130e+00
  4831.000  1.01660e+00
  4832.000  1.01260e+00
  4833.000  1.01130e+00
  4834.000  1.01340e+00
  4835.000  1.01700e+00
  4836.000  1.02040e+00
  4837.000  1.02110e+00
  4838.000  1.01740e+00
  4839.000  1.01000e+00
  4840.000  1.00090e+00
  4841.000  9.93360e-01
  4842.000  9.89810e-01
  4843.000  9.88920e-01
  4844.000  9.90820e-01
  4845.000  9.94700e-01
  4846.000  9.98390e-01
  4847.000  9.98100e-01
  4848.000  9.92310e-01
  4849.000  9.82630e-01
  4850.000  9.74790e-01
  4851.000  9.70990e-01
  4852.000  9.66910e-01
  4853.000  9.57790e-01
  4854.000  9.41870e-01
  4855.000  9.21430e-01
  4856.000  9.00120e-01
  4857.000  8.88680e-01
  4858.000  9.04040e-01
  4859.000  9.74480e-01
  4860.000  1.12460e+00
  4861.000  1.32720e+00
  4862.000  1.47780e+00
  4863.000  1.46820e+00
  4864.000  1.30400e+00
  4865.000  1.09960e+00
  4866.000  9.57800e-01
  4867.000  9.00440e-01
  4868.000  8.91630e-01
  4869.000  8.96260e-01
  4870.000  8.97960e-01
  4871.000  8.93490e-01
  4872.000  8.88550e-01
  4873.000  8.90310e-01
  4874.000  9.01280e-01
  4875.000  9.17070e-01
  4876.000  9.33600e-01
  4877.000  9.49650e-01
  4878.000  9.64010e-01
  4879.000  9.76370e-01
  4880.000  9.87280e-01
  4881.000  9.92600e-01
  4882.000  9.91640e-01
  4883.000  9.86030e-01
  4884.000  9.79010e-01
  4885.000  9.70830e-01
  4886.000  9.62220e-01
  4887.000  9.56040e-01
  4888.000  9.52910e-01
  4889.000  9.51020e-01
  4890.000  9.48370e-01
  4891.000  9.46270e-01
  4892.000  9.50410e-01
  4893.000  9.66780e-01
  4894.000  9.94380e-01
  4895.000  1.02440e+00
  4896.000  1.04840e+00
  4897.000  1.06100e+00
  4898.000  1.06310e+00
  4899.000  1.05750e+00
  4900.000  1.04780e+00
  4901.000  1.03790e+00
  4902.000  1.03130e+00
  4903.000  1.02820e+00
  4904.000  1.02750e+00
  4905.000  1.03110e+00
  4906.000  1.03720e+00
  4907.000  1.04170e+00
  4908.000  1.03890e+00
  4909.000  1.02760e+00
  4910.000  1.01300e+00
  4911.000  1.00130e+00
  4912.000  9.98740e-01
  4913.000  1.00560e+00
  4914.000  1.01800e+00
  4915.000  1.03000e+00
  4916.000  1.03480e+00
  4917.000  1.02730e+00
  4918.000  1.00630e+00
  4919.000  9.75250e-01
  4920.000  9.45780e-01
  4921.000  9.28010e-01
  4922.000  9.26940e-01
  4923.000  9.37160e-01
  4924.000  9.52500e-01
  4925.000  9.69190e-01
  4926.000  9.87390e-01
  4927.000  1.00840e+00
  4928.000  1.03010e+00
  4929.000  1.04830e+00
  4930.000  1.05960e+00
  4931.000  1.06240e+00
  4932.000  1.05660e+00
  4933.000  1.04410e+00
  4934.000  1.02940e+00
  4935.000  1.01750e+00
  4936.000  1.00910e+00
  4937.000  1.00180e+00
  4938.000  9.92480e-01
  4939.000  9.84340e-01
  4940.000  9.85150e-01
  4941.000  9.97490e-01
  4942.000  1.01730e+00
  4943.000  1.03730e+00
  4944.000  1.05260e+00
  4945.000  1.06100e+00
  4946.000  1.06390e+00
  4947.000  1.06450e+00
  4948.000  1.06680e+00
  4949.000  1.07100e+00
  4950.000  1.07560e+00
  4951.000  1.07880e+00
  4952.000  1.07930e+00
  4953.000  1.07490e+00
  4954.000  1.06730e+00
  4955.000  1.05830e+00
  4956.000  1.04910e+00
  4957.000  1.04640e+00
  4958.000  1.05890e+00
  4959.000  1.08840e+00
  4960.000  1.11850e+00
  4961.000  1.12950e+00
  4962.000  1.11800e+00
  4963.000  1.09440e+00
  4964.000  1.07100e+00
  4965.000  1.05050e+00
  4966.000  1.03240e+00
  4967.000  1.01870e+00
  4968.000  1.01080e+00
  4969.000  1.00840e+00
  4970.000  1.01120e+00
  4971.000  1.01840e+00
  4972.000  1.02810e+00
  4973.000  1.03830e+00
  4974.000  1.04650e+00
  4975.000  1.05100e+00
  4976.000  1.05050e+00
  4977.000  1.04410e+00
  4978.000  1.03290e+00
  4979.000  1.01740e+00
  4980.000  1.00110e+00
  4981.000  9.83030e-01
  4982.000  9.64630e-01
  4983.000  9.47380e-01
  4984.000  9.38400e-01
  4985.000  9.42070e-01
  4986.000  9.57960e-01
  4987.000  9.79430e-01
  4988.000  9.99150e-01
  4989.000  1.01200e+00
  4990.000  1.01620e+00
  4991.000  1.01510e+00
  4992.000  1.01310e+00
  4993.000  1.01190e+00
  4994.000  1.01340e+00
  4995.000  1.01690e+00
  4996.000  1.02130e+00
  4997.000  1.02330e+00
  4998.000  1.02220e+00
  4999.000  1.01570e+00
  5000.000  1.00560e+00
  5001.000  9.96480e-01
  5002.000  9.94460e-01
  5003.000  1.00600e+00
  5004.000  1.03630e+00
  5005.000  1.09430e+00
  5006.000  1.18020e+00
  5007.000  1.27150e+00
  5008.000  1.32190e+00
  5009.000  1.29760e+00
  5010.000  1.21590e+00
  5011.000  1.12150e+00
  5012.000  1.04470e+00
  5013.000  9.92300e-01
  5014.000  9.60850e-01
  5015.000  9.44970e-01
  5016.000  9.41010e-01
  5017.000  9.42710e-01
  5018.000  9.43030e-01
  5019.000  9.43120e-01
  5020.000  9.45490e-01
  5021.000  9.50410e-01
  5022.000  9.56680e-01
  5023.000  9.63140e-01
  5024.000  9.70230e-01
  5025.000  9.78000e-01
  5026.000  9.82230e-01
  5027.000  9.84670e-01
  5028.000  9.86250e-01
  5029.000  9.88500e-01
  5030.000  9.96050e-01
  5031.000  1.00740e+00
  5032.000  1.01860e+00
  5033.000  1.02630e+00
  5034.000  1.02900e+00
  5035.000  1.02310e+00
  5036.000  1.00940e+00
  5037.000  9.92790e-01
  5038.000  9.75660e-01
  5039.000  9.59690e-01
  5040.000  9.42530e-01
  5041.000  9.28530e-01
  5042.000  9.24650e-01
  5043.000  9.36700e-01
  5044.000  9.62260e-01
  5045.000  9.92470e-01
  5046.000  1.01630e+00
  5047.000  1.02680e+00
  5048.000  1.02270e+00
  5049.000  1.00910e+00
  5050.000  9.93210e-01
  5051.000  9.82110e-01
  5052.000  9.80230e-01
  5053.000  9.85360e-01
  5054.000  9.96450e-01
  5055.000  1.01020e+00
  5056.000  1.02240e+00
  5057.000  1.03200e+00
  5058.000  1.03950e+00
  5059.000  1.04610e+00
  5060.000  1.05180e+00
  5061.000  1.05580e+00
  5062.000  1.05630e+00
  5063.000  1.05020e+00
  5064.000  1.03650e+00
  5065.000  1.01860e+00
  5066.000  1.00280e+00
  5067.000  9.94480e-01
  5068.000  9.92540e-01
  5069.000  9.94240e-01
  5070.000  9.97560e-01
  5071.000  1.00040e+00
  5072.000  1.00080e+00
  5073.000  9.99890e-01
  5074.000  9.99300e-01
  5075.000  9.99720e-01
  5076.000  1.00080e+00
  5077.000  9.98210e-01
  5078.000  9.90510e-01
  5079.000  9.77690e-01
  5080.000  9.61060e-01
  5081.000  9.47990e-01
  5082.000  9.43760e-01
  5083.000  9.49580e-01
  5084.000  9.60640e-01
  5085.000  9.73200e-01
  5086.000  9.86190e-01
  5087.000  9.97700e-01
  5088.000  1.00610e+00
  5089.000  1.01210e+00
  5090.000  1.01750e+00
  5091.000  1.02250e+00
  5092.000  1.02940e+00
  5093.000  1.03400e+00
  5094.000  1.03630e+00
  5095.000  1.03250e+00
  5096.000  1.02210e+00
  5097.000  1.00520e+00
  5098.000  9.86230e-01
  5099.000  9.70760e-01
  5100.000  9.63550e-01
  5101.000  9.67730e-01
  5102.000  9.79080e-01
  5103.000  9.90930e-01
  5104.000  9.97370e-01
  5105.000  9.97920e-01
  5106.000  9.93990e-01
  5107.000  9.86550e-01
  5108.000  9.78190e-01
  5109.000  9.72710e-01
  5110.000  9.71830e-01
  5111.000  9.75450e-01
  5112.000  9.83910e-01
  5113.000  9.94480e-01
  5114.000  1.00530e+00
  5115.000  1.01570e+00
  5116.000  1.02380e+00
  5117.000  1.03070e+00
  5118.000  1.03590e+00
  5119.000  1.03660e+00
  5120.000  1.03220e+00
  5121.000  1.02120e+00
  5122.000  1.00570e+00
  5123.000  9.87750e-01
  5124.000  9.71350e-01
  5125.000  9.58820e-01
  5126.000  9.51660e-01
  5127.000  9.48860e-01
  5128.000  9.49280e-01
  5129.000  9.51200e-01
  5130.000  9.55220e-01
  5131.000  9.61630e-01
  5132.000  9.71190e-01
  5133.000  9.80930e-01
  5134.000  9.88510e-01
  5135.000  9.94150e-01
  5136.000  9.95930e-01
  5137.000  9.91870e-01
  5138.000  9.83250e-01
  5139.000  9.73880e-01
  5140.000  9.66220e-01
  5141.000  9.61880e-01
  5142.000  9.60890e-01
  5143.000  9.60310e-01
  5144.000  9.59790e-01
  5145.000  9.59540e-01
  5146.000  9.59760e-01
  5147.000  9.58360e-01
  5148.000  9.57120e-01
  5149.000  9.57000e-01
  5150.000  9.57850e-01
  5151.000  9.57810e-01
  5152.000  9.56930e-01
  5153.000  9.54980e-01
  5154.000  9.54230e-01
  5155.000  9.59000e-01
  5156.000  9.69440e-01
  5157.000  9.83280e-01
  5158.000  9.98110e-01
  5159.000  1.00880e+00
  5160.000  1.01320e+00
  5161.000  1.01080e+00
  5162.000  1.00200e+00
  5163.000  9.86920e-01
  5164.000  9.64900e-01
  5165.000  9.35770e-01
  5166.000  8.99890e-01
  5167.000  8.61030e-01
  5168.000  8.28840e-01
  5169.000  8.09880e-01
  5170.000  8.05420e-01
  5171.000  8.08080e-01
  5172.000  8.09020e-01
  5173.000  8.10730e-01
  5174.000  8.23140e-01
  5175.000  8.49890e-01
  5176.000  8.86380e-01
  5177.000  9.21590e-01
  5178.000  9.46940e-01
  5179.000  9.57400e-01
  5180.000  9.53070e-01
  5181.000  9.35160e-01
  5182.000  9.05270e-01
  5183.000  8.69810e-01
  5184.000  8.41620e-01
  5185.000  8.34680e-01
  5186.000  8.52170e-01
  5187.000  8.84880e-01
  5188.000  9.19380e-01
  5189.000  9.45520e-01
  5190.000  9.58960e-01
  5191.000  9.60420e-01
  5192.000  9.53430e-01
  5193.000  9.44150e-01
  5194.000  9.39730e-01
  5195.000  9.43740e-01
  5196.000  9.56380e-01
  5197.000  9.76310e-01
  5198.000  1.00010e+00
  5199.000  1.02290e+00
  5200.000  1.03920e+00
  5201.000  1.04390e+00
  5202.000  1.03520e+00
  5203.000  1.01450e+00
  5204.000  9.87600e-01
  5205.000  9.60100e-01
  5206.000  9.36240e-01
  5207.000  9.18940e-01
  5208.000  9.09760e-01
  5209.000  9.10050e-01
  5210.000  9.19580e-01
  5211.000  9.36850e-01
  5212.000  9.58210e-01
  5213.000  9.78150e-01
  5214.000  9.91520e-01
  5215.000  9.95960e-01
  5216.000  9.93780e-01
  5217.000  9.90330e-01
  5218.000  9.92590e-01
  5219.000  1.00100e+00
  5220.000  1.01230e+00
  5221.000  1.02140e+00
  5222.000  1.02400e+00
  5223.000  1.01710e+00
  5224.000  1.00020e+00
  5225.000  9.75750e-01
  5226.000  9.49780e-01
  5227.000  9.30820e-01
  5228.000  9.26670e-01
  5229.000  9.38080e-01
  5230.000  9.58860e-01
  5231.000  9.78730e-01
  5232.000  9.90580e-01
  5233.000  9.92530e-01
  5234.000  9.89040e-01
  5235.000  9.88390e-01
  5236.000  9.94040e-01
  5237.000  1.00560e+00
  5238.000  1.01920e+00
  5239.000  1.02980e+00
  5240.000  1.03590e+00
  5241.000  1.04020e+00
  5242.000  1.04190e+00
  5243.000  1.04240e+00
  5244.000  1.04260e+00
  5245.000  1.04030e+00
  5246.000  1.03440e+00
  5247.000  1.02390e+00
  5248.000  1.01170e+00
  5249.000  9.99970e-01
  5250.000  9.92790e-01
  5251.000  9.90060e-01
  5252.000  9.90810e-01
  5253.000  9.94030e-01
  5254.000  9.98610e-01
  5255.000  1.00460e+00
  5256.000  1.01170e+00
  5257.000  1.02200e+00
  5258.000  1.03400e+00
  5259.000  1.04220e+00
  5260.000  1.04090e+00
  5261.000  1.02780e+00
  5262.000  1.00450e+00
  5263.000  9.74210e-01
  5264.000  9.43300e-01
  5265.000  9.17330e-01
  5266.000  8.99530e-01
  5267.000  8.92020e-01
  5268.000  8.90170e-01
  5269.000  8.89790e-01
  5270.000  8.90540e-01
  5271.000  8.97410e-01
  5272.000  9.12340e-01
  5273.000  9.33460e-01
  5274.000  9.53530e-01
  5275.000  9.68790e-01
  5276.000  9.82100e-01
  5277.000  9.96190e-01
  5278.000  1.01190e+00
  5279.000  1.02500e+00
  5280.000  1.03080e+00
  5281.000  1.02790e+00
  5282.000  1.01920e+00
  5283.000  1.01040e+00
  5284.000  1.00740e+00
  5285.000  1.01420e+00
  5286.000  1.02960e+00
  5287.000  1.04830e+00
  5288.000  1.06520e+00
  5289.000  1.07770e+00
  5290.000  1.08480e+00
  5291.000  1.08750e+00
  5292.000  1.08710e+00
  5293.000  1.08290e+00
  5294.000  1.07520e+00
  5295.000  1.06270e+00
  5296.000  1.04600e+00
  5297.000  1.02670e+00
  5298.000  1.00860e+00
  5299.000  9.97950e-01
  5300.000  9.97660e-01
  5301.000  1.00650e+00
  5302.000  1.01960e+00
  5303.000  1.03480e+00
  5304.000  1.05020e+00
  5305.000  1.06400e+00
  5306.000  1.07520e+00
  5307.000  1.08200e+00
  5308.000  1.08440e+00
  5309.000  1.08630e+00
  5310.000  1.08910e+00
  5311.000  1.09160e+00
  5312.000  1.09170e+00
  5313.000  1.08860e+00
  5314.000  1.08220e+00
  5315.000  1.07410e+00
  5316.000  1.06640e+00
  5317.000  1.05980e+00
  5318.000  1.05590e+00
  5319.000  1.05540e+00
  5320.000  1.05650e+00
  5321.000  1.05690e+00
  5322.000  1.05360e+00
  5323.000  1.04600e+00
  5324.000  1.03340e+00
  5325.000  1.01720e+00
  5326.000  9.99650e-01
  5327.000  9.81150e-01
  5328.000  9.62810e-01
  5329.000  9.50650e-01
  5330.000  9.52220e-01
  5331.000  9.67510e-01
  5332.000  9.91090e-01
  5333.000  1.01480e+00
  5334.000  1.03380e+00
  5335.000  1.04740e+00
  5336.000  1.05470e+00
  5337.000  1.05620e+00
  5338.000  1.05180e+00
  5339.000  1.04200e+00
  5340.000  1.03060e+00
  5341.000  1.02130e+00
  5342.000  1.01900e+00
  5343.000  1.02300e+00
  5344.000  1.03150e+00
  5345.000  1.03810e+00
  5346.000  1.04010e+00
  5347.000  1.03930e+00
  5348.000  1.03680e+00
  5349.000  1.03520e+00
  5350.000  1.03730e+00
  5351.000  1.04370e+00
  5352.000  1.05490e+00
  5353.000  1.06820e+00
  5354.000  1.08160e+00
  5355.000  1.09370e+00
  5356.000  1.10350e+00
  5357.000  1.11030e+00
  5358.000  1.11340e+00
  5359.000  1.11280e+00
  5360.000  1.10790e+00
  5361.000  1.10000e+00
  5362.000  1.08850e+00
  5363.000  1.07540e+00
  5364.000  1.06360e+00
  5365.000  1.05350e+00
  5366.000  1.04470e+00
  5367.000  1.03780e+00
  5368.000  1.03020e+00
  5369.000  1.02020e+00
  5370.000  1.00910e+00
  5371.000  1.00010e+00
  5372.000  9.98230e-01
  5373.000  1.00690e+00
  5374.000  1.02470e+00
  5375.000  1.04530e+00
  5376.000  1.06290e+00
  5377.000  1.07390e+00
  5378.000  1.07800e+00
  5379.000  1.07760e+00
  5380.000  1.07490e+00
  5381.000  1.07020e+00
  5382.000  1.06450e+00
  5383.000  1.06040e+00
  5384.000  1.05960e+00
  5385.000  1.06130e+00
  5386.000  1.06430e+00
  5387.000  1.06630e+00
  5388.000  1.06440e+00
  5389.000  1.05840e+00
  5390.000  1.04960e+00
  5391.000  1.03990e+00
  5392.000  1.03100e+00
  5393.000  1.02470e+00
  5394.000  1.02000e+00
  5395.000  1.01560e+00
  5396.000  1.00980e+00
  5397.000  1.00460e+00
  5398.000  1.00180e+00
  5399.000  1.00350e+00
  5400.000  1.00900e+00
  5401.000  1.01590e+00
  5402.000  1.01810e+00
  5403.000  1.01430e+00
  5404.000  1.00420e+00
  5405.000  9.90550e-01
  5406.000  9.78280e-01
  5407.000  9.72190e-01
  5408.000  9.74340e-01
  5409.000  9.80910e-01
  5410.000  9.89510e-01
  5411.000  9.99080e-01
  5412.000  1.01040e+00
  5413.000  1.02370e+00
  5414.000  1.03690e+00
  5415.000  1.04720e+00
  5416.000  1.05550e+00
  5417.000  1.06230e+00
  5418.000  1.06670e+00
  5419.000  1.06760e+00
  5420.000  1.06510e+00
  5421.000  1.06090e+00
  5422.000  1.05640e+00
  5423.000  1.05200e+00
  5424.000  1.04930e+00
  5425.000  1.04790e+00
  5426.000  1.04840e+00
  5427.000  1.05020e+00
  5428.000  1.04980e+00
  5429.000  1.04410e+00
  5430.000  1.03390e+00
  5431.000  1.02410e+00
  5432.000  1.01760e+00
  5433.000  1.01460e+00
  5434.000  1.01250e+00
  5435.000  1.01170e+00
  5436.000  1.01450e+00
  5437.000  1.02380e+00
  5438.000  1.03900e+00
  5439.000  1.05690e+00
  5440.000  1.07420e+00
  5441.000  1.08720e+00
  5442.000  1.09360e+00
  5443.000  1.09170e+00
  5444.000  1.08190e+00
  5445.000  1.06600e+00
  5446.000  1.04770e+00
  5447.000  1.03080e+00
  5448.000  1.02230e+00
  5449.000  1.02380e+00
  5450.000  1.03270e+00
  5451.000  1.04300e+00
  5452.000  1.04850e+00
  5453.000  1.04630e+00
  5454.000  1.03820e+00
  5455.000  1.02790e+00
  5456.000  1.02010e+00
  5457.000  1.01950e+00
  5458.000  1.02670e+00
  5459.000  1.03850e+00
  5460.000  1.04810e+00
  5461.000  1.05160e+00
  5462.000  1.04880e+00
  5463.000  1.04190e+00
  5464.000  1.03640e+00
  5465.000  1.03540e+00
  5466.000  1.03830e+00
  5467.000  1.04300e+00
  5468.000  1.04790e+00
  5469.000  1.05110e+00
  5470.000  1.05200e+00
  5471.000  1.05040e+00
  5472.000  1.04550e+00
  5473.000  1.03840e+00
  5474.000  1.02960e+00
  5475.000  1.02000e+00
  5476.000  1.00940e+00
  5477.000  1.00120e+00
  5478.000  9.97650e-01
  5479.000  1.00010e+00
  5480.000  1.00610e+00
  5481.000  1.01270e+00
  5482.000  1.01790e+00
  5483.000  1.02310e+00
  5484.000  1.02990e+00
  5485.000  1.03810e+00
  5486.000  1.04440e+00
  5487.000  1.04630e+00
  5488.000  1.04420e+00
  5489.000  1.04120e+00
  5490.000  1.03980e+00
  5491.000  1.04100e+00
  5492.000  1.04390e+00
  5493.000  1.04630e+00
  5494.000  1.04730e+00
  5495.000  1.04700e+00
  5496.000  1.04680e+00
  5497.000  1.04630e+00
  5498.000  1.04670e+00
  5499.000  1.04720e+00
  5500.000  1.04800e+00
  5501.000  1.04650e+00
  5502.000  1.04300e+00
  5503.000  1.03810e+00
  5504.000  1.03290e+00
  5505.000  1.02970e+00
  5506.000  1.02710e+00
  5507.000  1.02580e+00
  5508.000  1.02630e+00
  5509.000  1.02760e+00
  5510.000  1.02820e+00
  5511.000  1.02730e+00
  5512.000  1.02390e+00
  5513.000  1.01990e+00
  5514.000  1.01730e+00
  5515.000  1.01890e+00
  5516.000  1.02560e+00
  5517.000  1.03590e+00
  5518.000  1.04750e+00
  5519.000  1.05830e+00
  5520.000  1.06720e+00
  5521.000  1.07240e+00
  5522.000  1.07370e+00
  5523.000  1.07210e+00
  5524.000  1.06770e+00
  5525.000  1.06030e+00
  5526.000  1.05060e+00
  5527.000  1.03880e+00
  5528.000  1.02820e+00
  5529.000  1.02140e+00
  5530.000  1.02170e+00
  5531.000  1.02770e+00
  5532.000  1.03610e+00
  5533.000  1.04270e+00
  5534.000  1.04600e+00
  5535.000  1.04570e+00
  5536.000  1.04500e+00
  5537.000  1.04620e+00
  5538.000  1.04970e+00
  5539.000  1.05490e+00
  5540.000  1.06110e+00
  5541.000  1.06580e+00
  5542.000  1.06800e+00
  5543.000  1.06790e+00
  5544.000  1.06570e+00
  5545.000  1.06280e+00
  5546.000  1.06210e+00
  5547.000  1.06410e+00
  5548.000  1.06820e+00
  5549.000  1.07450e+00
  5550.000  1.08020e+00
  5551.000  1.08340e+00
  5552.000  1.08400e+00
  5553.000  1.08150e+00
  5554.000  1.07660e+00
  5555.000  1.07180e+00
  5556.000  1.06820e+00
  5557.000  1.06580e+00
  5558.000  1.06520e+00
  5559.000  1.06480e+00
  5560.000  1.06390e+00
  5561.000  1.06250e+00
  5562.000  1.05860e+00
  5563.000  1.05400e+00
  5564.000  1.04940e+00
  5565.000  1.04500e+00
  5566.000  1.04200e+00
  5567.000  1.03950e+00
  5568.000  1.03820e+00
  5569.000  1.03810e+00
  5570.000  1.03910e+00
  5571.000  1.04010e+00
  5572.000  1.04120e+00
  5573.000  1.04200e+00
  5574.000  1.04330e+00
  5575.000  1.04640e+00
  5576.000  1.05000e+00
  5577.000  1.05440e+00
  5578.000  1.05790e+00
  5579.000  1.06070e+00
  5580.000  1.06190e+00
  5581.000  1.06220e+00
  5582.000  1.06020e+00
  5583.000  1.05600e+00
  5584.000  1.04910e+00
  5585.000  1.03960e+00
  5586.000  1.02650e+00
  5587.000  1.01270e+00
  5588.000  9.99130e-01
  5589.000  9.89830e-01
  5590.000  9.87630e-01
  5591.000  9.91190e-01
  5592.000  9.98850e-01
  5593.000  1.00720e+00
  5594.000  1.01470e+00
  5595.000  1.02170e+00
  5596.000  1.02760e+00
  5597.000  1.03190e+00
  5598.000  1.03220e+00
  5599.000  1.02850e+00
  5600.000  1.02210e+00
  5601.000  1.01540e+00
  5602.000  1.01150e+00
  5603.000  1.01260e+00
  5604.000  1.01970e+00
  5605.000  1.03210e+00
  5606.000  1.04760e+00
  5607.000  1.06230e+00
  5608.000  1.07360e+00
  5609.000  1.07990e+00
  5610.000  1.08310e+00
  5611.000  1.08350e+00
  5612.000  1.08070e+00
  5613.000  1.07340e+00
  5614.000  1.06210e+00
  5615.000  1.04750e+00
  5616.000  1.03310e+00
  5617.000  1.02350e+00
  5618.000  1.02150e+00
  5619.000  1.02540e+00
  5620.000  1.03150e+00
  5621.000  1.03740e+00
  5622.000  1.04050e+00
  5623.000  1.03950e+00
  5624.000  1.03580e+00
  5625.000  1.03100e+00
  5626.000  1.02780e+00
  5627.000  1.02920e+00
  5628.000  1.03600e+00
  5629.000  1.04530e+00
  5630.000  1.05520e+00
  5631.000  1.06290e+00
  5632.000  1.06760e+00
  5633.000  1.06760e+00
  5634.000  1.06450e+00
  5635.000  1.05870e+00
  5636.000  1.05190e+00
  5637.000  1.04510e+00
  5638.000  1.03980e+00
  5639.000  1.03660e+00
  5640.000  1.03490e+00
  5641.000  1.03380e+00
  5642.000  1.03380e+00
  5643.000  1.03480e+00
  5644.000  1.03700e+00
  5645.000  1.04030e+00
  5646.000  1.04480e+00
  5647.000  1.04910e+00
  5648.000  1.05260e+00
  5649.000  1.05440e+00
  5650.000  1.05560e+00
  5651.000  1.05690e+00
  5652.000  1.05840e+00
  5653.000  1.05800e+00
  5654.000  1.05500e+00
  5655.000  1.04930e+00
  5656.000  1.04090e+00
  5657.000  1.03130e+00
  5658.000  1.02080e+00
  5659.000  1.01240e+00
  5660.000  1.00780e+00
  5661.000  1.00810e+00
  5662.000  1.01190e+00
  5663.000  1.01790e+00
  5664.000  1.02460e+00
  5665.000  1.03110e+00
  5666.000  1.03620e+00
  5667.000  1.03940e+00
  5668.000  1.04030e+00
  5669.000  1.04120e+00
  5670.000  1.04350e+00
  5671.000  1.04770e+00
  5672.000  1.05370e+00
  5673.000  1.06100e+00
  5674.000  1.06780e+00
  5675.000  1.07290e+00
  5676.000  1.07600e+00
  5677.000  1.07670e+00
  5678.000  1.07600e+00
  5679.000  1.07350e+00
  5680.000  1.06970e+00
  5681.000  1.06390e+00
  5682.000  1.05690e+00
  5683.000  1.05060e+00
  5684.000  1.04500e+00
  5685.000  1.04110e+00
  5686.000  1.03920e+00
  5687.000  1.03850e+00
  5688.000  1.03830e+00
  5689.000  1.03990e+00
  5690.000  1.04470e+00
  5691.000  1.05230e+00
  5692.000  1.06150e+00
  5693.000  1.06940e+00
  5694.000  1.07430e+00
  5695.000  1.07630e+00
  5696.000  1.07550e+00
  5697.000  1.07210e+00
  5698.000  1.06690e+00
  5699.000  1.06050e+00
  5700.000  1.05330e+00
  5701.000  1.04600e+00
  5702.000  1.04040e+00
  5703.000  1.03670e+00
  5704.000  1.03430e+00
  5705.000  1.03210e+00
  5706.000  1.02770e+00
  5707.000  1.02060e+00
  5708.000  1.01260e+00
  5709.000  1.00500e+00
  5710.000  1.00000e+00
  5711.000  9.99820e-01
  5712.000  1.00400e+00
  5713.000  1.01290e+00
  5714.000  1.02580e+00
  5715.000  1.03910e+00
  5716.000  1.05130e+00
  5717.000  1.06150e+00
  5718.000  1.06930e+00
  5719.000  1.07490e+00
  5720.000  1.08020e+00
  5721.000  1.08510e+00
  5722.000  1.08940e+00
  5723.000  1.09290e+00
  5724.000  1.09450e+00
  5725.000  1.09370e+00
  5726.000  1.09060e+00
  5727.000  1.08680e+00
  5728.000  1.08280e+00
  5729.000  1.08000e+00
  5730.000  1.07810e+00
  5731.000  1.07740e+00
  5732.000  1.07660e+00
  5733.000  1.07730e+00
  5734.000  1.07910e+00
  5735.000  1.08180e+00
  5736.000  1.08450e+00
  5737.000  1.08550e+00
  5738.000  1.08520e+00
  5739.000  1.08410e+00
  5740.000  1.08200e+00
  5741.000  1.08060e+00
  5742.000  1.07960e+00
  5743.000  1.07970e+00
  5744.000  1.08070e+00
  5745.000  1.08210e+00
  5746.000  1.08220e+00
  5747.000  1.08130e+00
  5748.000  1.07870e+00
  5749.000  1.07590e+00
  5750.000  1.07300e+00
  5751.000  1.07120e+00
  5752.000  1.06920e+00
  5753.000  1.06720e+00
  5754.000  1.06530e+00
  5755.000  1.06530e+00
  5756.000  1.06870e+00
  5757.000  1.07420e+00
  5758.000  1.07880e+00
  5759.000  1.07930e+00
  5760.000  1.07570e+00
  5761.000  1.06890e+00
  5762.000  1.06200e+00
  5763.000  1.05740e+00
  5764.000  1.05850e+00
  5765.000  1.06400e+00
  5766.000  1.07250e+00
  5767.000  1.08090e+00
  5768.000  1.08690e+00
  5769.000  1.09000e+00
  5770.000  1.08980e+00
  5771.000  1.08750e+00
  5772.000  1.08340e+00
  5773.000  1.07930e+00
  5774.000  1.07610e+00
  5775.000  1.07330e+00
  5776.000  1.07150e+00
  5777.000  1.06990e+00
  5778.000  1.06650e+00
  5779.000  1.05950e+00
  5780.000  1.04800e+00
  5781.000  1.03390e+00
  5782.000  1.02090e+00
  5783.000  1.01130e+00
  5784.000  1.00730e+00
  5785.000  1.00870e+00
  5786.000  1.01470e+00
  5787.000  1.02290e+00
  5788.000  1.03260e+00
  5789.000  1.04240e+00
  5790.000  1.05020e+00
  5791.000  1.05560e+00
  5792.000  1.05940e+00
  5793.000  1.06330e+00
  5794.000  1.06710e+00
  5795.000  1.07090e+00
  5796.000  1.07350e+00
  5797.000  1.07420e+00
  5798.000  1.07420e+00
  5799.000  1.07560e+00
  5800.000  1.07970e+00
  5801.000  1.08490e+00
  5802.000  1.08940e+00
  5803.000  1.09150e+00
  5804.000  1.08960e+00
  5805.000  1.08510e+00
  5806.000  1.08060e+00
  5807.000  1.07730e+00
  5808.000  1.07620e+00
  5809.000  1.07710e+00
  5810.000  1.07850e+00
  5811.000  1.08060e+00
  5812.000  1.08180e+00
  5813.000  1.08160e+00
  5814.000  1.07970e+00
  5815.000  1.07710e+00
  5816.000  1.07440e+00
  5817.000  1.07350e+00
  5818.000  1.07520e+00
  5819.000  1.08000e+00
  5820.000  1.08550e+00
  5821.000  1.09040e+00
  5822.000  1.09350e+00
  5823.000  1.09520e+00
  5824.000  1.09490e+00
  5825.000  1.09460e+00
  5826.000  1.09460e+00
  5827.000  1.09560e+00
  5828.000  1.09590e+00
  5829.000  1.09640e+00
  5830.000  1.09650e+00
  5831.000  1.09640e+00
  5832.000  1.09510e+00
  5833.000  1.09320e+00
  5834.000  1.09070e+00
  5835.000  1.08870e+00
  5836.000  1.08700e+00
  5837.000  1.08600e+00
  5838.000  1.08610e+00
  5839.000  1.08700e+00
  5840.000  1.08880e+00
  5841.000  1.09130e+00
  5842.000  1.09390e+00
  5843.000  1.09510e+00
  5844.000  1.09510e+00
  5845.000  1.09290e+00
  5846.000  1.08880e+00
  5847.000  1.08400e+00
  5848.000  1.07890e+00
  5849.000  1.07470e+00
  5850.000  1.07140e+00
  5851.000  1.06760e+00
  5852.000  1.06320e+00
  5853.000  1.05810e+00
  5854.000  1.05210e+00
  5855.000  1.04630e+00
  5856.000  1.04090e+00
  5857.000  1.03610e+00
  5858.000  1.03210e+00
  5859.000  1.03090e+00
  5860.000  1.03280e+00
  5861.000  1.03720e+00
  5862.000  1.04300e+00
  5863.000  1.04810e+00
  5864.000  1.05170e+00
  5865.000  1.05410e+00
  5866.000  1.05590e+00
  5867.000  1.05720e+00
  5868.000  1.05960e+00
  5869.000  1.06260e+00
  5870.000  1.06660e+00
  5871.000  1.07200e+00
  5872.000  1.07760e+00
  5873.000  1.08620e+00
  5874.000  1.09760e+00
  5875.000  1.11160e+00
  5876.000  1.12300e+00
  5877.000  1.12650e+00
  5878.000  1.11840e+00
  5879.000  1.10120e+00
  5880.000  1.08090e+00
  5881.000  1.06320e+00
  5882.000  1.05110e+00
  5883.000  1.04250e+00
  5884.000  1.03450e+00
  5885.000  1.02430e+00
  5886.000  1.00900e+00
  5887.000  9.86820e-01
  5888.000  9.57300e-01
  5889.000  9.23910e-01
  5890.000  8.94560e-01
  5891.000  8.75870e-01
  5892.000  8.70110e-01
  5893.000  8.74660e-01
  5894.000  8.82240e-01
  5895.000  8.88310e-01
  5896.000  8.93100e-01
  5897.000  9.02110e-01
  5898.000  9.18390e-01
  5899.000  9.41350e-01
  5900.000  9.68160e-01
  5901.000  9.92980e-01
  5902.000  1.01300e+00
  5903.000  1.02710e+00
  5904.000  1.03610e+00
  5905.000  1.04120e+00
  5906.000  1.04420e+00
  5907.000  1.04630e+00
  5908.000  1.04830e+00
  5909.000  1.05080e+00
  5910.000  1.05320e+00
  5911.000  1.05430e+00
  5912.000  1.05320e+00
  5913.000  1.04990e+00
  5914.000  1.04520e+00
  5915.000  1.04050e+00
  5916.000  1.03730e+00
  5917.000  1.03710e+00
  5918.000  1.04020e+00
  5919.000  1.04520e+00
  5920.000  1.05010e+00
  5921.000  1.05400e+00
  5922.000  1.05660e+00
  5923.000  1.05790e+00
  5924.000  1.05840e+00
  5925.000  1.05870e+00
  5926.000  1.05870e+00
  5927.000  1.05750e+00
  5928.000  1.05530e+00
  5929.000  1.05200e+00
  5930.000  1.04900e+00
  5931.000  1.04700e+00
  5932.000  1.04670e+00
  5933.000  1.04750e+00
  5934.000  1.04910e+00
  5935.000  1.05040e+00
  5936.000  1.05180e+00
  5937.000  1.05360e+00
  5938.000  1.05580e+00
  5939.000  1.05790e+00
  5940.000  1.05930e+00
  5941.000  1.05890e+00
  5942.000  1.05810e+00
  5943.000  1.05780e+00
  5944.000  1.05870e+00
  5945.000  1.06020e+00
  5946.000  1.06160e+00
  5947.000  1.06140e+00
  5948.000  1.05930e+00
  5949.000  1.05590e+00
  5950.000  1.05220e+00
  5951.000  1.04900e+00
  5952.000  1.04680e+00
  5953.000  1.04540e+00
  5954.000  1.04420e+00
  5955.000  1.04380e+00
  5956.000  1.04380e+00
  5957.000  1.04490e+00
  5958.000  1.04610e+00
  5959.000  1.04810e+00
  5960.000  1.05130e+00
  5961.000  1.05540e+00
  5962.000  1.05910e+00
  5963.000  1.06190e+00
  5964.000  1.06360e+00
  5965.000  1.06390e+00
  5966.000  1.06340e+00
  5967.000  1.06380e+00
  5968.000  1.06540e+00
  5969.000  1.06760e+00
  5970.000  1.06990e+00
  5971.000  1.07210e+00
  5972.000  1.07330e+00
  5973.000  1.07260e+00
  5974.000  1.06940e+00
  5975.000  1.06460e+00
  5976.000  1.05900e+00
  5977.000  1.05340e+00
  5978.000  1.04940e+00
  5979.000  1.04770e+00
  5980.000  1.04770e+00
  5981.000  1.04830e+00
  5982.000  1.04770e+00
  5983.000  1.04490e+00
  5984.000  1.04060e+00
  5985.000  1.03690e+00
  5986.000  1.03560e+00
  5987.000  1.03700e+00
  5988.000  1.04070e+00
  5989.000  1.04550e+00
  5990.000  1.04990e+00
  5991.000  1.05340e+00
  5992.000  1.05650e+00
  5993.000  1.05900e+00
  5994.000  1.06090e+00
  5995.000  1.06180e+00
  5996.000  1.06100e+00
  5997.000  1.05800e+00
  5998.000  1.05420e+00
  5999.000  1.05110e+00
  6000.000  1.04900e+00
  6001.000  1.04780e+00
  6002.000  1.04730e+00
  6003.000  1.04690e+00
  6004.000  1.04570e+00
  6005.000  1.04360e+00
  6006.000  1.04060e+00
  6007.000  1.03720e+00
  6008.000  1.03360e+00
  6009.000  1.03130e+00
  6010.000  1.03190e+00
  6011.000  1.03380e+00
  6012.000  1.03590e+00
  6013.000  1.03660e+00
  6014.000  1.03590e+00
  6015.000  1.03470e+00
  6016.000  1.03400e+00
  6017.000  1.03300e+00
  6018.000  1.03230e+00
  6019.000  1.03120e+00
  6020.000  1.03020e+00
  6021.000  1.02960e+00
  6022.000  1.02970e+00
  6023.000  1.03160e+00
  6024.000  1.03470e+00
  6025.000  1.03880e+00
  6026.000  1.04380e+00
  6027.000  1.04820e+00
  6028.000  1.05310e+00
  6029.000  1.05790e+00
  6030.000  1.06210e+00
  6031.000  1.06580e+00
  6032.000  1.06880e+00
  6033.000  1.07180e+00
  6034.000  1.07410e+00
  6035.000  1.07560e+00
  6036.000  1.07650e+00
  6037.000  1.07650e+00
  6038.000  1.07560e+00
  6039.000  1.07400e+00
  6040.000  1.07200e+00
  6041.000  1.07030e+00
  6042.000  1.06970e+00
  6043.000  1.07040e+00
  6044.000  1.07220e+00
  6045.000  1.07440e+00
  6046.000  1.07700e+00
  6047.000  1.07920e+00
  6048.000  1.08090e+00
  6049.000  1.08210e+00
  6050.000  1.08220e+00
  6051.000  1.08110e+00
  6052.000  1.07950e+00
  6053.000  1.07640e+00
  6054.000  1.07270e+00
  6055.000  1.06840e+00
  6056.000  1.06480e+00
  6057.000  1.06260e+00
  6058.000  1.06210e+00
  6059.000  1.06330e+00
  6060.000  1.06500e+00
  6061.000  1.06680e+00
  6062.000  1.06670e+00
  6063.000  1.06430e+00
  6064.000  1.06020e+00
  6065.000  1.05660e+00
  6066.000  1.05540e+00
  6067.000  1.05720e+00
  6068.000  1.06260e+00
  6069.000  1.07020e+00
  6070.000  1.07780e+00
  6071.000  1.08360e+00
  6072.000  1.08750e+00
  6073.000  1.08960e+00
  6074.000  1.08940e+00
  6075.000  1.08760e+00
  6076.000  1.08420e+00
  6077.000  1.07920e+00
  6078.000  1.07280e+00
  6079.000  1.06620e+00
  6080.000  1.06020e+00
  6081.000  1.05570e+00
  6082.000  1.05240e+00
  6083.000  1.05070e+00
  6084.000  1.05000e+00
  6085.000  1.05010e+00
  6086.000  1.05070e+00
  6087.000  1.05160e+00
  6088.000  1.05220e+00
  6089.000  1.05150e+00
  6090.000  1.05000e+00
  6091.000  1.04840e+00
  6092.000  1.04730e+00
  6093.000  1.04770e+00
  6094.000  1.04970e+00
  6095.000  1.05290e+00
  6096.000  1.05690e+00
  6097.000  1.05970e+00
  6098.000  1.06100e+00
  6099.000  1.06010e+00
  6100.000  1.05680e+00
  6101.000  1.05070e+00
  6102.000  1.04290e+00
  6103.000  1.03460e+00
  6104.000  1.02960e+00
  6105.000  1.02970e+00
  6106.000  1.03420e+00
  6107.000  1.04070e+00
  6108.000  1.04720e+00
  6109.000  1.05260e+00
  6110.000  1.05690e+00
  6111.000  1.05960e+00
  6112.000  1.06130e+00
  6113.000  1.06260e+00
  6114.000  1.06380e+00
  6115.000  1.06420e+00
  6116.000  1.06370e+00
  6117.000  1.06150e+00
  6118.000  1.05800e+00
  6119.000  1.05240e+00
  6120.000  1.04530e+00
  6121.000  1.03770e+00
  6122.000  1.03110e+00
  6123.000  1.02690e+00
  6124.000  1.02670e+00
  6125.000  1.03030e+00
  6126.000  1.03530e+00
  6127.000  1.03990e+00
  6128.000  1.04370e+00
  6129.000  1.04650e+00
  6130.000  1.04880e+00
  6131.000  1.05120e+00
  6132.000  1.05300e+00
  6133.000  1.05180e+00
  6134.000  1.04630e+00
  6135.000  1.03650e+00
  6136.000  1.02360e+00
  6137.000  1.01100e+00
  6138.000  1.00260e+00
  6139.000  1.00120e+00
  6140.000  1.00670e+00
  6141.000  1.01600e+00
  6142.000  1.02590e+00
  6143.000  1.03490e+00
  6144.000  1.04270e+00
  6145.000  1.04870e+00
  6146.000  1.05230e+00
  6147.000  1.05300e+00
  6148.000  1.05070e+00
  6149.000  1.04660e+00
  6150.000  1.04250e+00
  6151.000  1.03880e+00
  6152.000  1.03690e+00
  6153.000  1.03610e+00
  6154.000  1.03520e+00
  6155.000  1.03230e+00
  6156.000  1.02790e+00
  6157.000  1.02200e+00
  6158.000  1.01470e+00
  6159.000  1.00560e+00
  6160.000  9.94370e-01
  6161.000  9.81230e-01
  6162.000  9.67820e-01
  6163.000  9.58090e-01
  6164.000  9.54330e-01
  6165.000  9.56810e-01
  6166.000  9.63760e-01
  6167.000  9.71420e-01
  6168.000  9.77540e-01
  6169.000  9.80440e-01
  6170.000  9.81020e-01
  6171.000  9.81540e-01
  6172.000  9.84720e-01
  6173.000  9.89860e-01
  6174.000  9.95950e-01
  6175.000  1.00170e+00
  6176.000  1.00620e+00
  6177.000  1.00940e+00
  6178.000  1.01230e+00
  6179.000  1.01570e+00
  6180.000  1.01930e+00
  6181.000  1.02280e+00
  6182.000  1.02550e+00
  6183.000  1.02750e+00
  6184.000  1.02810e+00
  6185.000  1.02640e+00
  6186.000  1.02230e+00
  6187.000  1.01630e+00
  6188.000  1.00920e+00
  6189.000  1.00190e+00
  6190.000  9.94560e-01
  6191.000  9.88870e-01
  6192.000  9.85920e-01
  6193.000  9.86730e-01
  6194.000  9.91380e-01
  6195.000  9.98700e-01
  6196.000  1.00640e+00
  6197.000  1.01290e+00
  6198.000  1.01660e+00
  6199.000  1.01740e+00
  6200.000  1.01630e+00
  6201.000  1.01530e+00
  6202.000  1.01610e+00
  6203.000  1.01840e+00
  6204.000  1.02190e+00
  6205.000  1.02570e+00
  6206.000  1.02870e+00
  6207.000  1.03080e+00
  6208.000  1.03170e+00
  6209.000  1.03080e+00
  6210.000  1.02810e+00
  6211.000  1.02320e+00
  6212.000  1.01590e+00
  6213.000  1.00640e+00
  6214.000  9.96720e-01
  6215.000  9.87850e-01
  6216.000  9.81850e-01
  6217.000  9.79420e-01
  6218.000  9.79570e-01
  6219.000  9.81100e-01
  6220.000  9.82490e-01
  6221.000  9.84400e-01
  6222.000  9.86460e-01
  6223.000  9.89290e-01
  6224.000  9.92290e-01
  6225.000  9.95120e-01
  6226.000  9.96470e-01
  6227.000  9.96080e-01
  6228.000  9.93620e-01
  6229.000  9.88570e-01
  6230.000  9.81610e-01
  6231.000  9.75230e-01
  6232.000  9.71660e-01
  6233.000  9.72470e-01
  6234.000  9.77430e-01
  6235.000  9.85040e-01
  6236.000  9.91970e-01
  6237.000  9.95840e-01
  6238.000  9.94980e-01
  6239.000  9.90680e-01
  6240.000  9.84790e-01
  6241.000  9.78570e-01
  6242.000  9.73180e-01
  6243.000  9.68960e-01
  6244.000  9.66030e-01
  6245.000  9.64600e-01
  6246.000  9.65120e-01
  6247.000  9.68330e-01
  6248.000  9.73250e-01
  6249.000  9.78640e-01
  6250.000  9.82720e-01
  6251.000  9.83920e-01
  6252.000  9.81080e-01
  6253.000  9.75760e-01
  6254.000  9.69100e-01
  6255.000  9.62280e-01
  6256.000  9.57470e-01
  6257.000  9.53650e-01
  6258.000  9.52190e-01
  6259.000  9.53490e-01
  6260.000  9.57990e-01
  6261.000  9.65930e-01
  6262.000  9.75740e-01
  6263.000  9.85220e-01
  6264.000  9.93010e-01
  6265.000  9.97870e-01
  6266.000  1.00020e+00
  6267.000  1.00040e+00
  6268.000  1.00000e+00
  6269.000  1.00010e+00
  6270.000  1.00050e+00
  6271.000  1.00110e+00
  6272.000  1.00280e+00
  6273.000  1.00510e+00
  6274.000  1.00770e+00
  6275.000  1.00970e+00
  6276.000  1.01100e+00
  6277.000  1.01070e+00
  6278.000  1.00870e+00
  6279.000  1.00490e+00
  6280.000  9.99860e-01
  6281.000  9.94730e-01
  6282.000  9.89980e-01
  6283.000  9.87350e-01
  6284.000  9.87250e-01
  6285.000  9.89290e-01
  6286.000  9.93610e-01
  6287.000  1.00010e+00
  6288.000  1.00730e+00
  6289.000  1.01360e+00
  6290.000  1.01860e+00
  6291.000  1.02080e+00
  6292.000  1.02110e+00
  6293.000  1.02000e+00
  6294.000  1.01840e+00
  6295.000  1.01750e+00
  6296.000  1.01830e+00
  6297.000  1.02270e+00
  6298.000  1.03160e+00
  6299.000  1.04610e+00
  6300.000  1.06250e+00
  6301.000  1.07530e+00
  6302.000  1.07880e+00
  6303.000  1.07030e+00
  6304.000  1.05480e+00
  6305.000  1.03860e+00
  6306.000  1.02700e+00
  6307.000  1.02170e+00
  6308.000  1.02000e+00
  6309.000  1.02020e+00
  6310.000  1.02020e+00
  6311.000  1.01850e+00
  6312.000  1.01520e+00
  6313.000  1.01040e+00
  6314.000  1.00530e+00
  6315.000  9.99480e-01
  6316.000  9.92950e-01
  6317.000  9.86900e-01
  6318.000  9.82530e-01
  6319.000  9.80260e-01
  6320.000  9.80990e-01
  6321.000  9.85430e-01
  6322.000  9.92270e-01
  6323.000  9.99820e-01
  6324.000  1.00740e+00
  6325.000  1.01420e+00
  6326.000  1.01990e+00
  6327.000  1.02370e+00
  6328.000  1.02620e+00
  6329.000  1.02790e+00
  6330.000  1.02840e+00
  6331.000  1.02840e+00
  6332.000  1.02750e+00
  6333.000  1.02540e+00
  6334.000  1.02190e+00
  6335.000  1.01630e+00
  6336.000  1.01020e+00
  6337.000  1.00520e+00
  6338.000  1.00240e+00
  6339.000  1.00250e+00
  6340.000  1.00500e+00
  6341.000  1.00780e+00
  6342.000  1.00970e+00
  6343.000  1.00940e+00
  6344.000  1.00770e+00
  6345.000  1.00580e+00
  6346.000  1.00560e+00
  6347.000  1.00750e+00
  6348.000  1.01110e+00
  6349.000  1.01620e+00
  6350.000  1.02080e+00
  6351.000  1.02420e+00
  6352.000  1.02600e+00
  6353.000  1.02540e+00
  6354.000  1.02200e+00
  6355.000  1.01780e+00
  6356.000  1.01210e+00
  6357.000  1.00560e+00
  6358.000  9.99260e-01
  6359.000  9.93410e-01
  6360.000  9.88850e-01
  6361.000  9.86170e-01
  6362.000  9.87570e-01
  6363.000  9.92410e-01
  6364.000  1.00030e+00
  6365.000  1.00900e+00
  6366.000  1.01590e+00
  6367.000  1.02060e+00
  6368.000  1.02310e+00
  6369.000  1.02470e+00
  6370.000  1.02630e+00
  6371.000  1.02840e+00
  6372.000  1.03060e+00
  6373.000  1.03370e+00
  6374.000  1.03650e+00
  6375.000  1.03860e+00
  6376.000  1.03930e+00
  6377.000  1.03830e+00
  6378.000  1.03620e+00
  6379.000  1.03330e+00
  6380.000  1.03060e+00
  6381.000  1.02860e+00
  6382.000  1.02800e+00
  6383.000  1.02820e+00
  6384.000  1.02940e+00
  6385.000  1.03100e+00
  6386.000  1.03270e+00
  6387.000  1.03440e+00
  6388.000  1.03590e+00
  6389.000  1.03660e+00
  6390.000  1.03570e+00
  6391.000  1.03320e+00
  6392.000  1.02860e+00
  6393.000  1.02280e+00
  6394.000  1.01760e+00
  6395.000  1.01460e+00
  6396.000  1.01420e+00
  6397.000  1.01550e+00
  6398.000  1.01690e+00
  6399.000  1.01660e+00
  6400.000  1.01480e+00
  6401.000  1.01310e+00
  6402.000  1.01410e+00
  6403.000  1.01800e+00
  6404.000  1.02280e+00
  6405.000  1.02700e+00
  6406.000  1.02900e+00
  6407.000  1.02790e+00
  6408.000  1.02480e+00
  6409.000  1.02090e+00
  6410.000  1.01780e+00
  6411.000  1.01530e+00
  6412.000  1.01350e+00
  6413.000  1.01290e+00
  6414.000  1.01310e+00
  6415.000  1.01380e+00
  6416.000  1.01440e+00
  6417.000  1.01480e+00
  6418.000  1.01430e+00
  6419.000  1.01290e+00
  6420.000  1.01040e+00
  6421.000  1.00840e+00
  6422.000  1.00910e+00
  6423.000  1.01240e+00
  6424.000  1.01810e+00
  6425.000  1.02460e+00
  6426.000  1.03030e+00
  6427.000  1.03370e+00
  6428.000  1.03410e+00
  6429.000  1.03140e+00
  6430.000  1.02650e+00
  6431.000  1.02100e+00
  6432.000  1.01680e+00
  6433.000  1.01490e+00
  6434.000  1.01550e+00
  6435.000  1.01860e+00
  6436.000  1.02090e+00
  6437.000  1.02290e+00
  6438.000  1.02230e+00
  6439.000  1.02060e+00
  6440.000  1.01990e+00
  6441.000  1.02220e+00
  6442.000  1.02710e+00
  6443.000  1.03310e+00
  6444.000  1.03910e+00
  6445.000  1.04250e+00
  6446.000  1.04260e+00
  6447.000  1.03880e+00
  6448.000  1.03100e+00
  6449.000  1.02070e+00
  6450.000  1.00970e+00
  6451.000  1.00100e+00
  6452.000  9.97450e-01
  6453.000  9.98750e-01
  6454.000  1.00260e+00
  6455.000  1.00760e+00
  6456.000  1.01220e+00
  6457.000  1.01610e+00
  6458.000  1.01970e+00
  6459.000  1.02390e+00
  6460.000  1.02640e+00
  6461.000  1.02710e+00
  6462.000  1.02490e+00
  6463.000  1.02130e+00
  6464.000  1.01870e+00
  6465.000  1.01890e+00
  6466.000  1.02220e+00
  6467.000  1.02740e+00
  6468.000  1.03270e+00
  6469.000  1.03620e+00
  6470.000  1.03750e+00
  6471.000  1.03700e+00
  6472.000  1.03600e+00
  6473.000  1.03630e+00
  6474.000  1.03710e+00
  6475.000  1.03790e+00
  6476.000  1.03980e+00
  6477.000  1.04080e+00
  6478.000  1.04110e+00
  6479.000  1.04020e+00
  6480.000  1.03770e+00
  6481.000  1.03360e+00
  6482.000  1.02920e+00
  6483.000  1.02500e+00
  6484.000  1.02210e+00
  6485.000  1.02190e+00
  6486.000  1.02380e+00
  6487.000  1.02670e+00
  6488.000  1.02860e+00
  6489.000  1.02800e+00
  6490.000  1.02420e+00
  6491.000  1.01660e+00
  6492.000  1.00590e+00
  6493.000  9.91510e-01
  6494.000  9.75800e-01
  6495.000  9.61120e-01
  6496.000  9.49390e-01
  6497.000  9.44010e-01
  6498.000  9.44460e-01
  6499.000  9.51670e-01
  6500.000  9.62850e-01
  6501.000  9.75340e-01
  6502.000  9.88740e-01
  6503.000  1.00090e+00
  6504.000  1.01110e+00
  6505.000  1.01910e+00
  6506.000  1.02500e+00
  6507.000  1.02940e+00
  6508.000  1.03110e+00
  6509.000  1.03200e+00
  6510.000  1.03280e+00
  6511.000  1.03330e+00
  6512.000  1.03390e+00
  6513.000  1.03460e+00
  6514.000  1.03480e+00
  6515.000  1.03330e+00
  6516.000  1.03060e+00
  6517.000  1.02780e+00
  6518.000  1.02480e+00
  6519.000  1.02350e+00
  6520.000  1.02370e+00
  6521.000  1.02610e+00
  6522.000  1.02900e+00
  6523.000  1.03220e+00
  6524.000  1.03430e+00
  6525.000  1.03510e+00
  6526.000  1.03460e+00
  6527.000  1.03330e+00
  6528.000  1.03170e+00
  6529.000  1.03020e+00
  6530.000  1.02950e+00
  6531.000  1.02890e+00
  6532.000  1.02830e+00
  6533.000  1.02850e+00
  6534.000  1.02970e+00
  6535.000  1.03150e+00
  6536.000  1.03390e+00
  6537.000  1.03670e+00
  6538.000  1.04000e+00
  6539.000  1.04320e+00
  6540.000  1.04610e+00
  6541.000  1.04910e+00
  6542.000  1.05270e+00
  6543.000  1.06030e+00
  6544.000  1.07690e+00
  6545.000  1.11020e+00
  6546.000  1.16440e+00
  6547.000  1.23840e+00
  6548.000  1.31410e+00
  6549.000  1.36740e+00
  6550.000  1.37460e+00
  6551.000  1.33260e+00
  6552.000  1.25700e+00
  6553.000  1.17170e+00
  6554.000  1.10100e+00
  6555.000  1.05410e+00
  6556.000  1.03370e+00
  6557.000  1.04560e+00
  6558.000  1.10950e+00
  6559.000  1.26750e+00
  6560.000  1.56370e+00
  6561.000  2.01920e+00
  6562.000  2.58860e+00
  6563.000  3.11440e+00
  6564.000  3.42760e+00
  6565.000  3.38710e+00
  6566.000  3.01580e+00
  6567.000  2.45560e+00
  6568.000  1.89630e+00
  6569.000  1.47210e+00
  6570.000  1.20940e+00
  6571.000  1.08010e+00
  6572.000  1.02680e+00
  6573.000  1.00860e+00
  6574.000  1.00500e+00
  6575.000  1.00820e+00
  6576.000  1.01740e+00
  6577.000  1.03490e+00
  6578.000  1.06610e+00
  6579.000  1.12320e+00
  6580.000  1.22470e+00
  6581.000  1.38670e+00
  6582.000  1.61060e+00
  6583.000  1.85710e+00
  6584.000  2.05910e+00
  6585.000  2.14320e+00
  6586.000  2.07070e+00
  6587.000  1.87470e+00
  6588.000  1.62150e+00
  6589.000  1.39470e+00
  6590.000  1.22660e+00
  6591.000  1.12270e+00
  6592.000  1.06560e+00
  6593.000  1.03450e+00
  6594.000  1.01690e+00
  6595.000  1.00820e+00
  6596.000  1.00510e+00
  6597.000  1.00600e+00
  6598.000  1.00940e+00
  6599.000  1.01390e+00
  6600.000  1.01870e+00
  6601.000  1.02270e+00
  6602.000  1.02560e+00
  6603.000  1.02740e+00
  6604.000  1.02700e+00
  6605.000  1.02450e+00
  6606.000  1.02040e+00
  6607.000  1.01570e+00
  6608.000  1.01180e+00
  6609.000  1.00920e+00
  6610.000  1.00890e+00
  6611.000  1.01080e+00
  6612.000  1.01440e+00
  6613.000  1.01940e+00
  6614.000  1.02410e+00
  6615.000  1.02790e+00
  6616.000  1.03090e+00
  6617.000  1.03350e+00
  6618.000  1.03550e+00
  6619.000  1.03670e+00
  6620.000  1.03640e+00
  6621.000  1.03550e+00
  6622.000  1.03430e+00
  6623.000  1.03180e+00
  6624.000  1.02790e+00
  6625.000  1.02380e+00
  6626.000  1.02070e+00
  6627.000  1.01870e+00
  6628.000  1.01760e+00
  6629.000  1.01690e+00
  6630.000  1.01550e+00
  6631.000  1.01290e+00
  6632.000  1.00970e+00
  6633.000  1.00560e+00
  6634.000  1.00240e+00
  6635.000  1.00070e+00
  6636.000  1.00130e+00
  6637.000  1.00430e+00
  6638.000  1.00870e+00
  6639.000  1.01210e+00
  6640.000  1.01420e+00
  6641.000  1.01480e+00
  6642.000  1.01440e+00
  6643.000  1.01330e+00
  6644.000  1.01220e+00
  6645.000  1.01140e+00
  6646.000  1.01140e+00
  6647.000  1.01250e+00
  6648.000  1.01390e+00
  6649.000  1.01520e+00
  6650.000  1.01640e+00
  6651.000  1.01670e+00
  6652.000  1.01640e+00
  6653.000  1.01600e+00
  6654.000  1.01520e+00
  6655.000  1.01450e+00
  6656.000  1.01390e+00
  6657.000  1.01370e+00
  6658.000  1.01300e+00
  6659.000  1.01210e+00
  6660.000  1.01020e+00
  6661.000  1.00700e+00
  6662.000  1.00300e+00
  6663.000  9.99160e-01
  6664.000  9.95790e-01
  6665.000  9.94090e-01
  6666.000  9.93480e-01
  6667.000  9.95120e-01
  6668.000  9.98530e-01
  6669.000  1.00240e+00
  6670.000  1.00640e+00
  6671.000  1.01070e+00
  6672.000  1.01420e+00
  6673.000  1.01680e+00
  6674.000  1.01810e+00
  6675.000  1.01800e+00
  6676.000  1.01690e+00
  6677.000  1.01550e+00
  6678.000  1.01340e+00
  6679.000  1.01130e+00
  6680.000  1.00910e+00
  6681.000  1.00800e+00
  6682.000  1.00740e+00
  6683.000  1.00800e+00
  6684.000  1.00920e+00
  6685.000  1.01030e+00
  6686.000  1.01220e+00
  6687.000  1.01340e+00
  6688.000  1.01410e+00
  6689.000  1.01430e+00
  6690.000  1.01440e+00
  6691.000  1.01470e+00
  6692.000  1.01460e+00
  6693.000  1.01360e+00
  6694.000  1.01110e+00
  6695.000  1.00800e+00
  6696.000  1.00420e+00
  6697.000  1.00100e+00
  6698.000  9.98130e-01
  6699.000  9.97360e-01
  6700.000  9.98740e-01
  6701.000  1.00080e+00
  6702.000  1.00310e+00
  6703.000  1.00520e+00
  6704.000  1.00530e+00
  6705.000  1.00530e+00
  6706.000  1.00550e+00
  6707.000  1.00610e+00
  6708.000  1.00690e+00
  6709.000  1.00900e+00
  6710.000  1.01260e+00
  6711.000  1.02060e+00
  6712.000  1.03710e+00
  6713.000  1.06940e+00
  6714.000  1.12410e+00
  6715.000  1.20240e+00
  6716.000  1.28920e+00
  6717.000  1.36220e+00
  6718.000  1.39360e+00
  6719.000  1.36960e+00
  6720.000  1.30060e+00
  6721.000  1.21090e+00
  6722.000  1.12970e+00
  6723.000  1.07070e+00
  6724.000  1.03770e+00
  6725.000  1.02430e+00
  6726.000  1.02700e+00
  6727.000  1.04510e+00
  6728.000  1.08040e+00
  6729.000  1.13580e+00
  6730.000  1.20350e+00
  6731.000  1.26780e+00
  6732.000  1.30820e+00
  6733.000  1.30650e+00
  6734.000  1.26580e+00
  6735.000  1.19860e+00
  6736.000  1.13020e+00
  6737.000  1.07370e+00
  6738.000  1.03600e+00
  6739.000  1.01340e+00
  6740.000  1.00100e+00
  6741.000  9.94780e-01
  6742.000  9.91330e-01
  6743.000  9.88840e-01
  6744.000  9.87970e-01
  6745.000  9.87100e-01
  6746.000  9.85970e-01
  6747.000  9.84710e-01
  6748.000  9.83420e-01
  6749.000  9.81810e-01
  6750.000  9.80480e-01
  6751.000  9.79880e-01
  6752.000  9.79830e-01
  6753.000  9.80620e-01
  6754.000  9.82390e-01
  6755.000  9.84950e-01
  6756.000  9.88000e-01
  6757.000  9.91700e-01
  6758.000  9.95620e-01
  6759.000  9.99500e-01
  6760.000  1.00270e+00
  6761.000  1.00490e+00
  6762.000  1.00580e+00
  6763.000  1.00520e+00
  6764.000  1.00390e+00
  6765.000  1.00200e+00
  6766.000  9.98730e-01
  6767.000  9.95390e-01
  6768.000  9.91820e-01
  6769.000  9.89480e-01
  6770.000  9.88610e-01
  6771.000  9.88560e-01
  6772.000  9.89900e-01
  6773.000  9.93200e-01
  6774.000  9.97330e-01
  6775.000  1.00150e+00
  6776.000  1.00510e+00
  6777.000  1.00840e+00
  6778.000  1.01060e+00
  6779.000  1.01140e+00
  6780.000  1.01060e+00
  6781.000  1.00760e+00
  6782.000  1.00280e+00
  6783.000  9.97250e-01
  6784.000  9.91100e-01
  6785.000  9.85640e-01
  6786.000  9.83050e-01
  6787.000  9.82670e-01
  6788.000  9.84480e-01
  6789.000  9.87440e-01
  6790.000  9.90250e-01
  6791.000  9.92150e-01
  6792.000  9.92960e-01
  6793.000  9.93160e-01
  6794.000  9.92450e-01
  6795.000  9.91170e-01
  6796.000  9.90370e-01
  6797.000  9.90390e-01
  6798.000  9.90760e-01
  6799.000  9.92610e-01
  6800.000  9.93920e-01
  6801.000  9.95410e-01
  6802.000  9.96900e-01
  6803.000  9.98180e-01
  6804.000  9.99480e-01
  6805.000  9.99720e-01
  6806.000  9.99170e-01
  6807.000  9.99160e-01
  6808.000  9.98890e-01
  6809.000  9.98370e-01
  6810.000  9.97440e-01
  6811.000  9.97250e-01
  6812.000  9.97150e-01
  6813.000  9.97010e-01
  6814.000  9.96500e-01
  6815.000  9.96150e-01
  6816.000  9.96900e-01
  6817.000  9.97570e-01
  6818.000  9.98420e-01
  6819.000  9.99430e-01
  6820.000  1.00010e+00
  6821.000  1.00130e+00
  6822.000  1.00280e+00
  6823.000  1.00390e+00
  6824.000  1.00510e+00
  6825.000  1.00580e+00
  6826.000  1.00570e+00
  6827.000  1.00400e+00
  6828.000  1.00220e+00
  6829.000  9.99750e-01
  6830.000  9.98270e-01
  6831.000  9.97960e-01
  6832.000  9.98870e-01
  6833.000  1.00060e+00
  6834.000  1.00130e+00
  6835.000  1.00170e+00
  6836.000  1.00090e+00
  6837.000  9.98550e-01
  6838.000  9.95220e-01
  6839.000  9.90360e-01
  6840.000  9.85160e-01
  6841.000  9.80170e-01
  6842.000  9.76200e-01
  6843.000  9.74330e-01
  6844.000  9.75880e-01
  6845.000  9.79870e-01
  6846.000  9.84730e-01
  6847.000  9.89870e-01
  6848.000  9.94070e-01
  6849.000  9.96880e-01
  6850.000  9.97880e-01
  6851.000  9.97700e-01
  6852.000  9.96380e-01
  6853.000  9.94050e-01
  6854.000  9.90530e-01
  6855.000  9.86740e-01
  6856.000  9.83050e-01
  6857.000  9.79800e-01
  6858.000  9.77530e-01
  6859.000  9.76820e-01
  6860.000  9.76630e-01
  6861.000  9.77750e-01
  6862.000  9.79290e-01
  6863.000  9.82200e-01
  6864.000  9.85970e-01
  6865.000  9.90470e-01
  6866.000  9.95750e-01
  6867.000  9.99860e-01
  6868.000  1.00290e+00
  6869.000  1.00470e+00
  6870.000  1.00590e+00
  6871.000  1.00550e+00
  6872.000  1.00460e+00
  6873.000  1.00310e+00
  6874.000  1.00190e+00
  6875.000  1.00120e+00
  6876.000  1.00060e+00
  6877.000  1.00030e+00
  6878.000  1.00000e+00
  6879.000  9.99550e-01
  6880.000  9.98300e-01
  6881.000  9.96710e-01
  6882.000  9.94680e-01
  6883.000  9.93130e-01
  6884.000  9.93200e-01
  6885.000  9.94600e-01
  6886.000  9.97200e-01
  6887.000  1.00050e+00
  6888.000  1.00460e+00
  6889.000  1.00850e+00
  6890.000  1.01140e+00
  6891.000  1.01410e+00
  6892.000  1.01570e+00
  6893.000  1.01620e+00
  6894.000  1.01620e+00
  6895.000  1.01510e+00
  6896.000  1.01390e+00
  6897.000  1.01320e+00
  6898.000  1.01280e+00
  6899.000  1.01260e+00
  6900.000  1.01250e+00
  6901.000  1.01280e+00
  6902.000  1.01320e+00
  6903.000  1.01360e+00
  6904.000  1.01410e+00
  6905.000  1.01470e+00
  6906.000  1.01460e+00
  6907.000  1.01450e+00
  6908.000  1.01480e+00
  6909.000  1.01520e+00
  6910.000  1.01510e+00
  6911.000  1.01350e+00
  6912.000  1.01180e+00
  6913.000  1.00940e+00
  6914.000  1.00550e+00
  6915.000  1.00270e+00
  6916.000  1.00050e+00
  6917.000  9.99630e-01
  6918.000  1.00030e+00
  6919.000  1.00170e+00
  6920.000  1.00320e+00
  6921.000  1.00490e+00
  6922.000  1.00560e+00
  6923.000  1.00500e+00
  6924.000  1.00300e+00
  6925.000  9.99960e-01
  6926.000  9.96800e-01
  6927.000  9.94720e-01
  6928.000  9.93860e-01
  6929.000  9.94820e-01
  6930.000  9.96630e-01
  6931.000  9.98370e-01
  6932.000  9.99830e-01
  6933.000  1.00010e+00
  6934.000  9.99890e-01
  6935.000  1.00080e+00
  6936.000  1.00200e+00
  6937.000  1.00310e+00
  6938.000  1.00450e+00
  6939.000  1.00640e+00
  6940.000  1.00730e+00
  6941.000  1.00750e+00
  6942.000  1.00720e+00
  6943.000  1.00550e+00
  6944.000  1.00220e+00
  6945.000  9.98980e-01
  6946.000  9.96150e-01
  6947.000  9.94770e-01
  6948.000  9.95510e-01
  6949.000  9.96620e-01
  6950.000  9.98100e-01
  6951.000  9.98430e-01
  6952.000  9.97240e-01
  6953.000  9.95990e-01
  6954.000  9.94730e-01
  6955.000  9.95170e-01
  6956.000  9.96520e-01
  6957.000  9.99410e-01
  6958.000  1.00260e+00
  6959.000  1.00540e+00
  6960.000  1.00760e+00
  6961.000  1.00940e+00
  6962.000  1.01020e+00
  6963.000  1.01070e+00
  6964.000  1.01150e+00
  6965.000  1.01160e+00
  6966.000  1.01190e+00
  6967.000  1.01210e+00
  6968.000  1.01240e+00
  6969.000  1.01360e+00
  6970.000  1.01470e+00
  6971.000  1.01440e+00
  6972.000  1.01370e+00
  6973.000  1.01180e+00
  6974.000  1.00890e+00
  6975.000  1.00370e+00
  6976.000  9.97570e-01
  6977.000  9.91130e-01
  6978.000  9.84330e-01
  6979.000  9.79500e-01
  6980.000  9.77420e-01
  6981.000  9.79660e-01
  6982.000  9.84770e-01
  6983.000  9.92280e-01
  6984.000  1.00020e+00
  6985.000  1.00720e+00
  6986.000  1.01270e+00
  6987.000  1.01520e+00
  6988.000  1.01620e+00
  6989.000  1.01570e+00
  6990.000  1.01460e+00
  6991.000  1.01400e+00
  6992.000  1.01360e+00
  6993.000  1.01370e+00
  6994.000  1.01340e+00
  6995.000  1.01290e+00
  6996.000  1.01210e+00
  6997.000  1.01080e+00
  6998.000  1.00860e+00
  6999.000  1.00560e+00
  7000.000  1.00220e+00
  7001.000  9.99380e-01
  7002.000  9.97210e-01
  7003.000  9.95550e-01
  7004.000  9.94000e-01
  7005.000  9.93450e-01
  7006.000  9.93560e-01
  7007.000  9.94500e-01
  7008.000  9.95970e-01
  7009.000  9.97690e-01
  7010.000  9.99540e-01
  7011.000  1.00060e+00
  7012.000  1.00110e+00
  7013.000  1.00020e+00
  7014.000  9.97640e-01
  7015.000  9.94060e-01
  7016.000  9.90120e-01
  7017.000  9.87240e-01
  7018.000  9.86020e-01
  7019.000  9.87560e-01
  7020.000  9.90980e-01
  7021.000  9.94660e-01
  7022.000  9.96860e-01
  7023.000  9.97370e-01
  7024.000  9.96670e-01
  7025.000  9.94980e-01
  7026.000  9.94350e-01
  7027.000  9.94840e-01
  7028.000  9.96500e-01
  7029.000  9.99210e-01
  7030.000  1.00220e+00
  7031.000  1.00450e+00
  7032.000  1.00560e+00
  7033.000  1.00640e+00
  7034.000  1.00690e+00
  7035.000  1.00620e+00
  7036.000  1.00540e+00
  7037.000  1.00520e+00
  7038.000  1.00490e+00
  7039.000  1.00540e+00
  7040.000  1.00760e+00
  7041.000  1.01150e+00
  7042.000  1.01640e+00
  7043.000  1.02150e+00
  7044.000  1.02570e+00
  7045.000  1.02790e+00
  7046.000  1.02940e+00
  7047.000  1.03020e+00
  7048.000  1.03030e+00
  7049.000  1.03000e+00
  7050.000  1.02800e+00
  7051.000  1.02380e+00
  7052.000  1.01710e+00
  7053.000  1.00830e+00
  7054.000  9.98340e-01
  7055.000  9.88960e-01
  7056.000  9.81830e-01
  7057.000  9.76720e-01
  7058.000  9.73030e-01
  7059.000  9.70230e-01
  7060.000  9.67870e-01
  7061.000  9.65910e-01
  7062.000  9.64690e-01
  7063.000  9.64450e-01
  7064.000  9.65240e-01
  7065.000  9.65950e-01
  7066.000  9.66170e-01
  7067.000  9.65170e-01
  7068.000  9.62940e-01
  7069.000  9.61490e-01
  7070.000  9.60870e-01
  7071.000  9.62340e-01
  7072.000  9.66430e-01
  7073.000  9.71280e-01
  7074.000  9.75390e-01
  7075.000  9.78690e-01
  7076.000  9.81410e-01
  7077.000  9.83090e-01
  7078.000  9.84450e-01
  7079.000  9.85300e-01
  7080.000  9.85240e-01
  7081.000  9.84080e-01
  7082.000  9.80990e-01
  7083.000  9.75950e-01
  7084.000  9.68400e-01
  7085.000  9.60160e-01
  7086.000  9.52740e-01
  7087.000  9.46240e-01
  7088.000  9.42220e-01
  7089.000  9.39760e-01
  7090.000  9.37990e-01
  7091.000  9.36590e-01
  7092.000  9.35740e-01
  7093.000  9.36020e-01
  7094.000  9.36710e-01
  7095.000  9.37490e-01
  7096.000  9.38510e-01
  7097.000  9.40060e-01
  7098.000  9.41860e-01
  7099.000  9.43620e-01
  7100.000  9.45460e-01
  7101.000  9.47280e-01
  7102.000  9.48250e-01
  7103.000  9.48540e-01
  7104.000  9.48550e-01
  7105.000  9.48620e-01
  7106.000  9.47980e-01
  7107.000  9.47160e-01
  7108.000  9.45820e-01
  7109.000  9.43900e-01
  7110.000  9.41530e-01
  7111.000  9.39380e-01
  7112.000  9.37410e-01
  7113.000  9.36150e-01
  7114.000  9.35670e-01
  7115.000  9.36040e-01
  7116.000  9.37140e-01
  7117.000  9.38890e-01
  7118.000  9.40270e-01
  7119.000  9.40850e-01
  7120.000  9.40250e-01
  7121.000  9.39760e-01
  7122.000  9.38480e-01
  7123.000  9.37400e-01
  7124.000  9.35690e-01
  7125.000  9.33610e-01
  7126.000  9.30770e-01
  7127.000  9.27460e-01
  7128.000  9.24010e-01
  7129.000  9.19630e-01
  7130.000  9.16970e-01
  7131.000  9.15110e-01
  7132.000  9.15800e-01
  7133.000  9.18460e-01
  7134.000  9.24050e-01
  7135.000  9.31490e-01
  7136.000  9.38820e-01
  7137.000  9.44540e-01
  7138.000  9.46510e-01
  7139.000  9.45340e-01
  7140.000  9.42120e-01
  7141.000  9.37920e-01
  7142.000  9.34360e-01
  7143.000  9.31500e-01
  7144.000  9.29400e-01
  7145.000  9.27010e-01
  7146.000  9.24700e-01
  7147.000  9.22140e-01
  7148.000  9.19330e-01
  7149.000  9.17590e-01
  7150.000  9.17060e-01
  7151.000  9.18450e-01
  7152.000  9.21360e-01
  7153.000  9.25350e-01
  7154.000  9.29430e-01
  7155.000  9.32560e-01
  7156.000  9.34750e-01
  7157.000  9.36260e-01
  7158.000  9.36450e-01
  7159.000  9.35860e-01
  7160.000  9.34830e-01
  7161.000  9.33320e-01
  7162.000  9.30720e-01
  7163.000  9.27240e-01
  7164.000  9.23680e-01
  7165.000  9.21100e-01
  7166.000  9.19740e-01
  7167.000  9.20480e-01
  7168.000  9.24210e-01
  7169.000  9.28870e-01
  7170.000  9.34300e-01
  7171.000  9.39300e-01
  7172.000  9.42980e-01
  7173.000  9.45450e-01
  7174.000  9.46490e-01
  7175.000  9.46370e-01
  7176.000  9.44460e-01
  7177.000  9.42290e-01
  7178.000  9.39810e-01
  7179.000  9.37370e-01
  7180.000  9.34840e-01
  7181.000  9.32220e-01
  7182.000  9.30500e-01
  7183.000  9.29370e-01
  7184.000  9.28350e-01
  7185.000  9.27950e-01
  7186.000  9.26480e-01
  7187.000  9.23890e-01
  7188.000  9.20990e-01
  7189.000  9.17750e-01
  7190.000  9.16200e-01
  7191.000  9.16370e-01
  7192.000  9.17400e-01
  7193.000  9.19270e-01
  7194.000  9.21830e-01
  7195.000  9.23750e-01
  7196.000  9.25370e-01
  7197.000  9.27140e-01
  7198.000  9.28680e-01
  7199.000  9.29870e-01
  7200.000  9.30510e-01
  7201.000  9.30130e-01
  7202.000  9.29220e-01
  7203.000  9.29120e-01
  7204.000  9.28810e-01
  7205.000  9.27820e-01
  7206.000  9.25750e-01
  7207.000  9.23690e-01
  7208.000  9.21350e-01
  7209.000  9.19610e-01
  7210.000  9.20160e-01
  7211.000  9.22810e-01
  7212.000  9.26820e-01
  7213.000  9.30680e-01
  7214.000  9.33090e-01
  7215.000  9.35150e-01
  7216.000  9.36640e-01
  7217.000  9.37690e-01
  7218.000  9.38860e-01
  7219.000  9.39870e-01
  7220.000  9.40660e-01
  7221.000  9.39980e-01
  7222.000  9.38440e-01
  7223.000  9.37400e-01
  7224.000  9.36700e-01
  7225.000  9.37090e-01
  7226.000  9.39110e-01
  7227.000  9.41810e-01
  7228.000  9.45360e-01
  7229.000  9.49010e-01
  7230.000  9.52290e-01
  7231.000  9.55420e-01
  7232.000  9.58560e-01
  7233.000  9.61360e-01
  7234.000  9.62790e-01
  7235.000  9.63360e-01
  7236.000  9.63090e-01
  7237.000  9.62610e-01
  7238.000  9.61530e-01
  7239.000  9.60460e-01
  7240.000  9.59960e-01
  7241.000  9.59370e-01
  7242.000  9.59100e-01
  7243.000  9.59070e-01
  7244.000  9.58020e-01
  7245.000  9.57220e-01
  7246.000  9.57300e-01
  7247.000  9.57950e-01
  7248.000  9.59510e-01
  7249.000  9.60500e-01
  7250.000  9.61480e-01
  7251.000  9.61130e-01
  7252.000  9.59520e-01
  7253.000  9.58660e-01
  7254.000  9.58400e-01
  7255.000  9.58580e-01
  7256.000  9.60200e-01
  7257.000  9.62170e-01
  7258.000  9.63540e-01
  7259.000  9.63950e-01
  7260.000  9.62410e-01
  7261.000  9.59960e-01
  7262.000  9.57720e-01
  7263.000  9.55980e-01
  7264.000  9.55720e-01
  7265.000  9.57650e-01
  7266.000  9.60420e-01
  7267.000  9.63430e-01
  7268.000  9.66170e-01
  7269.000  9.67880e-01
  7270.000  9.68570e-01
  7271.000  9.68390e-01
  7272.000  9.67450e-01
  7273.000  9.66110e-01
  7274.000  9.65530e-01
  7275.000  9.65470e-01
  7276.000  9.65630e-01
  7277.000  9.65530e-01
  7278.000  9.65100e-01
  7279.000  9.63900e-01
  7280.000  9.61580e-01
  7281.000  9.58420e-01
  7282.000  9.54910e-01
  7283.000  9.51620e-01
  7284.000  9.48950e-01
  7285.000  9.47120e-01
  7286.000  9.46730e-01
  7287.000  9.46390e-01
  7288.000  9.46050e-01
  7289.000  9.44990e-01
  7290.000  9.43400e-01
  7291.000  9.41990e-01
  7292.000  9.41380e-01
  7293.000  9.42760e-01
  7294.000  9.45550e-01
  7295.000  9.50720e-01
  7296.000  9.56540e-01
  7297.000  9.62310e-01
  7298.000  9.67350e-01
  7299.000  9.70500e-01
  7300.000  9.72150e-01
  7301.000  9.72090e-01
  7302.000  9.71610e-01
  7303.000  9.71740e-01
  7304.000  9.71650e-01
  7305.000  9.71390e-01
  7306.000  9.70600e-01
  7307.000  9.69410e-01
  7308.000  9.67870e-01
  7309.000  9.66210e-01
  7310.000  9.65520e-01
  7311.000  9.65430e-01
  7312.000  9.66890e-01
  7313.000  9.68390e-01
  7314.000  9.70430e-01
  7315.000  9.73160e-01
  7316.000  9.76050e-01
  7317.000  9.78560e-01
  7318.000  9.80990e-01
  7319.000  9.83380e-01
  7320.000  9.86010e-01
  7321.000  9.87740e-01
  7322.000  9.88170e-01
  7323.000  9.86400e-01
  7324.000  9.82840e-01
  7325.000  9.78970e-01
  7326.000  9.75470e-01
  7327.000  9.73540e-01
  7328.000  9.73830e-01
  7329.000  9.75770e-01
  7330.000  9.79210e-01
  7331.000  9.82100e-01
  7332.000  9.84750e-01
  7333.000  9.85670e-01
  7334.000  9.85970e-01
  7335.000  9.86790e-01
  7336.000  9.87640e-01
  7337.000  9.89030e-01
  7338.000  9.91770e-01
  7339.000  9.93770e-01
  7340.000  9.95350e-01
  7341.000  9.95930e-01
  7342.000  9.95050e-01
  7343.000  9.93110e-01
  7344.000  9.90550e-01
  7345.000  9.87650e-01
  7346.000  9.85090e-01
  7347.000  9.83610e-01
  7348.000  9.83420e-01
  7349.000  9.82870e-01
  7350.000  9.82070e-01
  7351.000  9.80880e-01
  7352.000  9.77810e-01
  7353.000  9.74650e-01
  7354.000  9.70990e-01
  7355.000  9.66940e-01
  7356.000  9.63430e-01
  7357.000  9.61210e-01
  7358.000  9.61010e-01
  7359.000  9.62570e-01
  7360.000  9.65030e-01
  7361.000  9.66810e-01
  7362.000  9.68490e-01
  7363.000  9.69010e-01
  7364.000  9.69720e-01
  7365.000  9.70630e-01
  7366.000  9.72260e-01
  7367.000  9.76040e-01
  7368.000  9.81240e-01
  7369.000  9.86540e-01
  7370.000  9.90780e-01
  7371.000  9.95060e-01
  7372.000  9.97980e-01
  7373.000  1.00020e+00
  7374.000  1.00190e+00
  7375.000  1.00330e+00
  7376.000  1.00480e+00
  7377.000  1.00660e+00
  7378.000  1.00860e+00
  7379.000  1.01040e+00
  7380.000  1.01030e+00
  7381.000  1.00940e+00
  7382.000  1.00640e+00
  7383.000  1.00110e+00
  7384.000  9.94660e-01
  7385.000  9.87740e-01
  7386.000  9.80720e-01
  7387.000  9.74740e-01
  7388.000  9.69840e-01
  7389.000  9.67300e-01
  7390.000  9.66600e-01
  7391.000  9.68560e-01
  7392.000  9.71220e-01
  7393.000  9.75610e-01
  7394.000  9.79980e-01
  7395.000  9.84550e-01
  7396.000  9.88640e-01
  7397.000  9.91000e-01
  7398.000  9.92380e-01
  7399.000  9.92490e-01
  7400.000  9.92070e-01
  7401.000  9.91010e-01
  7402.000  9.90660e-01
  7403.000  9.91620e-01
  7404.000  9.92860e-01
  7405.000  9.94730e-01
  7406.000  9.96070e-01
  7407.000  9.95010e-01
  7408.000  9.92710e-01
  7409.000  9.89880e-01
  7410.000  9.86500e-01
  7411.000  9.83500e-01
  7412.000  9.81370e-01
  7413.000  9.79560e-01
  7414.000  9.76290e-01
  7415.000  9.73860e-01
  7416.000  9.71650e-01
  7417.000  9.69380e-01
  7418.000  9.68430e-01
  7419.000  9.68810e-01
  7420.000  9.69610e-01
  7421.000  9.70270e-01
  7422.000  9.70810e-01
  7423.000  9.72080e-01
  7424.000  9.73890e-01
  7425.000  9.76480e-01
  7426.000  9.80430e-01
  7427.000  9.85990e-01
  7428.000  9.91620e-01
  7429.000  9.95860e-01
  7430.000  9.97220e-01
  7431.000  9.97270e-01
  7432.000  9.96790e-01
  7433.000  9.95420e-01
  7434.000  9.95120e-01
  7435.000  9.95480e-01
  7436.000  9.97220e-01
  7437.000  9.98520e-01
  7438.000  9.98330e-01
  7439.000  9.96890e-01
  7440.000  9.94080e-01
  7441.000  9.91590e-01
  7442.000  9.88690e-01
  7443.000  9.85160e-01
  7444.000  9.83030e-01
  7445.000  9.82470e-01
  7446.000  9.82640e-01
  7447.000  9.82750e-01
  7448.000  9.84680e-01
  7449.000  9.88060e-01
  7450.000  9.91390e-01
  7451.000  9.95590e-01
  7452.000  9.99420e-01
  7453.000  1.00300e+00
  7454.000  1.00510e+00
  7455.000  1.00700e+00
  7456.000  1.00660e+00
  7457.000  1.00490e+00
  7458.000  1.00260e+00
  7459.000  9.98770e-01
  7460.000  9.94790e-01
  7461.000  9.90530e-01
  7462.000  9.87190e-01
  7463.000  9.85160e-01
  7464.000  9.84720e-01
  7465.000  9.87140e-01
  7466.000  9.91490e-01
  7467.000  9.96530e-01
  7468.000  1.00010e+00
  7469.000  1.00290e+00
  7470.000  1.00330e+00
  7471.000  1.00120e+00
  7472.000  9.98370e-01
  7473.000  9.95830e-01
  7474.000  9.93240e-01
  7475.000  9.91620e-01
  7476.000  9.91330e-01
  7477.000  9.91740e-01
  7478.000  9.92660e-01
  7479.000  9.94250e-01
  7480.000  9.95130e-01
  7481.000  9.95110e-01
  7482.000  9.95780e-01
  7483.000  9.95870e-01
  7484.000  9.96240e-01
  7485.000  9.97120e-01
  7486.000  9.98250e-01
  7487.000  9.99340e-01
  7488.000  1.00030e+00
  7489.000  9.99660e-01
  7490.000  9.98040e-01
  7491.000  9.94940e-01
  7492.000  9.90580e-01
  7493.000  9.85200e-01
  7494.000  9.80430e-01
  7495.000  9.77260e-01
  7496.000  9.76340e-01
  7497.000  9.78010e-01
  7498.000  9.82140e-01
  7499.000  9.87110e-01
  7500.000  9.92810e-01
  7501.000  9.97550e-01
  7502.000  1.00170e+00
  7503.000  1.00390e+00
  7504.000  1.00390e+00
  7505.000  1.00310e+00
  7506.000  1.00130e+00
  7507.000  9.99420e-01
  7508.000  9.97400e-01
  7509.000  9.95030e-01
  7510.000  9.93510e-01
  7511.000  9.92320e-01
  7512.000  9.91680e-01
  7513.000  9.92150e-01
  7514.000  9.95100e-01
  7515.000  9.97880e-01
  7516.000  1.00210e+00
  7517.000  1.00600e+00
  7518.000  1.00820e+00
  7519.000  1.01060e+00
  7520.000  1.01100e+00
  7521.000  1.00970e+00
  7522.000  1.00760e+00
  7523.000  1.00470e+00
  7524.000  1.00160e+00
  7525.000  9.99190e-01
  7526.000  9.98350e-01
  7527.000  9.97990e-01
  7528.000  9.98740e-01
  7529.000  1.00000e+00
  7530.000  1.00060e+00
  7531.000  1.00130e+00
  7532.000  1.00260e+00
  7533.000  1.00350e+00
  7534.000  1.00410e+00
  7535.000  1.00630e+00
  7536.000  1.00970e+00
  7537.000  1.01180e+00
  7538.000  1.01290e+00
  7539.000  1.01380e+00
  7540.000  1.01370e+00
  7541.000  1.01310e+00
  7542.000  1.01220e+00
  7543.000  1.01140e+00
  7544.000  1.01100e+00
  7545.000  1.01010e+00
  7546.000  1.00890e+00
  7547.000  1.00800e+00
  7548.000  1.00690e+00
  7549.000  1.00700e+00
  7550.000  1.00770e+00
  7551.000  1.00830e+00
  7552.000  1.00930e+00
  7553.000  1.00860e+00
  7554.000  1.00680e+00
  7555.000  1.00480e+00
  7556.000  1.00390e+00
  7557.000  1.00290e+00
  7558.000  1.00220e+00
  7559.000  1.00210e+00
  7560.000  1.00280e+00
  7561.000  1.00380e+00
  7562.000  1.00400e+00
  7563.000  1.00440e+00
  7564.000  1.00520e+00
  7565.000  1.00580e+00
  7566.000  1.00580e+00
  7567.000  1.00530e+00
  7568.000  1.00410e+00
  7569.000  1.00280e+00
  7570.000  1.00230e+00
  7571.000  1.00200e+00
  7572.000  1.00170e+00
  7573.000  1.00230e+00
  7574.000  1.00370e+00
  7575.000  1.00460e+00
  7576.000  1.00550e+00
  7577.000  1.00660e+00
  7578.000  1.00840e+00
  7579.000  1.00870e+00
  7580.000  1.00760e+00
  7581.000  1.00540e+00
  7582.000  1.00230e+00
  7583.000  9.98070e-01
  7584.000  9.92930e-01
  7585.000  9.87270e-01
  7586.000  9.82110e-01
  7587.000  9.77430e-01
  7588.000  9.73630e-01
  7589.000  9.70580e-01
  7590.000  9.68900e-01
  7591.000  9.67480e-01
  7592.000  9.67090e-01
  7593.000  9.67280e-01
  7594.000  9.68530e-01
  7595.000  9.69010e-01
  7596.000  9.69110e-01
  7597.000  9.69270e-01
  7598.000  9.69440e-01
  7599.000  9.68020e-01
  7600.000  9.65680e-01
  7601.000  9.63730e-01
  7602.000  9.62360e-01
  7603.000  9.61330e-01
  7604.000  9.61110e-01
  7605.000  9.61340e-01
  7606.000  9.61840e-01
  7607.000  9.62680e-01
  7608.000  9.63840e-01
  7609.000  9.63860e-01
  7610.000  9.64010e-01
  7611.000  9.64150e-01
  7612.000  9.64150e-01
  7613.000  9.64170e-01
  7614.000  9.62750e-01
  7615.000  9.60220e-01
  7616.000  9.56710e-01
  7617.000  9.52370e-01
  7618.000  9.48370e-01
  7619.000  9.45900e-01
  7620.000  9.45180e-01
  7621.000  9.47390e-01
  7622.000  9.51490e-01
  7623.000  9.56220e-01
  7624.000  9.60340e-01
  7625.000  9.64470e-01
  7626.000  9.67500e-01
  7627.000  9.68280e-01
  7628.000  9.66680e-01
  7629.000  9.64890e-01
  7630.000  9.63210e-01
  7631.000  9.61230e-01
  7632.000  9.60120e-01
  7633.000  9.60090e-01
  7634.000  9.59890e-01
  7635.000  9.60130e-01
  7636.000  9.60090e-01
  7637.000  9.60060e-01
  7638.000  9.59640e-01
  7639.000  9.58750e-01
  7640.000  9.58890e-01
  7641.000  9.60070e-01
  7642.000  9.60940e-01
  7643.000  9.61640e-01
  7644.000  9.62560e-01
  7645.000  9.63400e-01
  7646.000  9.63140e-01
  7647.000  9.61680e-01
  7648.000  9.60460e-01
  7649.000  9.58540e-01
  7650.000  9.55890e-01
  7651.000  9.53770e-01
  7652.000  9.50690e-01
  7653.000  9.46700e-01
  7654.000  9.43000e-01
  7655.000  9.39220e-01
  7656.000  9.34430e-01
  7657.000  9.28660e-01
  7658.000  9.23660e-01
  7659.000  9.19260e-01
  7660.000  9.13560e-01
  7661.000  9.09050e-01
  7662.000  9.04670e-01
  7663.000  8.99910e-01
  7664.000  8.96440e-01
  7665.000  8.93610e-01
  7666.000  8.92110e-01
  7667.000  8.93700e-01
  7668.000  8.98350e-01
  7669.000  9.04070e-01
  7670.000  9.10370e-01
  7671.000  9.16650e-01
  7672.000  9.21550e-01
  7673.000  9.25370e-01
  7674.000  9.28980e-01
  7675.000  9.31240e-01
  7676.000  9.33410e-01
  7677.000  9.34270e-01
  7678.000  9.34210e-01
  7679.000  9.33640e-01
  7680.000  9.33380e-01
  7681.000  9.33130e-01
  7682.000  9.32560e-01
  7683.000  9.32430e-01
  7684.000  9.33790e-01
  7685.000  9.34440e-01
  7686.000  9.34530e-01
  7687.000  9.34710e-01
  7688.000  9.34030e-01
  7689.000  9.32200e-01
  7690.000  9.29880e-01
  7691.000  9.27870e-01
  7692.000  9.25990e-01
  7693.000  9.24130e-01
  7694.000  9.23000e-01
  7695.000  9.22560e-01
  7696.000  9.21770e-01
  7697.000  9.20400e-01
  7698.000  9.19350e-01
  7699.000  9.18440e-01
  7700.000  9.17810e-01
  7701.000  9.19240e-01
  7702.000  9.21970e-01
  7703.000  9.25450e-01
  7704.000  9.28300e-01
  7705.000  9.30840e-01
  7706.000  9.32200e-01
  7707.000  9.31480e-01
  7708.000  9.29110e-01
  7709.000  9.26270e-01
  7710.000  9.21550e-01
  7711.000  9.16590e-01
  7712.000  9.12250e-01
  7713.000  9.07920e-01
  7714.000  9.04690e-01
  7715.000  9.02860e-01
  7716.000  9.02850e-01
  7717.000  9.04590e-01
  7718.000  9.09240e-01
  7719.000  9.13760e-01
  7720.000  9.17220e-01
  7721.000  9.19730e-01
  7722.000  9.21480e-01
  7723.000  9.22470e-01
  7724.000  9.23030e-01
  7725.000  9.22820e-01
  7726.000  9.22840e-01
  7727.000  9.24660e-01
  7728.000  9.26270e-01
  7729.000  9.27920e-01
  7730.000  9.30680e-01
  7731.000  9.34110e-01
  7732.000  9.36410e-01
  7733.000  9.38610e-01
  7734.000  9.40570e-01
  7735.000  9.42940e-01
  7736.000  9.44490e-01
  7737.000  9.45580e-01
  7738.000  9.47060e-01
  7739.000  9.47510e-01
  7740.000  9.46640e-01
  7741.000  9.44630e-01
  7742.000  9.42040e-01
  7743.000  9.38390e-01
  7744.000  9.33970e-01
  7745.000  9.28770e-01
  7746.000  9.23250e-01
  7747.000  9.17860e-01
  7748.000  9.13810e-01
  7749.000  9.10980e-01
  7750.000  9.09190e-01
  7751.000  9.09830e-01
  7752.000  9.13440e-01
  7753.000  9.17730e-01
  7754.000  9.22770e-01
  7755.000  9.26880e-01
  7756.000  9.30780e-01
  7757.000  9.33450e-01
  7758.000  9.34790e-01
  7759.000  9.35260e-01
  7760.000  9.35480e-01
  7761.000  9.35410e-01
  7762.000  9.35540e-01
  7763.000  9.36090e-01
  7764.000  9.36800e-01
  7765.000  9.37480e-01
  7766.000  9.37850e-01
  7767.000  9.38290e-01
  7768.000  9.37500e-01
  7769.000  9.37000e-01
  7770.000  9.36350e-01
  7771.000  9.34930e-01
  7772.000  9.32410e-01
  7773.000  9.29120e-01
  7774.000  9.26980e-01
  7775.000  9.24810e-01
  7776.000  9.24190e-01
  7777.000  9.24580e-01
  7778.000  9.25340e-01
  7779.000  9.27230e-01
  7780.000  9.28570e-01
  7781.000  9.28640e-01
  7782.000  9.29350e-01
  7783.000  9.30130e-01
  7784.000  9.31370e-01
  7785.000  9.32690e-01
  7786.000  9.32940e-01
  7787.000  9.32870e-01
  7788.000  9.32170e-01
  7789.000  9.31470e-01
  7790.000  9.31570e-01
  7791.000  9.31840e-01
  7792.000  9.32200e-01
  7793.000  9.34730e-01
  7794.000  9.37160e-01
  7795.000  9.37900e-01
  7796.000  9.38530e-01
  7797.000  9.38220e-01
  7798.000  9.36270e-01
  7799.000  9.35130e-01
  7800.000  9.33770e-01
  7801.000  9.33920e-01
  7802.000  9.34670e-01
  7803.000  9.36010e-01
  7804.000  9.38760e-01
  7805.000  9.41200e-01
  7806.000  9.42570e-01
  7807.000  9.42700e-01
  7808.000  9.42220e-01
  7809.000  9.42000e-01
  7810.000  9.41090e-01
  7811.000  9.40360e-01
  7812.000  9.41180e-01
  7813.000  9.43200e-01
  7814.000  9.45400e-01
  7815.000  9.48790e-01
  7816.000  9.52040e-01
  7817.000  9.55030e-01
  7818.000  9.56710e-01
  7819.000  9.57850e-01
  7820.000  9.58230e-01
  7821.000  9.57500e-01
  7822.000  9.56670e-01
  7823.000  9.56500e-01
  7824.000  9.55880e-01
  7825.000  9.54740e-01
  7826.000  9.53870e-01
  7827.000  9.51410e-01
  7828.000  9.48650e-01
  7829.000  9.46040e-01
  7830.000  9.41670e-01
  7831.000  9.36040e-01
  7832.000  9.30820e-01
  7833.000  9.25460e-01
  7834.000  9.20640e-01
  7835.000  9.18210e-01
  7836.000  9.17740e-01
  7837.000  9.18260e-01
  7838.000  9.19830e-01
  7839.000  9.23260e-01
  7840.000  9.28150e-01
  7841.000  9.31810e-01
  7842.000  9.35210e-01
  7843.000  9.37870e-01
  7844.000  9.39890e-01
  7845.000  9.41030e-01
  7846.000  9.40920e-01
  7847.000  9.41110e-01
  7848.000  9.40450e-01
  7849.000  9.39100e-01
  7850.000  9.36680e-01
  7851.000  9.34080e-01
  7852.000  9.32500e-01
  7853.000  9.30550e-01
  7854.000  9.30750e-01
  7855.000  9.31700e-01
  7856.000  9.33030e-01
  7857.000  9.34340e-01
  7858.000  9.36650e-01
  7859.000  9.38800e-01
  7860.000  9.40990e-01
  7861.000  9.42910e-01
  7862.000  9.44350e-01
  7863.000  9.44330e-01
  7864.000  9.44650e-01
  7865.000  9.44640e-01
  7866.000  9.44580e-01
  7867.000  9.44200e-01
  7868.000  9.42620e-01
  7869.000  9.40480e-01
  7870.000  9.38920e-01
  7871.000  9.36000e-01
  7872.000  9.33690e-01
  7873.000  9.31170e-01
  7874.000  9.28420e-01
  7875.000  9.26500e-01
  7876.000  9.25450e-01
  7877.000  9.24830e-01
  7878.000  9.24940e-01
  7879.000  9.25330e-01
  7880.000  9.24950e-01
  7881.000  9.25010e-01
  7882.000  9.24830e-01
  7883.000  9.24980e-01
  7884.000  9.26210e-01
  7885.000  9.28090e-01
  7886.000  9.29540e-01
  7887.000  9.31800e-01
  7888.000  9.34120e-01
  7889.000  9.36710e-01
  7890.000  9.38030e-01
  7891.000  9.36790e-01
  7892.000  9.34950e-01
  7893.000  9.32100e-01
  7894.000  9.28610e-01
  7895.000  9.24020e-01
  7896.000  9.19540e-01
  7897.000  9.16270e-01
  7898.000  9.15030e-01
  7899.000  9.14080e-01
  7900.000  9.16150e-01
  7901.000  9.17970e-01
  7902.000  9.19680e-01
  7903.000  9.21030e-01
  7904.000  9.22120e-01
  7905.000  9.22350e-01
  7906.000  9.21700e-01
  7907.000  9.19640e-01
  7908.000  9.17060e-01
  7909.000  9.14920e-01
  7910.000  9.10990e-01
  7911.000  9.07410e-01
  7912.000  9.04840e-01
  7913.000  9.02180e-01
  7914.000  8.99280e-01
  7915.000  8.97830e-01
  7916.000  8.97290e-01
  7917.000  8.96830e-01
  7918.000  8.96820e-01
  7919.000  8.97500e-01
  7920.000  8.98120e-01
  7921.000  8.99820e-01
  7922.000  9.02350e-01
  7923.000  9.04450e-01
  7924.000  9.06390e-01
  7925.000  9.06880e-01
  7926.000  9.07130e-01
  7927.000  9.07280e-01
  7928.000  9.06810e-01
  7929.000  9.05790e-01
  7930.000  9.04740e-01
  7931.000  9.03240e-01
  7932.000  9.01330e-01
  7933.000  8.99240e-01
  7934.000  8.98270e-01
  7935.000  8.98330e-01
  7936.000  8.97450e-01
  7937.000  8.96410e-01
  7938.000  8.95980e-01
  7939.000  8.94850e-01
  7940.000  8.93350e-01
  7941.000  8.92310e-01
  7942.000  8.90780e-01
  7943.000  8.89040e-01
  7944.000  8.86640e-01
  7945.000  8.84170e-01
  7946.000  8.83630e-01
  7947.000  8.84050e-01
  7948.000  8.86880e-01
  7949.000  8.91750e-01
  7950.000  8.96450e-01
  7951.000  9.01290e-01
  7952.000  9.04850e-01
  7953.000  9.09740e-01
  7954.000  9.12630e-01
  7955.000  9.14060e-01
  7956.000  9.15930e-01
  7957.000  9.17340e-01
  7958.000  9.17420e-01
  7959.000  9.17240e-01
  7960.000  9.18900e-01
  7961.000  9.20140e-01
  7962.000  9.21150e-01
  7963.000  9.22380e-01
  7964.000  9.23000e-01
  7965.000  9.23550e-01
  7966.000  9.24560e-01
  7967.000  9.25930e-01
  7968.000  9.27590e-01
  7969.000  9.28550e-01
  7970.000  9.29690e-01
  7971.000  9.30750e-01
  7972.000  9.31650e-01
  7973.000  9.31920e-01
  7974.000  9.32140e-01
  7975.000  9.31520e-01
  7976.000  9.30870e-01
  7977.000  9.30240e-01
  7978.000  9.28920e-01
  7979.000  9.27180e-01
  7980.000  9.26010e-01
  7981.000  9.25910e-01
  7982.000  9.26020e-01
  7983.000  9.27660e-01
  7984.000  9.27900e-01
  7985.000  9.27620e-01
  7986.000  9.27350e-01
  7987.000  9.26270e-01
  7988.000  9.25860e-01
  7989.000  9.25740e-01
  7990.000  9.25300e-01
  7991.000  9.24720e-01
  7992.000  9.24150e-01
  7993.000  9.23850e-01
  7994.000  9.23170e-01
  7995.000  9.19820e-01
  7996.000  9.16570e-01
  7997.000  9.14670e-01
  7998.000  9.13500e-01
  7999.000  9.13000e-01
  8000.000  9.13920e-01
  8001.000  9.14970e-01
  8002.000  9.16850e-01
  8003.000  9.19330e-01
  8004.000  9.22440e-01
  8005.000  9.25160e-01
  8006.000  9.27060e-01
  8007.000  9.28940e-01
  8008.000  9.31190e-01
  8009.000  9.32560e-01
  8010.000  9.33130e-01
  8011.000  9.33990e-01
  8012.000  9.34910e-01
  8013.000  9.36720e-01
  8014.000  9.38950e-01
  8015.000  9.40390e-01
  8016.000  9.41640e-01
  8017.000  9.42880e-01
  8018.000  9.43870e-01
  8019.000  9.43550e-01
  8020.000  9.43020e-01
  8021.000  9.40500e-01
  8022.000  9.37760e-01
  8023.000  9.35060e-01
  8024.000  9.30460e-01
  8025.000  9.24900e-01
  8026.000  9.19140e-01
  8027.000  9.13590e-01
  8028.000  9.11110e-01
  8029.000  9.11020e-01
  8030.000  9.13680e-01
  8031.000  9.18680e-01
  8032.000  9.24260e-01
  8033.000  9.30120e-01
  8034.000  9.36740e-01
  8035.000  9.41650e-01
  8036.000  9.45710e-01
  8037.000  9.47610e-01
  8038.000  9.49130e-01
  8039.000  9.49850e-01
  8040.000  9.48670e-01
  8041.000  9.46410e-01
  8042.000  9.43230e-01
  8043.000  9.38460e-01
  8044.000  9.33320e-01
  8045.000  9.28000e-01
  8046.000  9.22670e-01
  8047.000  9.17440e-01
  8048.000  9.14180e-01
  8049.000  9.13240e-01
  8050.000  9.13970e-01
  8051.000  9.17400e-01
  8052.000  9.20110e-01
  8053.000  9.23900e-01
  8054.000  9.27790e-01
  8055.000  9.31420e-01
  8056.000  9.34710e-01
  8057.000  9.37300e-01
  8058.000  9.40670e-01
  8059.000  9.43000e-01
  8060.000  9.43610e-01
  8061.000  9.43420e-01
  8062.000  9.43080e-01
  8063.000  9.42830e-01
  8064.000  9.42130e-01
  8065.000  9.40520e-01
  8066.000  9.37990e-01
  8067.000  9.34550e-01
  8068.000  9.30850e-01
  8069.000  9.26510e-01
  8070.000  9.22920e-01
  8071.000  9.19370e-01
  8072.000  9.17090e-01
  8073.000  9.16470e-01
  8074.000  9.16530e-01
  8075.000  9.18180e-01
  8076.000  9.20290e-01
  8077.000  9.22180e-01
  8078.000  9.25270e-01
  8079.000  9.27540e-01
  8080.000  9.28280e-01
  8081.000  9.28050e-01
  8082.000  9.27450e-01
  8083.000  9.27430e-01
  8084.000  9.27130e-01
  8085.000  9.26500e-01
  8086.000  9.27030e-01
  8087.000  9.27180e-01
  8088.000  9.27110e-01
  8089.000  9.26240e-01
  8090.000  9.24000e-01
  8091.000  9.21020e-01
  8092.000  9.16680e-01
  8093.000  9.11920e-01
  8094.000  9.09820e-01
  8095.000  9.08550e-01
  8096.000  9.07120e-01
  8097.000  9.08070e-01
  8098.000  9.11320e-01
  8099.000  9.13500e-01
  8100.000  9.15720e-01
  8101.000  9.19080e-01
  8102.000  9.21580e-01
  8103.000  9.22830e-01
  8104.000  9.24270e-01
  8105.000  9.25720e-01
  8106.000  9.26740e-01
  8107.000  9.27110e-01
  8108.000  9.27320e-01
  8109.000  9.26970e-01
  8110.000  9.27020e-01
  8111.000  9.27910e-01
  8112.000  9.27420e-01
  8113.000  9.26230e-01
  8114.000  9.25550e-01
  8115.000  9.23100e-01
  8116.000  9.21420e-01
  8117.000  9.20310e-01
  8118.000  9.19190e-01
  8119.000  9.20350e-01
  8120.000  9.23520e-01
  8121.000  9.27880e-01
  8122.000  9.31600e-01
  8123.000  9.34940e-01
  8124.000  9.38390e-01
  8125.000  9.40970e-01
  8126.000  9.41050e-01
  8127.000  9.40510e-01
  8128.000  9.40490e-01
  8129.000  9.39860e-01
  8130.000  9.39980e-01
  8131.000  9.39460e-01
  8132.000  9.39160e-01
  8133.000  9.39630e-01
  8134.000  9.39390e-01
  8135.000  9.40200e-01
  8136.000  9.42160e-01
  8137.000  9.43740e-01
  8138.000  9.43720e-01
  8139.000  9.43740e-01
  8140.000  9.43630e-01
  8141.000  9.43780e-01
  8142.000  9.42490e-01
  8143.000  9.41430e-01
  8144.000  9.40670e-01
  8145.000  9.39860e-01
  8146.000  9.39120e-01
  8147.000  9.39200e-01
  8148.000  9.39770e-01
  8149.000  9.41010e-01
  8150.000  9.42590e-01
  8151.000  9.42700e-01
  8152.000  9.43670e-01
  8153.000  9.44900e-01
  8154.000  9.45300e-01
  8155.000  9.46160e-01
  8156.000  9.47080e-01
  8157.000  9.47270e-01
  8158.000  9.47130e-01
  8159.000  9.45610e-01
  8160.000  9.43790e-01
  8161.000  9.41380e-01
  8162.000  9.38520e-01
  8163.000  9.36930e-01
  8164.000  9.36760e-01
  8165.000  9.37990e-01
  8166.000  9.39450e-01
  8167.000  9.41030e-01
  8168.000  9.44100e-01
  8169.000  9.45770e-01
  8170.000  9.46380e-01
  8171.000  9.47870e-01
  8172.000  9.48530e-01
  8173.000  9.48810e-01
  8174.000  9.49320e-01
  8175.000  9.49700e-01
  8176.000  9.49380e-01
  8177.000  9.47930e-01
  8178.000  9.47180e-01
  8179.000  9.45120e-01
  8180.000  9.40710e-01
  8181.000  9.35740e-01
  8182.000  9.30370e-01
  8183.000  9.22840e-01
  8184.000  9.17840e-01
  8185.000  9.14790e-01
  8186.000  9.13980e-01
  8187.000  9.16620e-01
  8188.000  9.20430e-01
  8189.000  9.25150e-01
  8190.000  9.28980e-01
  8191.000  9.31030e-01
  8192.000  9.31770e-01
  8193.000  9.29810e-01
  8194.000  9.23240e-01
  8195.000  9.16110e-01
  8196.000  9.09730e-01
  8197.000  9.05530e-01
  8198.000  9.03750e-01
  8199.000  9.03470e-01
  8200.000  9.03920e-01
  8201.000  9.04360e-01
  8202.000  9.06140e-01
  8203.000  9.07340e-01
  8204.000  9.06820e-01
  8205.000  9.06670e-01
  8206.000  9.06220e-01
  8207.000  9.06530e-01
  8208.000  9.06750e-01
  8209.000  9.06760e-01
  8210.000  9.06140e-01
  8211.000  9.06550e-01
  8212.000  9.07270e-01
  8213.000  9.07520e-01
  8214.000  9.07110e-01
  8215.000  9.06690e-01
  8216.000  9.08470e-01
  8217.000  9.10420e-01
  8218.000  9.12370e-01
  8219.000  9.13200e-01
  8220.000  9.13000e-01
  8221.000  9.13110e-01
  8222.000  9.14930e-01
  8223.000  9.18190e-01
  8224.000  9.21860e-01
  8225.000  9.26340e-01
  8226.000  9.30110e-01
  8227.000  9.33840e-01
  8228.000  9.35930e-01
  8229.000  9.36080e-01
  8230.000  9.36710e-01
  8231.000  9.35630e-01
  8232.000  9.33790e-01
  8233.000  9.32600e-01
  8234.000  9.30550e-01
  8235.000  9.28780e-01
  8236.000  9.28440e-01
  8237.000  9.28130e-01
  8238.000  9.27700e-01
  8239.000  9.28970e-01
  8240.000  9.30430e-01
  8241.000  9.31500e-01
  8242.000  9.32450e-01
  8243.000  9.32540e-01
  8244.000  9.31770e-01
  8245.000  9.32230e-01
  8246.000  9.31340e-01
  8247.000  9.31360e-01
  8248.000  9.31540e-01
  8249.000  9.29750e-01
  8250.000  9.26090e-01
  8251.000  9.23720e-01
  8252.000  9.21670e-01
  8253.000  9.19300e-01
  8254.000  9.16090e-01
  8255.000  9.14520e-01
  8256.000  9.13820e-01
  8257.000  9.14480e-01
  8258.000  9.17520e-01
  8259.000  9.21120e-01
  8260.000  9.24630e-01
  8261.000  9.27590e-01
  8262.000  9.30980e-01
  8263.000  9.34840e-01
  8264.000  9.36190e-01
  8265.000  9.35950e-01
  8266.000  9.34500e-01
  8267.000  9.32850e-01
  8268.000  9.31700e-01
  8269.000  9.29950e-01
  8270.000  9.29340e-01
  8271.000  9.28240e-01
  8272.000  9.26290e-01
  8273.000  9.24880e-01
  8274.000  9.22250e-01
  8275.000  9.19840e-01
  8276.000  9.18070e-01
  8277.000  9.16680e-01
  8278.000  9.18870e-01
  8279.000  9.22440e-01
  8280.000  9.23660e-01
  8281.000  9.22750e-01
  8282.000  9.22150e-01
  8283.000  9.21710e-01
  8284.000  9.20740e-01
  8285.000  9.20270e-01
  8286.000  9.17470e-01
  8287.000  9.15900e-01
  8288.000  9.15820e-01
  8289.000  9.14740e-01
  8290.000  9.12660e-01
  8291.000  9.11410e-01
  8292.000  9.10490e-01
  8293.000  9.07790e-01
  8294.000  9.06370e-01
  8295.000  9.05590e-01
  8296.000  9.04120e-01
  8297.000  9.01690e-01
  8298.000  9.01090e-01
  8299.000  9.01070e-01
  8300.000  9.00000e-01
  8301.000  8.99080e-01
  8302.000  8.98950e-01
  8303.000  8.98770e-01
  8304.000  8.96690e-01
  8305.000  8.92950e-01
  8306.000  8.88610e-01
  8307.000  8.84270e-01
  8308.000  8.82370e-01
  8309.000  8.80870e-01
  8310.000  8.81060e-01
  8311.000  8.81620e-01
  8312.000  8.83260e-01
  8313.000  8.85810e-01
  8314.000  8.89090e-01
  8315.000  8.95050e-01
  8316.000  8.98590e-01
  8317.000  9.01370e-01
  8318.000  9.03450e-01
  8319.000  9.06020e-01
  8320.000  9.05920e-01
  8321.000  9.02750e-01
  8322.000  9.00570e-01
  8323.000  9.00060e-01
  8324.000  8.96600e-01
  8325.000  8.91950e-01
  8326.000  8.87190e-01
  8327.000  8.84420e-01
  8328.000  8.83080e-01
  8329.000  8.79880e-01
  8330.000  8.76880e-01
  8331.000  8.76510e-01
  8332.000  8.76590e-01
  8333.000  8.75010e-01
  8334.000  8.75730e-01
  8335.000  8.75720e-01
  8336.000  8.74090e-01
  8337.000  8.74880e-01
  8338.000  8.74260e-01
  8339.000  8.76860e-01
  8340.000  8.78980e-01
  8341.000  8.80990e-01
  8342.000  8.82430e-01
  8343.000  8.82650e-01
  8344.000  8.82980e-01
  8345.000  8.81420e-01
  8346.000  8.79150e-01
  8347.000  8.78630e-01
  8348.000  8.77870e-01
  8349.000  8.80000e-01
  8350.000  8.80910e-01
  8351.000  8.81020e-01
  8352.000  8.83520e-01
  8353.000  8.87120e-01
  8354.000  8.89310e-01
  8355.000  8.92310e-01
  8356.000  8.95060e-01
  8357.000  8.95940e-01
  8358.000  8.96630e-01
  8359.000  8.96110e-01
  8360.000  8.95040e-01
  8361.000  8.94940e-01
  8362.000  8.92090e-01
  8363.000  8.86820e-01
  8364.000  8.85120e-01
  8365.000  8.83780e-01
  8366.000  8.83040e-01
  8367.000  8.86560e-01
  8368.000  8.89440e-01
  8369.000  8.91380e-01
  8370.000  8.94790e-01
  8371.000  8.94880e-01
  8372.000  8.94040e-01
  8373.000  8.92740e-01
  8374.000  8.91440e-01
  8375.000  8.89840e-01
  8376.000  8.94010e-01
  8377.000  8.95140e-01
  8378.000  8.93140e-01
  8379.000  8.90440e-01
  8380.000  8.83840e-01
  8381.000  8.79820e-01
  8382.000  8.75610e-01
  8383.000  8.71450e-01
  8384.000  8.70870e-01
  8385.000  8.67680e-01
  8386.000  8.61200e-01
  8387.000  8.55310e-01
  8388.000  8.53700e-01
  8389.000  8.56550e-01
  8390.000  8.60450e-01
  8391.000  8.63930e-01
  8392.000  8.68320e-01
  8393.000  8.78780e-01
  8394.000  8.85800e-01
  8395.000  8.86100e-01
  8396.000  8.88800e-01
  8397.000  8.90180e-01
  8398.000  8.89100e-01
  8399.000  8.86930e-01
  8400.000  8.87930e-01
  8401.000  8.90750e-01
  8402.000  8.92780e-01
  8403.000  8.94160e-01
  8404.000  8.94700e-01
  8405.000  8.95870e-01
  8406.000  8.98780e-01
  8407.000  9.00500e-01
  8408.000  8.99430e-01
  8409.000  9.01080e-01
  8410.000  9.03050e-01
  8411.000  8.99540e-01
  8412.000  8.96180e-01
  8413.000  8.91400e-01
  8414.000  8.87700e-01
  8415.000  8.87280e-01
  8416.000  8.87250e-01
  8417.000  8.90110e-01
  8418.000  8.92260e-01
  8419.000  8.91630e-01
  8420.000  8.88720e-01
  8421.000  8.83680e-01
  8422.000  8.82810e-01
  8423.000  8.81510e-01
  8424.000  8.77790e-01
  8425.000  8.74840e-01
  8426.000  8.72450e-01
  8427.000  8.71310e-01
  8428.000  8.71610e-01
  8429.000  8.74710e-01
  8430.000  8.79230e-01
  8431.000  8.78900e-01
  8432.000  8.77420e-01
  8433.000  8.73840e-01
  8434.000  8.69460e-01
  8435.000  8.62250e-01
  8436.000  8.53490e-01
  8437.000  8.48510e-01
  8438.000  8.44430e-01
  8439.000  8.45780e-01
  8440.000  8.46210e-01
  8441.000  8.46820e-01
  8442.000  8.51220e-01
  8443.000  8.55520e-01
  8444.000  8.58330e-01
  8445.000  8.58160e-01
  8446.000  8.61130e-01
  8447.000  8.63220e-01
  8448.000  8.62690e-01
  8449.000  8.62740e-01
  8450.000  8.63570e-01
  8451.000  8.63180e-01
  8452.000  8.63560e-01
  8453.000  8.63110e-01
  8454.000  8.62610e-01
  8455.000  8.61660e-01
  8456.000  8.62320e-01
  8457.000  8.63940e-01
  8458.000  8.65690e-01
  8459.000  8.64010e-01
  8460.000  8.63820e-01
  8461.000  8.68130e-01
  8462.000  8.71370e-01
  8463.000  8.68950e-01
  8464.000  8.67070e-01
  8465.000  8.60300e-01
  8466.000  8.54810e-01
  8467.000  8.50820e-01
  8468.000  8.43260e-01
  8469.000  8.37590e-01
  8470.000  8.38130e-01
  8471.000  8.38980e-01
  8472.000  8.42870e-01
  8473.000  8.48130e-01
  8474.000  8.51600e-01
  8475.000  8.57790e-01
  8476.000  8.66160e-01
  8477.000  8.71320e-01
  8478.000  8.68480e-01
  8479.000  8.66170e-01
  8480.000  8.65860e-01
  8481.000  8.66740e-01
  8482.000  8.64570e-01
  8483.000  8.62430e-01
  8484.000  8.66540e-01
  8485.000  8.71020e-01
  8486.000  8.64650e-01
  8487.000  8.64260e-01
  8488.000  8.69830e-01
  8489.000  8.76070e-01
  8490.000  8.72290e-01
  8491.000  8.63200e-01
  8492.000  8.59310e-01
  8493.000  8.53960e-01
  8494.000  8.42740e-01
  8495.000  8.25760e-01
  8496.000  8.09500e-01
  8497.000  7.90430e-01
  8498.000  7.70980e-01
  8499.000  7.53710e-01
  8500.000  7.46190e-01
  8501.000  7.48210e-01
  8502.000  7.60910e-01
  8503.000  7.76380e-01
  8504.000  7.91410e-01
  8505.000  8.08480e-01
  8506.000  8.25620e-01
  8507.000  8.38950e-01
  8508.000  8.53440e-01
  8509.000  8.61890e-01
  8510.000  8.58780e-01
  8511.000  8.59240e-01
  8512.000  8.56830e-01
  8513.000  8.52180e-01
  8514.000  8.45120e-01
  8515.000  8.37810e-01
  8516.000  8.29660e-01
  8517.000  8.26330e-01
  8518.000  8.30680e-01
  8519.000  8.32960e-01
  8520.000  8.31730e-01
  8521.000  8.36910e-01
  8522.000  8.40350e-01
  8523.000  8.45260e-01
  8524.000  8.51370e-01
  8525.000  8.53710e-01
  8526.000  8.58270e-01
  8527.000  8.55420e-01
  8528.000  8.51560e-01
  8529.000  8.51290e-01
  8530.000  8.43910e-01
  8531.000  8.41770e-01
  8532.000  8.41480e-01
  8533.000  8.38120e-01
  8534.000  8.40720e-01
  8535.000  8.33580e-01
  8536.000  8.14660e-01
  8537.000  7.98980e-01
  8538.000  7.77640e-01
  8539.000  7.51680e-01
  8540.000  7.20550e-01
  8541.000  6.94530e-01
  8542.000  6.61820e-01
  8543.000  6.39380e-01
  8544.000  6.29170e-01
  8545.000  6.34700e-01
  8546.000  6.57340e-01
  8547.000  6.77870e-01
  8548.000  7.08520e-01
  8549.000  7.42060e-01
  8550.000  7.69500e-01
  8551.000  7.87920e-01
  8552.000  8.07670e-01
  8553.000  8.17920e-01
  8554.000  8.30260e-01
  8555.000  8.33960e-01
  8556.000  8.42390e-01
  8557.000  8.46290e-01
  8558.000  8.51590e-01
  8559.000  8.56230e-01
  8560.000  8.59470e-01
  8561.000  8.62840e-01
  8562.000  8.62130e-01
  8563.000  8.58850e-01
  8564.000  8.60310e-01
  8565.000  8.59390e-01
  8566.000  8.62460e-01
  8567.000  8.66610e-01
  8568.000  8.64200e-01
  8569.000  8.62420e-01
  8570.000  8.69080e-01
  8571.000  8.63870e-01
  8572.000  8.65860e-01
  8573.000  8.67590e-01
  8574.000  8.65160e-01
  8575.000  8.65850e-01
  8576.000  8.72790e-01
  8577.000  8.73240e-01
  8578.000  8.80020e-01
  8579.000  8.75530e-01
  8580.000  8.71400e-01
  8581.000  8.79580e-01
  8582.000  8.79300e-01
  8583.000  8.74100e-01
  8584.000  8.70420e-01
  8585.000  8.63120e-01
  8586.000  8.60090e-01
  8587.000  8.57810e-01
  8588.000  8.55320e-01
  8589.000  8.53880e-01
  8590.000  8.50190e-01
  8591.000  8.46150e-01
  8592.000  8.47100e-01
  8593.000  8.52070e-01
  8594.000  8.59440e-01
  8595.000  8.54510e-01
  8596.000  8.58740e-01
  8597.000  8.49440e-01
  8598.000  8.49140e-01
  8599.000  8.56990e-01
  8600.000  8.51460e-01
  8601.000  8.51540e-01
  8602.000  8.60400e-01
  8603.000  8.66600e-01
  8604.000  8.65820e-01
  8605.000  8.62450e-01
  8606.000  8.56040e-01
  8607.000  8.51630e-01
  8608.000  8.53470e-01
  8609.000  8.49940e-01
  8610.000  8.49470e-01
  8611.000  8.55660e-01
  8612.000  8.51240e-01
  8613.000  8.48510e-01
  8614.000  8.43260e-01
  8615.000  8.41340e-01
  8616.000  8.48240e-01
  8617.000  8.55700e-01
  8618.000  8.51770e-01
  8619.000  8.55780e-01
  8620.000  8.54950e-01
  8621.000  8.63320e-01
  8622.000  8.68730e-01
  8623.000  8.62500e-01
  8624.000  8.57020e-01
  8625.000  8.61610e-01
  8626.000  8.63630e-01
  8627.000  8.68420e-01
  8628.000  8.62420e-01
  8629.000  8.61350e-01
  8630.000  8.65280e-01
  8631.000  8.78370e-01
  8632.000  8.74470e-01
  8633.000  8.69190e-01
  8634.000  8.69140e-01
  8635.000  8.68740e-01
  8636.000  8.70950e-01
  8637.000  8.73790e-01
  8638.000  8.76520e-01
  8639.000  8.80810e-01
  8640.000  8.81410e-01
  8641.000  8.77060e-01
  8642.000  8.72350e-01
  8643.000  8.70840e-01
  8644.000  8.71900e-01
  8645.000  8.69980e-01
  8646.000  8.63830e-01
  8647.000  8.54510e-01
  8648.000  8.55190e-01
  8649.000  8.59450e-01
  8650.000  8.53700e-01
  8651.000  8.54270e-01
  8652.000  8.52880e-01
  8653.000  8.46020e-01
  8654.000  8.36390e-01
  8655.000  8.25090e-01
  8656.000  8.27510e-01
  8657.000  8.24020e-01
  8658.000  8.10200e-01
  8659.000  7.86470e-01
  8660.000  7.61260e-01
  8661.000  7.23960e-01
  8662.000  6.95230e-01
  8663.000  6.67020e-01
  8664.000  6.53930e-01
  8665.000  6.55610e-01
  8666.000  6.66560e-01
  8667.000  6.96440e-01
  8668.000  7.31140e-01
  8669.000  7.60710e-01
  8670.000  7.79080e-01
  8671.000  7.97310e-01
  8672.000  8.06950e-01
  8673.000  8.16790e-01
  8674.000  8.19630e-01
  8675.000  8.19370e-01
  8676.000  8.25010e-01
  8677.000  8.27870e-01
  8678.000  8.30630e-01
  8679.000  8.36620e-01
  8680.000  8.44770e-01
  8681.000  8.53510e-01
  8682.000  8.50440e-01
  8683.000  8.45540e-01
  8684.000  8.47490e-01
  8685.000  8.49150e-01
  8686.000  8.49480e-01
  8687.000  8.41060e-01
  8688.000  8.38440e-01
  8689.000  8.40610e-01
  8690.000  8.34140e-01
  8691.000  8.26630e-01
  8692.000  8.31620e-01
  8693.000  8.42130e-01
  8694.000  8.49550e-01
  8695.000  8.53510e-01
  8696.000  8.56590e-01
  8697.000  8.62520e-01
  8698.000  8.66520e-01
  8699.000  8.70110e-01
  8700.000  8.66530e-01
  8701.000  8.67170e-01
  8702.000  8.65600e-01
  8703.000  8.65560e-01
  8704.000  8.71430e-01
  8705.000  8.77930e-01
  8706.000  8.76710e-01
  8707.000  8.75810e-01
  8708.000  8.75630e-01
  8709.000  8.75370e-01
  8710.000  8.71580e-01
  8711.000  8.66790e-01
  8712.000  8.70640e-01
  8713.000  8.70600e-01
  8714.000  8.68240e-01
  8715.000  8.71730e-01
  8716.000  8.73840e-01
  8717.000  8.74160e-01
  8718.000  8.74160e-01
  8719.000  8.74390e-01
  8720.000  8.77410e-01
  8721.000  8.84960e-01
  8722.000  8.88300e-01
  8723.000  8.84600e-01
  8724.000  8.86570e-01
  8725.000  8.91180e-01
  8726.000  8.89830e-01
  8727.000  8.84970e-01
  8728.000  8.82860e-01
  8729.000  8.83860e-01
  8730.000  8.81380e-01
  8731.000  8.76970e-01
  8732.000  8.75030e-01
  8733.000  8.74020e-01
  8734.000  8.70670e-01
  8735.000  8.59480e-01
  8736.000  8.58930e-01
  8737.000  8.62290e-01
  8738.000  8.55750e-01
  8739.000  8.54320e-01
  8740.000  8.62180e-01
  8741.000  8.66490e-01
  8742.000  8.63360e-01
  8743.000  8.62040e-01
  8744.000  8.62040e-01
  8745.000  8.61870e-01
  8746.000  8.62700e-01
  8747.000  8.64340e-01
  8748.000  8.61470e-01
  8749.000  8.56660e-01
  8750.000  8.62430e-01
  8751.000  8.76040e-01
  8752.000  8.69920e-01
  8753.000  8.48170e-01
  8754.000  8.50860e-01
  8755.000  8.64050e-01
  8756.000  8.63070e-01
  8757.000  8.58840e-01
  8758.000  8.57150e-01
  8759.000  8.60940e-01
  8760.000  8.63010e-01
  8761.000  8.67520e-01
  8762.000  8.69420e-01
  8763.000  8.65060e-01
  8764.000  8.65070e-01
  8765.000  8.63570e-01
  8766.000  8.60960e-01
  8767.000  8.55850e-01
  8768.000  8.56050e-01
  8769.000  8.67220e-01
  8770.000  8.71540e-01
  8771.000  8.70760e-01
  8772.000  8.73120e-01
  8773.000  8.66590e-01
  8774.000  8.61490e-01
  8775.000  8.63000e-01
  8776.000  8.62590e-01
  8777.000  8.71190e-01
  8778.000  8.76540e-01
  8779.000  8.75460e-01
  8780.000  8.78890e-01
  8781.000  8.83620e-01
  8782.000  8.86160e-01
  8783.000  8.79260e-01
  8784.000  8.79000e-01
  8785.000  8.88180e-01
  8786.000  8.96950e-01
  8787.000  9.08400e-01
  8788.000  9.11270e-01
  8789.000  9.03670e-01
  8790.000  8.93420e-01
  8791.000  8.85080e-01
  8792.000  8.80630e-01
  8793.000  8.76370e-01
  8794.000  8.76860e-01
  8795.000  8.77770e-01
  8796.000  8.80490e-01
  8797.000  8.83370e-01
  8798.000  8.85660e-01
  8799.000  8.92540e-01
  8800.000  8.98010e-01
  8801.000  8.94590e-01
  8802.000  8.89460e-01
  8803.000  8.85060e-01
  8804.000  8.77660e-01
  8805.000  8.68380e-01
  8806.000  8.55160e-01
  8807.000  8.44830e-01
  8808.000  8.37300e-01
  8809.000  8.36490e-01
  8810.000  8.41940e-01
  8811.000  8.41600e-01
  8812.000  8.55430e-01
  8813.000  8.66430e-01
  8814.000  8.77010e-01
  8815.000  8.86720e-01
  8816.000  8.97720e-01
  8817.000  8.98680e-01
  8818.000  8.99890e-01
  8819.000  8.93590e-01
  8820.000  8.88060e-01
  8821.000  8.85670e-01
  8822.000  8.81880e-01
  8823.000  8.76510e-01
  8824.000  8.67570e-01
  8825.000  8.60990e-01
  8826.000  8.62280e-01
  8827.000  8.69390e-01
  8828.000  8.73440e-01
  8829.000  8.76400e-01
  8830.000  8.87320e-01
  8831.000  8.91740e-01
  8832.000  8.94620e-01
  8833.000  8.94230e-01
  8834.000  8.90290e-01
  8835.000  8.87360e-01
  8836.000  8.76150e-01
  8837.000  8.72920e-01
  8838.000  8.77380e-01
  8839.000  8.74230e-01
  8840.000  8.71090e-01
  8841.000  8.72680e-01
  8842.000  8.73480e-01
  8843.000  8.73340e-01
  8844.000  8.73500e-01
  8845.000  8.63930e-01
  8846.000  8.62020e-01
  8847.000  8.69240e-01
  8848.000  8.67180e-01
  8849.000  8.74370e-01
  8850.000  8.67900e-01
  8851.000  8.65230e-01
  8852.000  8.73610e-01
  8853.000  8.65620e-01
  8854.000  8.68880e-01
  8855.000  8.75560e-01
  8856.000  8.67450e-01
  8857.000  8.52720e-01
  8858.000  8.52050e-01
  8859.000  8.52080e-01
  8860.000  8.39120e-01
  8861.000  8.29210e-01
  8862.000  8.27560e-01
  8863.000  8.21340e-01
  8864.000  8.14170e-01
  8865.000  8.15790e-01
  8866.000  8.16590e-01
  8867.000  8.02540e-01
  8868.000  7.91530e-01
  8869.000  7.91700e-01
  8870.000  7.97550e-01
  8871.000  8.03090e-01
  8872.000  8.09270e-01
  8873.000  8.14330e-01
  8874.000  8.10420e-01
  8875.000  8.15300e-01
  8876.000  8.18090e-01
  8877.000  8.08570e-01
  8878.000  7.91960e-01
  8879.000  7.98510e-01
  8880.000  8.02990e-01
  8881.000  8.07620e-01
  8882.000  8.06410e-01
  8883.000  8.03450e-01
  8884.000  8.06330e-01
  8885.000  8.07890e-01
  8886.000  8.07360e-01
  8887.000  8.18230e-01
  8888.000  8.21640e-01
  8889.000  8.36490e-01
  8890.000  8.36680e-01
  8891.000  8.42560e-01
  8892.000  8.67470e-01
  8893.000  8.74810e-01
  8894.000  8.69010e-01
  8895.000  8.57560e-01
  8896.000  8.35300e-01
  8897.000  8.37650e-01
  8898.000  8.43900e-01
  8899.000  8.52910e-01
  8900.000  8.45540e-01
