# dobos/SF3  |  Dobos et al. 2012, MNRAS 420, 1217 (SDSS composites)
# columns: wavelength_Angstrom  flam_erg_s_cm2_A (absolute scale arbitrary - ETC renormalizes)
  3550.000  6.70160e-01
  3551.000  6.76420e-01
  3552.000  6.73070e-01
  3553.000  6.58920e-01
  3554.000  6.43590e-01
  3555.000  6.30860e-01
  3556.000  6.48660e-01
  3557.000  6.46410e-01
  3558.000  6.55150e-01
  3559.000  6.41880e-01
  3560.000  6.43330e-01
  3561.000  6.48350e-01
  3562.000  6.62000e-01
  3563.000  6.57160e-01
  3564.000  6.50630e-01
  3565.000  6.35710e-01
  3566.000  6.09370e-01
  3567.000  6.02460e-01
  3568.000  6.06520e-01
  3569.000  6.04860e-01
  3570.000  6.01750e-01
  3571.000  5.93140e-01
  3572.000  6.00430e-01
  3573.000  6.13250e-01
  3574.000  6.22060e-01
  3575.000  6.32800e-01
  3576.000  6.28070e-01
  3577.000  6.27500e-01
  3578.000  6.28180e-01
  3579.000  6.17740e-01
  3580.000  6.09830e-01
  3581.000  5.98870e-01
  3582.000  5.85130e-01
  3583.000  5.92830e-01
  3584.000  5.98210e-01
  3585.000  5.86180e-01
  3586.000  5.68560e-01
  3587.000  5.68540e-01
  3588.000  5.73300e-01
  3589.000  5.88010e-01
  3590.000  6.07540e-01
  3591.000  6.24840e-01
  3592.000  6.35000e-01
  3593.000  6.37790e-01
  3594.000  6.38620e-01
  3595.000  6.47450e-01
  3596.000  6.57530e-01
  3597.000  6.66450e-01
  3598.000  6.73850e-01
  3599.000  6.79930e-01
  3600.000  6.77560e-01
  3601.000  6.73660e-01
  3602.000  6.58990e-01
  3603.000  6.40440e-01
  3604.000  6.29600e-01
  3605.000  6.24720e-01
  3606.000  6.28330e-01
  3607.000  6.30670e-01
  3608.000  6.31290e-01
  3609.000  6.21980e-01
  3610.000  6.11600e-01
  3611.000  6.13490e-01
  3612.000  6.22440e-01
  3613.000  6.32430e-01
  3614.000  6.32350e-01
  3615.000  6.37970e-01
  3616.000  6.49520e-01
  3617.000  6.51480e-01
  3618.000  6.27440e-01
  3619.000  6.04770e-01
  3620.000  5.99650e-01
  3621.000  6.16890e-01
  3622.000  6.31380e-01
  3623.000  6.45830e-01
  3624.000  6.54860e-01
  3625.000  6.61080e-01
  3626.000  6.75430e-01
  3627.000  6.89810e-01
  3628.000  6.93760e-01
  3629.000  6.87660e-01
  3630.000  6.62480e-01
  3631.000  6.28850e-01
  3632.000  6.07850e-01
  3633.000  5.99810e-01
  3634.000  6.08740e-01
  3635.000  6.24310e-01
  3636.000  6.36390e-01
  3637.000  6.43780e-01
  3638.000  6.60100e-01
  3639.000  6.72900e-01
  3640.000  6.81610e-01
  3641.000  6.83300e-01
  3642.000  6.72600e-01
  3643.000  6.63380e-01
  3644.000  6.50040e-01
  3645.000  6.40280e-01
  3646.000  6.33380e-01
  3647.000  6.26620e-01
  3648.000  6.20520e-01
  3649.000  6.21220e-01
  3650.000  6.19950e-01
  3651.000  6.27330e-01
  3652.000  6.38540e-01
  3653.000  6.50290e-01
  3654.000  6.60900e-01
  3655.000  6.62430e-01
  3656.000  6.66530e-01
  3657.000  6.71430e-01
  3658.000  6.74280e-01
  3659.000  6.78370e-01
  3660.000  6.80600e-01
  3661.000  6.77920e-01
  3662.000  6.70730e-01
  3663.000  6.67070e-01
  3664.000  6.61250e-01
  3665.000  6.58270e-01
  3666.000  6.61970e-01
  3667.000  6.60830e-01
  3668.000  6.57270e-01
  3669.000  6.50400e-01
  3670.000  6.46330e-01
  3671.000  6.50220e-01
  3672.000  6.60220e-01
  3673.000  6.67740e-01
  3674.000  6.71870e-01
  3675.000  6.70520e-01
  3676.000  6.61230e-01
  3677.000  6.48900e-01
  3678.000  6.36120e-01
  3679.000  6.24220e-01
  3680.000  6.25360e-01
  3681.000  6.27640e-01
  3682.000  6.35830e-01
  3683.000  6.44390e-01
  3684.000  6.44600e-01
  3685.000  6.35650e-01
  3686.000  6.24080e-01
  3687.000  6.17270e-01
  3688.000  6.12730e-01
  3689.000  6.21060e-01
  3690.000  6.40770e-01
  3691.000  6.60570e-01
  3692.000  6.77460e-01
  3693.000  6.71790e-01
  3694.000  6.60650e-01
  3695.000  6.56580e-01
  3696.000  6.57200e-01
  3697.000  6.59510e-01
  3698.000  6.68310e-01
  3699.000  6.75580e-01
  3700.000  6.91560e-01
  3701.000  6.96820e-01
  3702.000  6.86380e-01
  3703.000  6.64550e-01
  3704.000  6.38960e-01
  3705.000  6.10780e-01
  3706.000  5.96830e-01
  3707.000  5.97830e-01
  3708.000  6.10050e-01
  3709.000  6.20260e-01
  3710.000  6.23050e-01
  3711.000  6.31330e-01
  3712.000  6.41410e-01
  3713.000  6.58300e-01
  3714.000  6.77980e-01
  3715.000  6.97360e-01
  3716.000  7.15050e-01
  3717.000  7.21330e-01
  3718.000  7.11970e-01
  3719.000  6.82290e-01
  3720.000  6.40090e-01
  3721.000  6.05860e-01
  3722.000  5.98460e-01
  3723.000  6.41380e-01
  3724.000  8.00670e-01
  3725.000  1.17710e+00
  3726.000  1.68440e+00
  3727.000  2.07000e+00
  3728.000  2.28930e+00
  3729.000  2.40660e+00
  3730.000  2.19190e+00
  3731.000  1.58670e+00
  3732.000  1.00150e+00
  3733.000  6.93410e-01
  3734.000  5.87350e-01
  3735.000  5.52180e-01
  3736.000  5.41680e-01
  3737.000  5.53130e-01
  3738.000  5.95620e-01
  3739.000  6.52210e-01
  3740.000  7.07420e-01
  3741.000  7.40860e-01
  3742.000  7.55880e-01
  3743.000  7.47250e-01
  3744.000  7.22920e-01
  3745.000  6.95160e-01
  3746.000  6.63710e-01
  3747.000  6.30320e-01
  3748.000  5.91160e-01
  3749.000  5.60180e-01
  3750.000  5.49070e-01
  3751.000  5.63220e-01
  3752.000  5.96000e-01
  3753.000  6.38120e-01
  3754.000  6.82780e-01
  3755.000  7.29780e-01
  3756.000  7.59780e-01
  3757.000  7.67140e-01
  3758.000  7.47100e-01
  3759.000  7.23690e-01
  3760.000  7.23420e-01
  3761.000  7.40290e-01
  3762.000  7.53710e-01
  3763.000  7.62470e-01
  3764.000  7.58460e-01
  3765.000  7.47860e-01
  3766.000  7.27980e-01
  3767.000  6.98400e-01
  3768.000  6.64300e-01
  3769.000  6.41640e-01
  3770.000  6.30400e-01
  3771.000  6.31480e-01
  3772.000  6.39050e-01
  3773.000  6.55160e-01
  3774.000  6.80480e-01
  3775.000  7.12800e-01
  3776.000  7.43910e-01
  3777.000  7.73420e-01
  3778.000  8.01570e-01
  3779.000  8.32960e-01
  3780.000  8.62520e-01
  3781.000  8.84270e-01
  3782.000  8.96260e-01
  3783.000  9.02380e-01
  3784.000  9.07670e-01
  3785.000  9.06820e-01
  3786.000  8.86010e-01
  3787.000  8.55310e-01
  3788.000  8.29270e-01
  3789.000  8.11780e-01
  3790.000  7.98630e-01
  3791.000  7.87750e-01
  3792.000  7.76380e-01
  3793.000  7.50490e-01
  3794.000  7.14230e-01
  3795.000  6.73170e-01
  3796.000  6.38430e-01
  3797.000  6.19170e-01
  3798.000  6.07560e-01
  3799.000  6.03930e-01
  3800.000  6.09740e-01
  3801.000  6.36390e-01
  3802.000  6.86760e-01
  3803.000  7.39690e-01
  3804.000  7.82640e-01
  3805.000  8.12570e-01
  3806.000  8.22260e-01
  3807.000  8.24700e-01
  3808.000  8.36320e-01
  3809.000  8.63150e-01
  3810.000  8.92930e-01
  3811.000  9.11580e-01
  3812.000  9.14450e-01
  3813.000  8.95610e-01
  3814.000  8.65150e-01
  3815.000  8.40360e-01
  3816.000  8.29420e-01
  3817.000  8.34700e-01
  3818.000  8.43740e-01
  3819.000  8.40030e-01
  3820.000  8.16470e-01
  3821.000  7.97280e-01
  3822.000  8.00860e-01
  3823.000  8.15380e-01
  3824.000  8.13080e-01
  3825.000  7.90460e-01
  3826.000  7.64470e-01
  3827.000  7.41710e-01
  3828.000  7.26140e-01
  3829.000  7.11340e-01
  3830.000  6.96870e-01
  3831.000  6.71340e-01
  3832.000  6.31910e-01
  3833.000  5.93970e-01
  3834.000  5.72180e-01
  3835.000  5.81670e-01
  3836.000  5.98050e-01
  3837.000  5.92690e-01
  3838.000  5.74490e-01
  3839.000  5.76420e-01
  3840.000  6.00410e-01
  3841.000  6.44530e-01
  3842.000  6.94080e-01
  3843.000  7.40470e-01
  3844.000  7.82100e-01
  3845.000  8.09660e-01
  3846.000  8.27270e-01
  3847.000  8.42430e-01
  3848.000  8.55610e-01
  3849.000  8.62410e-01
  3850.000  8.63290e-01
  3851.000  8.66060e-01
  3852.000  8.79160e-01
  3853.000  8.94510e-01
  3854.000  8.97360e-01
  3855.000  8.92460e-01
  3856.000  8.79880e-01
  3857.000  8.72930e-01
  3858.000  8.70060e-01
  3859.000  8.62170e-01
  3860.000  8.53870e-01
  3861.000  8.60930e-01
  3862.000  8.82740e-01
  3863.000  9.08200e-01
  3864.000  9.18860e-01
  3865.000  9.20180e-01
  3866.000  9.19980e-01
  3867.000  9.29070e-01
  3868.000  9.55320e-01
  3869.000  9.79340e-01
  3870.000  9.72710e-01
  3871.000  9.28800e-01
  3872.000  8.77740e-01
  3873.000  8.46020e-01
  3874.000  8.42110e-01
  3875.000  8.57580e-01
  3876.000  8.66960e-01
  3877.000  8.57800e-01
  3878.000  8.32320e-01
  3879.000  8.10740e-01
  3880.000  8.01130e-01
  3881.000  7.96880e-01
  3882.000  7.81650e-01
  3883.000  7.57770e-01
  3884.000  7.34670e-01
  3885.000  7.07500e-01
  3886.000  6.72830e-01
  3887.000  6.58180e-01
  3888.000  6.89820e-01
  3889.000  7.49210e-01
  3890.000  7.68930e-01
  3891.000  7.29690e-01
  3892.000  6.86250e-01
  3893.000  6.84960e-01
  3894.000  7.08460e-01
  3895.000  7.32450e-01
  3896.000  7.58200e-01
  3897.000  7.82900e-01
  3898.000  8.05400e-01
  3899.000  8.18750e-01
  3900.000  8.24870e-01
  3901.000  8.38960e-01
  3902.000  8.58630e-01
  3903.000  8.66990e-01
  3904.000  8.63700e-01
  3905.000  8.59660e-01
  3906.000  8.55990e-01
  3907.000  8.62770e-01
  3908.000  8.84420e-01
  3909.000  9.10480e-01
  3910.000  9.32280e-01
  3911.000  9.41570e-01
  3912.000  9.46900e-01
  3913.000  9.44030e-01
  3914.000  9.36640e-01
  3915.000  9.29580e-01
  3916.000  9.27120e-01
  3917.000  9.26590e-01
  3918.000  9.17600e-01
  3919.000  9.05780e-01
  3920.000  8.92920e-01
  3921.000  8.82710e-01
  3922.000  8.80060e-01
  3923.000  8.84240e-01
  3924.000  8.88830e-01
  3925.000  8.87670e-01
  3926.000  8.74380e-01
  3927.000  8.47330e-01
  3928.000  8.17880e-01
  3929.000  7.82480e-01
  3930.000  7.43140e-01
  3931.000  6.95420e-01
  3932.000  6.35540e-01
  3933.000  5.67210e-01
  3934.000  5.19590e-01
  3935.000  5.23880e-01
  3936.000  5.85770e-01
  3937.000  6.60310e-01
  3938.000  7.23220e-01
  3939.000  7.70940e-01
  3940.000  8.08690e-01
  3941.000  8.37580e-01
  3942.000  8.49760e-01
  3943.000  8.52180e-01
  3944.000  8.49790e-01
  3945.000  8.54340e-01
  3946.000  8.69130e-01
  3947.000  8.85400e-01
  3948.000  8.92140e-01
  3949.000  8.91640e-01
  3950.000  8.93190e-01
  3951.000  8.97720e-01
  3952.000  8.99520e-01
  3953.000  8.94870e-01
  3954.000  8.93500e-01
  3955.000  8.89940e-01
  3956.000  8.80610e-01
  3957.000  8.66760e-01
  3958.000  8.55090e-01
  3959.000  8.54230e-01
  3960.000  8.43120e-01
  3961.000  8.11560e-01
  3962.000  7.67820e-01
  3963.000  7.23510e-01
  3964.000  6.88080e-01
  3965.000  6.47950e-01
  3966.000  5.99510e-01
  3967.000  5.45100e-01
  3968.000  5.01210e-01
  3969.000  5.10610e-01
  3970.000  5.76180e-01
  3971.000  6.34750e-01
  3972.000  6.29740e-01
  3973.000  5.95440e-01
  3974.000  5.95410e-01
  3975.000  6.33680e-01
  3976.000  6.84380e-01
  3977.000  7.34340e-01
  3978.000  7.73830e-01
  3979.000  8.12540e-01
  3980.000  8.45120e-01
  3981.000  8.68300e-01
  3982.000  8.76510e-01
  3983.000  8.79480e-01
  3984.000  8.85040e-01
  3985.000  8.96400e-01
  3986.000  9.10630e-01
  3987.000  9.23540e-01
  3988.000  9.37340e-01
  3989.000  9.48480e-01
  3990.000  9.57570e-01
  3991.000  9.62580e-01
  3992.000  9.70930e-01
  3993.000  9.81470e-01
  3994.000  9.86940e-01
  3995.000  9.82630e-01
  3996.000  9.67280e-01
  3997.000  9.54840e-01
  3998.000  9.51910e-01
  3999.000  9.61350e-01
  4000.000  9.81990e-01
  4001.000  9.99290e-01
  4002.000  1.01100e+00
  4003.000  1.01070e+00
  4004.000  1.00130e+00
  4005.000  9.80060e-01
  4006.000  9.55580e-01
  4007.000  9.51990e-01
  4008.000  9.68250e-01
  4009.000  9.83870e-01
  4010.000  9.94430e-01
  4011.000  1.00220e+00
  4012.000  1.00480e+00
  4013.000  1.00880e+00
  4014.000  1.01410e+00
  4015.000  1.01950e+00
  4016.000  1.02370e+00
  4017.000  1.02490e+00
  4018.000  1.02820e+00
  4019.000  1.03220e+00
  4020.000  1.03960e+00
  4021.000  1.04120e+00
  4022.000  1.03300e+00
  4023.000  1.01830e+00
  4024.000  1.00240e+00
  4025.000  9.87980e-01
  4026.000  9.85640e-01
  4027.000  9.98590e-01
  4028.000  1.01260e+00
  4029.000  1.01730e+00
  4030.000  1.00330e+00
  4031.000  9.78830e-01
  4032.000  9.57910e-01
  4033.000  9.51500e-01
  4034.000  9.56450e-01
  4035.000  9.70630e-01
  4036.000  9.93890e-01
  4037.000  1.02080e+00
  4038.000  1.04340e+00
  4039.000  1.05400e+00
  4040.000  1.04950e+00
  4041.000  1.03820e+00
  4042.000  1.02870e+00
  4043.000  1.02240e+00
  4044.000  1.00310e+00
  4045.000  9.69210e-01
  4046.000  9.39440e-01
  4047.000  9.40830e-01
  4048.000  9.70800e-01
  4049.000  1.00550e+00
  4050.000  1.02730e+00
  4051.000  1.03570e+00
  4052.000  1.03230e+00
  4053.000  1.02060e+00
  4054.000  1.00620e+00
  4055.000  9.94730e-01
  4056.000  9.86250e-01
  4057.000  9.81490e-01
  4058.000  9.75890e-01
  4059.000  9.79920e-01
  4060.000  9.93330e-01
  4061.000  1.00330e+00
  4062.000  9.98790e-01
  4063.000  9.73180e-01
  4064.000  9.48610e-01
  4065.000  9.45870e-01
  4066.000  9.61180e-01
  4067.000  9.77790e-01
  4068.000  9.98680e-01
  4069.000  1.02060e+00
  4070.000  1.02440e+00
  4071.000  9.99470e-01
  4072.000  9.67370e-01
  4073.000  9.54260e-01
  4074.000  9.61980e-01
  4075.000  9.70190e-01
  4076.000  9.60350e-01
  4077.000  9.34520e-01
  4078.000  9.14230e-01
  4079.000  9.16700e-01
  4080.000  9.40640e-01
  4081.000  9.71030e-01
  4082.000  9.88920e-01
  4083.000  9.86920e-01
  4084.000  9.69590e-01
  4085.000  9.53850e-01
  4086.000  9.46400e-01
  4087.000  9.52300e-01
  4088.000  9.63540e-01
  4089.000  9.68530e-01
  4090.000  9.67330e-01
  4091.000  9.57720e-01
  4092.000  9.40870e-01
  4093.000  9.25860e-01
  4094.000  9.09140e-01
  4095.000  8.83910e-01
  4096.000  8.51400e-01
  4097.000  8.15130e-01
  4098.000  7.82660e-01
  4099.000  7.66480e-01
  4100.000  7.87230e-01
  4101.000  8.69190e-01
  4102.000  9.68210e-01
  4103.000  9.81110e-01
  4104.000  8.94700e-01
  4105.000  8.01150e-01
  4106.000  7.73880e-01
  4107.000  7.97040e-01
  4108.000  8.24590e-01
  4109.000  8.43460e-01
  4110.000  8.57730e-01
  4111.000  8.67030e-01
  4112.000  8.79810e-01
  4113.000  9.00170e-01
  4114.000  9.23000e-01
  4115.000  9.42660e-01
  4116.000  9.56960e-01
  4117.000  9.62280e-01
  4118.000  9.58060e-01
  4119.000  9.47120e-01
  4120.000  9.36720e-01
  4121.000  9.34450e-01
  4122.000  9.40960e-01
  4123.000  9.49390e-01
  4124.000  9.60990e-01
  4125.000  9.73160e-01
  4126.000  9.79810e-01
  4127.000  9.75660e-01
  4128.000  9.63530e-01
  4129.000  9.50950e-01
  4130.000  9.44250e-01
  4131.000  9.42940e-01
  4132.000  9.34300e-01
  4133.000  9.27450e-01
  4134.000  9.32090e-01
  4135.000  9.52620e-01
  4136.000  9.77270e-01
  4137.000  9.98280e-01
  4138.000  1.01180e+00
  4139.000  1.01730e+00
  4140.000  1.02340e+00
  4141.000  1.01940e+00
  4142.000  9.94090e-01
  4143.000  9.58660e-01
  4144.000  9.29410e-01
  4145.000  9.26020e-01
  4146.000  9.46950e-01
  4147.000  9.73040e-01
  4148.000  9.89510e-01
  4149.000  9.94050e-01
  4150.000  9.86780e-01
  4151.000  9.81370e-01
  4152.000  9.80580e-01
  4153.000  9.75300e-01
  4154.000  9.68460e-01
  4155.000  9.61690e-01
  4156.000  9.58260e-01
  4157.000  9.60820e-01
  4158.000  9.72070e-01
  4159.000  9.84980e-01
  4160.000  9.95950e-01
  4161.000  1.00140e+00
  4162.000  1.00600e+00
  4163.000  1.01040e+00
  4164.000  1.01500e+00
  4165.000  1.01230e+00
  4166.000  1.00550e+00
  4167.000  9.96620e-01
  4168.000  9.88390e-01
  4169.000  9.86930e-01
  4170.000  9.85510e-01
  4171.000  9.75840e-01
  4172.000  9.54230e-01
  4173.000  9.26910e-01
  4174.000  9.15160e-01
  4175.000  9.22680e-01
  4176.000  9.36660e-01
  4177.000  9.45450e-01
  4178.000  9.43940e-01
  4179.000  9.45180e-01
  4180.000  9.53150e-01
  4181.000  9.61310e-01
  4182.000  9.64310e-01
  4183.000  9.65600e-01
  4184.000  9.68330e-01
  4185.000  9.74710e-01
  4186.000  9.78440e-01
  4187.000  9.70360e-01
  4188.000  9.58210e-01
  4189.000  9.60000e-01
  4190.000  9.69480e-01
  4191.000  9.80720e-01
  4192.000  9.88960e-01
  4193.000  9.98690e-01
  4194.000  1.00600e+00
  4195.000  1.00190e+00
  4196.000  9.83750e-01
  4197.000  9.63250e-01
  4198.000  9.45860e-01
  4199.000  9.34940e-01
  4200.000  9.33540e-01
  4201.000  9.37730e-01
  4202.000  9.41390e-01
  4203.000  9.45220e-01
  4204.000  9.50560e-01
  4205.000  9.60960e-01
  4206.000  9.73050e-01
  4207.000  9.85470e-01
  4208.000  9.98750e-01
  4209.000  1.00360e+00
  4210.000  1.00290e+00
  4211.000  1.00120e+00
  4212.000  1.00350e+00
  4213.000  1.00840e+00
  4214.000  1.00200e+00
  4215.000  9.82260e-01
  4216.000  9.68310e-01
  4217.000  9.66130e-01
  4218.000  9.82240e-01
  4219.000  1.00360e+00
  4220.000  1.01540e+00
  4221.000  1.02210e+00
  4222.000  1.01850e+00
  4223.000  1.00080e+00
  4224.000  9.71200e-01
  4225.000  9.31070e-01
  4226.000  8.91010e-01
  4227.000  8.61990e-01
  4228.000  8.66260e-01
  4229.000  9.07320e-01
  4230.000  9.58080e-01
  4231.000  9.92190e-01
  4232.000  1.00020e+00
  4233.000  9.87690e-01
  4234.000  9.70890e-01
  4235.000  9.60670e-01
  4236.000  9.56590e-01
  4237.000  9.52860e-01
  4238.000  9.54630e-01
  4239.000  9.60980e-01
  4240.000  9.68520e-01
  4241.000  9.77750e-01
  4242.000  9.89550e-01
  4243.000  9.98240e-01
  4244.000  1.00690e+00
  4245.000  1.01550e+00
  4246.000  1.01100e+00
  4247.000  9.94390e-01
  4248.000  9.76780e-01
  4249.000  9.63480e-01
  4250.000  9.55510e-01
  4251.000  9.50780e-01
  4252.000  9.52760e-01
  4253.000  9.62730e-01
  4254.000  9.64050e-01
  4255.000  9.61390e-01
  4256.000  9.66740e-01
  4257.000  9.78070e-01
  4258.000  9.84230e-01
  4259.000  9.74220e-01
  4260.000  9.51510e-01
  4261.000  9.37120e-01
  4262.000  9.42460e-01
  4263.000  9.68240e-01
  4264.000  9.97400e-01
  4265.000  1.01780e+00
  4266.000  1.02430e+00
  4267.000  1.01710e+00
  4268.000  1.00050e+00
  4269.000  9.79260e-01
  4270.000  9.57920e-01
  4271.000  9.31050e-01
  4272.000  9.05660e-01
  4273.000  8.96110e-01
  4274.000  9.01060e-01
  4275.000  9.11770e-01
  4276.000  9.31170e-01
  4277.000  9.57280e-01
  4278.000  9.81830e-01
  4279.000  9.93290e-01
  4280.000  9.88780e-01
  4281.000  9.76630e-01
  4282.000  9.66480e-01
  4283.000  9.63450e-01
  4284.000  9.62660e-01
  4285.000  9.58470e-01
  4286.000  9.53370e-01
  4287.000  9.49360e-01
  4288.000  9.43440e-01
  4289.000  9.25800e-01
  4290.000  9.01430e-01
  4291.000  8.89330e-01
  4292.000  8.99780e-01
  4293.000  9.23230e-01
  4294.000  9.37990e-01
  4295.000  9.38570e-01
  4296.000  9.30530e-01
  4297.000  9.19230e-01
  4298.000  9.02810e-01
  4299.000  8.74960e-01
  4300.000  8.44950e-01
  4301.000  8.25320e-01
  4302.000  8.21120e-01
  4303.000  8.29040e-01
  4304.000  8.37540e-01
  4305.000  8.46210e-01
  4306.000  8.50030e-01
  4307.000  8.42860e-01
  4308.000  8.29560e-01
  4309.000  8.20030e-01
  4310.000  8.25670e-01
  4311.000  8.43740e-01
  4312.000  8.65630e-01
  4313.000  8.79840e-01
  4314.000  8.89950e-01
  4315.000  9.05280e-01
  4316.000  9.34690e-01
  4317.000  9.70230e-01
  4318.000  9.94560e-01
  4319.000  1.00010e+00
  4320.000  9.92680e-01
  4321.000  9.78300e-01
  4322.000  9.62120e-01
  4323.000  9.40810e-01
  4324.000  9.09920e-01
  4325.000  8.71460e-01
  4326.000  8.44340e-01
  4327.000  8.46800e-01
  4328.000  8.75870e-01
  4329.000  9.10120e-01
  4330.000  9.26590e-01
  4331.000  9.23900e-01
  4332.000  9.13290e-01
  4333.000  9.03490e-01
  4334.000  8.95450e-01
  4335.000  8.83050e-01
  4336.000  8.62280e-01
  4337.000  8.29100e-01
  4338.000  8.18450e-01
  4339.000  9.07060e-01
  4340.000  1.11520e+00
  4341.000  1.30800e+00
  4342.000  1.29840e+00
  4343.000  1.10150e+00
  4344.000  9.01820e-01
  4345.000  8.11840e-01
  4346.000  8.09580e-01
  4347.000  8.37000e-01
  4348.000  8.63060e-01
  4349.000  8.85530e-01
  4350.000  8.95030e-01
  4351.000  8.83440e-01
  4352.000  8.63430e-01
  4353.000  8.56890e-01
  4354.000  8.74410e-01
  4355.000  9.05710e-01
  4356.000  9.35680e-01
  4357.000  9.56060e-01
  4358.000  9.69110e-01
  4359.000  9.72110e-01
  4360.000  9.71860e-01
  4361.000  9.80650e-01
  4362.000  9.97410e-01
  4363.000  1.01100e+00
  4364.000  1.02290e+00
  4365.000  1.02690e+00
  4366.000  1.02350e+00
  4367.000  1.01070e+00
  4368.000  9.90310e-01
  4369.000  9.75580e-01
  4370.000  9.71900e-01
  4371.000  9.76450e-01
  4372.000  9.79610e-01
  4373.000  9.74350e-01
  4374.000  9.59180e-01
  4375.000  9.42660e-01
  4376.000  9.38050e-01
  4377.000  9.53850e-01
  4378.000  9.81150e-01
  4379.000  1.00170e+00
  4380.000  1.00490e+00
  4381.000  9.94560e-01
  4382.000  9.68330e-01
  4383.000  9.25220e-01
  4384.000  8.77870e-01
  4385.000  8.53020e-01
  4386.000  8.64200e-01
  4387.000  8.95490e-01
  4388.000  9.21750e-01
  4389.000  9.35720e-01
  4390.000  9.41710e-01
  4391.000  9.43850e-01
  4392.000  9.52730e-01
  4393.000  9.62950e-01
  4394.000  9.67050e-01
  4395.000  9.62770e-01
  4396.000  9.61210e-01
  4397.000  9.76770e-01
  4398.000  9.94700e-01
  4399.000  9.99540e-01
  4400.000  9.88330e-01
  4401.000  9.72250e-01
  4402.000  9.68030e-01
  4403.000  9.71800e-01
  4404.000  9.63370e-01
  4405.000  9.44950e-01
  4406.000  9.34890e-01
  4407.000  9.39600e-01
  4408.000  9.48330e-01
  4409.000  9.58650e-01
  4410.000  9.71290e-01
  4411.000  9.91800e-01
  4412.000  1.01230e+00
  4413.000  1.02100e+00
  4414.000  1.01120e+00
  4415.000  9.82720e-01
  4416.000  9.55370e-01
  4417.000  9.43460e-01
  4418.000  9.53330e-01
  4419.000  9.76350e-01
  4420.000  9.99880e-01
  4421.000  1.01210e+00
  4422.000  1.00760e+00
  4423.000  9.94320e-01
  4424.000  9.88160e-01
  4425.000  9.88620e-01
  4426.000  9.91670e-01
  4427.000  9.93080e-01
  4428.000  9.93540e-01
  4429.000  9.94180e-01
  4430.000  9.91910e-01
  4431.000  9.84890e-01
  4432.000  9.82380e-01
  4433.000  9.80300e-01
  4434.000  9.71340e-01
  4435.000  9.60220e-01
  4436.000  9.53390e-01
  4437.000  9.66700e-01
  4438.000  9.96050e-01
  4439.000  1.02380e+00
  4440.000  1.03360e+00
  4441.000  1.02510e+00
  4442.000  1.00070e+00
  4443.000  9.75400e-01
  4444.000  9.65230e-01
  4445.000  9.77070e-01
  4446.000  1.00230e+00
  4447.000  1.02270e+00
  4448.000  1.03070e+00
  4449.000  1.03080e+00
  4450.000  1.02760e+00
  4451.000  1.02340e+00
  4452.000  1.02130e+00
  4453.000  1.01510e+00
  4454.000  1.00170e+00
  4455.000  9.80050e-01
  4456.000  9.62350e-01
  4457.000  9.57900e-01
  4458.000  9.61810e-01
  4459.000  9.64120e-01
  4460.000  9.63270e-01
  4461.000  9.60680e-01
  4462.000  9.58170e-01
  4463.000  9.65840e-01
  4464.000  9.80470e-01
  4465.000  9.92110e-01
  4466.000  9.94790e-01
  4467.000  9.91860e-01
  4468.000  9.83020e-01
  4469.000  9.74100e-01
  4470.000  9.71890e-01
  4471.000  9.84390e-01
  4472.000  1.00840e+00
  4473.000  1.02990e+00
  4474.000  1.04330e+00
  4475.000  1.04910e+00
  4476.000  1.05550e+00
  4477.000  1.05960e+00
  4478.000  1.06070e+00
  4479.000  1.04870e+00
  4480.000  1.01900e+00
  4481.000  9.78980e-01
  4482.000  9.53560e-01
  4483.000  9.56490e-01
  4484.000  9.88370e-01
  4485.000  1.02530e+00
  4486.000  1.05380e+00
  4487.000  1.06450e+00
  4488.000  1.05440e+00
  4489.000  1.03010e+00
  4490.000  1.00880e+00
  4491.000  1.00390e+00
  4492.000  1.01220e+00
  4493.000  1.02200e+00
  4494.000  1.02280e+00
  4495.000  1.01530e+00
  4496.000  1.00860e+00
  4497.000  1.01230e+00
  4498.000  1.02650e+00
  4499.000  1.04230e+00
  4500.000  1.04940e+00
  4501.000  1.04550e+00
  4502.000  1.04030e+00
  4503.000  1.04830e+00
  4504.000  1.06870e+00
  4505.000  1.08990e+00
  4506.000  1.09500e+00
  4507.000  1.08900e+00
  4508.000  1.07910e+00
  4509.000  1.07190e+00
  4510.000  1.07120e+00
  4511.000  1.07570e+00
  4512.000  1.07490e+00
  4513.000  1.06660e+00
  4514.000  1.05460e+00
  4515.000  1.04400e+00
  4516.000  1.03870e+00
  4517.000  1.03860e+00
  4518.000  1.04000e+00
  4519.000  1.04100e+00
  4520.000  1.04540e+00
  4521.000  1.04920e+00
  4522.000  1.04770e+00
  4523.000  1.04040e+00
  4524.000  1.03050e+00
  4525.000  1.02150e+00
  4526.000  1.01060e+00
  4527.000  9.94680e-01
  4528.000  9.77710e-01
  4529.000  9.64240e-01
  4530.000  9.60380e-01
  4531.000  9.66360e-01
  4532.000  9.78560e-01
  4533.000  9.84630e-01
  4534.000  9.79550e-01
  4535.000  9.70700e-01
  4536.000  9.75840e-01
  4537.000  9.99440e-01
  4538.000  1.03110e+00
  4539.000  1.05170e+00
  4540.000  1.05020e+00
  4541.000  1.03870e+00
  4542.000  1.03160e+00
  4543.000  1.03090e+00
  4544.000  1.03330e+00
  4545.000  1.03140e+00
  4546.000  1.02580e+00
  4547.000  1.02250e+00
  4548.000  1.01530e+00
  4549.000  1.00210e+00
  4550.000  9.88370e-01
  4551.000  9.84920e-01
  4552.000  9.88140e-01
  4553.000  9.91010e-01
  4554.000  9.88750e-01
  4555.000  9.85650e-01
  4556.000  9.86140e-01
  4557.000  1.00170e+00
  4558.000  1.02290e+00
  4559.000  1.04280e+00
  4560.000  1.05560e+00
  4561.000  1.06210e+00
  4562.000  1.06450e+00
  4563.000  1.05780e+00
  4564.000  1.04280e+00
  4565.000  1.02490e+00
  4566.000  1.01750e+00
  4567.000  1.02580e+00
  4568.000  1.04270e+00
  4569.000  1.05660e+00
  4570.000  1.05960e+00
  4571.000  1.05100e+00
  4572.000  1.03910e+00
  4573.000  1.03480e+00
  4574.000  1.04160e+00
  4575.000  1.05190e+00
  4576.000  1.05590e+00
  4577.000  1.05470e+00
  4578.000  1.05030e+00
  4579.000  1.04160e+00
  4580.000  1.02750e+00
  4581.000  1.01190e+00
  4582.000  1.00180e+00
  4583.000  9.98100e-01
  4584.000  9.99310e-01
  4585.000  9.99300e-01
  4586.000  1.00340e+00
  4587.000  1.01180e+00
  4588.000  1.02340e+00
  4589.000  1.03540e+00
  4590.000  1.03920e+00
  4591.000  1.03570e+00
  4592.000  1.02540e+00
  4593.000  1.01410e+00
  4594.000  1.01190e+00
  4595.000  1.01310e+00
  4596.000  1.01370e+00
  4597.000  1.01420e+00
  4598.000  1.01840e+00
  4599.000  1.02420e+00
  4600.000  1.02620e+00
  4601.000  1.02400e+00
  4602.000  1.02190e+00
  4603.000  1.02280e+00
  4604.000  1.02690e+00
  4605.000  1.02990e+00
  4606.000  1.03210e+00
  4607.000  1.03910e+00
  4608.000  1.05230e+00
  4609.000  1.06700e+00
  4610.000  1.07700e+00
  4611.000  1.07650e+00
  4612.000  1.06820e+00
  4613.000  1.05850e+00
  4614.000  1.05530e+00
  4615.000  1.05750e+00
  4616.000  1.05940e+00
  4617.000  1.05920e+00
  4618.000  1.05580e+00
  4619.000  1.05030e+00
  4620.000  1.04690e+00
  4621.000  1.04850e+00
  4622.000  1.05480e+00
  4623.000  1.06220e+00
  4624.000  1.06830e+00
  4625.000  1.06750e+00
  4626.000  1.06420e+00
  4627.000  1.06080e+00
  4628.000  1.05710e+00
  4629.000  1.05300e+00
  4630.000  1.05070e+00
  4631.000  1.05230e+00
  4632.000  1.05500e+00
  4633.000  1.05700e+00
  4634.000  1.05050e+00
  4635.000  1.04210e+00
  4636.000  1.03750e+00
  4637.000  1.03490e+00
  4638.000  1.03070e+00
  4639.000  1.02470e+00
  4640.000  1.02250e+00
  4641.000  1.02480e+00
  4642.000  1.03240e+00
  4643.000  1.03920e+00
  4644.000  1.03910e+00
  4645.000  1.03180e+00
  4646.000  1.01670e+00
  4647.000  9.99250e-01
  4648.000  9.84350e-01
  4649.000  9.81690e-01
  4650.000  9.92920e-01
  4651.000  1.00790e+00
  4652.000  1.02270e+00
  4653.000  1.03280e+00
  4654.000  1.03550e+00
  4655.000  1.02960e+00
  4656.000  1.02050e+00
  4657.000  1.02110e+00
  4658.000  1.03360e+00
  4659.000  1.05430e+00
  4660.000  1.07300e+00
  4661.000  1.07720e+00
  4662.000  1.06740e+00
  4663.000  1.04910e+00
  4664.000  1.03210e+00
  4665.000  1.01810e+00
  4666.000  1.00340e+00
  4667.000  9.82240e-01
  4668.000  9.62110e-01
  4669.000  9.57530e-01
  4670.000  9.69680e-01
  4671.000  9.91960e-01
  4672.000  1.01190e+00
  4673.000  1.02210e+00
  4674.000  1.02450e+00
  4675.000  1.02800e+00
  4676.000  1.03490e+00
  4677.000  1.04070e+00
  4678.000  1.03950e+00
  4679.000  1.03230e+00
  4680.000  1.02120e+00
  4681.000  1.01270e+00
  4682.000  1.01190e+00
  4683.000  1.01880e+00
  4684.000  1.03030e+00
  4685.000  1.04070e+00
  4686.000  1.04730e+00
  4687.000  1.04760e+00
  4688.000  1.04250e+00
  4689.000  1.03880e+00
  4690.000  1.03250e+00
  4691.000  1.02880e+00
  4692.000  1.02670e+00
  4693.000  1.02550e+00
  4694.000  1.02980e+00
  4695.000  1.03800e+00
  4696.000  1.04270e+00
  4697.000  1.04410e+00
  4698.000  1.03450e+00
  4699.000  1.01800e+00
  4700.000  1.00550e+00
  4701.000  9.99860e-01
  4702.000  9.96130e-01
  4703.000  9.91210e-01
  4704.000  9.88490e-01
  4705.000  9.92980e-01
  4706.000  9.98840e-01
  4707.000  1.00060e+00
  4708.000  9.96670e-01
  4709.000  9.91520e-01
  4710.000  9.91410e-01
  4711.000  9.99990e-01
  4712.000  1.01030e+00
  4713.000  1.01640e+00
  4714.000  1.01340e+00
  4715.000  1.00780e+00
  4716.000  1.00800e+00
  4717.000  1.01790e+00
  4718.000  1.03180e+00
  4719.000  1.04510e+00
  4720.000  1.05340e+00
  4721.000  1.05630e+00
  4722.000  1.05650e+00
  4723.000  1.05410e+00
  4724.000  1.05250e+00
  4725.000  1.05400e+00
  4726.000  1.05220e+00
  4727.000  1.03930e+00
  4728.000  1.02030e+00
  4729.000  9.99160e-01
  4730.000  9.86860e-01
  4731.000  9.85810e-01
  4732.000  9.91760e-01
  4733.000  1.00080e+00
  4734.000  1.01230e+00
  4735.000  1.02010e+00
  4736.000  1.02080e+00
  4737.000  1.01940e+00
  4738.000  1.01940e+00
  4739.000  1.02300e+00
  4740.000  1.03020e+00
  4741.000  1.03320e+00
  4742.000  1.03340e+00
  4743.000  1.03380e+00
  4744.000  1.03640e+00
  4745.000  1.03990e+00
  4746.000  1.03970e+00
  4747.000  1.04220e+00
  4748.000  1.04670e+00
  4749.000  1.04900e+00
  4750.000  1.04940e+00
  4751.000  1.04740e+00
  4752.000  1.04330e+00
  4753.000  1.03630e+00
  4754.000  1.02950e+00
  4755.000  1.02380e+00
  4756.000  1.01910e+00
  4757.000  1.01680e+00
  4758.000  1.01970e+00
  4759.000  1.02380e+00
  4760.000  1.02750e+00
  4761.000  1.02470e+00
  4762.000  1.01550e+00
  4763.000  9.98850e-01
  4764.000  9.83420e-01
  4765.000  9.74790e-01
  4766.000  9.73370e-01
  4767.000  9.77180e-01
  4768.000  9.87150e-01
  4769.000  1.00130e+00
  4770.000  1.01430e+00
  4771.000  1.02080e+00
  4772.000  1.02090e+00
  4773.000  1.01960e+00
  4774.000  1.02330e+00
  4775.000  1.03140e+00
  4776.000  1.04120e+00
  4777.000  1.04440e+00
  4778.000  1.04660e+00
  4779.000  1.04400e+00
  4780.000  1.04010e+00
  4781.000  1.03330e+00
  4782.000  1.02700e+00
  4783.000  1.02160e+00
  4784.000  1.01730e+00
  4785.000  1.01290e+00
  4786.000  1.01020e+00
  4787.000  1.00710e+00
  4788.000  1.00310e+00
  4789.000  1.00210e+00
  4790.000  1.00360e+00
  4791.000  1.00670e+00
  4792.000  1.01240e+00
  4793.000  1.02410e+00
  4794.000  1.03710e+00
  4795.000  1.04930e+00
  4796.000  1.05610e+00
  4797.000  1.05380e+00
  4798.000  1.04250e+00
  4799.000  1.02870e+00
  4800.000  1.01770e+00
  4801.000  1.01430e+00
  4802.000  1.02070e+00
  4803.000  1.02770e+00
  4804.000  1.03170e+00
  4805.000  1.02630e+00
  4806.000  1.01630e+00
  4807.000  1.00930e+00
  4808.000  1.00720e+00
  4809.000  1.00720e+00
  4810.000  1.01000e+00
  4811.000  1.01290e+00
  4812.000  1.01720e+00
  4813.000  1.01940e+00
  4814.000  1.02130e+00
  4815.000  1.02480e+00
  4816.000  1.03030e+00
  4817.000  1.03520e+00
  4818.000  1.03810e+00
  4819.000  1.04160e+00
  4820.000  1.04130e+00
  4821.000  1.03820e+00
  4822.000  1.02960e+00
  4823.000  1.01570e+00
  4824.000  9.99560e-01
  4825.000  9.89650e-01
  4826.000  9.94170e-01
  4827.000  1.00170e+00
  4828.000  1.00660e+00
  4829.000  1.00610e+00
  4830.000  1.00380e+00
  4831.000  9.99720e-01
  4832.000  9.94790e-01
  4833.000  9.91360e-01
  4834.000  9.92790e-01
  4835.000  9.96510e-01
  4836.000  1.00020e+00
  4837.000  1.00050e+00
  4838.000  9.96300e-01
  4839.000  9.90710e-01
  4840.000  9.80910e-01
  4841.000  9.74310e-01
  4842.000  9.70650e-01
  4843.000  9.69820e-01
  4844.000  9.69540e-01
  4845.000  9.72760e-01
  4846.000  9.74150e-01
  4847.000  9.72100e-01
  4848.000  9.63300e-01
  4849.000  9.49720e-01
  4850.000  9.40310e-01
  4851.000  9.37650e-01
  4852.000  9.36250e-01
  4853.000  9.29180e-01
  4854.000  9.14230e-01
  4855.000  8.91050e-01
  4856.000  8.68200e-01
  4857.000  8.55410e-01
  4858.000  8.74550e-01
  4859.000  9.91410e-01
  4860.000  1.30530e+00
  4861.000  1.80700e+00
  4862.000  2.23970e+00
  4863.000  2.25150e+00
  4864.000  1.82450e+00
  4865.000  1.30310e+00
  4866.000  9.80470e-01
  4867.000  8.70180e-01
  4868.000  8.57710e-01
  4869.000  8.65530e-01
  4870.000  8.72000e-01
  4871.000  8.68470e-01
  4872.000  8.63180e-01
  4873.000  8.63950e-01
  4874.000  8.74940e-01
  4875.000  8.92440e-01
  4876.000  9.08970e-01
  4877.000  9.21340e-01
  4878.000  9.32390e-01
  4879.000  9.45590e-01
  4880.000  9.58240e-01
  4881.000  9.67220e-01
  4882.000  9.66930e-01
  4883.000  9.60690e-01
  4884.000  9.54990e-01
  4885.000  9.50360e-01
  4886.000  9.43820e-01
  4887.000  9.37720e-01
  4888.000  9.35920e-01
  4889.000  9.39630e-01
  4890.000  9.39070e-01
  4891.000  9.31110e-01
  4892.000  9.28410e-01
  4893.000  9.41360e-01
  4894.000  9.68740e-01
  4895.000  9.96900e-01
  4896.000  1.02120e+00
  4897.000  1.03380e+00
  4898.000  1.03470e+00
  4899.000  1.02850e+00
  4900.000  1.01790e+00
  4901.000  1.00820e+00
  4902.000  1.00320e+00
  4903.000  1.00030e+00
  4904.000  9.97790e-01
  4905.000  1.00270e+00
  4906.000  1.01150e+00
  4907.000  1.02140e+00
  4908.000  1.02130e+00
  4909.000  1.00960e+00
  4910.000  9.92930e-01
  4911.000  9.77690e-01
  4912.000  9.74370e-01
  4913.000  9.82080e-01
  4914.000  9.95400e-01
  4915.000  1.00910e+00
  4916.000  1.01860e+00
  4917.000  1.01840e+00
  4918.000  1.00120e+00
  4919.000  9.68640e-01
  4920.000  9.36040e-01
  4921.000  9.13910e-01
  4922.000  9.13000e-01
  4923.000  9.26150e-01
  4924.000  9.40070e-01
  4925.000  9.50840e-01
  4926.000  9.63590e-01
  4927.000  9.84250e-01
  4928.000  1.00650e+00
  4929.000  1.02350e+00
  4930.000  1.03480e+00
  4931.000  1.03960e+00
  4932.000  1.03560e+00
  4933.000  1.02210e+00
  4934.000  1.00360e+00
  4935.000  9.92780e-01
  4936.000  9.89260e-01
  4937.000  9.88360e-01
  4938.000  9.80940e-01
  4939.000  9.67790e-01
  4940.000  9.64510e-01
  4941.000  9.77350e-01
  4942.000  9.97960e-01
  4943.000  1.01770e+00
  4944.000  1.03000e+00
  4945.000  1.03480e+00
  4946.000  1.03370e+00
  4947.000  1.03410e+00
  4948.000  1.03650e+00
  4949.000  1.03960e+00
  4950.000  1.04430e+00
  4951.000  1.04820e+00
  4952.000  1.04910e+00
  4953.000  1.04630e+00
  4954.000  1.04070e+00
  4955.000  1.03390e+00
  4956.000  1.02760e+00
  4957.000  1.02880e+00
  4958.000  1.05560e+00
  4959.000  1.10940e+00
  4960.000  1.15910e+00
  4961.000  1.16590e+00
  4962.000  1.12620e+00
  4963.000  1.07920e+00
  4964.000  1.04720e+00
  4965.000  1.02640e+00
  4966.000  1.00870e+00
  4967.000  9.97930e-01
  4968.000  9.90780e-01
  4969.000  9.90150e-01
  4970.000  9.91950e-01
  4971.000  9.97770e-01
  4972.000  1.00560e+00
  4973.000  1.01430e+00
  4974.000  1.02460e+00
  4975.000  1.03060e+00
  4976.000  1.03180e+00
  4977.000  1.02690e+00
  4978.000  1.01850e+00
  4979.000  1.00630e+00
  4980.000  9.94200e-01
  4981.000  9.80370e-01
  4982.000  9.62340e-01
  4983.000  9.44080e-01
  4984.000  9.33410e-01
  4985.000  9.36950e-01
  4986.000  9.51440e-01
  4987.000  9.73430e-01
  4988.000  9.93390e-01
  4989.000  1.00320e+00
  4990.000  1.00200e+00
  4991.000  9.97120e-01
  4992.000  9.90980e-01
  4993.000  9.90100e-01
  4994.000  9.92420e-01
  4995.000  9.95130e-01
  4996.000  9.99630e-01
  4997.000  1.00460e+00
  4998.000  1.00430e+00
  4999.000  9.98210e-01
  5000.000  9.86520e-01
  5001.000  9.74810e-01
  5002.000  9.68990e-01
  5003.000  9.76170e-01
  5004.000  1.00880e+00
  5005.000  1.08570e+00
  5006.000  1.22990e+00
  5007.000  1.40650e+00
  5008.000  1.50460e+00
  5009.000  1.44710e+00
  5010.000  1.28570e+00
  5011.000  1.12930e+00
  5012.000  1.02670e+00
  5013.000  9.71850e-01
  5014.000  9.44910e-01
  5015.000  9.36970e-01
  5016.000  9.39990e-01
  5017.000  9.47090e-01
  5018.000  9.45260e-01
  5019.000  9.38170e-01
  5020.000  9.36790e-01
  5021.000  9.42850e-01
  5022.000  9.49090e-01
  5023.000  9.54730e-01
  5024.000  9.60430e-01
  5025.000  9.69610e-01
  5026.000  9.76360e-01
  5027.000  9.76980e-01
  5028.000  9.74770e-01
  5029.000  9.75060e-01
  5030.000  9.79400e-01
  5031.000  9.89940e-01
  5032.000  1.00020e+00
  5033.000  1.00990e+00
  5034.000  1.01460e+00
  5035.000  1.01140e+00
  5036.000  9.97690e-01
  5037.000  9.79850e-01
  5038.000  9.67740e-01
  5039.000  9.57380e-01
  5040.000  9.44030e-01
  5041.000  9.25730e-01
  5042.000  9.14620e-01
  5043.000  9.24320e-01
  5044.000  9.49420e-01
  5045.000  9.80940e-01
  5046.000  1.00470e+00
  5047.000  1.01580e+00
  5048.000  1.01190e+00
  5049.000  9.96370e-01
  5050.000  9.77610e-01
  5051.000  9.65110e-01
  5052.000  9.63170e-01
  5053.000  9.68260e-01
  5054.000  9.80740e-01
  5055.000  9.96070e-01
  5056.000  1.00790e+00
  5057.000  1.01590e+00
  5058.000  1.01980e+00
  5059.000  1.02350e+00
  5060.000  1.02700e+00
  5061.000  1.03140e+00
  5062.000  1.03560e+00
  5063.000  1.03370e+00
  5064.000  1.02230e+00
  5065.000  1.00300e+00
  5066.000  9.85750e-01
  5067.000  9.78210e-01
  5068.000  9.78850e-01
  5069.000  9.82770e-01
  5070.000  9.85870e-01
  5071.000  9.89330e-01
  5072.000  9.90130e-01
  5073.000  9.87230e-01
  5074.000  9.85010e-01
  5075.000  9.87280e-01
  5076.000  9.87430e-01
  5077.000  9.86620e-01
  5078.000  9.84150e-01
  5079.000  9.71890e-01
  5080.000  9.54230e-01
  5081.000  9.40370e-01
  5082.000  9.35490e-01
  5083.000  9.43080e-01
  5084.000  9.55670e-01
  5085.000  9.68180e-01
  5086.000  9.78990e-01
  5087.000  9.88150e-01
  5088.000  9.94370e-01
  5089.000  9.98190e-01
  5090.000  1.00020e+00
  5091.000  1.00520e+00
  5092.000  1.00810e+00
  5093.000  1.01370e+00
  5094.000  1.01980e+00
  5095.000  1.01980e+00
  5096.000  1.01130e+00
  5097.000  9.97690e-01
  5098.000  9.79730e-01
  5099.000  9.61860e-01
  5100.000  9.51740e-01
  5101.000  9.54430e-01
  5102.000  9.68870e-01
  5103.000  9.83190e-01
  5104.000  9.91010e-01
  5105.000  9.92070e-01
  5106.000  9.87340e-01
  5107.000  9.79300e-01
  5108.000  9.71030e-01
  5109.000  9.64300e-01
  5110.000  9.62170e-01
  5111.000  9.64270e-01
  5112.000  9.71000e-01
  5113.000  9.82370e-01
  5114.000  9.92850e-01
  5115.000  1.00030e+00
  5116.000  1.00610e+00
  5117.000  1.01160e+00
  5118.000  1.01670e+00
  5119.000  1.02000e+00
  5120.000  1.01850e+00
  5121.000  1.00990e+00
  5122.000  9.95280e-01
  5123.000  9.79460e-01
  5124.000  9.63530e-01
  5125.000  9.51620e-01
  5126.000  9.45450e-01
  5127.000  9.46050e-01
  5128.000  9.46910e-01
  5129.000  9.47620e-01
  5130.000  9.50700e-01
  5131.000  9.55460e-01
  5132.000  9.62350e-01
  5133.000  9.69050e-01
  5134.000  9.75490e-01
  5135.000  9.81510e-01
  5136.000  9.85850e-01
  5137.000  9.84710e-01
  5138.000  9.75980e-01
  5139.000  9.63440e-01
  5140.000  9.54260e-01
  5141.000  9.52220e-01
  5142.000  9.53320e-01
  5143.000  9.52430e-01
  5144.000  9.51400e-01
  5145.000  9.52710e-01
  5146.000  9.53600e-01
  5147.000  9.53870e-01
  5148.000  9.52750e-01
  5149.000  9.53590e-01
  5150.000  9.55140e-01
  5151.000  9.55410e-01
  5152.000  9.53390e-01
  5153.000  9.50520e-01
  5154.000  9.47160e-01
  5155.000  9.49780e-01
  5156.000  9.58900e-01
  5157.000  9.72700e-01
  5158.000  9.86360e-01
  5159.000  1.00050e+00
  5160.000  1.00530e+00
  5161.000  1.00440e+00
  5162.000  9.97360e-01
  5163.000  9.85860e-01
  5164.000  9.70220e-01
  5165.000  9.50250e-01
  5166.000  9.20010e-01
  5167.000  8.80380e-01
  5168.000  8.43880e-01
  5169.000  8.23500e-01
  5170.000  8.24000e-01
  5171.000  8.35780e-01
  5172.000  8.38070e-01
  5173.000  8.33160e-01
  5174.000  8.35740e-01
  5175.000  8.58910e-01
  5176.000  8.98010e-01
  5177.000  9.34850e-01
  5178.000  9.58470e-01
  5179.000  9.67590e-01
  5180.000  9.67500e-01
  5181.000  9.55760e-01
  5182.000  9.29160e-01
  5183.000  8.92290e-01
  5184.000  8.55670e-01
  5185.000  8.40840e-01
  5186.000  8.56150e-01
  5187.000  8.91040e-01
  5188.000  9.25490e-01
  5189.000  9.47870e-01
  5190.000  9.59090e-01
  5191.000  9.58640e-01
  5192.000  9.47570e-01
  5193.000  9.32760e-01
  5194.000  9.25220e-01
  5195.000  9.29030e-01
  5196.000  9.43650e-01
  5197.000  9.65270e-01
  5198.000  9.96040e-01
  5199.000  1.02740e+00
  5200.000  1.05030e+00
  5201.000  1.05500e+00
  5202.000  1.04320e+00
  5203.000  1.01650e+00
  5204.000  9.85980e-01
  5205.000  9.56310e-01
  5206.000  9.30140e-01
  5207.000  9.13940e-01
  5208.000  9.06250e-01
  5209.000  9.06000e-01
  5210.000  9.13390e-01
  5211.000  9.28060e-01
  5212.000  9.48000e-01
  5213.000  9.69110e-01
  5214.000  9.82400e-01
  5215.000  9.84450e-01
  5216.000  9.76610e-01
  5217.000  9.68040e-01
  5218.000  9.66230e-01
  5219.000  9.75830e-01
  5220.000  9.89420e-01
  5221.000  1.00140e+00
  5222.000  1.00610e+00
  5223.000  1.00340e+00
  5224.000  9.91650e-01
  5225.000  9.67240e-01
  5226.000  9.39580e-01
  5227.000  9.14390e-01
  5228.000  9.04280e-01
  5229.000  9.15160e-01
  5230.000  9.42020e-01
  5231.000  9.67490e-01
  5232.000  9.80000e-01
  5233.000  9.77540e-01
  5234.000  9.66860e-01
  5235.000  9.60150e-01
  5236.000  9.63770e-01
  5237.000  9.74680e-01
  5238.000  9.89510e-01
  5239.000  1.00330e+00
  5240.000  1.01000e+00
  5241.000  1.01290e+00
  5242.000  1.01330e+00
  5243.000  1.01300e+00
  5244.000  1.01440e+00
  5245.000  1.01440e+00
  5246.000  1.01200e+00
  5247.000  1.00240e+00
  5248.000  9.88860e-01
  5249.000  9.77690e-01
  5250.000  9.70790e-01
  5251.000  9.66860e-01
  5252.000  9.67410e-01
  5253.000  9.71560e-01
  5254.000  9.76570e-01
  5255.000  9.79660e-01
  5256.000  9.82180e-01
  5257.000  9.90590e-01
  5258.000  1.00450e+00
  5259.000  1.01690e+00
  5260.000  1.02170e+00
  5261.000  1.01240e+00
  5262.000  9.92280e-01
  5263.000  9.63930e-01
  5264.000  9.32570e-01
  5265.000  9.06880e-01
  5266.000  8.91150e-01
  5267.000  8.87680e-01
  5268.000  8.91890e-01
  5269.000  8.94490e-01
  5270.000  8.90370e-01
  5271.000  8.90570e-01
  5272.000  9.03200e-01
  5273.000  9.25890e-01
  5274.000  9.45330e-01
  5275.000  9.52570e-01
  5276.000  9.56210e-01
  5277.000  9.66060e-01
  5278.000  9.83150e-01
  5279.000  9.99890e-01
  5280.000  1.00890e+00
  5281.000  1.00740e+00
  5282.000  9.96640e-01
  5283.000  9.82390e-01
  5284.000  9.73490e-01
  5285.000  9.78890e-01
  5286.000  9.93190e-01
  5287.000  1.01440e+00
  5288.000  1.03330e+00
  5289.000  1.04350e+00
  5290.000  1.04890e+00
  5291.000  1.04840e+00
  5292.000  1.04850e+00
  5293.000  1.04590e+00
  5294.000  1.04100e+00
  5295.000  1.03110e+00
  5296.000  1.01860e+00
  5297.000  1.00120e+00
  5298.000  9.80310e-01
  5299.000  9.68480e-01
  5300.000  9.67220e-01
  5301.000  9.79190e-01
  5302.000  9.90490e-01
  5303.000  1.00080e+00
  5304.000  1.01350e+00
  5305.000  1.02730e+00
  5306.000  1.03770e+00
  5307.000  1.04200e+00
  5308.000  1.04140e+00
  5309.000  1.04090e+00
  5310.000  1.04320e+00
  5311.000  1.04850e+00
  5312.000  1.04990e+00
  5313.000  1.04820e+00
  5314.000  1.04350e+00
  5315.000  1.03460e+00
  5316.000  1.02540e+00
  5317.000  1.01860e+00
  5318.000  1.01480e+00
  5319.000  1.01560e+00
  5320.000  1.01930e+00
  5321.000  1.02370e+00
  5322.000  1.02320e+00
  5323.000  1.01700e+00
  5324.000  1.00710e+00
  5325.000  9.94110e-01
  5326.000  9.81110e-01
  5327.000  9.64920e-01
  5328.000  9.44920e-01
  5329.000  9.27200e-01
  5330.000  9.23710e-01
  5331.000  9.39840e-01
  5332.000  9.66500e-01
  5333.000  9.92720e-01
  5334.000  1.00900e+00
  5335.000  1.01830e+00
  5336.000  1.02410e+00
  5337.000  1.02530e+00
  5338.000  1.02250e+00
  5339.000  1.01070e+00
  5340.000  1.00020e+00
  5341.000  9.88150e-01
  5342.000  9.84850e-01
  5343.000  9.90850e-01
  5344.000  1.00310e+00
  5345.000  1.01290e+00
  5346.000  1.01560e+00
  5347.000  1.01190e+00
  5348.000  1.00870e+00
  5349.000  1.00420e+00
  5350.000  1.00230e+00
  5351.000  1.00670e+00
  5352.000  1.01780e+00
  5353.000  1.03260e+00
  5354.000  1.04200e+00
  5355.000  1.05200e+00
  5356.000  1.05970e+00
  5357.000  1.06620e+00
  5358.000  1.06930e+00
  5359.000  1.06970e+00
  5360.000  1.06640e+00
  5361.000  1.05740e+00
  5362.000  1.04640e+00
  5363.000  1.03370e+00
  5364.000  1.02310e+00
  5365.000  1.01480e+00
  5366.000  1.00920e+00
  5367.000  1.00520e+00
  5368.000  1.00180e+00
  5369.000  9.96390e-01
  5370.000  9.85160e-01
  5371.000  9.71700e-01
  5372.000  9.62040e-01
  5373.000  9.69270e-01
  5374.000  9.90450e-01
  5375.000  1.01510e+00
  5376.000  1.03430e+00
  5377.000  1.04320e+00
  5378.000  1.04440e+00
  5379.000  1.04200e+00
  5380.000  1.03990e+00
  5381.000  1.03330e+00
  5382.000  1.02580e+00
  5383.000  1.02050e+00
  5384.000  1.01870e+00
  5385.000  1.02170e+00
  5386.000  1.02750e+00
  5387.000  1.03230e+00
  5388.000  1.03270e+00
  5389.000  1.02840e+00
  5390.000  1.02020e+00
  5391.000  1.01050e+00
  5392.000  1.00310e+00
  5393.000  9.98190e-01
  5394.000  9.94900e-01
  5395.000  9.92300e-01
  5396.000  9.87780e-01
  5397.000  9.79650e-01
  5398.000  9.73350e-01
  5399.000  9.73780e-01
  5400.000  9.82460e-01
  5401.000  9.94010e-01
  5402.000  9.99260e-01
  5403.000  9.95720e-01
  5404.000  9.86100e-01
  5405.000  9.69450e-01
  5406.000  9.52940e-01
  5407.000  9.45900e-01
  5408.000  9.50240e-01
  5409.000  9.59270e-01
  5410.000  9.67210e-01
  5411.000  9.72920e-01
  5412.000  9.80860e-01
  5413.000  9.93320e-01
  5414.000  1.00700e+00
  5415.000  1.01440e+00
  5416.000  1.01930e+00
  5417.000  1.02360e+00
  5418.000  1.03030e+00
  5419.000  1.03350e+00
  5420.000  1.03020e+00
  5421.000  1.02560e+00
  5422.000  1.02150e+00
  5423.000  1.01840e+00
  5424.000  1.01360e+00
  5425.000  1.01020e+00
  5426.000  1.01040e+00
  5427.000  1.01630e+00
  5428.000  1.02090e+00
  5429.000  1.01650e+00
  5430.000  1.00350e+00
  5431.000  9.90470e-01
  5432.000  9.86860e-01
  5433.000  9.87330e-01
  5434.000  9.85950e-01
  5435.000  9.82730e-01
  5436.000  9.80790e-01
  5437.000  9.87360e-01
  5438.000  1.00230e+00
  5439.000  1.02010e+00
  5440.000  1.03840e+00
  5441.000  1.05160e+00
  5442.000  1.05770e+00
  5443.000  1.05750e+00
  5444.000  1.05100e+00
  5445.000  1.03740e+00
  5446.000  1.01670e+00
  5447.000  9.92850e-01
  5448.000  9.79620e-01
  5449.000  9.83590e-01
  5450.000  9.99560e-01
  5451.000  1.01520e+00
  5452.000  1.02340e+00
  5453.000  1.02290e+00
  5454.000  1.01350e+00
  5455.000  9.98290e-01
  5456.000  9.84120e-01
  5457.000  9.81630e-01
  5458.000  9.90830e-01
  5459.000  1.00770e+00
  5460.000  1.02150e+00
  5461.000  1.02590e+00
  5462.000  1.02050e+00
  5463.000  1.01030e+00
  5464.000  1.00040e+00
  5465.000  1.00000e+00
  5466.000  1.00440e+00
  5467.000  1.01150e+00
  5468.000  1.01800e+00
  5469.000  1.02020e+00
  5470.000  1.02250e+00
  5471.000  1.02290e+00
  5472.000  1.01700e+00
  5473.000  1.01220e+00
  5474.000  1.00420e+00
  5475.000  9.94390e-01
  5476.000  9.82850e-01
  5477.000  9.72800e-01
  5478.000  9.69610e-01
  5479.000  9.72330e-01
  5480.000  9.81810e-01
  5481.000  9.90140e-01
  5482.000  9.92160e-01
  5483.000  9.92130e-01
  5484.000  9.97900e-01
  5485.000  1.00630e+00
  5486.000  1.01450e+00
  5487.000  1.01790e+00
  5488.000  1.01260e+00
  5489.000  1.00660e+00
  5490.000  1.00470e+00
  5491.000  1.00700e+00
  5492.000  1.01180e+00
  5493.000  1.01410e+00
  5494.000  1.01570e+00
  5495.000  1.01400e+00
  5496.000  1.01300e+00
  5497.000  1.01270e+00
  5498.000  1.01320e+00
  5499.000  1.01290e+00
  5500.000  1.01490e+00
  5501.000  1.01690e+00
  5502.000  1.01370e+00
  5503.000  1.00640e+00
  5504.000  1.00120e+00
  5505.000  9.98740e-01
  5506.000  9.96650e-01
  5507.000  9.94410e-01
  5508.000  9.93830e-01
  5509.000  9.97340e-01
  5510.000  1.00040e+00
  5511.000  9.99850e-01
  5512.000  9.95900e-01
  5513.000  9.91320e-01
  5514.000  9.87950e-01
  5515.000  9.88900e-01
  5516.000  9.95000e-01
  5517.000  1.00540e+00
  5518.000  1.01670e+00
  5519.000  1.02800e+00
  5520.000  1.03440e+00
  5521.000  1.03870e+00
  5522.000  1.03780e+00
  5523.000  1.03690e+00
  5524.000  1.03330e+00
  5525.000  1.02750e+00
  5526.000  1.01870e+00
  5527.000  1.00820e+00
  5528.000  9.95420e-01
  5529.000  9.87380e-01
  5530.000  9.86390e-01
  5531.000  9.93480e-01
  5532.000  1.00420e+00
  5533.000  1.01220e+00
  5534.000  1.01390e+00
  5535.000  1.01070e+00
  5536.000  1.00760e+00
  5537.000  1.00680e+00
  5538.000  1.01100e+00
  5539.000  1.01690e+00
  5540.000  1.02480e+00
  5541.000  1.03040e+00
  5542.000  1.03230e+00
  5543.000  1.03190e+00
  5544.000  1.02830e+00
  5545.000  1.02310e+00
  5546.000  1.02070e+00
  5547.000  1.02100e+00
  5548.000  1.02550e+00
  5549.000  1.03400e+00
  5550.000  1.04100e+00
  5551.000  1.04520e+00
  5552.000  1.04680e+00
  5553.000  1.04420e+00
  5554.000  1.03790e+00
  5555.000  1.03190e+00
  5556.000  1.02910e+00
  5557.000  1.02820e+00
  5558.000  1.02950e+00
  5559.000  1.03030e+00
  5560.000  1.03070e+00
  5561.000  1.02930e+00
  5562.000  1.02540e+00
  5563.000  1.02190e+00
  5564.000  1.01730e+00
  5565.000  1.01210e+00
  5566.000  1.00780e+00
  5567.000  1.00570e+00
  5568.000  1.00580e+00
  5569.000  1.00610e+00
  5570.000  1.00620e+00
  5571.000  1.00660e+00
  5572.000  1.00810e+00
  5573.000  1.00700e+00
  5574.000  1.00720e+00
  5575.000  1.01050e+00
  5576.000  1.01440e+00
  5577.000  1.01760e+00
  5578.000  1.02190e+00
  5579.000  1.02450e+00
  5580.000  1.02660e+00
  5581.000  1.02830e+00
  5582.000  1.02700e+00
  5583.000  1.02330e+00
  5584.000  1.02010e+00
  5585.000  1.01360e+00
  5586.000  1.00190e+00
  5587.000  9.87360e-01
  5588.000  9.71700e-01
  5589.000  9.60960e-01
  5590.000  9.58120e-01
  5591.000  9.62800e-01
  5592.000  9.71650e-01
  5593.000  9.80680e-01
  5594.000  9.86680e-01
  5595.000  9.89400e-01
  5596.000  9.96330e-01
  5597.000  1.00300e+00
  5598.000  1.00470e+00
  5599.000  1.00100e+00
  5600.000  9.92580e-01
  5601.000  9.83590e-01
  5602.000  9.78840e-01
  5603.000  9.78780e-01
  5604.000  9.82920e-01
  5605.000  9.93610e-01
  5606.000  1.01090e+00
  5607.000  1.02580e+00
  5608.000  1.03560e+00
  5609.000  1.04070e+00
  5610.000  1.04240e+00
  5611.000  1.04330e+00
  5612.000  1.04230e+00
  5613.000  1.03890e+00
  5614.000  1.02960e+00
  5615.000  1.01470e+00
  5616.000  9.97130e-01
  5617.000  9.84990e-01
  5618.000  9.84480e-01
  5619.000  9.91150e-01
  5620.000  9.99510e-01
  5621.000  1.00720e+00
  5622.000  1.01190e+00
  5623.000  1.01150e+00
  5624.000  1.00640e+00
  5625.000  9.99170e-01
  5626.000  9.93940e-01
  5627.000  9.93790e-01
  5628.000  1.00130e+00
  5629.000  1.00960e+00
  5630.000  1.01970e+00
  5631.000  1.02900e+00
  5632.000  1.03420e+00
  5633.000  1.03320e+00
  5634.000  1.03000e+00
  5635.000  1.02590e+00
  5636.000  1.01870e+00
  5637.000  1.01090e+00
  5638.000  1.00570e+00
  5639.000  1.00190e+00
  5640.000  1.00070e+00
  5641.000  9.99660e-01
  5642.000  9.99770e-01
  5643.000  9.99300e-01
  5644.000  1.00130e+00
  5645.000  1.00580e+00
  5646.000  1.01040e+00
  5647.000  1.01350e+00
  5648.000  1.01610e+00
  5649.000  1.01870e+00
  5650.000  1.01970e+00
  5651.000  1.02020e+00
  5652.000  1.02140e+00
  5653.000  1.02150e+00
  5654.000  1.02130e+00
  5655.000  1.01690e+00
  5656.000  1.01080e+00
  5657.000  1.00250e+00
  5658.000  9.90710e-01
  5659.000  9.80210e-01
  5660.000  9.73850e-01
  5661.000  9.74620e-01
  5662.000  9.80300e-01
  5663.000  9.85080e-01
  5664.000  9.91650e-01
  5665.000  9.97940e-01
  5666.000  1.00360e+00
  5667.000  1.00580e+00
  5668.000  1.00530e+00
  5669.000  1.00500e+00
  5670.000  1.00440e+00
  5671.000  1.00740e+00
  5672.000  1.01510e+00
  5673.000  1.02280e+00
  5674.000  1.02900e+00
  5675.000  1.03390e+00
  5676.000  1.03420e+00
  5677.000  1.03380e+00
  5678.000  1.03370e+00
  5679.000  1.03280e+00
  5680.000  1.02960e+00
  5681.000  1.02590e+00
  5682.000  1.02120e+00
  5683.000  1.01490e+00
  5684.000  1.01050e+00
  5685.000  1.00690e+00
  5686.000  1.00420e+00
  5687.000  1.00410e+00
  5688.000  1.00370e+00
  5689.000  1.00370e+00
  5690.000  1.00690e+00
  5691.000  1.01380e+00
  5692.000  1.02310e+00
  5693.000  1.03040e+00
  5694.000  1.03490e+00
  5695.000  1.03690e+00
  5696.000  1.03660e+00
  5697.000  1.03310e+00
  5698.000  1.02940e+00
  5699.000  1.02400e+00
  5700.000  1.01730e+00
  5701.000  1.01070e+00
  5702.000  1.00470e+00
  5703.000  1.00070e+00
  5704.000  1.00000e+00
  5705.000  9.98780e-01
  5706.000  9.96380e-01
  5707.000  9.90050e-01
  5708.000  9.81180e-01
  5709.000  9.71810e-01
  5710.000  9.67390e-01
  5711.000  9.65840e-01
  5712.000  9.69160e-01
  5713.000  9.77790e-01
  5714.000  9.89130e-01
  5715.000  1.00110e+00
  5716.000  1.01250e+00
  5717.000  1.02210e+00
  5718.000  1.02800e+00
  5719.000  1.03180e+00
  5720.000  1.03440e+00
  5721.000  1.03910e+00
  5722.000  1.04300e+00
  5723.000  1.04720e+00
  5724.000  1.04860e+00
  5725.000  1.04820e+00
  5726.000  1.04570e+00
  5727.000  1.04050e+00
  5728.000  1.03570e+00
  5729.000  1.03390e+00
  5730.000  1.03260e+00
  5731.000  1.03420e+00
  5732.000  1.03250e+00
  5733.000  1.03210e+00
  5734.000  1.03370e+00
  5735.000  1.03670e+00
  5736.000  1.04070e+00
  5737.000  1.04200e+00
  5738.000  1.04070e+00
  5739.000  1.03910e+00
  5740.000  1.03670e+00
  5741.000  1.03290e+00
  5742.000  1.03260e+00
  5743.000  1.03280e+00
  5744.000  1.03300e+00
  5745.000  1.03560e+00
  5746.000  1.03840e+00
  5747.000  1.03730e+00
  5748.000  1.03480e+00
  5749.000  1.03180e+00
  5750.000  1.03020e+00
  5751.000  1.02860e+00
  5752.000  1.02820e+00
  5753.000  1.02770e+00
  5754.000  1.02640e+00
  5755.000  1.02560e+00
  5756.000  1.02960e+00
  5757.000  1.03510e+00
  5758.000  1.04030e+00
  5759.000  1.04070e+00
  5760.000  1.03760e+00
  5761.000  1.02960e+00
  5762.000  1.02010e+00
  5763.000  1.01340e+00
  5764.000  1.01290e+00
  5765.000  1.01860e+00
  5766.000  1.02850e+00
  5767.000  1.03660e+00
  5768.000  1.04200e+00
  5769.000  1.04510e+00
  5770.000  1.04510e+00
  5771.000  1.04190e+00
  5772.000  1.03790e+00
  5773.000  1.03340e+00
  5774.000  1.02960e+00
  5775.000  1.02790e+00
  5776.000  1.02710e+00
  5777.000  1.02640e+00
  5778.000  1.02510e+00
  5779.000  1.01910e+00
  5780.000  1.00620e+00
  5781.000  9.90220e-01
  5782.000  9.76220e-01
  5783.000  9.68200e-01
  5784.000  9.67030e-01
  5785.000  9.71230e-01
  5786.000  9.77340e-01
  5787.000  9.86090e-01
  5788.000  9.95170e-01
  5789.000  1.00480e+00
  5790.000  1.01310e+00
  5791.000  1.01710e+00
  5792.000  1.01830e+00
  5793.000  1.01950e+00
  5794.000  1.02320e+00
  5795.000  1.02660e+00
  5796.000  1.02860e+00
  5797.000  1.02740e+00
  5798.000  1.02500e+00
  5799.000  1.02390e+00
  5800.000  1.02870e+00
  5801.000  1.03590e+00
  5802.000  1.04330e+00
  5803.000  1.04790e+00
  5804.000  1.04610e+00
  5805.000  1.04060e+00
  5806.000  1.03390e+00
  5807.000  1.02970e+00
  5808.000  1.02930e+00
  5809.000  1.03060e+00
  5810.000  1.03360e+00
  5811.000  1.03630e+00
  5812.000  1.03820e+00
  5813.000  1.03720e+00
  5814.000  1.03480e+00
  5815.000  1.03290e+00
  5816.000  1.03010e+00
  5817.000  1.02880e+00
  5818.000  1.02780e+00
  5819.000  1.03240e+00
  5820.000  1.03930e+00
  5821.000  1.04530e+00
  5822.000  1.04850e+00
  5823.000  1.04840e+00
  5824.000  1.04710e+00
  5825.000  1.04740e+00
  5826.000  1.04730e+00
  5827.000  1.04760e+00
  5828.000  1.04780e+00
  5829.000  1.04930e+00
  5830.000  1.04970e+00
  5831.000  1.04950e+00
  5832.000  1.05000e+00
  5833.000  1.04780e+00
  5834.000  1.04510e+00
  5835.000  1.04270e+00
  5836.000  1.04020e+00
  5837.000  1.03930e+00
  5838.000  1.03860e+00
  5839.000  1.03980e+00
  5840.000  1.04230e+00
  5841.000  1.04390e+00
  5842.000  1.04620e+00
  5843.000  1.04780e+00
  5844.000  1.04740e+00
  5845.000  1.04600e+00
  5846.000  1.04210e+00
  5847.000  1.03770e+00
  5848.000  1.03270e+00
  5849.000  1.02850e+00
  5850.000  1.02630e+00
  5851.000  1.02430e+00
  5852.000  1.02190e+00
  5853.000  1.01570e+00
  5854.000  1.01000e+00
  5855.000  1.00490e+00
  5856.000  1.00140e+00
  5857.000  9.97690e-01
  5858.000  9.93490e-01
  5859.000  9.90470e-01
  5860.000  9.91800e-01
  5861.000  9.97340e-01
  5862.000  1.00480e+00
  5863.000  1.01010e+00
  5864.000  1.01360e+00
  5865.000  1.01400e+00
  5866.000  1.01510e+00
  5867.000  1.01640e+00
  5868.000  1.01730e+00
  5869.000  1.02030e+00
  5870.000  1.02420e+00
  5871.000  1.02900e+00
  5872.000  1.03740e+00
  5873.000  1.05070e+00
  5874.000  1.07390e+00
  5875.000  1.10730e+00
  5876.000  1.14330e+00
  5877.000  1.16100e+00
  5878.000  1.14950e+00
  5879.000  1.11520e+00
  5880.000  1.07210e+00
  5881.000  1.03780e+00
  5882.000  1.01920e+00
  5883.000  1.00990e+00
  5884.000  1.00470e+00
  5885.000  9.98710e-01
  5886.000  9.89420e-01
  5887.000  9.72170e-01
  5888.000  9.42890e-01
  5889.000  9.01120e-01
  5890.000  8.59360e-01
  5891.000  8.28600e-01
  5892.000  8.24580e-01
  5893.000  8.41350e-01
  5894.000  8.61930e-01
  5895.000  8.71150e-01
  5896.000  8.66450e-01
  5897.000  8.62880e-01
  5898.000  8.73330e-01
  5899.000  9.01500e-01
  5900.000  9.38590e-01
  5901.000  9.67750e-01
  5902.000  9.86610e-01
  5903.000  9.97480e-01
  5904.000  1.00390e+00
  5905.000  1.00650e+00
  5906.000  1.00730e+00
  5907.000  1.00780e+00
  5908.000  1.00790e+00
  5909.000  1.01010e+00
  5910.000  1.01360e+00
  5911.000  1.01620e+00
  5912.000  1.01640e+00
  5913.000  1.01300e+00
  5914.000  1.00620e+00
  5915.000  9.99960e-01
  5916.000  9.96080e-01
  5917.000  9.95080e-01
  5918.000  9.97840e-01
  5919.000  1.00390e+00
  5920.000  1.01040e+00
  5921.000  1.01360e+00
  5922.000  1.01490e+00
  5923.000  1.01550e+00
  5924.000  1.01570e+00
  5925.000  1.01660e+00
  5926.000  1.01650e+00
  5927.000  1.01610e+00
  5928.000  1.01430e+00
  5929.000  1.01050e+00
  5930.000  1.00580e+00
  5931.000  1.00310e+00
  5932.000  1.00400e+00
  5933.000  1.00580e+00
  5934.000  1.00770e+00
  5935.000  1.00830e+00
  5936.000  1.00870e+00
  5937.000  1.01010e+00
  5938.000  1.01240e+00
  5939.000  1.01450e+00
  5940.000  1.01560e+00
  5941.000  1.01600e+00
  5942.000  1.01440e+00
  5943.000  1.01360e+00
  5944.000  1.01380e+00
  5945.000  1.01590e+00
  5946.000  1.01850e+00
  5947.000  1.01930e+00
  5948.000  1.01790e+00
  5949.000  1.01370e+00
  5950.000  1.00920e+00
  5951.000  1.00620e+00
  5952.000  1.00400e+00
  5953.000  1.00490e+00
  5954.000  1.00350e+00
  5955.000  1.00210e+00
  5956.000  1.00260e+00
  5957.000  1.00270e+00
  5958.000  1.00390e+00
  5959.000  1.00540e+00
  5960.000  1.00800e+00
  5961.000  1.01170e+00
  5962.000  1.01640e+00
  5963.000  1.01980e+00
  5964.000  1.02040e+00
  5965.000  1.01960e+00
  5966.000  1.01850e+00
  5967.000  1.01700e+00
  5968.000  1.01790e+00
  5969.000  1.02070e+00
  5970.000  1.02280e+00
  5971.000  1.02520e+00
  5972.000  1.02740e+00
  5973.000  1.02640e+00
  5974.000  1.02460e+00
  5975.000  1.02060e+00
  5976.000  1.01500e+00
  5977.000  1.00890e+00
  5978.000  1.00500e+00
  5979.000  1.00460e+00
  5980.000  1.00810e+00
  5981.000  1.01060e+00
  5982.000  1.00980e+00
  5983.000  1.00670e+00
  5984.000  1.00240e+00
  5985.000  9.96730e-01
  5986.000  9.93370e-01
  5987.000  9.94330e-01
  5988.000  9.98740e-01
  5989.000  1.00340e+00
  5990.000  1.00740e+00
  5991.000  1.01130e+00
  5992.000  1.01180e+00
  5993.000  1.01330e+00
  5994.000  1.01520e+00
  5995.000  1.01780e+00
  5996.000  1.01750e+00
  5997.000  1.01590e+00
  5998.000  1.01250e+00
  5999.000  1.00830e+00
  6000.000  1.00640e+00
  6001.000  1.00520e+00
  6002.000  1.00500e+00
  6003.000  1.00510e+00
  6004.000  1.00410e+00
  6005.000  1.00260e+00
  6006.000  9.99420e-01
  6007.000  9.95350e-01
  6008.000  9.91470e-01
  6009.000  9.88230e-01
  6010.000  9.88200e-01
  6011.000  9.89750e-01
  6012.000  9.92250e-01
  6013.000  9.93980e-01
  6014.000  9.93780e-01
  6015.000  9.92340e-01
  6016.000  9.91590e-01
  6017.000  9.93170e-01
  6018.000  9.93240e-01
  6019.000  9.92220e-01
  6020.000  9.90520e-01
  6021.000  9.88990e-01
  6022.000  9.88440e-01
  6023.000  9.89160e-01
  6024.000  9.91450e-01
  6025.000  9.95040e-01
  6026.000  9.98950e-01
  6027.000  1.00370e+00
  6028.000  1.00750e+00
  6029.000  1.01180e+00
  6030.000  1.01530e+00
  6031.000  1.01900e+00
  6032.000  1.02140e+00
  6033.000  1.02400e+00
  6034.000  1.02550e+00
  6035.000  1.02700e+00
  6036.000  1.02690e+00
  6037.000  1.02650e+00
  6038.000  1.02570e+00
  6039.000  1.02430e+00
  6040.000  1.02210e+00
  6041.000  1.02020e+00
  6042.000  1.01860e+00
  6043.000  1.01850e+00
  6044.000  1.01980e+00
  6045.000  1.02290e+00
  6046.000  1.02600e+00
  6047.000  1.02830e+00
  6048.000  1.03030e+00
  6049.000  1.03080e+00
  6050.000  1.03020e+00
  6051.000  1.02970e+00
  6052.000  1.02870e+00
  6053.000  1.02680e+00
  6054.000  1.02380e+00
  6055.000  1.01970e+00
  6056.000  1.01530e+00
  6057.000  1.01310e+00
  6058.000  1.01320e+00
  6059.000  1.01490e+00
  6060.000  1.01750e+00
  6061.000  1.01940e+00
  6062.000  1.01950e+00
  6063.000  1.01730e+00
  6064.000  1.01250e+00
  6065.000  1.00760e+00
  6066.000  1.00400e+00
  6067.000  1.00440e+00
  6068.000  1.01030e+00
  6069.000  1.01750e+00
  6070.000  1.02480e+00
  6071.000  1.03110e+00
  6072.000  1.03480e+00
  6073.000  1.03730e+00
  6074.000  1.03750e+00
  6075.000  1.03570e+00
  6076.000  1.03260e+00
  6077.000  1.02890e+00
  6078.000  1.02320e+00
  6079.000  1.01700e+00
  6080.000  1.01030e+00
  6081.000  1.00570e+00
  6082.000  1.00350e+00
  6083.000  1.00240e+00
  6084.000  1.00170e+00
  6085.000  1.00220e+00
  6086.000  1.00420e+00
  6087.000  1.00540e+00
  6088.000  1.00620e+00
  6089.000  1.00560e+00
  6090.000  1.00520e+00
  6091.000  1.00320e+00
  6092.000  1.00130e+00
  6093.000  1.00100e+00
  6094.000  1.00230e+00
  6095.000  1.00510e+00
  6096.000  1.00920e+00
  6097.000  1.01270e+00
  6098.000  1.01390e+00
  6099.000  1.01400e+00
  6100.000  1.01210e+00
  6101.000  1.00710e+00
  6102.000  9.98090e-01
  6103.000  9.87350e-01
  6104.000  9.80530e-01
  6105.000  9.80200e-01
  6106.000  9.86520e-01
  6107.000  9.94660e-01
  6108.000  1.00200e+00
  6109.000  1.00610e+00
  6110.000  1.00910e+00
  6111.000  1.01040e+00
  6112.000  1.01160e+00
  6113.000  1.01230e+00
  6114.000  1.01410e+00
  6115.000  1.01500e+00
  6116.000  1.01480e+00
  6117.000  1.01350e+00
  6118.000  1.01190e+00
  6119.000  1.00770e+00
  6120.000  1.00250e+00
  6121.000  9.94170e-01
  6122.000  9.85530e-01
  6123.000  9.80100e-01
  6124.000  9.80490e-01
  6125.000  9.84420e-01
  6126.000  9.90770e-01
  6127.000  9.96010e-01
  6128.000  9.98030e-01
  6129.000  9.98550e-01
  6130.000  9.99130e-01
  6131.000  1.00250e+00
  6132.000  1.00600e+00
  6133.000  1.00910e+00
  6134.000  1.00650e+00
  6135.000  9.97330e-01
  6136.000  9.82900e-01
  6137.000  9.66130e-01
  6138.000  9.54860e-01
  6139.000  9.51240e-01
  6140.000  9.57500e-01
  6141.000  9.67630e-01
  6142.000  9.77010e-01
  6143.000  9.84490e-01
  6144.000  9.91720e-01
  6145.000  9.97520e-01
  6146.000  1.00290e+00
  6147.000  1.00390e+00
  6148.000  1.00220e+00
  6149.000  9.97020e-01
  6150.000  9.91320e-01
  6151.000  9.89370e-01
  6152.000  9.88190e-01
  6153.000  9.89470e-01
  6154.000  9.89610e-01
  6155.000  9.88910e-01
  6156.000  9.85490e-01
  6157.000  9.79090e-01
  6158.000  9.73900e-01
  6159.000  9.68070e-01
  6160.000  9.58990e-01
  6161.000  9.47390e-01
  6162.000  9.34300e-01
  6163.000  9.21800e-01
  6164.000  9.14930e-01
  6165.000  9.17270e-01
  6166.000  9.26960e-01
  6167.000  9.36650e-01
  6168.000  9.43040e-01
  6169.000  9.43870e-01
  6170.000  9.40480e-01
  6171.000  9.38710e-01
  6172.000  9.40720e-01
  6173.000  9.45040e-01
  6174.000  9.51920e-01
  6175.000  9.58360e-01
  6176.000  9.62760e-01
  6177.000  9.64510e-01
  6178.000  9.65910e-01
  6179.000  9.67310e-01
  6180.000  9.70770e-01
  6181.000  9.74610e-01
  6182.000  9.77880e-01
  6183.000  9.80040e-01
  6184.000  9.80830e-01
  6185.000  9.80190e-01
  6186.000  9.77640e-01
  6187.000  9.73040e-01
  6188.000  9.66920e-01
  6189.000  9.60150e-01
  6190.000  9.52040e-01
  6191.000  9.46800e-01
  6192.000  9.43610e-01
  6193.000  9.42630e-01
  6194.000  9.46760e-01
  6195.000  9.55780e-01
  6196.000  9.64250e-01
  6197.000  9.71660e-01
  6198.000  9.74730e-01
  6199.000  9.74730e-01
  6200.000  9.72200e-01
  6201.000  9.68420e-01
  6202.000  9.66360e-01
  6203.000  9.67070e-01
  6204.000  9.70340e-01
  6205.000  9.74730e-01
  6206.000  9.77820e-01
  6207.000  9.80480e-01
  6208.000  9.83350e-01
  6209.000  9.84400e-01
  6210.000  9.84170e-01
  6211.000  9.81860e-01
  6212.000  9.75910e-01
  6213.000  9.67990e-01
  6214.000  9.57690e-01
  6215.000  9.48510e-01
  6216.000  9.42520e-01
  6217.000  9.40470e-01
  6218.000  9.41050e-01
  6219.000  9.43840e-01
  6220.000  9.45920e-01
  6221.000  9.46920e-01
  6222.000  9.48560e-01
  6223.000  9.50450e-01
  6224.000  9.53700e-01
  6225.000  9.56620e-01
  6226.000  9.59130e-01
  6227.000  9.60940e-01
  6228.000  9.58870e-01
  6229.000  9.53820e-01
  6230.000  9.46300e-01
  6231.000  9.38500e-01
  6232.000  9.32840e-01
  6233.000  9.31950e-01
  6234.000  9.37720e-01
  6235.000  9.46990e-01
  6236.000  9.55700e-01
  6237.000  9.61070e-01
  6238.000  9.60450e-01
  6239.000  9.55770e-01
  6240.000  9.48550e-01
  6241.000  9.42440e-01
  6242.000  9.37750e-01
  6243.000  9.34050e-01
  6244.000  9.31130e-01
  6245.000  9.29360e-01
  6246.000  9.29020e-01
  6247.000  9.30350e-01
  6248.000  9.35220e-01
  6249.000  9.41160e-01
  6250.000  9.47120e-01
  6251.000  9.49610e-01
  6252.000  9.47390e-01
  6253.000  9.42630e-01
  6254.000  9.35610e-01
  6255.000  9.28820e-01
  6256.000  9.24320e-01
  6257.000  9.21390e-01
  6258.000  9.19730e-01
  6259.000  9.19840e-01
  6260.000  9.22270e-01
  6261.000  9.28570e-01
  6262.000  9.37330e-01
  6263.000  9.48130e-01
  6264.000  9.56330e-01
  6265.000  9.60580e-01
  6266.000  9.61760e-01
  6267.000  9.60250e-01
  6268.000  9.58700e-01
  6269.000  9.57900e-01
  6270.000  9.57340e-01
  6271.000  9.57640e-01
  6272.000  9.58400e-01
  6273.000  9.60840e-01
  6274.000  9.64500e-01
  6275.000  9.66910e-01
  6276.000  9.68280e-01
  6277.000  9.68180e-01
  6278.000  9.65710e-01
  6279.000  9.61400e-01
  6280.000  9.54800e-01
  6281.000  9.47460e-01
  6282.000  9.40010e-01
  6283.000  9.33460e-01
  6284.000  9.28650e-01
  6285.000  9.27510e-01
  6286.000  9.30840e-01
  6287.000  9.38300e-01
  6288.000  9.47990e-01
  6289.000  9.59700e-01
  6290.000  9.67820e-01
  6291.000  9.72930e-01
  6292.000  9.76180e-01
  6293.000  9.77610e-01
  6294.000  9.78170e-01
  6295.000  9.78250e-01
  6296.000  9.80700e-01
  6297.000  9.86400e-01
  6298.000  1.00100e+00
  6299.000  1.03060e+00
  6300.000  1.06950e+00
  6301.000  1.10060e+00
  6302.000  1.11340e+00
  6303.000  1.09510e+00
  6304.000  1.06150e+00
  6305.000  1.02190e+00
  6306.000  9.94130e-01
  6307.000  9.83240e-01
  6308.000  9.80040e-01
  6309.000  9.81140e-01
  6310.000  9.81740e-01
  6311.000  9.79890e-01
  6312.000  9.76500e-01
  6313.000  9.72190e-01
  6314.000  9.68270e-01
  6315.000  9.63230e-01
  6316.000  9.55900e-01
  6317.000  9.48640e-01
  6318.000  9.43070e-01
  6319.000  9.39780e-01
  6320.000  9.39160e-01
  6321.000  9.42840e-01
  6322.000  9.50060e-01
  6323.000  9.57670e-01
  6324.000  9.64160e-01
  6325.000  9.70790e-01
  6326.000  9.75410e-01
  6327.000  9.79720e-01
  6328.000  9.82420e-01
  6329.000  9.83230e-01
  6330.000  9.82790e-01
  6331.000  9.83130e-01
  6332.000  9.82510e-01
  6333.000  9.81740e-01
  6334.000  9.78890e-01
  6335.000  9.73500e-01
  6336.000  9.67450e-01
  6337.000  9.60970e-01
  6338.000  9.56920e-01
  6339.000  9.57360e-01
  6340.000  9.61990e-01
  6341.000  9.67180e-01
  6342.000  9.69850e-01
  6343.000  9.69470e-01
  6344.000  9.66960e-01
  6345.000  9.63950e-01
  6346.000  9.61980e-01
  6347.000  9.62410e-01
  6348.000  9.66470e-01
  6349.000  9.71480e-01
  6350.000  9.75970e-01
  6351.000  9.79580e-01
  6352.000  9.81420e-01
  6353.000  9.81640e-01
  6354.000  9.78080e-01
  6355.000  9.73440e-01
  6356.000  9.67680e-01
  6357.000  9.62990e-01
  6358.000  9.58600e-01
  6359.000  9.54680e-01
  6360.000  9.50000e-01
  6361.000  9.49370e-01
  6362.000  9.53770e-01
  6363.000  9.64330e-01
  6364.000  9.78610e-01
  6365.000  9.91500e-01
  6366.000  9.98290e-01
  6367.000  9.96650e-01
  6368.000  9.90940e-01
  6369.000  9.84390e-01
  6370.000  9.81540e-01
  6371.000  9.80580e-01
  6372.000  9.82220e-01
  6373.000  9.85390e-01
  6374.000  9.88250e-01
  6375.000  9.89860e-01
  6376.000  9.90840e-01
  6377.000  9.90720e-01
  6378.000  9.89300e-01
  6379.000  9.85660e-01
  6380.000  9.82510e-01
  6381.000  9.79600e-01
  6382.000  9.78860e-01
  6383.000  9.79460e-01
  6384.000  9.81520e-01
  6385.000  9.82170e-01
  6386.000  9.83620e-01
  6387.000  9.85460e-01
  6388.000  9.87510e-01
  6389.000  9.89800e-01
  6390.000  9.89760e-01
  6391.000  9.87360e-01
  6392.000  9.83320e-01
  6393.000  9.77670e-01
  6394.000  9.70790e-01
  6395.000  9.65970e-01
  6396.000  9.66100e-01
  6397.000  9.70780e-01
  6398.000  9.73750e-01
  6399.000  9.73680e-01
  6400.000  9.70520e-01
  6401.000  9.65790e-01
  6402.000  9.65170e-01
  6403.000  9.68780e-01
  6404.000  9.76120e-01
  6405.000  9.82740e-01
  6406.000  9.85660e-01
  6407.000  9.84450e-01
  6408.000  9.80940e-01
  6409.000  9.77000e-01
  6410.000  9.73750e-01
  6411.000  9.71460e-01
  6412.000  9.69540e-01
  6413.000  9.68000e-01
  6414.000  9.68710e-01
  6415.000  9.68740e-01
  6416.000  9.69890e-01
  6417.000  9.70940e-01
  6418.000  9.71510e-01
  6419.000  9.69680e-01
  6420.000  9.65300e-01
  6421.000  9.62640e-01
  6422.000  9.61110e-01
  6423.000  9.64180e-01
  6424.000  9.69660e-01
  6425.000  9.77110e-01
  6426.000  9.83470e-01
  6427.000  9.87980e-01
  6428.000  9.89340e-01
  6429.000  9.87290e-01
  6430.000  9.81790e-01
  6431.000  9.74140e-01
  6432.000  9.67210e-01
  6433.000  9.64470e-01
  6434.000  9.66550e-01
  6435.000  9.71290e-01
  6436.000  9.75150e-01
  6437.000  9.77270e-01
  6438.000  9.76020e-01
  6439.000  9.71700e-01
  6440.000  9.68500e-01
  6441.000  9.69690e-01
  6442.000  9.74350e-01
  6443.000  9.81780e-01
  6444.000  9.89850e-01
  6445.000  9.94050e-01
  6446.000  9.95170e-01
  6447.000  9.92400e-01
  6448.000  9.86490e-01
  6449.000  9.76200e-01
  6450.000  9.63360e-01
  6451.000  9.52790e-01
  6452.000  9.48760e-01
  6453.000  9.51290e-01
  6454.000  9.56220e-01
  6455.000  9.61040e-01
  6456.000  9.63030e-01
  6457.000  9.64660e-01
  6458.000  9.66850e-01
  6459.000  9.71440e-01
  6460.000  9.76190e-01
  6461.000  9.78570e-01
  6462.000  9.76890e-01
  6463.000  9.71030e-01
  6464.000  9.65660e-01
  6465.000  9.64780e-01
  6466.000  9.68520e-01
  6467.000  9.75250e-01
  6468.000  9.83210e-01
  6469.000  9.88460e-01
  6470.000  9.88230e-01
  6471.000  9.86070e-01
  6472.000  9.83890e-01
  6473.000  9.83160e-01
  6474.000  9.83010e-01
  6475.000  9.83890e-01
  6476.000  9.85420e-01
  6477.000  9.87530e-01
  6478.000  9.89170e-01
  6479.000  9.89220e-01
  6480.000  9.87340e-01
  6481.000  9.83720e-01
  6482.000  9.78720e-01
  6483.000  9.72640e-01
  6484.000  9.69240e-01
  6485.000  9.69430e-01
  6486.000  9.73070e-01
  6487.000  9.77910e-01
  6488.000  9.81080e-01
  6489.000  9.81990e-01
  6490.000  9.79910e-01
  6491.000  9.74830e-01
  6492.000  9.64600e-01
  6493.000  9.50170e-01
  6494.000  9.34350e-01
  6495.000  9.17810e-01
  6496.000  9.02900e-01
  6497.000  8.95710e-01
  6498.000  8.95690e-01
  6499.000  9.03460e-01
  6500.000  9.14440e-01
  6501.000  9.28090e-01
  6502.000  9.41800e-01
  6503.000  9.54310e-01
  6504.000  9.64070e-01
  6505.000  9.72160e-01
  6506.000  9.76860e-01
  6507.000  9.80210e-01
  6508.000  9.81630e-01
  6509.000  9.80920e-01
  6510.000  9.80950e-01
  6511.000  9.81410e-01
  6512.000  9.82280e-01
  6513.000  9.83870e-01
  6514.000  9.84560e-01
  6515.000  9.83080e-01
  6516.000  9.79850e-01
  6517.000  9.75070e-01
  6518.000  9.71270e-01
  6519.000  9.68700e-01
  6520.000  9.68710e-01
  6521.000  9.71140e-01
  6522.000  9.74680e-01
  6523.000  9.79150e-01
  6524.000  9.82040e-01
  6525.000  9.82940e-01
  6526.000  9.81850e-01
  6527.000  9.78720e-01
  6528.000  9.74680e-01
  6529.000  9.72830e-01
  6530.000  9.72690e-01
  6531.000  9.73120e-01
  6532.000  9.72170e-01
  6533.000  9.71450e-01
  6534.000  9.71810e-01
  6535.000  9.72440e-01
  6536.000  9.74560e-01
  6537.000  9.76880e-01
  6538.000  9.79280e-01
  6539.000  9.82410e-01
  6540.000  9.84440e-01
  6541.000  9.87290e-01
  6542.000  9.90960e-01
  6543.000  9.96780e-01
  6544.000  1.01330e+00
  6545.000  1.05640e+00
  6546.000  1.15020e+00
  6547.000  1.30360e+00
  6548.000  1.47320e+00
  6549.000  1.62030e+00
  6550.000  1.65750e+00
  6551.000  1.57630e+00
  6552.000  1.40320e+00
  6553.000  1.21890e+00
  6554.000  1.08650e+00
  6555.000  1.00480e+00
  6556.000  9.77160e-01
  6557.000  9.85060e-01
  6558.000  1.04940e+00
  6559.000  1.24990e+00
  6560.000  1.70330e+00
  6561.000  2.61480e+00
  6562.000  3.93140e+00
  6563.000  5.29560e+00
  6564.000  6.29580e+00
  6565.000  6.30500e+00
  6566.000  5.43270e+00
  6567.000  3.96790e+00
  6568.000  2.63810e+00
  6569.000  1.71730e+00
  6570.000  1.21490e+00
  6571.000  1.03280e+00
  6572.000  9.69300e-01
  6573.000  9.50560e-01
  6574.000  9.45640e-01
  6575.000  9.45290e-01
  6576.000  9.53370e-01
  6577.000  9.68370e-01
  6578.000  9.94250e-01
  6579.000  1.04910e+00
  6580.000  1.16670e+00
  6581.000  1.40870e+00
  6582.000  1.84010e+00
  6583.000  2.36580e+00
  6584.000  2.87800e+00
  6585.000  3.14580e+00
  6586.000  3.01780e+00
  6587.000  2.57770e+00
  6588.000  1.98640e+00
  6589.000  1.53340e+00
  6590.000  1.21780e+00
  6591.000  1.06570e+00
  6592.000  1.00520e+00
  6593.000  9.76710e-01
  6594.000  9.61630e-01
  6595.000  9.53570e-01
  6596.000  9.51220e-01
  6597.000  9.54910e-01
  6598.000  9.59810e-01
  6599.000  9.64760e-01
  6600.000  9.68830e-01
  6601.000  9.72720e-01
  6602.000  9.76270e-01
  6603.000  9.78810e-01
  6604.000  9.79190e-01
  6605.000  9.78380e-01
  6606.000  9.74480e-01
  6607.000  9.69570e-01
  6608.000  9.63800e-01
  6609.000  9.60550e-01
  6610.000  9.59820e-01
  6611.000  9.61910e-01
  6612.000  9.65400e-01
  6613.000  9.69690e-01
  6614.000  9.74240e-01
  6615.000  9.77200e-01
  6616.000  9.80690e-01
  6617.000  9.83640e-01
  6618.000  9.85330e-01
  6619.000  9.86500e-01
  6620.000  9.87680e-01
  6621.000  9.88890e-01
  6622.000  9.88180e-01
  6623.000  9.85570e-01
  6624.000  9.82450e-01
  6625.000  9.78460e-01
  6626.000  9.74490e-01
  6627.000  9.72420e-01
  6628.000  9.72500e-01
  6629.000  9.73600e-01
  6630.000  9.73440e-01
  6631.000  9.72140e-01
  6632.000  9.69000e-01
  6633.000  9.65000e-01
  6634.000  9.60700e-01
  6635.000  9.58070e-01
  6636.000  9.58020e-01
  6637.000  9.61210e-01
  6638.000  9.66470e-01
  6639.000  9.70400e-01
  6640.000  9.73320e-01
  6641.000  9.73590e-01
  6642.000  9.72580e-01
  6643.000  9.70110e-01
  6644.000  9.67680e-01
  6645.000  9.66200e-01
  6646.000  9.65650e-01
  6647.000  9.66340e-01
  6648.000  9.67990e-01
  6649.000  9.70540e-01
  6650.000  9.71880e-01
  6651.000  9.71480e-01
  6652.000  9.70810e-01
  6653.000  9.70190e-01
  6654.000  9.70650e-01
  6655.000  9.69960e-01
  6656.000  9.69850e-01
  6657.000  9.70090e-01
  6658.000  9.70050e-01
  6659.000  9.69310e-01
  6660.000  9.67880e-01
  6661.000  9.65880e-01
  6662.000  9.62960e-01
  6663.000  9.58890e-01
  6664.000  9.54800e-01
  6665.000  9.52590e-01
  6666.000  9.52400e-01
  6667.000  9.54760e-01
  6668.000  9.57740e-01
  6669.000  9.62250e-01
  6670.000  9.66400e-01
  6671.000  9.70270e-01
  6672.000  9.72890e-01
  6673.000  9.74990e-01
  6674.000  9.76320e-01
  6675.000  9.77740e-01
  6676.000  9.80900e-01
  6677.000  9.83880e-01
  6678.000  9.86250e-01
  6679.000  9.87830e-01
  6680.000  9.87080e-01
  6681.000  9.83600e-01
  6682.000  9.78590e-01
  6683.000  9.73250e-01
  6684.000  9.70280e-01
  6685.000  9.69910e-01
  6686.000  9.70200e-01
  6687.000  9.70970e-01
  6688.000  9.72290e-01
  6689.000  9.71850e-01
  6690.000  9.71360e-01
  6691.000  9.71140e-01
  6692.000  9.71440e-01
  6693.000  9.71330e-01
  6694.000  9.70040e-01
  6695.000  9.67570e-01
  6696.000  9.63830e-01
  6697.000  9.60290e-01
  6698.000  9.57090e-01
  6699.000  9.56630e-01
  6700.000  9.57140e-01
  6701.000  9.60000e-01
  6702.000  9.62430e-01
  6703.000  9.64200e-01
  6704.000  9.64430e-01
  6705.000  9.63760e-01
  6706.000  9.63130e-01
  6707.000  9.62690e-01
  6708.000  9.64020e-01
  6709.000  9.66690e-01
  6710.000  9.70070e-01
  6711.000  9.76980e-01
  6712.000  9.95810e-01
  6713.000  1.04010e+00
  6714.000  1.14270e+00
  6715.000  1.32660e+00
  6716.000  1.54530e+00
  6717.000  1.77300e+00
  6718.000  1.88490e+00
  6719.000  1.84000e+00
  6720.000  1.64730e+00
  6721.000  1.40640e+00
  6722.000  1.20230e+00
  6723.000  1.06390e+00
  6724.000  1.00340e+00
  6725.000  9.80940e-01
  6726.000  9.83220e-01
  6727.000  1.00520e+00
  6728.000  1.06230e+00
  6729.000  1.18070e+00
  6730.000  1.33670e+00
  6731.000  1.52040e+00
  6732.000  1.64740e+00
  6733.000  1.65910e+00
  6734.000  1.55250e+00
  6735.000  1.37390e+00
  6736.000  1.20590e+00
  6737.000  1.07380e+00
  6738.000  1.00610e+00
  6739.000  9.72610e-01
  6740.000  9.58300e-01
  6741.000  9.52670e-01
  6742.000  9.50510e-01
  6743.000  9.48060e-01
  6744.000  9.46750e-01
  6745.000  9.46850e-01
  6746.000  9.47020e-01
  6747.000  9.45990e-01
  6748.000  9.45210e-01
  6749.000  9.43820e-01
  6750.000  9.41580e-01
  6751.000  9.39830e-01
  6752.000  9.40310e-01
  6753.000  9.40200e-01
  6754.000  9.41310e-01
  6755.000  9.43820e-01
  6756.000  9.47250e-01
  6757.000  9.50200e-01
  6758.000  9.54280e-01
  6759.000  9.57440e-01
  6760.000  9.60810e-01
  6761.000  9.63000e-01
  6762.000  9.63910e-01
  6763.000  9.64670e-01
  6764.000  9.63960e-01
  6765.000  9.62540e-01
  6766.000  9.58240e-01
  6767.000  9.54610e-01
  6768.000  9.50120e-01
  6769.000  9.48150e-01
  6770.000  9.45810e-01
  6771.000  9.45610e-01
  6772.000  9.47300e-01
  6773.000  9.50900e-01
  6774.000  9.53140e-01
  6775.000  9.56370e-01
  6776.000  9.61080e-01
  6777.000  9.64910e-01
  6778.000  9.66790e-01
  6779.000  9.68450e-01
  6780.000  9.68900e-01
  6781.000  9.66640e-01
  6782.000  9.62310e-01
  6783.000  9.56720e-01
  6784.000  9.49990e-01
  6785.000  9.45030e-01
  6786.000  9.41920e-01
  6787.000  9.41930e-01
  6788.000  9.43840e-01
  6789.000  9.46890e-01
  6790.000  9.51060e-01
  6791.000  9.52900e-01
  6792.000  9.52490e-01
  6793.000  9.53400e-01
  6794.000  9.51400e-01
  6795.000  9.50330e-01
  6796.000  9.48870e-01
  6797.000  9.48340e-01
  6798.000  9.49940e-01
  6799.000  9.52680e-01
  6800.000  9.53500e-01
  6801.000  9.55450e-01
  6802.000  9.57160e-01
  6803.000  9.58040e-01
  6804.000  9.57100e-01
  6805.000  9.56850e-01
  6806.000  9.56730e-01
  6807.000  9.56380e-01
  6808.000  9.56080e-01
  6809.000  9.55530e-01
  6810.000  9.55600e-01
  6811.000  9.55140e-01
  6812.000  9.56000e-01
  6813.000  9.55590e-01
  6814.000  9.55310e-01
  6815.000  9.54820e-01
  6816.000  9.55740e-01
  6817.000  9.56890e-01
  6818.000  9.57690e-01
  6819.000  9.57470e-01
  6820.000  9.58040e-01
  6821.000  9.58910e-01
  6822.000  9.60350e-01
  6823.000  9.62420e-01
  6824.000  9.63540e-01
  6825.000  9.64660e-01
  6826.000  9.65320e-01
  6827.000  9.62890e-01
  6828.000  9.60140e-01
  6829.000  9.57070e-01
  6830.000  9.54400e-01
  6831.000  9.53880e-01
  6832.000  9.56340e-01
  6833.000  9.57670e-01
  6834.000  9.59340e-01
  6835.000  9.61320e-01
  6836.000  9.61000e-01
  6837.000  9.59700e-01
  6838.000  9.57100e-01
  6839.000  9.52800e-01
  6840.000  9.47140e-01
  6841.000  9.41940e-01
  6842.000  9.35980e-01
  6843.000  9.33220e-01
  6844.000  9.34640e-01
  6845.000  9.38470e-01
  6846.000  9.43170e-01
  6847.000  9.48890e-01
  6848.000  9.53150e-01
  6849.000  9.56380e-01
  6850.000  9.58230e-01
  6851.000  9.58170e-01
  6852.000  9.55750e-01
  6853.000  9.53480e-01
  6854.000  9.49920e-01
  6855.000  9.46560e-01
  6856.000  9.43130e-01
  6857.000  9.39270e-01
  6858.000  9.37870e-01
  6859.000  9.36920e-01
  6860.000  9.37680e-01
  6861.000  9.38420e-01
  6862.000  9.38050e-01
  6863.000  9.39350e-01
  6864.000  9.42670e-01
  6865.000  9.47800e-01
  6866.000  9.52560e-01
  6867.000  9.57540e-01
  6868.000  9.61140e-01
  6869.000  9.63350e-01
  6870.000  9.64610e-01
  6871.000  9.63180e-01
  6872.000  9.61850e-01
  6873.000  9.59890e-01
  6874.000  9.58580e-01
  6875.000  9.59140e-01
  6876.000  9.58410e-01
  6877.000  9.57470e-01
  6878.000  9.58150e-01
  6879.000  9.57980e-01
  6880.000  9.57540e-01
  6881.000  9.55820e-01
  6882.000  9.53310e-01
  6883.000  9.50300e-01
  6884.000  9.48650e-01
  6885.000  9.49490e-01
  6886.000  9.51880e-01
  6887.000  9.54490e-01
  6888.000  9.58310e-01
  6889.000  9.63220e-01
  6890.000  9.66150e-01
  6891.000  9.68460e-01
  6892.000  9.72220e-01
  6893.000  9.72340e-01
  6894.000  9.70750e-01
  6895.000  9.68990e-01
  6896.000  9.68630e-01
  6897.000  9.67810e-01
  6898.000  9.66800e-01
  6899.000  9.65720e-01
  6900.000  9.65230e-01
  6901.000  9.65920e-01
  6902.000  9.66040e-01
  6903.000  9.66100e-01
  6904.000  9.67020e-01
  6905.000  9.68240e-01
  6906.000  9.68890e-01
  6907.000  9.68330e-01
  6908.000  9.68850e-01
  6909.000  9.68420e-01
  6910.000  9.69190e-01
  6911.000  9.68950e-01
  6912.000  9.67530e-01
  6913.000  9.64200e-01
  6914.000  9.59500e-01
  6915.000  9.55970e-01
  6916.000  9.53510e-01
  6917.000  9.53150e-01
  6918.000  9.53890e-01
  6919.000  9.55130e-01
  6920.000  9.57090e-01
  6921.000  9.58680e-01
  6922.000  9.60010e-01
  6923.000  9.60870e-01
  6924.000  9.57760e-01
  6925.000  9.53840e-01
  6926.000  9.51170e-01
  6927.000  9.47640e-01
  6928.000  9.46360e-01
  6929.000  9.48400e-01
  6930.000  9.50940e-01
  6931.000  9.54000e-01
  6932.000  9.53910e-01
  6933.000  9.53720e-01
  6934.000  9.53430e-01
  6935.000  9.52040e-01
  6936.000  9.52820e-01
  6937.000  9.54520e-01
  6938.000  9.55000e-01
  6939.000  9.56470e-01
  6940.000  9.58630e-01
  6941.000  9.59490e-01
  6942.000  9.59660e-01
  6943.000  9.58120e-01
  6944.000  9.55360e-01
  6945.000  9.50480e-01
  6946.000  9.46490e-01
  6947.000  9.44770e-01
  6948.000  9.46240e-01
  6949.000  9.49320e-01
  6950.000  9.51310e-01
  6951.000  9.51760e-01
  6952.000  9.50260e-01
  6953.000  9.47730e-01
  6954.000  9.46360e-01
  6955.000  9.46790e-01
  6956.000  9.48450e-01
  6957.000  9.50950e-01
  6958.000  9.54180e-01
  6959.000  9.57260e-01
  6960.000  9.59720e-01
  6961.000  9.62640e-01
  6962.000  9.63620e-01
  6963.000  9.64010e-01
  6964.000  9.63440e-01
  6965.000  9.62900e-01
  6966.000  9.62980e-01
  6967.000  9.63730e-01
  6968.000  9.65220e-01
  6969.000  9.66520e-01
  6970.000  9.66540e-01
  6971.000  9.66740e-01
  6972.000  9.66060e-01
  6973.000  9.65100e-01
  6974.000  9.62970e-01
  6975.000  9.59310e-01
  6976.000  9.54490e-01
  6977.000  9.47190e-01
  6978.000  9.39740e-01
  6979.000  9.32730e-01
  6980.000  9.28580e-01
  6981.000  9.29800e-01
  6982.000  9.36050e-01
  6983.000  9.45380e-01
  6984.000  9.54580e-01
  6985.000  9.63170e-01
  6986.000  9.67260e-01
  6987.000  9.68510e-01
  6988.000  9.68260e-01
  6989.000  9.67000e-01
  6990.000  9.64600e-01
  6991.000  9.63280e-01
  6992.000  9.63150e-01
  6993.000  9.62710e-01
  6994.000  9.63400e-01
  6995.000  9.64250e-01
  6996.000  9.64150e-01
  6997.000  9.63180e-01
  6998.000  9.60690e-01
  6999.000  9.58790e-01
  7000.000  9.54760e-01
  7001.000  9.51790e-01
  7002.000  9.50590e-01
  7003.000  9.49220e-01
  7004.000  9.48760e-01
  7005.000  9.48350e-01
  7006.000  9.47770e-01
  7007.000  9.47110e-01
  7008.000  9.49180e-01
  7009.000  9.51420e-01
  7010.000  9.53920e-01
  7011.000  9.56780e-01
  7012.000  9.57320e-01
  7013.000  9.56420e-01
  7014.000  9.54500e-01
  7015.000  9.50480e-01
  7016.000  9.45590e-01
  7017.000  9.41250e-01
  7018.000  9.39570e-01
  7019.000  9.40010e-01
  7020.000  9.44450e-01
  7021.000  9.49540e-01
  7022.000  9.53110e-01
  7023.000  9.53260e-01
  7024.000  9.50920e-01
  7025.000  9.48710e-01
  7026.000  9.47510e-01
  7027.000  9.48270e-01
  7028.000  9.50580e-01
  7029.000  9.53080e-01
  7030.000  9.55390e-01
  7031.000  9.57430e-01
  7032.000  9.58830e-01
  7033.000  9.59920e-01
  7034.000  9.59330e-01
  7035.000  9.59180e-01
  7036.000  9.58150e-01
  7037.000  9.57370e-01
  7038.000  9.56730e-01
  7039.000  9.55380e-01
  7040.000  9.55550e-01
  7041.000  9.59070e-01
  7042.000  9.64540e-01
  7043.000  9.72170e-01
  7044.000  9.76270e-01
  7045.000  9.77710e-01
  7046.000  9.78770e-01
  7047.000  9.78110e-01
  7048.000  9.77350e-01
  7049.000  9.78950e-01
  7050.000  9.80180e-01
  7051.000  9.78320e-01
  7052.000  9.72400e-01
  7053.000  9.63410e-01
  7054.000  9.53380e-01
  7055.000  9.44900e-01
  7056.000  9.38100e-01
  7057.000  9.33940e-01
  7058.000  9.32370e-01
  7059.000  9.31640e-01
  7060.000  9.30230e-01
  7061.000  9.28140e-01
  7062.000  9.26510e-01
  7063.000  9.26860e-01
  7064.000  9.30370e-01
  7065.000  9.35490e-01
  7066.000  9.38700e-01
  7067.000  9.37490e-01
  7068.000  9.33330e-01
  7069.000  9.26940e-01
  7070.000  9.23750e-01
  7071.000  9.22770e-01
  7072.000  9.25590e-01
  7073.000  9.29900e-01
  7074.000  9.33740e-01
  7075.000  9.37200e-01
  7076.000  9.39570e-01
  7077.000  9.40080e-01
  7078.000  9.40860e-01
  7079.000  9.42390e-01
  7080.000  9.43400e-01
  7081.000  9.44280e-01
  7082.000  9.42400e-01
  7083.000  9.38680e-01
  7084.000  9.31950e-01
  7085.000  9.24030e-01
  7086.000  9.16810e-01
  7087.000  9.11040e-01
  7088.000  9.06340e-01
  7089.000  9.03910e-01
  7090.000  9.02290e-01
  7091.000  9.01400e-01
  7092.000  9.00450e-01
  7093.000  8.99880e-01
  7094.000  8.99680e-01
  7095.000  9.01640e-01
  7096.000  9.03690e-01
  7097.000  9.04710e-01
  7098.000  9.05990e-01
  7099.000  9.08150e-01
  7100.000  9.10700e-01
  7101.000  9.11700e-01
  7102.000  9.10930e-01
  7103.000  9.11740e-01
  7104.000  9.11980e-01
  7105.000  9.11310e-01
  7106.000  9.12080e-01
  7107.000  9.12590e-01
  7108.000  9.11580e-01
  7109.000  9.09980e-01
  7110.000  9.06340e-01
  7111.000  9.03710e-01
  7112.000  9.00960e-01
  7113.000  8.99600e-01
  7114.000  8.98010e-01
  7115.000  8.99070e-01
  7116.000  9.01690e-01
  7117.000  9.03920e-01
  7118.000  9.05210e-01
  7119.000  9.05690e-01
  7120.000  9.05470e-01
  7121.000  9.03240e-01
  7122.000  9.03040e-01
  7123.000  9.03040e-01
  7124.000  9.01830e-01
  7125.000  9.00920e-01
  7126.000  8.98160e-01
  7127.000  8.96040e-01
  7128.000  8.92180e-01
  7129.000  8.88780e-01
  7130.000  8.84730e-01
  7131.000  8.82120e-01
  7132.000  8.82300e-01
  7133.000  8.86410e-01
  7134.000  8.96380e-01
  7135.000  9.10850e-01
  7136.000  9.27270e-01
  7137.000  9.37460e-01
  7138.000  9.40650e-01
  7139.000  9.34600e-01
  7140.000  9.25040e-01
  7141.000  9.14180e-01
  7142.000  9.05430e-01
  7143.000  8.99550e-01
  7144.000  8.97300e-01
  7145.000  8.96030e-01
  7146.000  8.95090e-01
  7147.000  8.92110e-01
  7148.000  8.87670e-01
  7149.000  8.84730e-01
  7150.000  8.82950e-01
  7151.000  8.84050e-01
  7152.000  8.87160e-01
  7153.000  8.91740e-01
  7154.000  8.96440e-01
  7155.000  9.00640e-01
  7156.000  9.04350e-01
  7157.000  9.04830e-01
  7158.000  9.04860e-01
  7159.000  9.04320e-01
  7160.000  9.02450e-01
  7161.000  9.01670e-01
  7162.000  8.99710e-01
  7163.000  8.96400e-01
  7164.000  8.92190e-01
  7165.000  8.89080e-01
  7166.000  8.86530e-01
  7167.000  8.85400e-01
  7168.000  8.87500e-01
  7169.000  8.93350e-01
  7170.000  8.99180e-01
  7171.000  9.05270e-01
  7172.000  9.09570e-01
  7173.000  9.11660e-01
  7174.000  9.13840e-01
  7175.000  9.13680e-01
  7176.000  9.10450e-01
  7177.000  9.06610e-01
  7178.000  9.04700e-01
  7179.000  9.02580e-01
  7180.000  9.00600e-01
  7181.000  8.97990e-01
  7182.000  8.95140e-01
  7183.000  8.93710e-01
  7184.000  8.94160e-01
  7185.000  8.96450e-01
  7186.000  8.96360e-01
  7187.000  8.92970e-01
  7188.000  8.88900e-01
  7189.000  8.84570e-01
  7190.000  8.81600e-01
  7191.000  8.80980e-01
  7192.000  8.83120e-01
  7193.000  8.86740e-01
  7194.000  8.89940e-01
  7195.000  8.92430e-01
  7196.000  8.93700e-01
  7197.000  8.94450e-01
  7198.000  8.96180e-01
  7199.000  8.96200e-01
  7200.000  8.95540e-01
  7201.000  8.94840e-01
  7202.000  8.93940e-01
  7203.000  8.93360e-01
  7204.000  8.93580e-01
  7205.000  8.93380e-01
  7206.000  8.92490e-01
  7207.000  8.90200e-01
  7208.000  8.85920e-01
  7209.000  8.82930e-01
  7210.000  8.82900e-01
  7211.000  8.85570e-01
  7212.000  8.91260e-01
  7213.000  8.96550e-01
  7214.000  8.99370e-01
  7215.000  9.01310e-01
  7216.000  9.02020e-01
  7217.000  9.00950e-01
  7218.000  9.01770e-01
  7219.000  9.03660e-01
  7220.000  9.03290e-01
  7221.000  9.03220e-01
  7222.000  9.02010e-01
  7223.000  8.99160e-01
  7224.000  8.95470e-01
  7225.000  8.93950e-01
  7226.000  8.93960e-01
  7227.000  8.98820e-01
  7228.000  9.03730e-01
  7229.000  9.07000e-01
  7230.000  9.12370e-01
  7231.000  9.16690e-01
  7232.000  9.21590e-01
  7233.000  9.24880e-01
  7234.000  9.25680e-01
  7235.000  9.25870e-01
  7236.000  9.26170e-01
  7237.000  9.25130e-01
  7238.000  9.24120e-01
  7239.000  9.23070e-01
  7240.000  9.21700e-01
  7241.000  9.20260e-01
  7242.000  9.20500e-01
  7243.000  9.20710e-01
  7244.000  9.19670e-01
  7245.000  9.17040e-01
  7246.000  9.16200e-01
  7247.000  9.17360e-01
  7248.000  9.18200e-01
  7249.000  9.20270e-01
  7250.000  9.22140e-01
  7251.000  9.22480e-01
  7252.000  9.20540e-01
  7253.000  9.18340e-01
  7254.000  9.17330e-01
  7255.000  9.17670e-01
  7256.000  9.20020e-01
  7257.000  9.22280e-01
  7258.000  9.24800e-01
  7259.000  9.25930e-01
  7260.000  9.24520e-01
  7261.000  9.21370e-01
  7262.000  9.17230e-01
  7263.000  9.14150e-01
  7264.000  9.12580e-01
  7265.000  9.15330e-01
  7266.000  9.19920e-01
  7267.000  9.23460e-01
  7268.000  9.25910e-01
  7269.000  9.27850e-01
  7270.000  9.29140e-01
  7271.000  9.28440e-01
  7272.000  9.26480e-01
  7273.000  9.25400e-01
  7274.000  9.23790e-01
  7275.000  9.22320e-01
  7276.000  9.23450e-01
  7277.000  9.24350e-01
  7278.000  9.24420e-01
  7279.000  9.24120e-01
  7280.000  9.22540e-01
  7281.000  9.20110e-01
  7282.000  9.18110e-01
  7283.000  9.14770e-01
  7284.000  9.10150e-01
  7285.000  9.07150e-01
  7286.000  9.07650e-01
  7287.000  9.09500e-01
  7288.000  9.10290e-01
  7289.000  9.11350e-01
  7290.000  9.09250e-01
  7291.000  9.06900e-01
  7292.000  9.05220e-01
  7293.000  9.04710e-01
  7294.000  9.05840e-01
  7295.000  9.10060e-01
  7296.000  9.16710e-01
  7297.000  9.24290e-01
  7298.000  9.28660e-01
  7299.000  9.30410e-01
  7300.000  9.30670e-01
  7301.000  9.28830e-01
  7302.000  9.25480e-01
  7303.000  9.25210e-01
  7304.000  9.25730e-01
  7305.000  9.26120e-01
  7306.000  9.26850e-01
  7307.000  9.27440e-01
  7308.000  9.24600e-01
  7309.000  9.22620e-01
  7310.000  9.21330e-01
  7311.000  9.19830e-01
  7312.000  9.19870e-01
  7313.000  9.21530e-01
  7314.000  9.24270e-01
  7315.000  9.26800e-01
  7316.000  9.31920e-01
  7317.000  9.35830e-01
  7318.000  9.39110e-01
  7319.000  9.44250e-01
  7320.000  9.47690e-01
  7321.000  9.52310e-01
  7322.000  9.55100e-01
  7323.000  9.54740e-01
  7324.000  9.47950e-01
  7325.000  9.40660e-01
  7326.000  9.33080e-01
  7327.000  9.29560e-01
  7328.000  9.30160e-01
  7329.000  9.34540e-01
  7330.000  9.40120e-01
  7331.000  9.45090e-01
  7332.000  9.49450e-01
  7333.000  9.48780e-01
  7334.000  9.45350e-01
  7335.000  9.42190e-01
  7336.000  9.39000e-01
  7337.000  9.39960e-01
  7338.000  9.41250e-01
  7339.000  9.44890e-01
  7340.000  9.48050e-01
  7341.000  9.49870e-01
  7342.000  9.48890e-01
  7343.000  9.46580e-01
  7344.000  9.43520e-01
  7345.000  9.38780e-01
  7346.000  9.34840e-01
  7347.000  9.34600e-01
  7348.000  9.34720e-01
  7349.000  9.35330e-01
  7350.000  9.36920e-01
  7351.000  9.35780e-01
  7352.000  9.32750e-01
  7353.000  9.29230e-01
  7354.000  9.25660e-01
  7355.000  9.21160e-01
  7356.000  9.16860e-01
  7357.000  9.14030e-01
  7358.000  9.13050e-01
  7359.000  9.14550e-01
  7360.000  9.18310e-01
  7361.000  9.21960e-01
  7362.000  9.25240e-01
  7363.000  9.26060e-01
  7364.000  9.25180e-01
  7365.000  9.24890e-01
  7366.000  9.24720e-01
  7367.000  9.26830e-01
  7368.000  9.32970e-01
  7369.000  9.36980e-01
  7370.000  9.41140e-01
  7371.000  9.45680e-01
  7372.000  9.48170e-01
  7373.000  9.51550e-01
  7374.000  9.52250e-01
  7375.000  9.53790e-01
  7376.000  9.53470e-01
  7377.000  9.56270e-01
  7378.000  9.61840e-01
  7379.000  9.65610e-01
  7380.000  9.68490e-01
  7381.000  9.67820e-01
  7382.000  9.63500e-01
  7383.000  9.55950e-01
  7384.000  9.47320e-01
  7385.000  9.39780e-01
  7386.000  9.34560e-01
  7387.000  9.27730e-01
  7388.000  9.22490e-01
  7389.000  9.19560e-01
  7390.000  9.18740e-01
  7391.000  9.19950e-01
  7392.000  9.23770e-01
  7393.000  9.28110e-01
  7394.000  9.32650e-01
  7395.000  9.36480e-01
  7396.000  9.40250e-01
  7397.000  9.43260e-01
  7398.000  9.44700e-01
  7399.000  9.43970e-01
  7400.000  9.41330e-01
  7401.000  9.39100e-01
  7402.000  9.37650e-01
  7403.000  9.37260e-01
  7404.000  9.39090e-01
  7405.000  9.43890e-01
  7406.000  9.47310e-01
  7407.000  9.47040e-01
  7408.000  9.45280e-01
  7409.000  9.40980e-01
  7410.000  9.37300e-01
  7411.000  9.35050e-01
  7412.000  9.33860e-01
  7413.000  9.33580e-01
  7414.000  9.32690e-01
  7415.000  9.29360e-01
  7416.000  9.24150e-01
  7417.000  9.20410e-01
  7418.000  9.19050e-01
  7419.000  9.18530e-01
  7420.000  9.20630e-01
  7421.000  9.23620e-01
  7422.000  9.23890e-01
  7423.000  9.21880e-01
  7424.000  9.21220e-01
  7425.000  9.22680e-01
  7426.000  9.26810e-01
  7427.000  9.32730e-01
  7428.000  9.39940e-01
  7429.000  9.44230e-01
  7430.000  9.45570e-01
  7431.000  9.45120e-01
  7432.000  9.42480e-01
  7433.000  9.39050e-01
  7434.000  9.39110e-01
  7435.000  9.39930e-01
  7436.000  9.43190e-01
  7437.000  9.45220e-01
  7438.000  9.46660e-01
  7439.000  9.46740e-01
  7440.000  9.44530e-01
  7441.000  9.41060e-01
  7442.000  9.38130e-01
  7443.000  9.35750e-01
  7444.000  9.34130e-01
  7445.000  9.33120e-01
  7446.000  9.32430e-01
  7447.000  9.30700e-01
  7448.000  9.32790e-01
  7449.000  9.35060e-01
  7450.000  9.37020e-01
  7451.000  9.41750e-01
  7452.000  9.47300e-01
  7453.000  9.49960e-01
  7454.000  9.52320e-01
  7455.000  9.54310e-01
  7456.000  9.55530e-01
  7457.000  9.53040e-01
  7458.000  9.50940e-01
  7459.000  9.49440e-01
  7460.000  9.46790e-01
  7461.000  9.41750e-01
  7462.000  9.34830e-01
  7463.000  9.31080e-01
  7464.000  9.29820e-01
  7465.000  9.31470e-01
  7466.000  9.37930e-01
  7467.000  9.45710e-01
  7468.000  9.51730e-01
  7469.000  9.55360e-01
  7470.000  9.55880e-01
  7471.000  9.54400e-01
  7472.000  9.49190e-01
  7473.000  9.44380e-01
  7474.000  9.40660e-01
  7475.000  9.39700e-01
  7476.000  9.40200e-01
  7477.000  9.40990e-01
  7478.000  9.41410e-01
  7479.000  9.42470e-01
  7480.000  9.41550e-01
  7481.000  9.42310e-01
  7482.000  9.43050e-01
  7483.000  9.42130e-01
  7484.000  9.40980e-01
  7485.000  9.41180e-01
  7486.000  9.44140e-01
  7487.000  9.46560e-01
  7488.000  9.48110e-01
  7489.000  9.50390e-01
  7490.000  9.48880e-01
  7491.000  9.44910e-01
  7492.000  9.40700e-01
  7493.000  9.34540e-01
  7494.000  9.28270e-01
  7495.000  9.23620e-01
  7496.000  9.22150e-01
  7497.000  9.23780e-01
  7498.000  9.27760e-01
  7499.000  9.33120e-01
  7500.000  9.40910e-01
  7501.000  9.46470e-01
  7502.000  9.50690e-01
  7503.000  9.53160e-01
  7504.000  9.53490e-01
  7505.000  9.52130e-01
  7506.000  9.49950e-01
  7507.000  9.47890e-01
  7508.000  9.45600e-01
  7509.000  9.42400e-01
  7510.000  9.40480e-01
  7511.000  9.38770e-01
  7512.000  9.36920e-01
  7513.000  9.36820e-01
  7514.000  9.37470e-01
  7515.000  9.42090e-01
  7516.000  9.45820e-01
  7517.000  9.50700e-01
  7518.000  9.54760e-01
  7519.000  9.56770e-01
  7520.000  9.56580e-01
  7521.000  9.55720e-01
  7522.000  9.54950e-01
  7523.000  9.51790e-01
  7524.000  9.48000e-01
  7525.000  9.44420e-01
  7526.000  9.42040e-01
  7527.000  9.43300e-01
  7528.000  9.44470e-01
  7529.000  9.45220e-01
  7530.000  9.46280e-01
  7531.000  9.47760e-01
  7532.000  9.47390e-01
  7533.000  9.46530e-01
  7534.000  9.47410e-01
  7535.000  9.49770e-01
  7536.000  9.53000e-01
  7537.000  9.55290e-01
  7538.000  9.57730e-01
  7539.000  9.57930e-01
  7540.000  9.57350e-01
  7541.000  9.55970e-01
  7542.000  9.54200e-01
  7543.000  9.53760e-01
  7544.000  9.53660e-01
  7545.000  9.53470e-01
  7546.000  9.52540e-01
  7547.000  9.50620e-01
  7548.000  9.48970e-01
  7549.000  9.49030e-01
  7550.000  9.49590e-01
  7551.000  9.50510e-01
  7552.000  9.52230e-01
  7553.000  9.52640e-01
  7554.000  9.51760e-01
  7555.000  9.48180e-01
  7556.000  9.44470e-01
  7557.000  9.42530e-01
  7558.000  9.43010e-01
  7559.000  9.43940e-01
  7560.000  9.45100e-01
  7561.000  9.45540e-01
  7562.000  9.43890e-01
  7563.000  9.43760e-01
  7564.000  9.44380e-01
  7565.000  9.45420e-01
  7566.000  9.45620e-01
  7567.000  9.46380e-01
  7568.000  9.44600e-01
  7569.000  9.42470e-01
  7570.000  9.41600e-01
  7571.000  9.41110e-01
  7572.000  9.41990e-01
  7573.000  9.42830e-01
  7574.000  9.43570e-01
  7575.000  9.43580e-01
  7576.000  9.44890e-01
  7577.000  9.46920e-01
  7578.000  9.48890e-01
  7579.000  9.51230e-01
  7580.000  9.51770e-01
  7581.000  9.48720e-01
  7582.000  9.45090e-01
  7583.000  9.41400e-01
  7584.000  9.36310e-01
  7585.000  9.30730e-01
  7586.000  9.25820e-01
  7587.000  9.22080e-01
  7588.000  9.20030e-01
  7589.000  9.17150e-01
  7590.000  9.16580e-01
  7591.000  9.16100e-01
  7592.000  9.15190e-01
  7593.000  9.15450e-01
  7594.000  9.16420e-01
  7595.000  9.18010e-01
  7596.000  9.18960e-01
  7597.000  9.20330e-01
  7598.000  9.20030e-01
  7599.000  9.19040e-01
  7600.000  9.17050e-01
  7601.000  9.15000e-01
  7602.000  9.14190e-01
  7603.000  9.12820e-01
  7604.000  9.12130e-01
  7605.000  9.12040e-01
  7606.000  9.12210e-01
  7607.000  9.13500e-01
  7608.000  9.14200e-01
  7609.000  9.14820e-01
  7610.000  9.14570e-01
  7611.000  9.14490e-01
  7612.000  9.14140e-01
  7613.000  9.14690e-01
  7614.000  9.14860e-01
  7615.000  9.12170e-01
  7616.000  9.08720e-01
  7617.000  9.04190e-01
  7618.000  8.97710e-01
  7619.000  8.94210e-01
  7620.000  8.93850e-01
  7621.000  8.95120e-01
  7622.000  8.98180e-01
  7623.000  9.02570e-01
  7624.000  9.08520e-01
  7625.000  9.13140e-01
  7626.000  9.16480e-01
  7627.000  9.17690e-01
  7628.000  9.15630e-01
  7629.000  9.11970e-01
  7630.000  9.08770e-01
  7631.000  9.07580e-01
  7632.000  9.05960e-01
  7633.000  9.06050e-01
  7634.000  9.07150e-01
  7635.000  9.07910e-01
  7636.000  9.08330e-01
  7637.000  9.07250e-01
  7638.000  9.06380e-01
  7639.000  9.05810e-01
  7640.000  9.05170e-01
  7641.000  9.04820e-01
  7642.000  9.05700e-01
  7643.000  9.07060e-01
  7644.000  9.08470e-01
  7645.000  9.09520e-01
  7646.000  9.10040e-01
  7647.000  9.09330e-01
  7648.000  9.07770e-01
  7649.000  9.06200e-01
  7650.000  9.04670e-01
  7651.000  9.02850e-01
  7652.000  9.00280e-01
  7653.000  8.97140e-01
  7654.000  8.95440e-01
  7655.000  8.91520e-01
  7656.000  8.87540e-01
  7657.000  8.83360e-01
  7658.000  8.79070e-01
  7659.000  8.74230e-01
  7660.000  8.70710e-01
  7661.000  8.67680e-01
  7662.000  8.63820e-01
  7663.000  8.59640e-01
  7664.000  8.52350e-01
  7665.000  8.45490e-01
  7666.000  8.41220e-01
  7667.000  8.41510e-01
  7668.000  8.46870e-01
  7669.000  8.54640e-01
  7670.000  8.63940e-01
  7671.000  8.72640e-01
  7672.000  8.76630e-01
  7673.000  8.80460e-01
  7674.000  8.83330e-01
  7675.000  8.83410e-01
  7676.000  8.84740e-01
  7677.000  8.86370e-01
  7678.000  8.86640e-01
  7679.000  8.86800e-01
  7680.000  8.85630e-01
  7681.000  8.85370e-01
  7682.000  8.83840e-01
  7683.000  8.83970e-01
  7684.000  8.85170e-01
  7685.000  8.86340e-01
  7686.000  8.86800e-01
  7687.000  8.86440e-01
  7688.000  8.86160e-01
  7689.000  8.84600e-01
  7690.000  8.82400e-01
  7691.000  8.79920e-01
  7692.000  8.76640e-01
  7693.000  8.76440e-01
  7694.000  8.76250e-01
  7695.000  8.77080e-01
  7696.000  8.77640e-01
  7697.000  8.76550e-01
  7698.000  8.72760e-01
  7699.000  8.67790e-01
  7700.000  8.65310e-01
  7701.000  8.65350e-01
  7702.000  8.68530e-01
  7703.000  8.74410e-01
  7704.000  8.79500e-01
  7705.000  8.83890e-01
  7706.000  8.85350e-01
  7707.000  8.84780e-01
  7708.000  8.83030e-01
  7709.000  8.81440e-01
  7710.000  8.76820e-01
  7711.000  8.71000e-01
  7712.000  8.65370e-01
  7713.000  8.61810e-01
  7714.000  8.57700e-01
  7715.000  8.54610e-01
  7716.000  8.54160e-01
  7717.000  8.57950e-01
  7718.000  8.61030e-01
  7719.000  8.66160e-01
  7720.000  8.71090e-01
  7721.000  8.73720e-01
  7722.000  8.75860e-01
  7723.000  8.76610e-01
  7724.000  8.76310e-01
  7725.000  8.74950e-01
  7726.000  8.75900e-01
  7727.000  8.77080e-01
  7728.000  8.77650e-01
  7729.000  8.80110e-01
  7730.000  8.83570e-01
  7731.000  8.85820e-01
  7732.000  8.88080e-01
  7733.000  8.90660e-01
  7734.000  8.91490e-01
  7735.000  8.93010e-01
  7736.000  8.93960e-01
  7737.000  8.96030e-01
  7738.000  8.98760e-01
  7739.000  8.99060e-01
  7740.000  8.98650e-01
  7741.000  8.98140e-01
  7742.000  8.95190e-01
  7743.000  8.92490e-01
  7744.000  8.85970e-01
  7745.000  8.80870e-01
  7746.000  8.76550e-01
  7747.000  8.71540e-01
  7748.000  8.65320e-01
  7749.000  8.62200e-01
  7750.000  8.62330e-01
  7751.000  8.65180e-01
  7752.000  8.69150e-01
  7753.000  8.73830e-01
  7754.000  8.78510e-01
  7755.000  8.83420e-01
  7756.000  8.87360e-01
  7757.000  8.88190e-01
  7758.000  8.87610e-01
  7759.000  8.87940e-01
  7760.000  8.86650e-01
  7761.000  8.86440e-01
  7762.000  8.86430e-01
  7763.000  8.85690e-01
  7764.000  8.87320e-01
  7765.000  8.88550e-01
  7766.000  8.89170e-01
  7767.000  8.89410e-01
  7768.000  8.88760e-01
  7769.000  8.88160e-01
  7770.000  8.86430e-01
  7771.000  8.83990e-01
  7772.000  8.80930e-01
  7773.000  8.76630e-01
  7774.000  8.71870e-01
  7775.000  8.69400e-01
  7776.000  8.68770e-01
  7777.000  8.69140e-01
  7778.000  8.71240e-01
  7779.000  8.74500e-01
  7780.000  8.76130e-01
  7781.000  8.76740e-01
  7782.000  8.77740e-01
  7783.000  8.78090e-01
  7784.000  8.79550e-01
  7785.000  8.82450e-01
  7786.000  8.83890e-01
  7787.000  8.85290e-01
  7788.000  8.84040e-01
  7789.000  8.82070e-01
  7790.000  8.81650e-01
  7791.000  8.82140e-01
  7792.000  8.81860e-01
  7793.000  8.84140e-01
  7794.000  8.87340e-01
  7795.000  8.89310e-01
  7796.000  8.91090e-01
  7797.000  8.90260e-01
  7798.000  8.87780e-01
  7799.000  8.85520e-01
  7800.000  8.84370e-01
  7801.000  8.83440e-01
  7802.000  8.85440e-01
  7803.000  8.88670e-01
  7804.000  8.91500e-01
  7805.000  8.94440e-01
  7806.000  8.95550e-01
  7807.000  8.95220e-01
  7808.000  8.94110e-01
  7809.000  8.91800e-01
  7810.000  8.89950e-01
  7811.000  8.90660e-01
  7812.000  8.91010e-01
  7813.000  8.91870e-01
  7814.000  8.95590e-01
  7815.000  8.99710e-01
  7816.000  9.02270e-01
  7817.000  9.05270e-01
  7818.000  9.06480e-01
  7819.000  9.06290e-01
  7820.000  9.05540e-01
  7821.000  9.04870e-01
  7822.000  9.04480e-01
  7823.000  9.04220e-01
  7824.000  9.04110e-01
  7825.000  9.03210e-01
  7826.000  9.03330e-01
  7827.000  9.03490e-01
  7828.000  8.98300e-01
  7829.000  8.94200e-01
  7830.000  8.90920e-01
  7831.000  8.86230e-01
  7832.000  8.81570e-01
  7833.000  8.77070e-01
  7834.000  8.71990e-01
  7835.000  8.69760e-01
  7836.000  8.68850e-01
  7837.000  8.70700e-01
  7838.000  8.72090e-01
  7839.000  8.75260e-01
  7840.000  8.81250e-01
  7841.000  8.86980e-01
  7842.000  8.88370e-01
  7843.000  8.89550e-01
  7844.000  8.90520e-01
  7845.000  8.90930e-01
  7846.000  8.92330e-01
  7847.000  8.91540e-01
  7848.000  8.92430e-01
  7849.000  8.92480e-01
  7850.000  8.89400e-01
  7851.000  8.85930e-01
  7852.000  8.83270e-01
  7853.000  8.81440e-01
  7854.000  8.83330e-01
  7855.000  8.83770e-01
  7856.000  8.84320e-01
  7857.000  8.85500e-01
  7858.000  8.86730e-01
  7859.000  8.90010e-01
  7860.000  8.93200e-01
  7861.000  8.94680e-01
  7862.000  8.94220e-01
  7863.000  8.94200e-01
  7864.000  8.94020e-01
  7865.000  8.93790e-01
  7866.000  8.95240e-01
  7867.000  8.96260e-01
  7868.000  8.95410e-01
  7869.000  8.94000e-01
  7870.000  8.92340e-01
  7871.000  8.88820e-01
  7872.000  8.85630e-01
  7873.000  8.82700e-01
  7874.000  8.81140e-01
  7875.000  8.80160e-01
  7876.000  8.78900e-01
  7877.000  8.79440e-01
  7878.000  8.80780e-01
  7879.000  8.80390e-01
  7880.000  8.79760e-01
  7881.000  8.78900e-01
  7882.000  8.78660e-01
  7883.000  8.78050e-01
  7884.000  8.78440e-01
  7885.000  8.79780e-01
  7886.000  8.81260e-01
  7887.000  8.84370e-01
  7888.000  8.86300e-01
  7889.000  8.87900e-01
  7890.000  8.90290e-01
  7891.000  8.90670e-01
  7892.000  8.89310e-01
  7893.000  8.87580e-01
  7894.000  8.84880e-01
  7895.000  8.79650e-01
  7896.000  8.73910e-01
  7897.000  8.68750e-01
  7898.000  8.67130e-01
  7899.000  8.65930e-01
  7900.000  8.67490e-01
  7901.000  8.69660e-01
  7902.000  8.72050e-01
  7903.000  8.75630e-01
  7904.000  8.77800e-01
  7905.000  8.79060e-01
  7906.000  8.78200e-01
  7907.000  8.76740e-01
  7908.000  8.74490e-01
  7909.000  8.71550e-01
  7910.000  8.67130e-01
  7911.000  8.63120e-01
  7912.000  8.60490e-01
  7913.000  8.57920e-01
  7914.000  8.56220e-01
  7915.000  8.53170e-01
  7916.000  8.52860e-01
  7917.000  8.52560e-01
  7918.000  8.53190e-01
  7919.000  8.54820e-01
  7920.000  8.56310e-01
  7921.000  8.57240e-01
  7922.000  8.58900e-01
  7923.000  8.60850e-01
  7924.000  8.63810e-01
  7925.000  8.63790e-01
  7926.000  8.63480e-01
  7927.000  8.64500e-01
  7928.000  8.63370e-01
  7929.000  8.62230e-01
  7930.000  8.61660e-01
  7931.000  8.58910e-01
  7932.000  8.57610e-01
  7933.000  8.56000e-01
  7934.000  8.53850e-01
  7935.000  8.54890e-01
  7936.000  8.55740e-01
  7937.000  8.54900e-01
  7938.000  8.53430e-01
  7939.000  8.53120e-01
  7940.000  8.51350e-01
  7941.000  8.49960e-01
  7942.000  8.48350e-01
  7943.000  8.47010e-01
  7944.000  8.44020e-01
  7945.000  8.41570e-01
  7946.000  8.39660e-01
  7947.000  8.38990e-01
  7948.000  8.41030e-01
  7949.000  8.45880e-01
  7950.000  8.51320e-01
  7951.000  8.56220e-01
  7952.000  8.61650e-01
  7953.000  8.65940e-01
  7954.000  8.68720e-01
  7955.000  8.70060e-01
  7956.000  8.71020e-01
  7957.000  8.71180e-01
  7958.000  8.71310e-01
  7959.000  8.71340e-01
  7960.000  8.72760e-01
  7961.000  8.74820e-01
  7962.000  8.76350e-01
  7963.000  8.76950e-01
  7964.000  8.76370e-01
  7965.000  8.75710e-01
  7966.000  8.76220e-01
  7967.000  8.77820e-01
  7968.000  8.79450e-01
  7969.000  8.80870e-01
  7970.000  8.82480e-01
  7971.000  8.82760e-01
  7972.000  8.83280e-01
  7973.000  8.83090e-01
  7974.000  8.83290e-01
  7975.000  8.84870e-01
  7976.000  8.85260e-01
  7977.000  8.83260e-01
  7978.000  8.83120e-01
  7979.000  8.80230e-01
  7980.000  8.76790e-01
  7981.000  8.76500e-01
  7982.000  8.77830e-01
  7983.000  8.79960e-01
  7984.000  8.82460e-01
  7985.000  8.84350e-01
  7986.000  8.82650e-01
  7987.000  8.80940e-01
  7988.000  8.78410e-01
  7989.000  8.76810e-01
  7990.000  8.75210e-01
  7991.000  8.75720e-01
  7992.000  8.80020e-01
  7993.000  8.82050e-01
  7994.000  8.80440e-01
  7995.000  8.76320e-01
  7996.000  8.73790e-01
  7997.000  8.72030e-01
  7998.000  8.69940e-01
  7999.000  8.68740e-01
  8000.000  8.69300e-01
  8001.000  8.71400e-01
  8002.000  8.73110e-01
  8003.000  8.76940e-01
  8004.000  8.79500e-01
  8005.000  8.80480e-01
  8006.000  8.81750e-01
  8007.000  8.84130e-01
  8008.000  8.86480e-01
  8009.000  8.88080e-01
  8010.000  8.88020e-01
  8011.000  8.86840e-01
  8012.000  8.87130e-01
  8013.000  8.89350e-01
  8014.000  8.91010e-01
  8015.000  8.92510e-01
  8016.000  8.92860e-01
  8017.000  8.93250e-01
  8018.000  8.95380e-01
  8019.000  8.96300e-01
  8020.000  8.96430e-01
  8021.000  8.96010e-01
  8022.000  8.93810e-01
  8023.000  8.90100e-01
  8024.000  8.86260e-01
  8025.000  8.81310e-01
  8026.000  8.74010e-01
  8027.000  8.67160e-01
  8028.000  8.62870e-01
  8029.000  8.59560e-01
  8030.000  8.62970e-01
  8031.000  8.70230e-01
  8032.000  8.77330e-01
  8033.000  8.84110e-01
  8034.000  8.88910e-01
  8035.000  8.94400e-01
  8036.000  8.98160e-01
  8037.000  9.00030e-01
  8038.000  9.02460e-01
  8039.000  9.02380e-01
  8040.000  9.02590e-01
  8041.000  9.01590e-01
  8042.000  8.96500e-01
  8043.000  8.91940e-01
  8044.000  8.87100e-01
  8045.000  8.80480e-01
  8046.000  8.75530e-01
  8047.000  8.70020e-01
  8048.000  8.65060e-01
  8049.000  8.64180e-01
  8050.000  8.65660e-01
  8051.000  8.68040e-01
  8052.000  8.72460e-01
  8053.000  8.78490e-01
  8054.000  8.82820e-01
  8055.000  8.86650e-01
  8056.000  8.88330e-01
  8057.000  8.91120e-01
  8058.000  8.92930e-01
  8059.000  8.93350e-01
  8060.000  8.93860e-01
  8061.000  8.94720e-01
  8062.000  8.94290e-01
  8063.000  8.92890e-01
  8064.000  8.93250e-01
  8065.000  8.94000e-01
  8066.000  8.91560e-01
  8067.000  8.88310e-01
  8068.000  8.85540e-01
  8069.000  8.81760e-01
  8070.000  8.75310e-01
  8071.000  8.71650e-01
  8072.000  8.70310e-01
  8073.000  8.68380e-01
  8074.000  8.67940e-01
  8075.000  8.70240e-01
  8076.000  8.71900e-01
  8077.000  8.74640e-01
  8078.000  8.79120e-01
  8079.000  8.80740e-01
  8080.000  8.81880e-01
  8081.000  8.82000e-01
  8082.000  8.82210e-01
  8083.000  8.81680e-01
  8084.000  8.78340e-01
  8085.000  8.76530e-01
  8086.000  8.77680e-01
  8087.000  8.79840e-01
  8088.000  8.80360e-01
  8089.000  8.80230e-01
  8090.000  8.79310e-01
  8091.000  8.77660e-01
  8092.000  8.73200e-01
  8093.000  8.67530e-01
  8094.000  8.61850e-01
  8095.000  8.59740e-01
  8096.000  8.61020e-01
  8097.000  8.63240e-01
  8098.000  8.65890e-01
  8099.000  8.69400e-01
  8100.000  8.72160e-01
  8101.000  8.73720e-01
  8102.000  8.74280e-01
  8103.000  8.76840e-01
  8104.000  8.78990e-01
  8105.000  8.79040e-01
  8106.000  8.79370e-01
  8107.000  8.79580e-01
  8108.000  8.78850e-01
  8109.000  8.78590e-01
  8110.000  8.79550e-01
  8111.000  8.78690e-01
  8112.000  8.79160e-01
  8113.000  8.79830e-01
  8114.000  8.79840e-01
  8115.000  8.79170e-01
  8116.000  8.75370e-01
  8117.000  8.72210e-01
  8118.000  8.70790e-01
  8119.000  8.71600e-01
  8120.000  8.72880e-01
  8121.000  8.76320e-01
  8122.000  8.82150e-01
  8123.000  8.86870e-01
  8124.000  8.89880e-01
  8125.000  8.92240e-01
  8126.000  8.93680e-01
  8127.000  8.93660e-01
  8128.000  8.91870e-01
  8129.000  8.90580e-01
  8130.000  8.91330e-01
  8131.000  8.89910e-01
  8132.000  8.87760e-01
  8133.000  8.86710e-01
  8134.000  8.87950e-01
  8135.000  8.88610e-01
  8136.000  8.89430e-01
  8137.000  8.90470e-01
  8138.000  8.91320e-01
  8139.000  8.93030e-01
  8140.000  8.94700e-01
  8141.000  8.95030e-01
  8142.000  8.92910e-01
  8143.000  8.91610e-01
  8144.000  8.89970e-01
  8145.000  8.88360e-01
  8146.000  8.89460e-01
  8147.000  8.90170e-01
  8148.000  8.89310e-01
  8149.000  8.90140e-01
  8150.000  8.91220e-01
  8151.000  8.92190e-01
  8152.000  8.92860e-01
  8153.000  8.93840e-01
  8154.000  8.94120e-01
  8155.000  8.94270e-01
  8156.000  8.95740e-01
  8157.000  8.97980e-01
  8158.000  8.98380e-01
  8159.000  8.97990e-01
  8160.000  8.96700e-01
  8161.000  8.91790e-01
  8162.000  8.87770e-01
  8163.000  8.83820e-01
  8164.000  8.83560e-01
  8165.000  8.85670e-01
  8166.000  8.87760e-01
  8167.000  8.91330e-01
  8168.000  8.94480e-01
  8169.000  8.96240e-01
  8170.000  8.97650e-01
  8171.000  8.97570e-01
  8172.000  8.95860e-01
  8173.000  8.96040e-01
  8174.000  8.96140e-01
  8175.000  8.96430e-01
  8176.000  8.96960e-01
  8177.000  8.99600e-01
  8178.000  8.99370e-01
  8179.000  8.97280e-01
  8180.000  8.93400e-01
  8181.000  8.90170e-01
  8182.000  8.83350e-01
  8183.000  8.76280e-01
  8184.000  8.71760e-01
  8185.000  8.69820e-01
  8186.000  8.68050e-01
  8187.000  8.69900e-01
  8188.000  8.75680e-01
  8189.000  8.82690e-01
  8190.000  8.87770e-01
  8191.000  8.91220e-01
  8192.000  8.92160e-01
  8193.000  8.89940e-01
  8194.000  8.84180e-01
  8195.000  8.74490e-01
  8196.000  8.66820e-01
  8197.000  8.60500e-01
  8198.000  8.58740e-01
  8199.000  8.59110e-01
  8200.000  8.61020e-01
  8201.000  8.63620e-01
  8202.000  8.64740e-01
  8203.000  8.64690e-01
  8204.000  8.62330e-01
  8205.000  8.62540e-01
  8206.000  8.61100e-01
  8207.000  8.60040e-01
  8208.000  8.61010e-01
  8209.000  8.62420e-01
  8210.000  8.63340e-01
  8211.000  8.65670e-01
  8212.000  8.66300e-01
  8213.000  8.67090e-01
  8214.000  8.67140e-01
  8215.000  8.65310e-01
  8216.000  8.65900e-01
  8217.000  8.69220e-01
  8218.000  8.72280e-01
  8219.000  8.71920e-01
  8220.000  8.71470e-01
  8221.000  8.70620e-01
  8222.000  8.71450e-01
  8223.000  8.71480e-01
  8224.000  8.74310e-01
  8225.000  8.79290e-01
  8226.000  8.84860e-01
  8227.000  8.90960e-01
  8228.000  8.92480e-01
  8229.000  8.92260e-01
  8230.000  8.92190e-01
  8231.000  8.90790e-01
  8232.000  8.89050e-01
  8233.000  8.86090e-01
  8234.000  8.84030e-01
  8235.000  8.81120e-01
  8236.000  8.79570e-01
  8237.000  8.80640e-01
  8238.000  8.81660e-01
  8239.000  8.82230e-01
  8240.000  8.81910e-01
  8241.000  8.82290e-01
  8242.000  8.83510e-01
  8243.000  8.84680e-01
  8244.000  8.88150e-01
  8245.000  8.89690e-01
  8246.000  8.89620e-01
  8247.000  8.88560e-01
  8248.000  8.86610e-01
  8249.000  8.83060e-01
  8250.000  8.78890e-01
  8251.000  8.75610e-01
  8252.000  8.73290e-01
  8253.000  8.73250e-01
  8254.000  8.69140e-01
  8255.000  8.68370e-01
  8256.000  8.66420e-01
  8257.000  8.66060e-01
  8258.000  8.69720e-01
  8259.000  8.72290e-01
  8260.000  8.76320e-01
  8261.000  8.81890e-01
  8262.000  8.85640e-01
  8263.000  8.89990e-01
  8264.000  8.91350e-01
  8265.000  8.90020e-01
  8266.000  8.89140e-01
  8267.000  8.87150e-01
  8268.000  8.86360e-01
  8269.000  8.84460e-01
  8270.000  8.81830e-01
  8271.000  8.80530e-01
  8272.000  8.79220e-01
  8273.000  8.77300e-01
  8274.000  8.75440e-01
  8275.000  8.72120e-01
  8276.000  8.70500e-01
  8277.000  8.70400e-01
  8278.000  8.70990e-01
  8279.000  8.70780e-01
  8280.000  8.73920e-01
  8281.000  8.77470e-01
  8282.000  8.78440e-01
  8283.000  8.76520e-01
  8284.000  8.75050e-01
  8285.000  8.74410e-01
  8286.000  8.72030e-01
  8287.000  8.70550e-01
  8288.000  8.71850e-01
  8289.000  8.72740e-01
  8290.000  8.70710e-01
  8291.000  8.67610e-01
  8292.000  8.66120e-01
  8293.000  8.65210e-01
  8294.000  8.65950e-01
  8295.000  8.63830e-01
  8296.000  8.63130e-01
  8297.000  8.63020e-01
  8298.000  8.59800e-01
  8299.000  8.58460e-01
  8300.000  8.58020e-01
  8301.000  8.57410e-01
  8302.000  8.56770e-01
  8303.000  8.56710e-01
  8304.000  8.56290e-01
  8305.000  8.50410e-01
  8306.000  8.48500e-01
  8307.000  8.45180e-01
  8308.000  8.42230e-01
  8309.000  8.40920e-01
  8310.000  8.39970e-01
  8311.000  8.39310e-01
  8312.000  8.39330e-01
  8313.000  8.42530e-01
  8314.000  8.45010e-01
  8315.000  8.47680e-01
  8316.000  8.52410e-01
  8317.000  8.58470e-01
  8318.000  8.59840e-01
  8319.000  8.61270e-01
  8320.000  8.59960e-01
  8321.000  8.57900e-01
  8322.000  8.56790e-01
  8323.000  8.54900e-01
  8324.000  8.51760e-01
  8325.000  8.49330e-01
  8326.000  8.46970e-01
  8327.000  8.42950e-01
  8328.000  8.35770e-01
  8329.000  8.32630e-01
  8330.000  8.34110e-01
  8331.000  8.32490e-01
  8332.000  8.32490e-01
  8333.000  8.32540e-01
  8334.000  8.32070e-01
  8335.000  8.31740e-01
  8336.000  8.31560e-01
  8337.000  8.31830e-01
  8338.000  8.30680e-01
  8339.000  8.31850e-01
  8340.000  8.34390e-01
  8341.000  8.37370e-01
  8342.000  8.39880e-01
  8343.000  8.42070e-01
  8344.000  8.44680e-01
  8345.000  8.43510e-01
  8346.000  8.41830e-01
  8347.000  8.39230e-01
  8348.000  8.37240e-01
  8349.000  8.33430e-01
  8350.000  8.33380e-01
  8351.000  8.35560e-01
  8352.000  8.38630e-01
  8353.000  8.42940e-01
  8354.000  8.44870e-01
  8355.000  8.45880e-01
  8356.000  8.47930e-01
  8357.000  8.50700e-01
  8358.000  8.52230e-01
  8359.000  8.52200e-01
  8360.000  8.52870e-01
  8361.000  8.53630e-01
  8362.000  8.51540e-01
  8363.000  8.47620e-01
  8364.000  8.43750e-01
  8365.000  8.39750e-01
  8366.000  8.35950e-01
  8367.000  8.36360e-01
  8368.000  8.38980e-01
  8369.000  8.45600e-01
  8370.000  8.50490e-01
  8371.000  8.55140e-01
  8372.000  8.52690e-01
  8373.000  8.52170e-01
  8374.000  8.51340e-01
  8375.000  8.51750e-01
  8376.000  8.51860e-01
  8377.000  8.51920e-01
  8378.000  8.52650e-01
  8379.000  8.46910e-01
  8380.000  8.41990e-01
  8381.000  8.40090e-01
  8382.000  8.36390e-01
  8383.000  8.32840e-01
  8384.000  8.29530e-01
  8385.000  8.26450e-01
  8386.000  8.20720e-01
  8387.000  8.15650e-01
  8388.000  8.14330e-01
  8389.000  8.15540e-01
  8390.000  8.17270e-01
  8391.000  8.19290e-01
  8392.000  8.27410e-01
  8393.000  8.37860e-01
  8394.000  8.45410e-01
  8395.000  8.50680e-01
  8396.000  8.54670e-01
  8397.000  8.53410e-01
  8398.000  8.50210e-01
  8399.000  8.48290e-01
  8400.000  8.48090e-01
  8401.000  8.49470e-01
  8402.000  8.51800e-01
  8403.000  8.50640e-01
  8404.000  8.50830e-01
  8405.000  8.51920e-01
  8406.000  8.53100e-01
  8407.000  8.55610e-01
  8408.000  8.56170e-01
  8409.000  8.57230e-01
  8410.000  8.57210e-01
  8411.000  8.55640e-01
  8412.000  8.53170e-01
  8413.000  8.50030e-01
  8414.000  8.48070e-01
  8415.000  8.47630e-01
  8416.000  8.48260e-01
  8417.000  8.49580e-01
  8418.000  8.51420e-01
  8419.000  8.51410e-01
  8420.000  8.49160e-01
  8421.000  8.44810e-01
  8422.000  8.43310e-01
  8423.000  8.41030e-01
  8424.000  8.40100e-01
  8425.000  8.36470e-01
  8426.000  8.32330e-01
  8427.000  8.29460e-01
  8428.000  8.26960e-01
  8429.000  8.30420e-01
  8430.000  8.37190e-01
  8431.000  8.41360e-01
  8432.000  8.42940e-01
  8433.000  8.42790e-01
  8434.000  8.36920e-01
  8435.000  8.28320e-01
  8436.000  8.17190e-01
  8437.000  8.11010e-01
  8438.000  8.07620e-01
  8439.000  8.07840e-01
  8440.000  8.11070e-01
  8441.000  8.16960e-01
  8442.000  8.20830e-01
  8443.000  8.23870e-01
  8444.000  8.28730e-01
  8445.000  8.29880e-01
  8446.000  8.31210e-01
  8447.000  8.34590e-01
  8448.000  8.34970e-01
  8449.000  8.33930e-01
  8450.000  8.33950e-01
  8451.000  8.32900e-01
  8452.000  8.32100e-01
  8453.000  8.31020e-01
  8454.000  8.30350e-01
  8455.000  8.30110e-01
  8456.000  8.29670e-01
  8457.000  8.29190e-01
  8458.000  8.29270e-01
  8459.000  8.29990e-01
  8460.000  8.30790e-01
  8461.000  8.33000e-01
  8462.000  8.33670e-01
  8463.000  8.33640e-01
  8464.000  8.33570e-01
  8465.000  8.29460e-01
  8466.000  8.23280e-01
  8467.000  8.16910e-01
  8468.000  8.12440e-01
  8469.000  8.07200e-01
  8470.000  8.04860e-01
  8471.000  8.06280e-01
  8472.000  8.09080e-01
  8473.000  8.11500e-01
  8474.000  8.16990e-01
  8475.000  8.25980e-01
  8476.000  8.33490e-01
  8477.000  8.34820e-01
  8478.000  8.35840e-01
  8479.000  8.36730e-01
  8480.000  8.35660e-01
  8481.000  8.33590e-01
  8482.000  8.31680e-01
  8483.000  8.30070e-01
  8484.000  8.30210e-01
  8485.000  8.31030e-01
  8486.000  8.33160e-01
  8487.000  8.34420e-01
  8488.000  8.32590e-01
  8489.000  8.34480e-01
  8490.000  8.35150e-01
  8491.000  8.35260e-01
  8492.000  8.32780e-01
  8493.000  8.25710e-01
  8494.000  8.18170e-01
  8495.000  8.02930e-01
  8496.000  7.83440e-01
  8497.000  7.60070e-01
  8498.000  7.38440e-01
  8499.000  7.18170e-01
  8500.000  7.07960e-01
  8501.000  7.11580e-01
  8502.000  7.25810e-01
  8503.000  7.44320e-01
  8504.000  7.64410e-01
  8505.000  7.84980e-01
  8506.000  7.97850e-01
  8507.000  8.10270e-01
  8508.000  8.18710e-01
  8509.000  8.22560e-01
  8510.000  8.24600e-01
  8511.000  8.26790e-01
  8512.000  8.24510e-01
  8513.000  8.19120e-01
  8514.000  8.12230e-01
  8515.000  8.06810e-01
  8516.000  8.01240e-01
  8517.000  7.97580e-01
  8518.000  7.98140e-01
  8519.000  8.01890e-01
  8520.000  8.06620e-01
  8521.000  8.10180e-01
  8522.000  8.13750e-01
  8523.000  8.17080e-01
  8524.000  8.18650e-01
  8525.000  8.19260e-01
  8526.000  8.19560e-01
  8527.000  8.19100e-01
  8528.000  8.16320e-01
  8529.000  8.15140e-01
  8530.000  8.15080e-01
  8531.000  8.15090e-01
  8532.000  8.14270e-01
  8533.000  8.13100e-01
  8534.000  8.09410e-01
  8535.000  8.02910e-01
  8536.000  7.91490e-01
  8537.000  7.78170e-01
  8538.000  7.54450e-01
  8539.000  7.29970e-01
  8540.000  6.96280e-01
  8541.000  6.66340e-01
  8542.000  6.32640e-01
  8543.000  6.13600e-01
  8544.000  6.03270e-01
  8545.000  6.07980e-01
  8546.000  6.27280e-01
  8547.000  6.53000e-01
  8548.000  6.85010e-01
  8549.000  7.12950e-01
  8550.000  7.41330e-01
  8551.000  7.61350e-01
  8552.000  7.79120e-01
  8553.000  7.90360e-01
  8554.000  8.00640e-01
  8555.000  8.06000e-01
  8556.000  8.10130e-01
  8557.000  8.12930e-01
  8558.000  8.14640e-01
  8559.000  8.16370e-01
  8560.000  8.20170e-01
  8561.000  8.21780e-01
  8562.000  8.24970e-01
  8563.000  8.25630e-01
  8564.000  8.27820e-01
  8565.000  8.29690e-01
  8566.000  8.32060e-01
  8567.000  8.33090e-01
  8568.000  8.32990e-01
  8569.000  8.31420e-01
  8570.000  8.31040e-01
  8571.000  8.29400e-01
  8572.000  8.29510e-01
  8573.000  8.31650e-01
  8574.000  8.32000e-01
  8575.000  8.34030e-01
  8576.000  8.36660e-01
  8577.000  8.39880e-01
  8578.000  8.45370e-01
  8579.000  8.49400e-01
  8580.000  8.51190e-01
  8581.000  8.51200e-01
  8582.000  8.47940e-01
  8583.000  8.42120e-01
  8584.000  8.38850e-01
  8585.000  8.33400e-01
  8586.000  8.31560e-01
  8587.000  8.33270e-01
  8588.000  8.33120e-01
  8589.000  8.32120e-01
  8590.000  8.31320e-01
  8591.000  8.29410e-01
  8592.000  8.27330e-01
  8593.000  8.28130e-01
  8594.000  8.26910e-01
  8595.000  8.24920e-01
  8596.000  8.25150e-01
  8597.000  8.24960e-01
  8598.000  8.26570e-01
  8599.000  8.29020e-01
  8600.000  8.29270e-01
  8601.000  8.29830e-01
  8602.000  8.31630e-01
  8603.000  8.32450e-01
  8604.000  8.32990e-01
  8605.000  8.32890e-01
  8606.000  8.31740e-01
  8607.000  8.30980e-01
  8608.000  8.31080e-01
  8609.000  8.31370e-01
  8610.000  8.30870e-01
  8611.000  8.29210e-01
  8612.000  8.26230e-01
  8613.000  8.25110e-01
  8614.000  8.26840e-01
  8615.000  8.33050e-01
  8616.000  8.39050e-01
  8617.000  8.43370e-01
  8618.000  8.44940e-01
  8619.000  8.46050e-01
  8620.000  8.45040e-01
  8621.000  8.43820e-01
  8622.000  8.41070e-01
  8623.000  8.36860e-01
  8624.000  8.36060e-01
  8625.000  8.37070e-01
  8626.000  8.39410e-01
  8627.000  8.43640e-01
  8628.000  8.49000e-01
  8629.000  8.52850e-01
  8630.000  8.52930e-01
  8631.000  8.53020e-01
  8632.000  8.52110e-01
  8633.000  8.49500e-01
  8634.000  8.49840e-01
  8635.000  8.50970e-01
  8636.000  8.51290e-01
  8637.000  8.53740e-01
  8638.000  8.55000e-01
  8639.000  8.54550e-01
  8640.000  8.53030e-01
  8641.000  8.51610e-01
  8642.000  8.52980e-01
  8643.000  8.52700e-01
  8644.000  8.49320e-01
  8645.000  8.45170e-01
  8646.000  8.43250e-01
  8647.000  8.41460e-01
  8648.000  8.37590e-01
  8649.000  8.33890e-01
  8650.000  8.30710e-01
  8651.000  8.28300e-01
  8652.000  8.27380e-01
  8653.000  8.25850e-01
  8654.000  8.22580e-01
  8655.000  8.17960e-01
  8656.000  8.13060e-01
  8657.000  8.02630e-01
  8658.000  7.90310e-01
  8659.000  7.69700e-01
  8660.000  7.43010e-01
  8661.000  7.08790e-01
  8662.000  6.81270e-01
  8663.000  6.54060e-01
  8664.000  6.40430e-01
  8665.000  6.44880e-01
  8666.000  6.63300e-01
  8667.000  6.94120e-01
  8668.000  7.20820e-01
  8669.000  7.47290e-01
  8670.000  7.66150e-01
  8671.000  7.83320e-01
  8672.000  7.93850e-01
  8673.000  7.99640e-01
  8674.000  8.02480e-01
  8675.000  8.03860e-01
  8676.000  8.03260e-01
  8677.000  8.04770e-01
  8678.000  8.10270e-01
  8679.000  8.17920e-01
  8680.000  8.21950e-01
  8681.000  8.26900e-01
  8682.000  8.28580e-01
  8683.000  8.31080e-01
  8684.000  8.33610e-01
  8685.000  8.34380e-01
  8686.000  8.33660e-01
  8687.000  8.30140e-01
  8688.000  8.22990e-01
  8689.000  8.17930e-01
  8690.000  8.12670e-01
  8691.000  8.06750e-01
  8692.000  8.09370e-01
  8693.000  8.17710e-01
  8694.000  8.26480e-01
  8695.000  8.38330e-01
  8696.000  8.45940e-01
  8697.000  8.47600e-01
  8698.000  8.50390e-01
  8699.000  8.49160e-01
  8700.000  8.48340e-01
  8701.000  8.49350e-01
  8702.000  8.48320e-01
  8703.000  8.48940e-01
  8704.000  8.50140e-01
  8705.000  8.54100e-01
  8706.000  8.56940e-01
  8707.000  8.55660e-01
  8708.000  8.54480e-01
  8709.000  8.55780e-01
  8710.000  8.54800e-01
  8711.000  8.52950e-01
  8712.000  8.50580e-01
  8713.000  8.47100e-01
  8714.000  8.46340e-01
  8715.000  8.45280e-01
  8716.000  8.46130e-01
  8717.000  8.51900e-01
  8718.000  8.56230e-01
  8719.000  8.58280e-01
  8720.000  8.60470e-01
  8721.000  8.63560e-01
  8722.000  8.64440e-01
  8723.000  8.66910e-01
  8724.000  8.66090e-01
  8725.000  8.66050e-01
  8726.000  8.66800e-01
  8727.000  8.64070e-01
  8728.000  8.58440e-01
  8729.000  8.56720e-01
  8730.000  8.57340e-01
  8731.000  8.53810e-01
  8732.000  8.49990e-01
  8733.000  8.47490e-01
  8734.000  8.48160e-01
  8735.000  8.52030e-01
  8736.000  8.50780e-01
  8737.000  8.45030e-01
  8738.000  8.40040e-01
  8739.000  8.38590e-01
  8740.000  8.40720e-01
  8741.000  8.41580e-01
  8742.000  8.41250e-01
  8743.000  8.41310e-01
  8744.000  8.40850e-01
  8745.000  8.41240e-01
  8746.000  8.41970e-01
  8747.000  8.39600e-01
  8748.000  8.38700e-01
  8749.000  8.40940e-01
  8750.000  8.40760e-01
  8751.000  8.41790e-01
  8752.000  8.46080e-01
  8753.000  8.44380e-01
  8754.000  8.41800e-01
  8755.000  8.42450e-01
  8756.000  8.40410e-01
  8757.000  8.35810e-01
  8758.000  8.35220e-01
  8759.000  8.36310e-01
  8760.000  8.38670e-01
  8761.000  8.45890e-01
  8762.000  8.50160e-01
  8763.000  8.48850e-01
  8764.000  8.47590e-01
  8765.000  8.46620e-01
  8766.000  8.48310e-01
  8767.000  8.48670e-01
  8768.000  8.49980e-01
  8769.000  8.51800e-01
  8770.000  8.50250e-01
  8771.000  8.52740e-01
  8772.000  8.56680e-01
  8773.000  8.56590e-01
  8774.000  8.52600e-01
  8775.000  8.50390e-01
  8776.000  8.50940e-01
  8777.000  8.51640e-01
  8778.000  8.53480e-01
  8779.000  8.56990e-01
  8780.000  8.56280e-01
  8781.000  8.58280e-01
  8782.000  8.64640e-01
  8783.000  8.67200e-01
  8784.000  8.68950e-01
  8785.000  8.68720e-01
  8786.000  8.71460e-01
  8787.000  8.73900e-01
  8788.000  8.75210e-01
  8789.000  8.78200e-01
  8790.000  8.74950e-01
  8791.000  8.71740e-01
  8792.000  8.68540e-01
  8793.000  8.62880e-01
  8794.000  8.59720e-01
  8795.000  8.56990e-01
  8796.000  8.56820e-01
  8797.000  8.56570e-01
  8798.000  8.60190e-01
  8799.000  8.66960e-01
  8800.000  8.71270e-01
  8801.000  8.70580e-01
  8802.000  8.68740e-01
  8803.000  8.65640e-01
  8804.000  8.57700e-01
  8805.000  8.45390e-01
  8806.000  8.28750e-01
  8807.000  8.13700e-01
  8808.000  8.09750e-01
  8809.000  8.15720e-01
  8810.000  8.21640e-01
  8811.000  8.28490e-01
  8812.000  8.42570e-01
  8813.000  8.58260e-01
  8814.000  8.68810e-01
  8815.000  8.76530e-01
  8816.000  8.78350e-01
  8817.000  8.77710e-01
  8818.000  8.79090e-01
  8819.000  8.76250e-01
  8820.000  8.72470e-01
  8821.000  8.66470e-01
  8822.000  8.61570e-01
  8823.000  8.55690e-01
  8824.000  8.49650e-01
  8825.000  8.43790e-01
  8826.000  8.41340e-01
  8827.000  8.45050e-01
  8828.000  8.50980e-01
  8829.000  8.57770e-01
  8830.000  8.66650e-01
  8831.000  8.75950e-01
  8832.000  8.78490e-01
  8833.000  8.75050e-01
  8834.000  8.74210e-01
  8835.000  8.72580e-01
  8836.000  8.67790e-01
  8837.000  8.64050e-01
  8838.000  8.61720e-01
  8839.000  8.56570e-01
  8840.000  8.52220e-01
  8841.000  8.54990e-01
  8842.000  8.55940e-01
  8843.000  8.57040e-01
  8844.000  8.59660e-01
  8845.000  8.61360e-01
  8846.000  8.62130e-01
  8847.000  8.64430e-01
  8848.000  8.68270e-01
  8849.000  8.70520e-01
  8850.000  8.69000e-01
  8851.000  8.66850e-01
  8852.000  8.68600e-01
  8853.000  8.70490e-01
  8854.000  8.70470e-01
  8855.000  8.67790e-01
  8856.000  8.66120e-01
  8857.000  8.65840e-01
  8858.000  8.61830e-01
  8859.000  8.53380e-01
  8860.000  8.46650e-01
  8861.000  8.42180e-01
  8862.000  8.36070e-01
  8863.000  8.28680e-01
  8864.000  8.24870e-01
  8865.000  8.24700e-01
  8866.000  8.22290e-01
  8867.000  8.21010e-01
  8868.000  8.13030e-01
  8869.000  8.05740e-01
  8870.000  8.06660e-01
  8871.000  8.08460e-01
  8872.000  8.11800e-01
  8873.000  8.14320e-01
  8874.000  8.17600e-01
  8875.000  8.17500e-01
  8876.000  8.17200e-01
  8877.000  8.20910e-01
  8878.000  8.20100e-01
  8879.000  8.21880e-01
  8880.000  8.23120e-01
  8881.000  8.21580e-01
  8882.000  8.24720e-01
  8883.000  8.29920e-01
  8884.000  8.28830e-01
  8885.000  8.26220e-01
  8886.000  8.28230e-01
  8887.000  8.33690e-01
  8888.000  8.41140e-01
  8889.000  8.40950e-01
  8890.000  8.38050e-01
  8891.000  8.39150e-01
  8892.000  8.35830e-01
  8893.000  8.29720e-01
  8894.000  8.28730e-01
  8895.000  8.34830e-01
  8896.000  8.42540e-01
  8897.000  8.41360e-01
  8898.000  8.35800e-01
  8899.000  8.36050e-01
  8900.000  8.38450e-01
  8901.000  8.41460e-01
  8902.000  8.44290e-01
  8903.000  8.41810e-01
  8904.000  8.37850e-01
  8905.000  8.38040e-01
  8906.000  8.40520e-01
  8907.000  8.40260e-01
  8908.000  8.40350e-01
  8909.000  8.38630e-01
  8910.000  8.42140e-01
  8911.000  8.45170e-01
  8912.000  8.38820e-01
  8913.000  8.34260e-01
  8914.000  8.33460e-01
  8915.000  8.35940e-01
  8916.000  8.36220e-01
  8917.000  8.34500e-01
  8918.000  8.38550e-01
  8919.000  8.40300e-01
  8920.000  8.36400e-01
  8921.000  8.30730e-01
  8922.000  8.26720e-01
  8923.000  8.31700e-01
  8924.000  8.37680e-01
  8925.000  8.39480e-01
  8926.000  8.40210e-01
  8927.000  8.38400e-01
  8928.000  8.27060e-01
  8929.000  8.31900e-01
  8930.000  8.33010e-01
  8931.000  8.30270e-01
  8932.000  8.15310e-01
  8933.000  8.13890e-01
  8934.000  8.19370e-01
  8935.000  8.26390e-01
  8936.000  8.30290e-01
  8937.000  8.30110e-01
  8938.000  8.35460e-01
  8939.000  8.34740e-01
  8940.000  8.28580e-01
  8941.000  8.23630e-01
  8942.000  8.20430e-01
  8943.000  8.23260e-01
  8944.000  8.16850e-01
  8945.000  8.07740e-01
  8946.000  8.04010e-01
  8947.000  8.04550e-01
  8948.000  8.06070e-01
  8949.000  8.00980e-01
  8950.000  8.02820e-01
  8951.000  8.10450e-01
  8952.000  8.16220e-01
  8953.000  8.20580e-01
  8954.000  8.23460e-01
  8955.000  8.25820e-01
  8956.000  8.29880e-01
  8957.000  8.27490e-01
  8958.000  8.26130e-01
  8959.000  8.28410e-01
  8960.000  8.29830e-01
  8961.000  8.30000e-01
  8962.000  8.32280e-01
  8963.000  8.39870e-01
  8964.000  8.32740e-01
  8965.000  8.23010e-01
  8966.000  8.25680e-01
  8967.000  8.24500e-01
  8968.000  8.29130e-01
  8969.000  8.33660e-01
  8970.000  8.22170e-01
  8971.000  8.14890e-01
  8972.000  8.26020e-01
  8973.000  8.23240e-01
  8974.000  8.20540e-01
  8975.000  8.17850e-01
  8976.000  8.24990e-01
  8977.000  8.31590e-01
  8978.000  8.34570e-01
  8979.000  8.24920e-01
  8980.000  8.14210e-01
  8981.000  8.17320e-01
  8982.000  8.02890e-01
  8983.000  8.07930e-01
  8984.000  8.21320e-01
  8985.000  8.24530e-01
  8986.000  8.23730e-01
  8987.000  8.24890e-01
  8988.000  8.24960e-01
  8989.000  8.20560e-01
  8990.000  8.20160e-01
  8991.000  8.21610e-01
  8992.000  8.12560e-01
  8993.000  8.16500e-01
  8994.000  8.09430e-01
  8995.000  8.26680e-01
  8996.000  8.15360e-01
  8997.000  8.10690e-01
  8998.000  8.25760e-01
  8999.000  8.21400e-01
  9000.000  8.15850e-01
