# dobos/RED4  |  Dobos et al. 2012, MNRAS 420, 1217 (SDSS composites)
# columns: wavelength_Angstrom  flam_erg_s_cm2_A (absolute scale arbitrary - ETC renormalizes)
  3350.000  2.54120e-01
  3351.000  3.04980e-01
  3352.000  3.39110e-01
  3353.000  3.27020e-01
  3354.000  3.07950e-01
  3355.000  3.13970e-01
  3356.000  3.17600e-01
  3357.000  2.89770e-01
  3358.000  2.65310e-01
  3359.000  2.34520e-01
  3360.000  2.45450e-01
  3361.000  2.30030e-01
  3362.000  2.12230e-01
  3363.000  2.30000e-01
  3364.000  2.76140e-01
  3365.000  2.68130e-01
  3366.000  2.57710e-01
  3367.000  2.83110e-01
  3368.000  2.52780e-01
  3369.000  2.45270e-01
  3370.000  2.38050e-01
  3371.000  2.38290e-01
  3372.000  2.17660e-01
  3373.000  2.25340e-01
  3374.000  2.60070e-01
  3375.000  2.76800e-01
  3376.000  2.67610e-01
  3377.000  2.53640e-01
  3378.000  2.64580e-01
  3379.000  2.77240e-01
  3380.000  2.81580e-01
  3381.000  2.64010e-01
  3382.000  2.50890e-01
  3383.000  2.44900e-01
  3384.000  2.65250e-01
  3385.000  2.65730e-01
  3386.000  2.94510e-01
  3387.000  2.94310e-01
  3388.000  3.18870e-01
  3389.000  2.85120e-01
  3390.000  2.73980e-01
  3391.000  2.84200e-01
  3392.000  2.66830e-01
  3393.000  2.72870e-01
  3394.000  2.69820e-01
  3395.000  2.67420e-01
  3396.000  2.98250e-01
  3397.000  3.02650e-01
  3398.000  3.16020e-01
  3399.000  3.35610e-01
  3400.000  3.29770e-01
  3401.000  3.21790e-01
  3402.000  3.31270e-01
  3403.000  3.23470e-01
  3404.000  3.04210e-01
  3405.000  3.29240e-01
  3406.000  2.94760e-01
  3407.000  3.00490e-01
  3408.000  2.94710e-01
  3409.000  2.78350e-01
  3410.000  2.76140e-01
  3411.000  2.89780e-01
  3412.000  2.90590e-01
  3413.000  2.90460e-01
  3414.000  2.55760e-01
  3415.000  2.79020e-01
  3416.000  2.80720e-01
  3417.000  2.73140e-01
  3418.000  2.97140e-01
  3419.000  2.97440e-01
  3420.000  3.03760e-01
  3421.000  3.16240e-01
  3422.000  3.24560e-01
  3423.000  3.29500e-01
  3424.000  3.33450e-01
  3425.000  3.26440e-01
  3426.000  3.02080e-01
  3427.000  3.09560e-01
  3428.000  3.21260e-01
  3429.000  3.25370e-01
  3430.000  3.22900e-01
  3431.000  3.09630e-01
  3432.000  3.16660e-01
  3433.000  3.10670e-01
  3434.000  3.03080e-01
  3435.000  2.95170e-01
  3436.000  2.84820e-01
  3437.000  2.87190e-01
  3438.000  2.77030e-01
  3439.000  2.71000e-01
  3440.000  2.45740e-01
  3441.000  2.29460e-01
  3442.000  2.20180e-01
  3443.000  2.20440e-01
  3444.000  2.30340e-01
  3445.000  2.40190e-01
  3446.000  2.53150e-01
  3447.000  2.58380e-01
  3448.000  2.72900e-01
  3449.000  2.88210e-01
  3450.000  2.89560e-01
  3451.000  2.92360e-01
  3452.000  2.99540e-01
  3453.000  3.14630e-01
  3454.000  3.17470e-01
  3455.000  3.12750e-01
  3456.000  3.08860e-01
  3457.000  3.10550e-01
  3458.000  2.83220e-01
  3459.000  2.82920e-01
  3460.000  2.73240e-01
  3461.000  2.65860e-01
  3462.000  2.65170e-01
  3463.000  2.77060e-01
  3464.000  2.80210e-01
  3465.000  2.92430e-01
  3466.000  2.96970e-01
  3467.000  2.95240e-01
  3468.000  3.03180e-01
  3469.000  3.15940e-01
  3470.000  3.03400e-01
  3471.000  3.06800e-01
  3472.000  2.97080e-01
  3473.000  2.84590e-01
  3474.000  2.84910e-01
  3475.000  2.71860e-01
  3476.000  2.59580e-01
  3477.000  2.59290e-01
  3478.000  2.60330e-01
  3479.000  2.76260e-01
  3480.000  2.84980e-01
  3481.000  2.79720e-01
  3482.000  2.99090e-01
  3483.000  3.03750e-01
  3484.000  2.87900e-01
  3485.000  3.01030e-01
  3486.000  3.03350e-01
  3487.000  3.02680e-01
  3488.000  2.92810e-01
  3489.000  2.91600e-01
  3490.000  2.95090e-01
  3491.000  2.72790e-01
  3492.000  2.63690e-01
  3493.000  2.68400e-01
  3494.000  2.64690e-01
  3495.000  2.67890e-01
  3496.000  2.73450e-01
  3497.000  2.79190e-01
  3498.000  2.86390e-01
  3499.000  2.94910e-01
  3500.000  3.07160e-01
  3501.000  3.20180e-01
  3502.000  3.30040e-01
  3503.000  3.40240e-01
  3504.000  3.42130e-01
  3505.000  3.41190e-01
  3506.000  3.37570e-01
  3507.000  3.29430e-01
  3508.000  3.21940e-01
  3509.000  3.16560e-01
  3510.000  3.13980e-01
  3511.000  3.09920e-01
  3512.000  2.97750e-01
  3513.000  2.88080e-01
  3514.000  2.85580e-01
  3515.000  2.88790e-01
  3516.000  2.93460e-01
  3517.000  3.01630e-01
  3518.000  3.10300e-01
  3519.000  3.12030e-01
  3520.000  3.05490e-01
  3521.000  3.00070e-01
  3522.000  2.84440e-01
  3523.000  2.76170e-01
  3524.000  2.62070e-01
  3525.000  2.50210e-01
  3526.000  2.53010e-01
  3527.000  2.61820e-01
  3528.000  2.68930e-01
  3529.000  2.80840e-01
  3530.000  2.93670e-01
  3531.000  3.00280e-01
  3532.000  3.10860e-01
  3533.000  3.12790e-01
  3534.000  3.17000e-01
  3535.000  3.23020e-01
  3536.000  3.31540e-01
  3537.000  3.34590e-01
  3538.000  3.37630e-01
  3539.000  3.33600e-01
  3540.000  3.35720e-01
  3541.000  3.36970e-01
  3542.000  3.34900e-01
  3543.000  3.34940e-01
  3544.000  3.34670e-01
  3545.000  3.32220e-01
  3546.000  3.33970e-01
  3547.000  3.34510e-01
  3548.000  3.33330e-01
  3549.000  3.27390e-01
  3550.000  3.21840e-01
  3551.000  3.20400e-01
  3552.000  3.21270e-01
  3553.000  3.11530e-01
  3554.000  3.01830e-01
  3555.000  3.01580e-01
  3556.000  2.96910e-01
  3557.000  3.00720e-01
  3558.000  2.98510e-01
  3559.000  2.99650e-01
  3560.000  3.00380e-01
  3561.000  3.00010e-01
  3562.000  3.01260e-01
  3563.000  2.96280e-01
  3564.000  2.87260e-01
  3565.000  2.77420e-01
  3566.000  2.64480e-01
  3567.000  2.56280e-01
  3568.000  2.46740e-01
  3569.000  2.39410e-01
  3570.000  2.41820e-01
  3571.000  2.40910e-01
  3572.000  2.45310e-01
  3573.000  2.51920e-01
  3574.000  2.57960e-01
  3575.000  2.63970e-01
  3576.000  2.67080e-01
  3577.000  2.64780e-01
  3578.000  2.53910e-01
  3579.000  2.42630e-01
  3580.000  2.34760e-01
  3581.000  2.23520e-01
  3582.000  2.10820e-01
  3583.000  2.04320e-01
  3584.000  2.01820e-01
  3585.000  1.98750e-01
  3586.000  2.05300e-01
  3587.000  2.09500e-01
  3588.000  2.17740e-01
  3589.000  2.31780e-01
  3590.000  2.43940e-01
  3591.000  2.61500e-01
  3592.000  2.78650e-01
  3593.000  2.90990e-01
  3594.000  3.00150e-01
  3595.000  3.15830e-01
  3596.000  3.29500e-01
  3597.000  3.40540e-01
  3598.000  3.44830e-01
  3599.000  3.55010e-01
  3600.000  3.56930e-01
  3601.000  3.47770e-01
  3602.000  3.41970e-01
  3603.000  3.29360e-01
  3604.000  3.12820e-01
  3605.000  3.02980e-01
  3606.000  2.94020e-01
  3607.000  2.81500e-01
  3608.000  2.73420e-01
  3609.000  2.73810e-01
  3610.000  2.74780e-01
  3611.000  2.75540e-01
  3612.000  2.84850e-01
  3613.000  2.92890e-01
  3614.000  2.97700e-01
  3615.000  3.02170e-01
  3616.000  3.02290e-01
  3617.000  2.98800e-01
  3618.000  2.94030e-01
  3619.000  2.85760e-01
  3620.000  2.81880e-01
  3621.000  2.90810e-01
  3622.000  3.01630e-01
  3623.000  3.16410e-01
  3624.000  3.32110e-01
  3625.000  3.46450e-01
  3626.000  3.57100e-01
  3627.000  3.65520e-01
  3628.000  3.67660e-01
  3629.000  3.60850e-01
  3630.000  3.43250e-01
  3631.000  3.23510e-01
  3632.000  3.09270e-01
  3633.000  2.98720e-01
  3634.000  2.95350e-01
  3635.000  3.01000e-01
  3636.000  3.13780e-01
  3637.000  3.24370e-01
  3638.000  3.40210e-01
  3639.000  3.50920e-01
  3640.000  3.56870e-01
  3641.000  3.62030e-01
  3642.000  3.56870e-01
  3643.000  3.51820e-01
  3644.000  3.38810e-01
  3645.000  3.25830e-01
  3646.000  3.15900e-01
  3647.000  3.06220e-01
  3648.000  3.02490e-01
  3649.000  3.08780e-01
  3650.000  3.10720e-01
  3651.000  3.25880e-01
  3652.000  3.42150e-01
  3653.000  3.59380e-01
  3654.000  3.74890e-01
  3655.000  3.85640e-01
  3656.000  3.95480e-01
  3657.000  4.05410e-01
  3658.000  4.14240e-01
  3659.000  4.19140e-01
  3660.000  4.21370e-01
  3661.000  4.20830e-01
  3662.000  4.18270e-01
  3663.000  4.12540e-01
  3664.000  4.02060e-01
  3665.000  3.96470e-01
  3666.000  3.96240e-01
  3667.000  3.94260e-01
  3668.000  3.87460e-01
  3669.000  3.83800e-01
  3670.000  3.86370e-01
  3671.000  3.87870e-01
  3672.000  3.93380e-01
  3673.000  3.96390e-01
  3674.000  3.96620e-01
  3675.000  3.98570e-01
  3676.000  3.91890e-01
  3677.000  3.81290e-01
  3678.000  3.67610e-01
  3679.000  3.62390e-01
  3680.000  3.57160e-01
  3681.000  3.53750e-01
  3682.000  3.52550e-01
  3683.000  3.54130e-01
  3684.000  3.57150e-01
  3685.000  3.52460e-01
  3686.000  3.50090e-01
  3687.000  3.46180e-01
  3688.000  3.46070e-01
  3689.000  3.51590e-01
  3690.000  3.63000e-01
  3691.000  3.76550e-01
  3692.000  3.86810e-01
  3693.000  3.93750e-01
  3694.000  3.97140e-01
  3695.000  4.00190e-01
  3696.000  4.01740e-01
  3697.000  4.03300e-01
  3698.000  4.10110e-01
  3699.000  4.17290e-01
  3700.000  4.17450e-01
  3701.000  4.17650e-01
  3702.000  4.11090e-01
  3703.000  3.91520e-01
  3704.000  3.72490e-01
  3705.000  3.52230e-01
  3706.000  3.33700e-01
  3707.000  3.21630e-01
  3708.000  3.20690e-01
  3709.000  3.27460e-01
  3710.000  3.39620e-01
  3711.000  3.58020e-01
  3712.000  3.81310e-01
  3713.000  3.99620e-01
  3714.000  4.12840e-01
  3715.000  4.18570e-01
  3716.000  4.16910e-01
  3717.000  4.00650e-01
  3718.000  3.75890e-01
  3719.000  3.49730e-01
  3720.000  3.28200e-01
  3721.000  3.15260e-01
  3722.000  3.15410e-01
  3723.000  3.29330e-01
  3724.000  3.69340e-01
  3725.000  4.21990e-01
  3726.000  4.77090e-01
  3727.000  5.22450e-01
  3728.000  5.46540e-01
  3729.000  5.47870e-01
  3730.000  5.28700e-01
  3731.000  4.78570e-01
  3732.000  4.16060e-01
  3733.000  3.55210e-01
  3734.000  3.07740e-01
  3735.000  2.72840e-01
  3736.000  2.58200e-01
  3737.000  2.57330e-01
  3738.000  2.69340e-01
  3739.000  2.87300e-01
  3740.000  3.01580e-01
  3741.000  3.17470e-01
  3742.000  3.25560e-01
  3743.000  3.22980e-01
  3744.000  3.11630e-01
  3745.000  2.97440e-01
  3746.000  2.82070e-01
  3747.000  2.66610e-01
  3748.000  2.59990e-01
  3749.000  2.57280e-01
  3750.000  2.64060e-01
  3751.000  2.81830e-01
  3752.000  3.04760e-01
  3753.000  3.25520e-01
  3754.000  3.48040e-01
  3755.000  3.62680e-01
  3756.000  3.67220e-01
  3757.000  3.65190e-01
  3758.000  3.55670e-01
  3759.000  3.42990e-01
  3760.000  3.35740e-01
  3761.000  3.34310e-01
  3762.000  3.36130e-01
  3763.000  3.34810e-01
  3764.000  3.37820e-01
  3765.000  3.38070e-01
  3766.000  3.39910e-01
  3767.000  3.42960e-01
  3768.000  3.45640e-01
  3769.000  3.53210e-01
  3770.000  3.59780e-01
  3771.000  3.67530e-01
  3772.000  3.78600e-01
  3773.000  3.88940e-01
  3774.000  3.95630e-01
  3775.000  4.02500e-01
  3776.000  4.10450e-01
  3777.000  4.18020e-01
  3778.000  4.23360e-01
  3779.000  4.29990e-01
  3780.000  4.36490e-01
  3781.000  4.44850e-01
  3782.000  4.47600e-01
  3783.000  4.46290e-01
  3784.000  4.41700e-01
  3785.000  4.33360e-01
  3786.000  4.17970e-01
  3787.000  3.97970e-01
  3788.000  3.81690e-01
  3789.000  3.69120e-01
  3790.000  3.57980e-01
  3791.000  3.52700e-01
  3792.000  3.49300e-01
  3793.000  3.44050e-01
  3794.000  3.36330e-01
  3795.000  3.29730e-01
  3796.000  3.24030e-01
  3797.000  3.17450e-01
  3798.000  3.12950e-01
  3799.000  3.15580e-01
  3800.000  3.23350e-01
  3801.000  3.36860e-01
  3802.000  3.53270e-01
  3803.000  3.69320e-01
  3804.000  3.82020e-01
  3805.000  3.90190e-01
  3806.000  3.95930e-01
  3807.000  3.96870e-01
  3808.000  3.92990e-01
  3809.000  3.91510e-01
  3810.000  3.92730e-01
  3811.000  3.91760e-01
  3812.000  3.83310e-01
  3813.000  3.72310e-01
  3814.000  3.56800e-01
  3815.000  3.40010e-01
  3816.000  3.28200e-01
  3817.000  3.19220e-01
  3818.000  3.09640e-01
  3819.000  3.04710e-01
  3820.000  3.00360e-01
  3821.000  2.92820e-01
  3822.000  2.86320e-01
  3823.000  2.79280e-01
  3824.000  2.76470e-01
  3825.000  2.66550e-01
  3826.000  2.59010e-01
  3827.000  2.52110e-01
  3828.000  2.45510e-01
  3829.000  2.42130e-01
  3830.000  2.38970e-01
  3831.000  2.37060e-01
  3832.000  2.32700e-01
  3833.000  2.29390e-01
  3834.000  2.25550e-01
  3835.000  2.24740e-01
  3836.000  2.26240e-01
  3837.000  2.27290e-01
  3838.000  2.31890e-01
  3839.000  2.35380e-01
  3840.000  2.41480e-01
  3841.000  2.52490e-01
  3842.000  2.68530e-01
  3843.000  2.84220e-01
  3844.000  2.99640e-01
  3845.000  3.13170e-01
  3846.000  3.23610e-01
  3847.000  3.28370e-01
  3848.000  3.28680e-01
  3849.000  3.29330e-01
  3850.000  3.28870e-01
  3851.000  3.28340e-01
  3852.000  3.27680e-01
  3853.000  3.26170e-01
  3854.000  3.24510e-01
  3855.000  3.17500e-01
  3856.000  3.11100e-01
  3857.000  3.03470e-01
  3858.000  2.98370e-01
  3859.000  2.95830e-01
  3860.000  2.93320e-01
  3861.000  2.96030e-01
  3862.000  3.04620e-01
  3863.000  3.18130e-01
  3864.000  3.30080e-01
  3865.000  3.39690e-01
  3866.000  3.47530e-01
  3867.000  3.50720e-01
  3868.000  3.51250e-01
  3869.000  3.47780e-01
  3870.000  3.40230e-01
  3871.000  3.33480e-01
  3872.000  3.28040e-01
  3873.000  3.24950e-01
  3874.000  3.26100e-01
  3875.000  3.27310e-01
  3876.000  3.31680e-01
  3877.000  3.32890e-01
  3878.000  3.31510e-01
  3879.000  3.26490e-01
  3880.000  3.23390e-01
  3881.000  3.21290e-01
  3882.000  3.20840e-01
  3883.000  3.20860e-01
  3884.000  3.22420e-01
  3885.000  3.24150e-01
  3886.000  3.26980e-01
  3887.000  3.29760e-01
  3888.000  3.32460e-01
  3889.000  3.42110e-01
  3890.000  3.54660e-01
  3891.000  3.67600e-01
  3892.000  3.83680e-01
  3893.000  3.96960e-01
  3894.000  4.05660e-01
  3895.000  4.13030e-01
  3896.000  4.16650e-01
  3897.000  4.19180e-01
  3898.000  4.20690e-01
  3899.000  4.21180e-01
  3900.000  4.19360e-01
  3901.000  4.19000e-01
  3902.000  4.17230e-01
  3903.000  4.11880e-01
  3904.000  4.08790e-01
  3905.000  4.04290e-01
  3906.000  4.07040e-01
  3907.000  4.15790e-01
  3908.000  4.25370e-01
  3909.000  4.39570e-01
  3910.000  4.51380e-01
  3911.000  4.64100e-01
  3912.000  4.74470e-01
  3913.000  4.80700e-01
  3914.000  4.81720e-01
  3915.000  4.76320e-01
  3916.000  4.71270e-01
  3917.000  4.63320e-01
  3918.000  4.52380e-01
  3919.000  4.38070e-01
  3920.000  4.23900e-01
  3921.000  4.10620e-01
  3922.000  3.97070e-01
  3923.000  3.88210e-01
  3924.000  3.79380e-01
  3925.000  3.70120e-01
  3926.000  3.56320e-01
  3927.000  3.35930e-01
  3928.000  3.10860e-01
  3929.000  2.82210e-01
  3930.000  2.50800e-01
  3931.000  2.19740e-01
  3932.000  1.93010e-01
  3933.000  1.75630e-01
  3934.000  1.62030e-01
  3935.000  1.61140e-01
  3936.000  1.74660e-01
  3937.000  1.98430e-01
  3938.000  2.26000e-01
  3939.000  2.52750e-01
  3940.000  2.77090e-01
  3941.000  2.99930e-01
  3942.000  3.18360e-01
  3943.000  3.32960e-01
  3944.000  3.46870e-01
  3945.000  3.62650e-01
  3946.000  3.76310e-01
  3947.000  3.95590e-01
  3948.000  4.13430e-01
  3949.000  4.30910e-01
  3950.000  4.42860e-01
  3951.000  4.54140e-01
  3952.000  4.66450e-01
  3953.000  4.70050e-01
  3954.000  4.70870e-01
  3955.000  4.70680e-01
  3956.000  4.67210e-01
  3957.000  4.59690e-01
  3958.000  4.45380e-01
  3959.000  4.29270e-01
  3960.000  4.09390e-01
  3961.000  3.83070e-01
  3962.000  3.55520e-01
  3963.000  3.28010e-01
  3964.000  2.97630e-01
  3965.000  2.71460e-01
  3966.000  2.47650e-01
  3967.000  2.26700e-01
  3968.000  2.07710e-01
  3969.000  1.96020e-01
  3970.000  1.99030e-01
  3971.000  2.14210e-01
  3972.000  2.38030e-01
  3973.000  2.67010e-01
  3974.000  3.00400e-01
  3975.000  3.38880e-01
  3976.000  3.74760e-01
  3977.000  4.08830e-01
  3978.000  4.38990e-01
  3979.000  4.69560e-01
  3980.000  4.91860e-01
  3981.000  5.09790e-01
  3982.000  5.21490e-01
  3983.000  5.27730e-01
  3984.000  5.33730e-01
  3985.000  5.39360e-01
  3986.000  5.44450e-01
  3987.000  5.51610e-01
  3988.000  5.60460e-01
  3989.000  5.67920e-01
  3990.000  5.75620e-01
  3991.000  5.78850e-01
  3992.000  5.84310e-01
  3993.000  5.88000e-01
  3994.000  5.90470e-01
  3995.000  5.91200e-01
  3996.000  5.89340e-01
  3997.000  5.88400e-01
  3998.000  5.89390e-01
  3999.000  5.93850e-01
  4000.000  6.01970e-01
  4001.000  6.13130e-01
  4002.000  6.17870e-01
  4003.000  6.17640e-01
  4004.000  6.15880e-01
  4005.000  6.10520e-01
  4006.000  6.06300e-01
  4007.000  6.00500e-01
  4008.000  6.03960e-01
  4009.000  6.13680e-01
  4010.000  6.23730e-01
  4011.000  6.31720e-01
  4012.000  6.42280e-01
  4013.000  6.50460e-01
  4014.000  6.53350e-01
  4015.000  6.55450e-01
  4016.000  6.57990e-01
  4017.000  6.58410e-01
  4018.000  6.58730e-01
  4019.000  6.58880e-01
  4020.000  6.60720e-01
  4021.000  6.59120e-01
  4022.000  6.58170e-01
  4023.000  6.57490e-01
  4024.000  6.55520e-01
  4025.000  6.52370e-01
  4026.000  6.53060e-01
  4027.000  6.53500e-01
  4028.000  6.48650e-01
  4029.000  6.39810e-01
  4030.000  6.27340e-01
  4031.000  6.08540e-01
  4032.000  5.93760e-01
  4033.000  5.81970e-01
  4034.000  5.79190e-01
  4035.000  5.86210e-01
  4036.000  6.02170e-01
  4037.000  6.17720e-01
  4038.000  6.37060e-01
  4039.000  6.52480e-01
  4040.000  6.57970e-01
  4041.000  6.54270e-01
  4042.000  6.45250e-01
  4043.000  6.29650e-01
  4044.000  6.11700e-01
  4045.000  5.92470e-01
  4046.000  5.77440e-01
  4047.000  5.75040e-01
  4048.000  5.85000e-01
  4049.000  6.01040e-01
  4050.000  6.17200e-01
  4051.000  6.30560e-01
  4052.000  6.38260e-01
  4053.000  6.40570e-01
  4054.000  6.37100e-01
  4055.000  6.27490e-01
  4056.000  6.16460e-01
  4057.000  6.06810e-01
  4058.000  5.99410e-01
  4059.000  5.96170e-01
  4060.000  5.94560e-01
  4061.000  5.90180e-01
  4062.000  5.85180e-01
  4063.000  5.79180e-01
  4064.000  5.71290e-01
  4065.000  5.71050e-01
  4066.000  5.78810e-01
  4067.000  5.87080e-01
  4068.000  5.95210e-01
  4069.000  6.05690e-01
  4070.000  6.12770e-01
  4071.000  6.14670e-01
  4072.000  6.12910e-01
  4073.000  6.10580e-01
  4074.000  6.06140e-01
  4075.000  5.99820e-01
  4076.000  5.95290e-01
  4077.000  5.90730e-01
  4078.000  5.90900e-01
  4079.000  5.97210e-01
  4080.000  6.07920e-01
  4081.000  6.22370e-01
  4082.000  6.37040e-01
  4083.000  6.48510e-01
  4084.000  6.53470e-01
  4085.000  6.59760e-01
  4086.000  6.66450e-01
  4087.000  6.77250e-01
  4088.000  6.87650e-01
  4089.000  6.95300e-01
  4090.000  6.97310e-01
  4091.000  6.96240e-01
  4092.000  6.89670e-01
  4093.000  6.79300e-01
  4094.000  6.65340e-01
  4095.000  6.48800e-01
  4096.000  6.31400e-01
  4097.000  6.14980e-01
  4098.000  5.95610e-01
  4099.000  5.80010e-01
  4100.000  5.66200e-01
  4101.000  5.56680e-01
  4102.000  5.54000e-01
  4103.000  5.55940e-01
  4104.000  5.63150e-01
  4105.000  5.77190e-01
  4106.000  5.90210e-01
  4107.000  6.03530e-01
  4108.000  6.16890e-01
  4109.000  6.22770e-01
  4110.000  6.27670e-01
  4111.000  6.29750e-01
  4112.000  6.31840e-01
  4113.000  6.36820e-01
  4114.000  6.41100e-01
  4115.000  6.44690e-01
  4116.000  6.49400e-01
  4117.000  6.50160e-01
  4118.000  6.48160e-01
  4119.000  6.43640e-01
  4120.000  6.40500e-01
  4121.000  6.39850e-01
  4122.000  6.38580e-01
  4123.000  6.38380e-01
  4124.000  6.40020e-01
  4125.000  6.43800e-01
  4126.000  6.42800e-01
  4127.000  6.41200e-01
  4128.000  6.33930e-01
  4129.000  6.26770e-01
  4130.000  6.19080e-01
  4131.000  6.10400e-01
  4132.000  6.01900e-01
  4133.000  5.98130e-01
  4134.000  5.98070e-01
  4135.000  6.03810e-01
  4136.000  6.14790e-01
  4137.000  6.25850e-01
  4138.000  6.33660e-01
  4139.000  6.37830e-01
  4140.000  6.38670e-01
  4141.000  6.29630e-01
  4142.000  6.19020e-01
  4143.000  6.04660e-01
  4144.000  5.94450e-01
  4145.000  5.89870e-01
  4146.000  5.90420e-01
  4147.000  5.91690e-01
  4148.000  5.96180e-01
  4149.000  6.00320e-01
  4150.000  5.99740e-01
  4151.000  5.97320e-01
  4152.000  5.94070e-01
  4153.000  5.91660e-01
  4154.000  5.89260e-01
  4155.000  5.89750e-01
  4156.000  5.91180e-01
  4157.000  5.97020e-01
  4158.000  6.05920e-01
  4159.000  6.14870e-01
  4160.000  6.25760e-01
  4161.000  6.35730e-01
  4162.000  6.42850e-01
  4163.000  6.48000e-01
  4164.000  6.47880e-01
  4165.000  6.43490e-01
  4166.000  6.37840e-01
  4167.000  6.32120e-01
  4168.000  6.25480e-01
  4169.000  6.18660e-01
  4170.000  6.12580e-01
  4171.000  6.06710e-01
  4172.000  5.98320e-01
  4173.000  5.88510e-01
  4174.000  5.84150e-01
  4175.000  5.81250e-01
  4176.000  5.80840e-01
  4177.000  5.84800e-01
  4178.000  5.88770e-01
  4179.000  5.91850e-01
  4180.000  5.96280e-01
  4181.000  6.01620e-01
  4182.000  6.08080e-01
  4183.000  6.12340e-01
  4184.000  6.17150e-01
  4185.000  6.22050e-01
  4186.000  6.24280e-01
  4187.000  6.25340e-01
  4188.000  6.27980e-01
  4189.000  6.29930e-01
  4190.000  6.32900e-01
  4191.000  6.35330e-01
  4192.000  6.36870e-01
  4193.000  6.37710e-01
  4194.000  6.36540e-01
  4195.000  6.30010e-01
  4196.000  6.21150e-01
  4197.000  6.09450e-01
  4198.000  6.00500e-01
  4199.000  5.94470e-01
  4200.000  5.91390e-01
  4201.000  5.92310e-01
  4202.000  5.96810e-01
  4203.000  6.05590e-01
  4204.000  6.17350e-01
  4205.000  6.31500e-01
  4206.000  6.46960e-01
  4207.000  6.57060e-01
  4208.000  6.66690e-01
  4209.000  6.74810e-01
  4210.000  6.76320e-01
  4211.000  6.71740e-01
  4212.000  6.69070e-01
  4213.000  6.64360e-01
  4214.000  6.58300e-01
  4215.000  6.52880e-01
  4216.000  6.53440e-01
  4217.000  6.60720e-01
  4218.000  6.67900e-01
  4219.000  6.79680e-01
  4220.000  6.88560e-01
  4221.000  6.87900e-01
  4222.000  6.77760e-01
  4223.000  6.59750e-01
  4224.000  6.30970e-01
  4225.000  5.98970e-01
  4226.000  5.70850e-01
  4227.000  5.55890e-01
  4228.000  5.54760e-01
  4229.000  5.68130e-01
  4230.000  5.90910e-01
  4231.000  6.16230e-01
  4232.000  6.37430e-01
  4233.000  6.50030e-01
  4234.000  6.57090e-01
  4235.000  6.61210e-01
  4236.000  6.59740e-01
  4237.000  6.58890e-01
  4238.000  6.61120e-01
  4239.000  6.67730e-01
  4240.000  6.75720e-01
  4241.000  6.85230e-01
  4242.000  6.95980e-01
  4243.000  7.09550e-01
  4244.000  7.17920e-01
  4245.000  7.23120e-01
  4246.000  7.21930e-01
  4247.000  7.14470e-01
  4248.000  7.01340e-01
  4249.000  6.90250e-01
  4250.000  6.74400e-01
  4251.000  6.62130e-01
  4252.000  6.55220e-01
  4253.000  6.53960e-01
  4254.000  6.53310e-01
  4255.000  6.54800e-01
  4256.000  6.57850e-01
  4257.000  6.63280e-01
  4258.000  6.65520e-01
  4259.000  6.65860e-01
  4260.000  6.66520e-01
  4261.000  6.67550e-01
  4262.000  6.74260e-01
  4263.000  6.86740e-01
  4264.000  7.02480e-01
  4265.000  7.13650e-01
  4266.000  7.18320e-01
  4267.000  7.18520e-01
  4268.000  7.06060e-01
  4269.000  6.84610e-01
  4270.000  6.59450e-01
  4271.000  6.37450e-01
  4272.000  6.14560e-01
  4273.000  5.98850e-01
  4274.000  5.96690e-01
  4275.000  6.02460e-01
  4276.000  6.15980e-01
  4277.000  6.33930e-01
  4278.000  6.53540e-01
  4279.000  6.69180e-01
  4280.000  6.77790e-01
  4281.000  6.80950e-01
  4282.000  6.82430e-01
  4283.000  6.81430e-01
  4284.000  6.76100e-01
  4285.000  6.68650e-01
  4286.000  6.57640e-01
  4287.000  6.47450e-01
  4288.000  6.37610e-01
  4289.000  6.24860e-01
  4290.000  6.15900e-01
  4291.000  6.13950e-01
  4292.000  6.14530e-01
  4293.000  6.16660e-01
  4294.000  6.21310e-01
  4295.000  6.20030e-01
  4296.000  6.14930e-01
  4297.000  6.00940e-01
  4298.000  5.78890e-01
  4299.000  5.58090e-01
  4300.000  5.36560e-01
  4301.000  5.19110e-01
  4302.000  5.07060e-01
  4303.000  4.98610e-01
  4304.000  4.92060e-01
  4305.000  4.90250e-01
  4306.000  4.86600e-01
  4307.000  4.84120e-01
  4308.000  4.81840e-01
  4309.000  4.84110e-01
  4310.000  4.95350e-01
  4311.000  5.14280e-01
  4312.000  5.41540e-01
  4313.000  5.78940e-01
  4314.000  6.17830e-01
  4315.000  6.61990e-01
  4316.000  7.06120e-01
  4317.000  7.44270e-01
  4318.000  7.71320e-01
  4319.000  7.85940e-01
  4320.000  7.90200e-01
  4321.000  7.78380e-01
  4322.000  7.56100e-01
  4323.000  7.27790e-01
  4324.000  7.00970e-01
  4325.000  6.78940e-01
  4326.000  6.69160e-01
  4327.000  6.72800e-01
  4328.000  6.87730e-01
  4329.000  7.14270e-01
  4330.000  7.40800e-01
  4331.000  7.63710e-01
  4332.000  7.84120e-01
  4333.000  7.95340e-01
  4334.000  7.97780e-01
  4335.000  7.92030e-01
  4336.000  7.79250e-01
  4337.000  7.58310e-01
  4338.000  7.33570e-01
  4339.000  7.12590e-01
  4340.000  6.95520e-01
  4341.000  6.88070e-01
  4342.000  6.89190e-01
  4343.000  6.98870e-01
  4344.000  7.13370e-01
  4345.000  7.32290e-01
  4346.000  7.51490e-01
  4347.000  7.66400e-01
  4348.000  7.76830e-01
  4349.000  7.81880e-01
  4350.000  7.80310e-01
  4351.000  7.72200e-01
  4352.000  7.59250e-01
  4353.000  7.48630e-01
  4354.000  7.45430e-01
  4355.000  7.47020e-01
  4356.000  7.52800e-01
  4357.000  7.63120e-01
  4358.000  7.74540e-01
  4359.000  7.85700e-01
  4360.000  7.97770e-01
  4361.000  8.07930e-01
  4362.000  8.16570e-01
  4363.000  8.26850e-01
  4364.000  8.34720e-01
  4365.000  8.37540e-01
  4366.000  8.38290e-01
  4367.000  8.32130e-01
  4368.000  8.22850e-01
  4369.000  8.12550e-01
  4370.000  8.02850e-01
  4371.000  7.91190e-01
  4372.000  7.78630e-01
  4373.000  7.69510e-01
  4374.000  7.60930e-01
  4375.000  7.54500e-01
  4376.000  7.51740e-01
  4377.000  7.50110e-01
  4378.000  7.50190e-01
  4379.000  7.46590e-01
  4380.000  7.38900e-01
  4381.000  7.24500e-01
  4382.000  7.04780e-01
  4383.000  6.82310e-01
  4384.000  6.62820e-01
  4385.000  6.53040e-01
  4386.000  6.52940e-01
  4387.000  6.61700e-01
  4388.000  6.78040e-01
  4389.000  6.94210e-01
  4390.000  7.08710e-01
  4391.000  7.21070e-01
  4392.000  7.31950e-01
  4393.000  7.42490e-01
  4394.000  7.54020e-01
  4395.000  7.62180e-01
  4396.000  7.74130e-01
  4397.000  7.83990e-01
  4398.000  7.91360e-01
  4399.000  7.93120e-01
  4400.000  7.89280e-01
  4401.000  7.80180e-01
  4402.000  7.69170e-01
  4403.000  7.54540e-01
  4404.000  7.40840e-01
  4405.000  7.28970e-01
  4406.000  7.24340e-01
  4407.000  7.26760e-01
  4408.000  7.35830e-01
  4409.000  7.51480e-01
  4410.000  7.69300e-01
  4411.000  7.90090e-01
  4412.000  8.06220e-01
  4413.000  8.15670e-01
  4414.000  8.20150e-01
  4415.000  8.16690e-01
  4416.000  8.15790e-01
  4417.000  8.16110e-01
  4418.000  8.20640e-01
  4419.000  8.26710e-01
  4420.000  8.34850e-01
  4421.000  8.39070e-01
  4422.000  8.38800e-01
  4423.000  8.38480e-01
  4424.000  8.36390e-01
  4425.000  8.31930e-01
  4426.000  8.32760e-01
  4427.000  8.31900e-01
  4428.000  8.32300e-01
  4429.000  8.32470e-01
  4430.000  8.32730e-01
  4431.000  8.29190e-01
  4432.000  8.22920e-01
  4433.000  8.20020e-01
  4434.000  8.14390e-01
  4435.000  8.10860e-01
  4436.000  8.12060e-01
  4437.000  8.18990e-01
  4438.000  8.30070e-01
  4439.000  8.40250e-01
  4440.000  8.47970e-01
  4441.000  8.52940e-01
  4442.000  8.53860e-01
  4443.000  8.54680e-01
  4444.000  8.60330e-01
  4445.000  8.65460e-01
  4446.000  8.75980e-01
  4447.000  8.86590e-01
  4448.000  8.93610e-01
  4449.000  8.98240e-01
  4450.000  8.95790e-01
  4451.000  8.89890e-01
  4452.000  8.78530e-01
  4453.000  8.62280e-01
  4454.000  8.43380e-01
  4455.000  8.23420e-01
  4456.000  8.07260e-01
  4457.000  7.94970e-01
  4458.000  7.84450e-01
  4459.000  7.78750e-01
  4460.000  7.78430e-01
  4461.000  7.81890e-01
  4462.000  7.87540e-01
  4463.000  7.97500e-01
  4464.000  8.10250e-01
  4465.000  8.24720e-01
  4466.000  8.34760e-01
  4467.000  8.43330e-01
  4468.000  8.49660e-01
  4469.000  8.57580e-01
  4470.000  8.65460e-01
  4471.000  8.72660e-01
  4472.000  8.85220e-01
  4473.000  8.98230e-01
  4474.000  9.14270e-01
  4475.000  9.25960e-01
  4476.000  9.32530e-01
  4477.000  9.35800e-01
  4478.000  9.36880e-01
  4479.000  9.31920e-01
  4480.000  9.22660e-01
  4481.000  9.12270e-01
  4482.000  9.04330e-01
  4483.000  9.04630e-01
  4484.000  9.11090e-01
  4485.000  9.17420e-01
  4486.000  9.25330e-01
  4487.000  9.29810e-01
  4488.000  9.30090e-01
  4489.000  9.24030e-01
  4490.000  9.15560e-01
  4491.000  9.08820e-01
  4492.000  9.02770e-01
  4493.000  8.95410e-01
  4494.000  8.90190e-01
  4495.000  8.87050e-01
  4496.000  8.86960e-01
  4497.000  8.91610e-01
  4498.000  9.00490e-01
  4499.000  9.11150e-01
  4500.000  9.26050e-01
  4501.000  9.39450e-01
  4502.000  9.53270e-01
  4503.000  9.66570e-01
  4504.000  9.81470e-01
  4505.000  9.92560e-01
  4506.000  1.00040e+00
  4507.000  1.00420e+00
  4508.000  1.00560e+00
  4509.000  1.00550e+00
  4510.000  1.00020e+00
  4511.000  9.93290e-01
  4512.000  9.85620e-01
  4513.000  9.78520e-01
  4514.000  9.70400e-01
  4515.000  9.61900e-01
  4516.000  9.57050e-01
  4517.000  9.55690e-01
  4518.000  9.56180e-01
  4519.000  9.57940e-01
  4520.000  9.59580e-01
  4521.000  9.59850e-01
  4522.000  9.56340e-01
  4523.000  9.48630e-01
  4524.000  9.36130e-01
  4525.000  9.19130e-01
  4526.000  8.99180e-01
  4527.000  8.79170e-01
  4528.000  8.61120e-01
  4529.000  8.45400e-01
  4530.000  8.35880e-01
  4531.000  8.31050e-01
  4532.000  8.34350e-01
  4533.000  8.38580e-01
  4534.000  8.46350e-01
  4535.000  8.54880e-01
  4536.000  8.67280e-01
  4537.000  8.83230e-01
  4538.000  8.99180e-01
  4539.000  9.13370e-01
  4540.000  9.24500e-01
  4541.000  9.31840e-01
  4542.000  9.33830e-01
  4543.000  9.35390e-01
  4544.000  9.34060e-01
  4545.000  9.30000e-01
  4546.000  9.25230e-01
  4547.000  9.19600e-01
  4548.000  9.15320e-01
  4549.000  9.11040e-01
  4550.000  9.07280e-01
  4551.000  9.08370e-01
  4552.000  9.11030e-01
  4553.000  9.13330e-01
  4554.000  9.18480e-01
  4555.000  9.27910e-01
  4556.000  9.36940e-01
  4557.000  9.51580e-01
  4558.000  9.65680e-01
  4559.000  9.78560e-01
  4560.000  9.89640e-01
  4561.000  9.93460e-01
  4562.000  9.94620e-01
  4563.000  9.93340e-01
  4564.000  9.90040e-01
  4565.000  9.83540e-01
  4566.000  9.81260e-01
  4567.000  9.81880e-01
  4568.000  9.82770e-01
  4569.000  9.87400e-01
  4570.000  9.87140e-01
  4571.000  9.88560e-01
  4572.000  9.88110e-01
  4573.000  9.86450e-01
  4574.000  9.87270e-01
  4575.000  9.88810e-01
  4576.000  9.85460e-01
  4577.000  9.80640e-01
  4578.000  9.75650e-01
  4579.000  9.65770e-01
  4580.000  9.54990e-01
  4581.000  9.47860e-01
  4582.000  9.41610e-01
  4583.000  9.38420e-01
  4584.000  9.39190e-01
  4585.000  9.42210e-01
  4586.000  9.46010e-01
  4587.000  9.51340e-01
  4588.000  9.57150e-01
  4589.000  9.63190e-01
  4590.000  9.68940e-01
  4591.000  9.68620e-01
  4592.000  9.65120e-01
  4593.000  9.61460e-01
  4594.000  9.56870e-01
  4595.000  9.52450e-01
  4596.000  9.48120e-01
  4597.000  9.43040e-01
  4598.000  9.41840e-01
  4599.000  9.43310e-01
  4600.000  9.46640e-01
  4601.000  9.48960e-01
  4602.000  9.52240e-01
  4603.000  9.56570e-01
  4604.000  9.61500e-01
  4605.000  9.67220e-01
  4606.000  9.75360e-01
  4607.000  9.84000e-01
  4608.000  9.94450e-01
  4609.000  1.00560e+00
  4610.000  1.01410e+00
  4611.000  1.02140e+00
  4612.000  1.02550e+00
  4613.000  1.02760e+00
  4614.000  1.02750e+00
  4615.000  1.02720e+00
  4616.000  1.02980e+00
  4617.000  1.03110e+00
  4618.000  1.03300e+00
  4619.000  1.03360e+00
  4620.000  1.03340e+00
  4621.000  1.03620e+00
  4622.000  1.03530e+00
  4623.000  1.03420e+00
  4624.000  1.03310e+00
  4625.000  1.03200e+00
  4626.000  1.03060e+00
  4627.000  1.02930e+00
  4628.000  1.02770e+00
  4629.000  1.02490e+00
  4630.000  1.02320e+00
  4631.000  1.02340e+00
  4632.000  1.01970e+00
  4633.000  1.01290e+00
  4634.000  1.00550e+00
  4635.000  9.98770e-01
  4636.000  9.88920e-01
  4637.000  9.82610e-01
  4638.000  9.74720e-01
  4639.000  9.67530e-01
  4640.000  9.62320e-01
  4641.000  9.56360e-01
  4642.000  9.53720e-01
  4643.000  9.50660e-01
  4644.000  9.45580e-01
  4645.000  9.39130e-01
  4646.000  9.32720e-01
  4647.000  9.27000e-01
  4648.000  9.24280e-01
  4649.000  9.24110e-01
  4650.000  9.29050e-01
  4651.000  9.36280e-01
  4652.000  9.43020e-01
  4653.000  9.52730e-01
  4654.000  9.61700e-01
  4655.000  9.66330e-01
  4656.000  9.70190e-01
  4657.000  9.77120e-01
  4658.000  9.86080e-01
  4659.000  9.94570e-01
  4660.000  9.98940e-01
  4661.000  1.00180e+00
  4662.000  9.96590e-01
  4663.000  9.85320e-01
  4664.000  9.70060e-01
  4665.000  9.51700e-01
  4666.000  9.33430e-01
  4667.000  9.17040e-01
  4668.000  9.05130e-01
  4669.000  9.02250e-01
  4670.000  9.04190e-01
  4671.000  9.12170e-01
  4672.000  9.23130e-01
  4673.000  9.34670e-01
  4674.000  9.43430e-01
  4675.000  9.52400e-01
  4676.000  9.55640e-01
  4677.000  9.57810e-01
  4678.000  9.57350e-01
  4679.000  9.54210e-01
  4680.000  9.49090e-01
  4681.000  9.45880e-01
  4682.000  9.45910e-01
  4683.000  9.46050e-01
  4684.000  9.48470e-01
  4685.000  9.53010e-01
  4686.000  9.57070e-01
  4687.000  9.61070e-01
  4688.000  9.61950e-01
  4689.000  9.61880e-01
  4690.000  9.63170e-01
  4691.000  9.62380e-01
  4692.000  9.62180e-01
  4693.000  9.62850e-01
  4694.000  9.63460e-01
  4695.000  9.64650e-01
  4696.000  9.64020e-01
  4697.000  9.61220e-01
  4698.000  9.53540e-01
  4699.000  9.46780e-01
  4700.000  9.39540e-01
  4701.000  9.33210e-01
  4702.000  9.27560e-01
  4703.000  9.25440e-01
  4704.000  9.22570e-01
  4705.000  9.23320e-01
  4706.000  9.24550e-01
  4707.000  9.27690e-01
  4708.000  9.31570e-01
  4709.000  9.36920e-01
  4710.000  9.38790e-01
  4711.000  9.42950e-01
  4712.000  9.50910e-01
  4713.000  9.56500e-01
  4714.000  9.64070e-01
  4715.000  9.70820e-01
  4716.000  9.79900e-01
  4717.000  9.89770e-01
  4718.000  1.00170e+00
  4719.000  1.01400e+00
  4720.000  1.02650e+00
  4721.000  1.03370e+00
  4722.000  1.03640e+00
  4723.000  1.03850e+00
  4724.000  1.03570e+00
  4725.000  1.02930e+00
  4726.000  1.01930e+00
  4727.000  1.00640e+00
  4728.000  9.92250e-01
  4729.000  9.77980e-01
  4730.000  9.69170e-01
  4731.000  9.63500e-01
  4732.000  9.60480e-01
  4733.000  9.62300e-01
  4734.000  9.66290e-01
  4735.000  9.72520e-01
  4736.000  9.79810e-01
  4737.000  9.88740e-01
  4738.000  9.95560e-01
  4739.000  1.00570e+00
  4740.000  1.01310e+00
  4741.000  1.02160e+00
  4742.000  1.02670e+00
  4743.000  1.03020e+00
  4744.000  1.03640e+00
  4745.000  1.04260e+00
  4746.000  1.04640e+00
  4747.000  1.04900e+00
  4748.000  1.05220e+00
  4749.000  1.05150e+00
  4750.000  1.04910e+00
  4751.000  1.04460e+00
  4752.000  1.04310e+00
  4753.000  1.03600e+00
  4754.000  1.02970e+00
  4755.000  1.02500e+00
  4756.000  1.02030e+00
  4757.000  1.01740e+00
  4758.000  1.01540e+00
  4759.000  1.01340e+00
  4760.000  1.00960e+00
  4761.000  1.00290e+00
  4762.000  9.96250e-01
  4763.000  9.89060e-01
  4764.000  9.79940e-01
  4765.000  9.73370e-01
  4766.000  9.71020e-01
  4767.000  9.69460e-01
  4768.000  9.71280e-01
  4769.000  9.77280e-01
  4770.000  9.86270e-01
  4771.000  9.96240e-01
  4772.000  1.00630e+00
  4773.000  1.01340e+00
  4774.000  1.02040e+00
  4775.000  1.02690e+00
  4776.000  1.03240e+00
  4777.000  1.03660e+00
  4778.000  1.03920e+00
  4779.000  1.03790e+00
  4780.000  1.03370e+00
  4781.000  1.02860e+00
  4782.000  1.02150e+00
  4783.000  1.01370e+00
  4784.000  1.00790e+00
  4785.000  1.00260e+00
  4786.000  9.99850e-01
  4787.000  9.98380e-01
  4788.000  9.98850e-01
  4789.000  1.00370e+00
  4790.000  1.00880e+00
  4791.000  1.01570e+00
  4792.000  1.02450e+00
  4793.000  1.03590e+00
  4794.000  1.04490e+00
  4795.000  1.05370e+00
  4796.000  1.06040e+00
  4797.000  1.06350e+00
  4798.000  1.06230e+00
  4799.000  1.05850e+00
  4800.000  1.05600e+00
  4801.000  1.05440e+00
  4802.000  1.05240e+00
  4803.000  1.05320e+00
  4804.000  1.05210e+00
  4805.000  1.04900e+00
  4806.000  1.04540e+00
  4807.000  1.04170e+00
  4808.000  1.03720e+00
  4809.000  1.03500e+00
  4810.000  1.03610e+00
  4811.000  1.03680e+00
  4812.000  1.03820e+00
  4813.000  1.04330e+00
  4814.000  1.04890e+00
  4815.000  1.05310e+00
  4816.000  1.05870e+00
  4817.000  1.06450e+00
  4818.000  1.06910e+00
  4819.000  1.07110e+00
  4820.000  1.07090e+00
  4821.000  1.06950e+00
  4822.000  1.06510e+00
  4823.000  1.05870e+00
  4824.000  1.05090e+00
  4825.000  1.04450e+00
  4826.000  1.03950e+00
  4827.000  1.03640e+00
  4828.000  1.03360e+00
  4829.000  1.03170e+00
  4830.000  1.02890e+00
  4831.000  1.02800e+00
  4832.000  1.02640e+00
  4833.000  1.02680e+00
  4834.000  1.02900e+00
  4835.000  1.02970e+00
  4836.000  1.02990e+00
  4837.000  1.03010e+00
  4838.000  1.02790e+00
  4839.000  1.02590e+00
  4840.000  1.02120e+00
  4841.000  1.01800e+00
  4842.000  1.01470e+00
  4843.000  1.01580e+00
  4844.000  1.01700e+00
  4845.000  1.02090e+00
  4846.000  1.02400e+00
  4847.000  1.02630e+00
  4848.000  1.02850e+00
  4849.000  1.02910e+00
  4850.000  1.02540e+00
  4851.000  1.02130e+00
  4852.000  1.01520e+00
  4853.000  1.00720e+00
  4854.000  9.96330e-01
  4855.000  9.83130e-01
  4856.000  9.71250e-01
  4857.000  9.56320e-01
  4858.000  9.45110e-01
  4859.000  9.36520e-01
  4860.000  9.27250e-01
  4861.000  9.22860e-01
  4862.000  9.19850e-01
  4863.000  9.18060e-01
  4864.000  9.18530e-01
  4865.000  9.20160e-01
  4866.000  9.24940e-01
  4867.000  9.30500e-01
  4868.000  9.35400e-01
  4869.000  9.38240e-01
  4870.000  9.39820e-01
  4871.000  9.40700e-01
  4872.000  9.41590e-01
  4873.000  9.44350e-01
  4874.000  9.47970e-01
  4875.000  9.57960e-01
  4876.000  9.68960e-01
  4877.000  9.82270e-01
  4878.000  9.92750e-01
  4879.000  1.00270e+00
  4880.000  1.01000e+00
  4881.000  1.01340e+00
  4882.000  1.01250e+00
  4883.000  1.00780e+00
  4884.000  1.00220e+00
  4885.000  9.96690e-01
  4886.000  9.89210e-01
  4887.000  9.80770e-01
  4888.000  9.73760e-01
  4889.000  9.69480e-01
  4890.000  9.72790e-01
  4891.000  9.77300e-01
  4892.000  9.84990e-01
  4893.000  1.00060e+00
  4894.000  1.01750e+00
  4895.000  1.03720e+00
  4896.000  1.05660e+00
  4897.000  1.07180e+00
  4898.000  1.08090e+00
  4899.000  1.08380e+00
  4900.000  1.08380e+00
  4901.000  1.08060e+00
  4902.000  1.07720e+00
  4903.000  1.07270e+00
  4904.000  1.06980e+00
  4905.000  1.06630e+00
  4906.000  1.06520e+00
  4907.000  1.06400e+00
  4908.000  1.06100e+00
  4909.000  1.05650e+00
  4910.000  1.05110e+00
  4911.000  1.04670e+00
  4912.000  1.04540e+00
  4913.000  1.04330e+00
  4914.000  1.04160e+00
  4915.000  1.04180e+00
  4916.000  1.03520e+00
  4917.000  1.02660e+00
  4918.000  1.01400e+00
  4919.000  9.98790e-01
  4920.000  9.84940e-01
  4921.000  9.74860e-01
  4922.000  9.71000e-01
  4923.000  9.75030e-01
  4924.000  9.85450e-01
  4925.000  9.98690e-01
  4926.000  1.01550e+00
  4927.000  1.03440e+00
  4928.000  1.05180e+00
  4929.000  1.06640e+00
  4930.000  1.07880e+00
  4931.000  1.08360e+00
  4932.000  1.08470e+00
  4933.000  1.07980e+00
  4934.000  1.06920e+00
  4935.000  1.06020e+00
  4936.000  1.04950e+00
  4937.000  1.04110e+00
  4938.000  1.03290e+00
  4939.000  1.02970e+00
  4940.000  1.03150e+00
  4941.000  1.03780e+00
  4942.000  1.04890e+00
  4943.000  1.06130e+00
  4944.000  1.07530e+00
  4945.000  1.08820e+00
  4946.000  1.09950e+00
  4947.000  1.10760e+00
  4948.000  1.11340e+00
  4949.000  1.11770e+00
  4950.000  1.12040e+00
  4951.000  1.12000e+00
  4952.000  1.11620e+00
  4953.000  1.10810e+00
  4954.000  1.09690e+00
  4955.000  1.08500e+00
  4956.000  1.07400e+00
  4957.000  1.06510e+00
  4958.000  1.05750e+00
  4959.000  1.05400e+00
  4960.000  1.05560e+00
  4961.000  1.05780e+00
  4962.000  1.06260e+00
  4963.000  1.06380e+00
  4964.000  1.05930e+00
  4965.000  1.05320e+00
  4966.000  1.04800e+00
  4967.000  1.04290e+00
  4968.000  1.03880e+00
  4969.000  1.03950e+00
  4970.000  1.04190e+00
  4971.000  1.04520e+00
  4972.000  1.05090e+00
  4973.000  1.05660e+00
  4974.000  1.05920e+00
  4975.000  1.06020e+00
  4976.000  1.05740e+00
  4977.000  1.05030e+00
  4978.000  1.03830e+00
  4979.000  1.02640e+00
  4980.000  1.00940e+00
  4981.000  9.93840e-01
  4982.000  9.79060e-01
  4983.000  9.69600e-01
  4984.000  9.64000e-01
  4985.000  9.64160e-01
  4986.000  9.69750e-01
  4987.000  9.78980e-01
  4988.000  9.90900e-01
  4989.000  1.00220e+00
  4990.000  1.01170e+00
  4991.000  1.01870e+00
  4992.000  1.02530e+00
  4993.000  1.02820e+00
  4994.000  1.03000e+00
  4995.000  1.03180e+00
  4996.000  1.02990e+00
  4997.000  1.02730e+00
  4998.000  1.02380e+00
  4999.000  1.01610e+00
  5000.000  1.00990e+00
  5001.000  1.00360e+00
  5002.000  1.00020e+00
  5003.000  1.00190e+00
  5004.000  1.00850e+00
  5005.000  1.01820e+00
  5006.000  1.02760e+00
  5007.000  1.03830e+00
  5008.000  1.04360e+00
  5009.000  1.04250e+00
  5010.000  1.03420e+00
  5011.000  1.01940e+00
  5012.000  1.00170e+00
  5013.000  9.84640e-01
  5014.000  9.65900e-01
  5015.000  9.52240e-01
  5016.000  9.44630e-01
  5017.000  9.40950e-01
  5018.000  9.42310e-01
  5019.000  9.45300e-01
  5020.000  9.48730e-01
  5021.000  9.53240e-01
  5022.000  9.59690e-01
  5023.000  9.65660e-01
  5024.000  9.69230e-01
  5025.000  9.76580e-01
  5026.000  9.82430e-01
  5027.000  9.88710e-01
  5028.000  9.94850e-01
  5029.000  1.00310e+00
  5030.000  1.01140e+00
  5031.000  1.01680e+00
  5032.000  1.02260e+00
  5033.000  1.02620e+00
  5034.000  1.02600e+00
  5035.000  1.02050e+00
  5036.000  1.01160e+00
  5037.000  9.98570e-01
  5038.000  9.84260e-01
  5039.000  9.71460e-01
  5040.000  9.61390e-01
  5041.000  9.54130e-01
  5042.000  9.53410e-01
  5043.000  9.58800e-01
  5044.000  9.69050e-01
  5045.000  9.84000e-01
  5046.000  9.97510e-01
  5047.000  1.00860e+00
  5048.000  1.01290e+00
  5049.000  1.01440e+00
  5050.000  1.01370e+00
  5051.000  1.01270e+00
  5052.000  1.01280e+00
  5053.000  1.01310e+00
  5054.000  1.01910e+00
  5055.000  1.02850e+00
  5056.000  1.03760e+00
  5057.000  1.04690e+00
  5058.000  1.05740e+00
  5059.000  1.06440e+00
  5060.000  1.06930e+00
  5061.000  1.07140e+00
  5062.000  1.06930e+00
  5063.000  1.05970e+00
  5064.000  1.05120e+00
  5065.000  1.04200e+00
  5066.000  1.02920e+00
  5067.000  1.02060e+00
  5068.000  1.01500e+00
  5069.000  1.01030e+00
  5070.000  1.00740e+00
  5071.000  1.00670e+00
  5072.000  1.00580e+00
  5073.000  1.00590e+00
  5074.000  1.00540e+00
  5075.000  1.00450e+00
  5076.000  1.00040e+00
  5077.000  9.94860e-01
  5078.000  9.89250e-01
  5079.000  9.79610e-01
  5080.000  9.69260e-01
  5081.000  9.61880e-01
  5082.000  9.59040e-01
  5083.000  9.58410e-01
  5084.000  9.60790e-01
  5085.000  9.69130e-01
  5086.000  9.77410e-01
  5087.000  9.89780e-01
  5088.000  1.00160e+00
  5089.000  1.01200e+00
  5090.000  1.02210e+00
  5091.000  1.03000e+00
  5092.000  1.03420e+00
  5093.000  1.03670e+00
  5094.000  1.03600e+00
  5095.000  1.03160e+00
  5096.000  1.02530e+00
  5097.000  1.01690e+00
  5098.000  1.00470e+00
  5099.000  9.96670e-01
  5100.000  9.90310e-01
  5101.000  9.86500e-01
  5102.000  9.85400e-01
  5103.000  9.85290e-01
  5104.000  9.85620e-01
  5105.000  9.86380e-01
  5106.000  9.84950e-01
  5107.000  9.82100e-01
  5108.000  9.81140e-01
  5109.000  9.79460e-01
  5110.000  9.82210e-01
  5111.000  9.86440e-01
  5112.000  9.92230e-01
  5113.000  9.98880e-01
  5114.000  1.00950e+00
  5115.000  1.01770e+00
  5116.000  1.02690e+00
  5117.000  1.03370e+00
  5118.000  1.03570e+00
  5119.000  1.03510e+00
  5120.000  1.03060e+00
  5121.000  1.02050e+00
  5122.000  1.01080e+00
  5123.000  9.98750e-01
  5124.000  9.83740e-01
  5125.000  9.70770e-01
  5126.000  9.61110e-01
  5127.000  9.54460e-01
  5128.000  9.53960e-01
  5129.000  9.53740e-01
  5130.000  9.57790e-01
  5131.000  9.64750e-01
  5132.000  9.73610e-01
  5133.000  9.82220e-01
  5134.000  9.87670e-01
  5135.000  9.91800e-01
  5136.000  9.95590e-01
  5137.000  9.96790e-01
  5138.000  9.94600e-01
  5139.000  9.89330e-01
  5140.000  9.83970e-01
  5141.000  9.80410e-01
  5142.000  9.76170e-01
  5143.000  9.71660e-01
  5144.000  9.69110e-01
  5145.000  9.65480e-01
  5146.000  9.62710e-01
  5147.000  9.60050e-01
  5148.000  9.57430e-01
  5149.000  9.55250e-01
  5150.000  9.54590e-01
  5151.000  9.56030e-01
  5152.000  9.56880e-01
  5153.000  9.58300e-01
  5154.000  9.63480e-01
  5155.000  9.69900e-01
  5156.000  9.78070e-01
  5157.000  9.86520e-01
  5158.000  9.94310e-01
  5159.000  9.99010e-01
  5160.000  9.99970e-01
  5161.000  9.93650e-01
  5162.000  9.81020e-01
  5163.000  9.62100e-01
  5164.000  9.36420e-01
  5165.000  9.06030e-01
  5166.000  8.73120e-01
  5167.000  8.40950e-01
  5168.000  8.10120e-01
  5169.000  7.85710e-01
  5170.000  7.69330e-01
  5171.000  7.60280e-01
  5172.000  7.58810e-01
  5173.000  7.63040e-01
  5174.000  7.74520e-01
  5175.000  7.91600e-01
  5176.000  8.12340e-01
  5177.000  8.31870e-01
  5178.000  8.46620e-01
  5179.000  8.58180e-01
  5180.000  8.60480e-01
  5181.000  8.54590e-01
  5182.000  8.44870e-01
  5183.000  8.35240e-01
  5184.000  8.27660e-01
  5185.000  8.29140e-01
  5186.000  8.37750e-01
  5187.000  8.55510e-01
  5188.000  8.79390e-01
  5189.000  9.01080e-01
  5190.000  9.22190e-01
  5191.000  9.39960e-01
  5192.000  9.51640e-01
  5193.000  9.61480e-01
  5194.000  9.70450e-01
  5195.000  9.78720e-01
  5196.000  9.87730e-01
  5197.000  9.98510e-01
  5198.000  1.00880e+00
  5199.000  1.01910e+00
  5200.000  1.02290e+00
  5201.000  1.02410e+00
  5202.000  1.02020e+00
  5203.000  1.01030e+00
  5204.000  9.96640e-01
  5205.000  9.78850e-01
  5206.000  9.62630e-01
  5207.000  9.50760e-01
  5208.000  9.40910e-01
  5209.000  9.38580e-01
  5210.000  9.43260e-01
  5211.000  9.52920e-01
  5212.000  9.70440e-01
  5213.000  9.88920e-01
  5214.000  1.00620e+00
  5215.000  1.02260e+00
  5216.000  1.03650e+00
  5217.000  1.04780e+00
  5218.000  1.05690e+00
  5219.000  1.06380e+00
  5220.000  1.06790e+00
  5221.000  1.07040e+00
  5222.000  1.06830e+00
  5223.000  1.06350e+00
  5224.000  1.04900e+00
  5225.000  1.03740e+00
  5226.000  1.02550e+00
  5227.000  1.01700e+00
  5228.000  1.01270e+00
  5229.000  1.01350e+00
  5230.000  1.02070e+00
  5231.000  1.03050e+00
  5232.000  1.04060e+00
  5233.000  1.05080e+00
  5234.000  1.06180e+00
  5235.000  1.07100e+00
  5236.000  1.07970e+00
  5237.000  1.08980e+00
  5238.000  1.10020e+00
  5239.000  1.10970e+00
  5240.000  1.11510e+00
  5241.000  1.11980e+00
  5242.000  1.12220e+00
  5243.000  1.12340e+00
  5244.000  1.12080e+00
  5245.000  1.11540e+00
  5246.000  1.10880e+00
  5247.000  1.10060e+00
  5248.000  1.09280e+00
  5249.000  1.08340e+00
  5250.000  1.07700e+00
  5251.000  1.07550e+00
  5252.000  1.07330e+00
  5253.000  1.07330e+00
  5254.000  1.07870e+00
  5255.000  1.08620e+00
  5256.000  1.09060e+00
  5257.000  1.09490e+00
  5258.000  1.09900e+00
  5259.000  1.09850e+00
  5260.000  1.09440e+00
  5261.000  1.08030e+00
  5262.000  1.06290e+00
  5263.000  1.03990e+00
  5264.000  1.01520e+00
  5265.000  9.92280e-01
  5266.000  9.71840e-01
  5267.000  9.56190e-01
  5268.000  9.44560e-01
  5269.000  9.40330e-01
  5270.000  9.41410e-01
  5271.000  9.47970e-01
  5272.000  9.62730e-01
  5273.000  9.81840e-01
  5274.000  1.00440e+00
  5275.000  1.02490e+00
  5276.000  1.04580e+00
  5277.000  1.06410e+00
  5278.000  1.08110e+00
  5279.000  1.09660e+00
  5280.000  1.10770e+00
  5281.000  1.11280e+00
  5282.000  1.11610e+00
  5283.000  1.12020e+00
  5284.000  1.12450e+00
  5285.000  1.13040e+00
  5286.000  1.13880e+00
  5287.000  1.15080e+00
  5288.000  1.16190e+00
  5289.000  1.17130e+00
  5290.000  1.18100e+00
  5291.000  1.18790e+00
  5292.000  1.18830e+00
  5293.000  1.18390e+00
  5294.000  1.17620e+00
  5295.000  1.16420e+00
  5296.000  1.15230e+00
  5297.000  1.13920e+00
  5298.000  1.12720e+00
  5299.000  1.11900e+00
  5300.000  1.11570e+00
  5301.000  1.11800e+00
  5302.000  1.12780e+00
  5303.000  1.13910e+00
  5304.000  1.15330e+00
  5305.000  1.16920e+00
  5306.000  1.18420e+00
  5307.000  1.19750e+00
  5308.000  1.20600e+00
  5309.000  1.21300e+00
  5310.000  1.21720e+00
  5311.000  1.22080e+00
  5312.000  1.22020e+00
  5313.000  1.21740e+00
  5314.000  1.21370e+00
  5315.000  1.20850e+00
  5316.000  1.20310e+00
  5317.000  1.19960e+00
  5318.000  1.19280e+00
  5319.000  1.18500e+00
  5320.000  1.17890e+00
  5321.000  1.17140e+00
  5322.000  1.16070e+00
  5323.000  1.14750e+00
  5324.000  1.13170e+00
  5325.000  1.11510e+00
  5326.000  1.09920e+00
  5327.000  1.08510e+00
  5328.000  1.07300e+00
  5329.000  1.06470e+00
  5330.000  1.06390e+00
  5331.000  1.07220e+00
  5332.000  1.08310e+00
  5333.000  1.09880e+00
  5334.000  1.11620e+00
  5335.000  1.13030e+00
  5336.000  1.14440e+00
  5337.000  1.14880e+00
  5338.000  1.15130e+00
  5339.000  1.15190e+00
  5340.000  1.14840e+00
  5341.000  1.14330e+00
  5342.000  1.14040e+00
  5343.000  1.13810e+00
  5344.000  1.13660e+00
  5345.000  1.13680e+00
  5346.000  1.14000e+00
  5347.000  1.14320e+00
  5348.000  1.14620e+00
  5349.000  1.15160e+00
  5350.000  1.15580e+00
  5351.000  1.16550e+00
  5352.000  1.17660e+00
  5353.000  1.18870e+00
  5354.000  1.20090e+00
  5355.000  1.21320e+00
  5356.000  1.22420e+00
  5357.000  1.23230e+00
  5358.000  1.23770e+00
  5359.000  1.24010e+00
  5360.000  1.23800e+00
  5361.000  1.23350e+00
  5362.000  1.22480e+00
  5363.000  1.21420e+00
  5364.000  1.20290e+00
  5365.000  1.18960e+00
  5366.000  1.17520e+00
  5367.000  1.16310e+00
  5368.000  1.15070e+00
  5369.000  1.14170e+00
  5370.000  1.13420e+00
  5371.000  1.13000e+00
  5372.000  1.12890e+00
  5373.000  1.13360e+00
  5374.000  1.14180e+00
  5375.000  1.15140e+00
  5376.000  1.16360e+00
  5377.000  1.17500e+00
  5378.000  1.18430e+00
  5379.000  1.19160e+00
  5380.000  1.19570e+00
  5381.000  1.19750e+00
  5382.000  1.19700e+00
  5383.000  1.19540e+00
  5384.000  1.19430e+00
  5385.000  1.19270e+00
  5386.000  1.19070e+00
  5387.000  1.18450e+00
  5388.000  1.17900e+00
  5389.000  1.17310e+00
  5390.000  1.16580e+00
  5391.000  1.15520e+00
  5392.000  1.14710e+00
  5393.000  1.13860e+00
  5394.000  1.13000e+00
  5395.000  1.12320e+00
  5396.000  1.11870e+00
  5397.000  1.11380e+00
  5398.000  1.11080e+00
  5399.000  1.10930e+00
  5400.000  1.10940e+00
  5401.000  1.10880e+00
  5402.000  1.10810e+00
  5403.000  1.10390e+00
  5404.000  1.09760e+00
  5405.000  1.09210e+00
  5406.000  1.08660e+00
  5407.000  1.08210e+00
  5408.000  1.08360e+00
  5409.000  1.08800e+00
  5410.000  1.09400e+00
  5411.000  1.10230e+00
  5412.000  1.11380e+00
  5413.000  1.12840e+00
  5414.000  1.14380e+00
  5415.000  1.15640e+00
  5416.000  1.16850e+00
  5417.000  1.17790e+00
  5418.000  1.18420e+00
  5419.000  1.18700e+00
  5420.000  1.18830e+00
  5421.000  1.18930e+00
  5422.000  1.18810e+00
  5423.000  1.18570e+00
  5424.000  1.18440e+00
  5425.000  1.18130e+00
  5426.000  1.17820e+00
  5427.000  1.17310e+00
  5428.000  1.16740e+00
  5429.000  1.16200e+00
  5430.000  1.15530e+00
  5431.000  1.14830e+00
  5432.000  1.14180e+00
  5433.000  1.13610e+00
  5434.000  1.13600e+00
  5435.000  1.13890e+00
  5436.000  1.14360e+00
  5437.000  1.15090e+00
  5438.000  1.16090e+00
  5439.000  1.17420e+00
  5440.000  1.18580e+00
  5441.000  1.19530e+00
  5442.000  1.20160e+00
  5443.000  1.20240e+00
  5444.000  1.19840e+00
  5445.000  1.19100e+00
  5446.000  1.18190e+00
  5447.000  1.17130e+00
  5448.000  1.16330e+00
  5449.000  1.15440e+00
  5450.000  1.15190e+00
  5451.000  1.14990e+00
  5452.000  1.14790e+00
  5453.000  1.14580e+00
  5454.000  1.14360e+00
  5455.000  1.14070e+00
  5456.000  1.13890e+00
  5457.000  1.13970e+00
  5458.000  1.14220e+00
  5459.000  1.14550e+00
  5460.000  1.14850e+00
  5461.000  1.15140e+00
  5462.000  1.15320e+00
  5463.000  1.15390e+00
  5464.000  1.15490e+00
  5465.000  1.15600e+00
  5466.000  1.15770e+00
  5467.000  1.15780e+00
  5468.000  1.15730e+00
  5469.000  1.15850e+00
  5470.000  1.15690e+00
  5471.000  1.15390e+00
  5472.000  1.14950e+00
  5473.000  1.14300e+00
  5474.000  1.13540e+00
  5475.000  1.13080e+00
  5476.000  1.12480e+00
  5477.000  1.11850e+00
  5478.000  1.11580e+00
  5479.000  1.11430e+00
  5480.000  1.11460e+00
  5481.000  1.11880e+00
  5482.000  1.12490e+00
  5483.000  1.12970e+00
  5484.000  1.13490e+00
  5485.000  1.14060e+00
  5486.000  1.14670e+00
  5487.000  1.15290e+00
  5488.000  1.15500e+00
  5489.000  1.15610e+00
  5490.000  1.15830e+00
  5491.000  1.16110e+00
  5492.000  1.16160e+00
  5493.000  1.16330e+00
  5494.000  1.16480e+00
  5495.000  1.16590e+00
  5496.000  1.16540e+00
  5497.000  1.16620e+00
  5498.000  1.16450e+00
  5499.000  1.16490e+00
  5500.000  1.16420e+00
  5501.000  1.16130e+00
  5502.000  1.15980e+00
  5503.000  1.15590e+00
  5504.000  1.15390e+00
  5505.000  1.15100e+00
  5506.000  1.14840e+00
  5507.000  1.14630e+00
  5508.000  1.14320e+00
  5509.000  1.14080e+00
  5510.000  1.14020e+00
  5511.000  1.13850e+00
  5512.000  1.13510e+00
  5513.000  1.13480e+00
  5514.000  1.13520e+00
  5515.000  1.13760e+00
  5516.000  1.14370e+00
  5517.000  1.15020e+00
  5518.000  1.15930e+00
  5519.000  1.16770e+00
  5520.000  1.17610e+00
  5521.000  1.18120e+00
  5522.000  1.18640e+00
  5523.000  1.18720e+00
  5524.000  1.18610e+00
  5525.000  1.18130e+00
  5526.000  1.17590e+00
  5527.000  1.16970e+00
  5528.000  1.16390e+00
  5529.000  1.15880e+00
  5530.000  1.15640e+00
  5531.000  1.15630e+00
  5532.000  1.15670e+00
  5533.000  1.15990e+00
  5534.000  1.16560e+00
  5535.000  1.16890e+00
  5536.000  1.17280e+00
  5537.000  1.17710e+00
  5538.000  1.18180e+00
  5539.000  1.18630e+00
  5540.000  1.18970e+00
  5541.000  1.19380e+00
  5542.000  1.19690e+00
  5543.000  1.19980e+00
  5544.000  1.20360e+00
  5545.000  1.20670e+00
  5546.000  1.20840e+00
  5547.000  1.21040e+00
  5548.000  1.21460e+00
  5549.000  1.21710e+00
  5550.000  1.21940e+00
  5551.000  1.22210e+00
  5552.000  1.22150e+00
  5553.000  1.22110e+00
  5554.000  1.21960e+00
  5555.000  1.21750e+00
  5556.000  1.21390e+00
  5557.000  1.21060e+00
  5558.000  1.20610e+00
  5559.000  1.20340e+00
  5560.000  1.20050e+00
  5561.000  1.19630e+00
  5562.000  1.19230e+00
  5563.000  1.18790e+00
  5564.000  1.18470e+00
  5565.000  1.18200e+00
  5566.000  1.17680e+00
  5567.000  1.17330e+00
  5568.000  1.17100e+00
  5569.000  1.17000e+00
  5570.000  1.17040e+00
  5571.000  1.17150e+00
  5572.000  1.17270e+00
  5573.000  1.17550e+00
  5574.000  1.17750e+00
  5575.000  1.17860e+00
  5576.000  1.18190e+00
  5577.000  1.18580e+00
  5578.000  1.18900e+00
  5579.000  1.18980e+00
  5580.000  1.18820e+00
  5581.000  1.18510e+00
  5582.000  1.18180e+00
  5583.000  1.17590e+00
  5584.000  1.16840e+00
  5585.000  1.15740e+00
  5586.000  1.14660e+00
  5587.000  1.13680e+00
  5588.000  1.12840e+00
  5589.000  1.12060e+00
  5590.000  1.11720e+00
  5591.000  1.11670e+00
  5592.000  1.11810e+00
  5593.000  1.12260e+00
  5594.000  1.12840e+00
  5595.000  1.13380e+00
  5596.000  1.13880e+00
  5597.000  1.14340e+00
  5598.000  1.14520e+00
  5599.000  1.14700e+00
  5600.000  1.14820e+00
  5601.000  1.14900e+00
  5602.000  1.15120e+00
  5603.000  1.15430e+00
  5604.000  1.16020e+00
  5605.000  1.16850e+00
  5606.000  1.17930e+00
  5607.000  1.19070e+00
  5608.000  1.20050e+00
  5609.000  1.20640e+00
  5610.000  1.21030e+00
  5611.000  1.21290e+00
  5612.000  1.21220e+00
  5613.000  1.20740e+00
  5614.000  1.20040e+00
  5615.000  1.19160e+00
  5616.000  1.18180e+00
  5617.000  1.17250e+00
  5618.000  1.16610e+00
  5619.000  1.16300e+00
  5620.000  1.16220e+00
  5621.000  1.16300e+00
  5622.000  1.16300e+00
  5623.000  1.16200e+00
  5624.000  1.16150e+00
  5625.000  1.16290e+00
  5626.000  1.16540e+00
  5627.000  1.16790e+00
  5628.000  1.17090e+00
  5629.000  1.17480e+00
  5630.000  1.18020e+00
  5631.000  1.18600e+00
  5632.000  1.18950e+00
  5633.000  1.19140e+00
  5634.000  1.19090e+00
  5635.000  1.18940e+00
  5636.000  1.18760e+00
  5637.000  1.18530e+00
  5638.000  1.18230e+00
  5639.000  1.18000e+00
  5640.000  1.17830e+00
  5641.000  1.17720e+00
  5642.000  1.17760e+00
  5643.000  1.17830e+00
  5644.000  1.18000e+00
  5645.000  1.18150e+00
  5646.000  1.18660e+00
  5647.000  1.19040e+00
  5648.000  1.19350e+00
  5649.000  1.19680e+00
  5650.000  1.20090e+00
  5651.000  1.20090e+00
  5652.000  1.20140e+00
  5653.000  1.20160e+00
  5654.000  1.19870e+00
  5655.000  1.19350e+00
  5656.000  1.18700e+00
  5657.000  1.18040e+00
  5658.000  1.17470e+00
  5659.000  1.16990e+00
  5660.000  1.16620e+00
  5661.000  1.16350e+00
  5662.000  1.16300e+00
  5663.000  1.16320e+00
  5664.000  1.16730e+00
  5665.000  1.17250e+00
  5666.000  1.17650e+00
  5667.000  1.18120e+00
  5668.000  1.18700e+00
  5669.000  1.19210e+00
  5670.000  1.19500e+00
  5671.000  1.20100e+00
  5672.000  1.20740e+00
  5673.000  1.21380e+00
  5674.000  1.21810e+00
  5675.000  1.22310e+00
  5676.000  1.22610e+00
  5677.000  1.22850e+00
  5678.000  1.22980e+00
  5679.000  1.22810e+00
  5680.000  1.22430e+00
  5681.000  1.22020e+00
  5682.000  1.21370e+00
  5683.000  1.20880e+00
  5684.000  1.20400e+00
  5685.000  1.19910e+00
  5686.000  1.19490e+00
  5687.000  1.19320e+00
  5688.000  1.19320e+00
  5689.000  1.19560e+00
  5690.000  1.20050e+00
  5691.000  1.20610e+00
  5692.000  1.21250e+00
  5693.000  1.21840e+00
  5694.000  1.22300e+00
  5695.000  1.22570e+00
  5696.000  1.22710e+00
  5697.000  1.22610e+00
  5698.000  1.22210e+00
  5699.000  1.21590e+00
  5700.000  1.20990e+00
  5701.000  1.20380e+00
  5702.000  1.19650e+00
  5703.000  1.18940e+00
  5704.000  1.18270e+00
  5705.000  1.17500e+00
  5706.000  1.16820e+00
  5707.000  1.16300e+00
  5708.000  1.15770e+00
  5709.000  1.15510e+00
  5710.000  1.15400e+00
  5711.000  1.15530e+00
  5712.000  1.15890e+00
  5713.000  1.16580e+00
  5714.000  1.17640e+00
  5715.000  1.18630e+00
  5716.000  1.19770e+00
  5717.000  1.20980e+00
  5718.000  1.22130e+00
  5719.000  1.23180e+00
  5720.000  1.24160e+00
  5721.000  1.24830e+00
  5722.000  1.25540e+00
  5723.000  1.25990e+00
  5724.000  1.26150e+00
  5725.000  1.26220e+00
  5726.000  1.26250e+00
  5727.000  1.26220e+00
  5728.000  1.25880e+00
  5729.000  1.25660e+00
  5730.000  1.25460e+00
  5731.000  1.25340e+00
  5732.000  1.25390e+00
  5733.000  1.25340e+00
  5734.000  1.25400e+00
  5735.000  1.25520e+00
  5736.000  1.25490e+00
  5737.000  1.25560e+00
  5738.000  1.25710e+00
  5739.000  1.25920e+00
  5740.000  1.25890e+00
  5741.000  1.25870e+00
  5742.000  1.25790e+00
  5743.000  1.25930e+00
  5744.000  1.25940e+00
  5745.000  1.25840e+00
  5746.000  1.25680e+00
  5747.000  1.25520e+00
  5748.000  1.25440e+00
  5749.000  1.25180e+00
  5750.000  1.24870e+00
  5751.000  1.24610e+00
  5752.000  1.24450e+00
  5753.000  1.24220e+00
  5754.000  1.24020e+00
  5755.000  1.23890e+00
  5756.000  1.24000e+00
  5757.000  1.24170e+00
  5758.000  1.24200e+00
  5759.000  1.24170e+00
  5760.000  1.24100e+00
  5761.000  1.24060e+00
  5762.000  1.24040e+00
  5763.000  1.24210e+00
  5764.000  1.24190e+00
  5765.000  1.24460e+00
  5766.000  1.24740e+00
  5767.000  1.25280e+00
  5768.000  1.25660e+00
  5769.000  1.26020e+00
  5770.000  1.26170e+00
  5771.000  1.26240e+00
  5772.000  1.26280e+00
  5773.000  1.26250e+00
  5774.000  1.25860e+00
  5775.000  1.25440e+00
  5776.000  1.24940e+00
  5777.000  1.24360e+00
  5778.000  1.23600e+00
  5779.000  1.22690e+00
  5780.000  1.21770e+00
  5781.000  1.20700e+00
  5782.000  1.19660e+00
  5783.000  1.19030e+00
  5784.000  1.18590e+00
  5785.000  1.18280e+00
  5786.000  1.18500e+00
  5787.000  1.19080e+00
  5788.000  1.19500e+00
  5789.000  1.20100e+00
  5790.000  1.20990e+00
  5791.000  1.21840e+00
  5792.000  1.22730e+00
  5793.000  1.23440e+00
  5794.000  1.24160e+00
  5795.000  1.24850e+00
  5796.000  1.25440e+00
  5797.000  1.25920e+00
  5798.000  1.26190e+00
  5799.000  1.26410e+00
  5800.000  1.26890e+00
  5801.000  1.27280e+00
  5802.000  1.27630e+00
  5803.000  1.27800e+00
  5804.000  1.27820e+00
  5805.000  1.27710e+00
  5806.000  1.27550e+00
  5807.000  1.27360e+00
  5808.000  1.27300e+00
  5809.000  1.27230e+00
  5810.000  1.27200e+00
  5811.000  1.27000e+00
  5812.000  1.26940e+00
  5813.000  1.27000e+00
  5814.000  1.27000e+00
  5815.000  1.26960e+00
  5816.000  1.26960e+00
  5817.000  1.27000e+00
  5818.000  1.27090e+00
  5819.000  1.27220e+00
  5820.000  1.27560e+00
  5821.000  1.27990e+00
  5822.000  1.28160e+00
  5823.000  1.28340e+00
  5824.000  1.28590e+00
  5825.000  1.28820e+00
  5826.000  1.28930e+00
  5827.000  1.28990e+00
  5828.000  1.29000e+00
  5829.000  1.28950e+00
  5830.000  1.28990e+00
  5831.000  1.29050e+00
  5832.000  1.28920e+00
  5833.000  1.28730e+00
  5834.000  1.28560e+00
  5835.000  1.28390e+00
  5836.000  1.28380e+00
  5837.000  1.28420e+00
  5838.000  1.28460e+00
  5839.000  1.28460e+00
  5840.000  1.28390e+00
  5841.000  1.28390e+00
  5842.000  1.28490e+00
  5843.000  1.28540e+00
  5844.000  1.28490e+00
  5845.000  1.28370e+00
  5846.000  1.27930e+00
  5847.000  1.27340e+00
  5848.000  1.27010e+00
  5849.000  1.26490e+00
  5850.000  1.25860e+00
  5851.000  1.25150e+00
  5852.000  1.24610e+00
  5853.000  1.23940e+00
  5854.000  1.23180e+00
  5855.000  1.22510e+00
  5856.000  1.21940e+00
  5857.000  1.21530e+00
  5858.000  1.21310e+00
  5859.000  1.21060e+00
  5860.000  1.21000e+00
  5861.000  1.21000e+00
  5862.000  1.21130e+00
  5863.000  1.21420e+00
  5864.000  1.21810e+00
  5865.000  1.22060e+00
  5866.000  1.22360e+00
  5867.000  1.22660e+00
  5868.000  1.23010e+00
  5869.000  1.23400e+00
  5870.000  1.23720e+00
  5871.000  1.23980e+00
  5872.000  1.24160e+00
  5873.000  1.24360e+00
  5874.000  1.24320e+00
  5875.000  1.24290e+00
  5876.000  1.24120e+00
  5877.000  1.23750e+00
  5878.000  1.23160e+00
  5879.000  1.22360e+00
  5880.000  1.21510e+00
  5881.000  1.20310e+00
  5882.000  1.18980e+00
  5883.000  1.17540e+00
  5884.000  1.15770e+00
  5885.000  1.13570e+00
  5886.000  1.10950e+00
  5887.000  1.07880e+00
  5888.000  1.03990e+00
  5889.000  9.90420e-01
  5890.000  9.34510e-01
  5891.000  8.85940e-01
  5892.000  8.57390e-01
  5893.000  8.55640e-01
  5894.000  8.70700e-01
  5895.000  8.82230e-01
  5896.000  8.83250e-01
  5897.000  8.81720e-01
  5898.000  8.95780e-01
  5899.000  9.31660e-01
  5900.000  9.82040e-01
  5901.000  1.03250e+00
  5902.000  1.07340e+00
  5903.000  1.10560e+00
  5904.000  1.13220e+00
  5905.000  1.15460e+00
  5906.000  1.17080e+00
  5907.000  1.18390e+00
  5908.000  1.19320e+00
  5909.000  1.20030e+00
  5910.000  1.20500e+00
  5911.000  1.20970e+00
  5912.000  1.21040e+00
  5913.000  1.21030e+00
  5914.000  1.20960e+00
  5915.000  1.21120e+00
  5916.000  1.21060e+00
  5917.000  1.20950e+00
  5918.000  1.21090e+00
  5919.000  1.21440e+00
  5920.000  1.21730e+00
  5921.000  1.21930e+00
  5922.000  1.22190e+00
  5923.000  1.22460e+00
  5924.000  1.22700e+00
  5925.000  1.22800e+00
  5926.000  1.23140e+00
  5927.000  1.23210e+00
  5928.000  1.23120e+00
  5929.000  1.22990e+00
  5930.000  1.22900e+00
  5931.000  1.22850e+00
  5932.000  1.22830e+00
  5933.000  1.22850e+00
  5934.000  1.22950e+00
  5935.000  1.22960e+00
  5936.000  1.23180e+00
  5937.000  1.23380e+00
  5938.000  1.23440e+00
  5939.000  1.23570e+00
  5940.000  1.23700e+00
  5941.000  1.23860e+00
  5942.000  1.24050e+00
  5943.000  1.24090e+00
  5944.000  1.24180e+00
  5945.000  1.24100e+00
  5946.000  1.24260e+00
  5947.000  1.24050e+00
  5948.000  1.23860e+00
  5949.000  1.23610e+00
  5950.000  1.23470e+00
  5951.000  1.23100e+00
  5952.000  1.22980e+00
  5953.000  1.22900e+00
  5954.000  1.22730e+00
  5955.000  1.22660e+00
  5956.000  1.22760e+00
  5957.000  1.22820e+00
  5958.000  1.23050e+00
  5959.000  1.23150e+00
  5960.000  1.23460e+00
  5961.000  1.23860e+00
  5962.000  1.24180e+00
  5963.000  1.24420e+00
  5964.000  1.24810e+00
  5965.000  1.25180e+00
  5966.000  1.25490e+00
  5967.000  1.25700e+00
  5968.000  1.25850e+00
  5969.000  1.26000e+00
  5970.000  1.26020e+00
  5971.000  1.25980e+00
  5972.000  1.26110e+00
  5973.000  1.26160e+00
  5974.000  1.25900e+00
  5975.000  1.25450e+00
  5976.000  1.25000e+00
  5977.000  1.24570e+00
  5978.000  1.24340e+00
  5979.000  1.24030e+00
  5980.000  1.23620e+00
  5981.000  1.23290e+00
  5982.000  1.23100e+00
  5983.000  1.22830e+00
  5984.000  1.22780e+00
  5985.000  1.22690e+00
  5986.000  1.22730e+00
  5987.000  1.22820e+00
  5988.000  1.23090e+00
  5989.000  1.23430e+00
  5990.000  1.23870e+00
  5991.000  1.24190e+00
  5992.000  1.24340e+00
  5993.000  1.24610e+00
  5994.000  1.24740e+00
  5995.000  1.24880e+00
  5996.000  1.24930e+00
  5997.000  1.24740e+00
  5998.000  1.24560e+00
  5999.000  1.24320e+00
  6000.000  1.24160e+00
  6001.000  1.23900e+00
  6002.000  1.23640e+00
  6003.000  1.23350e+00
  6004.000  1.23110e+00
  6005.000  1.22900e+00
  6006.000  1.22690e+00
  6007.000  1.22610e+00
  6008.000  1.22380e+00
  6009.000  1.22350e+00
  6010.000  1.22210e+00
  6011.000  1.22190e+00
  6012.000  1.22220e+00
  6013.000  1.22170e+00
  6014.000  1.22170e+00
  6015.000  1.22080e+00
  6016.000  1.22100e+00
  6017.000  1.21990e+00
  6018.000  1.21870e+00
  6019.000  1.22030e+00
  6020.000  1.22070e+00
  6021.000  1.22070e+00
  6022.000  1.22190e+00
  6023.000  1.22470e+00
  6024.000  1.22830e+00
  6025.000  1.23370e+00
  6026.000  1.23760e+00
  6027.000  1.24330e+00
  6028.000  1.24930e+00
  6029.000  1.25570e+00
  6030.000  1.26000e+00
  6031.000  1.26630e+00
  6032.000  1.27160e+00
  6033.000  1.27640e+00
  6034.000  1.27910e+00
  6035.000  1.28070e+00
  6036.000  1.28200e+00
  6037.000  1.28340e+00
  6038.000  1.28280e+00
  6039.000  1.28280e+00
  6040.000  1.28290e+00
  6041.000  1.28430e+00
  6042.000  1.28550e+00
  6043.000  1.28660e+00
  6044.000  1.28800e+00
  6045.000  1.28900e+00
  6046.000  1.29090e+00
  6047.000  1.29360e+00
  6048.000  1.29490e+00
  6049.000  1.29370e+00
  6050.000  1.29480e+00
  6051.000  1.29430e+00
  6052.000  1.29340e+00
  6053.000  1.29180e+00
  6054.000  1.28950e+00
  6055.000  1.28590e+00
  6056.000  1.28200e+00
  6057.000  1.27870e+00
  6058.000  1.27620e+00
  6059.000  1.27480e+00
  6060.000  1.27310e+00
  6061.000  1.27240e+00
  6062.000  1.27220e+00
  6063.000  1.27250e+00
  6064.000  1.27220e+00
  6065.000  1.27250e+00
  6066.000  1.27410e+00
  6067.000  1.27720e+00
  6068.000  1.28020e+00
  6069.000  1.28490e+00
  6070.000  1.29070e+00
  6071.000  1.29570e+00
  6072.000  1.29970e+00
  6073.000  1.30160e+00
  6074.000  1.30300e+00
  6075.000  1.30100e+00
  6076.000  1.29880e+00
  6077.000  1.29490e+00
  6078.000  1.29120e+00
  6079.000  1.28690e+00
  6080.000  1.28090e+00
  6081.000  1.27400e+00
  6082.000  1.26910e+00
  6083.000  1.26490e+00
  6084.000  1.26210e+00
  6085.000  1.25920e+00
  6086.000  1.25800e+00
  6087.000  1.25650e+00
  6088.000  1.25680e+00
  6089.000  1.25720e+00
  6090.000  1.25560e+00
  6091.000  1.25520e+00
  6092.000  1.25600e+00
  6093.000  1.25710e+00
  6094.000  1.25830e+00
  6095.000  1.25920e+00
  6096.000  1.25920e+00
  6097.000  1.26040e+00
  6098.000  1.26260e+00
  6099.000  1.26120e+00
  6100.000  1.25890e+00
  6101.000  1.25640e+00
  6102.000  1.25510e+00
  6103.000  1.25120e+00
  6104.000  1.24950e+00
  6105.000  1.24900e+00
  6106.000  1.25020e+00
  6107.000  1.25280e+00
  6108.000  1.25440e+00
  6109.000  1.25830e+00
  6110.000  1.26210e+00
  6111.000  1.26650e+00
  6112.000  1.26970e+00
  6113.000  1.27170e+00
  6114.000  1.27270e+00
  6115.000  1.27240e+00
  6116.000  1.27090e+00
  6117.000  1.26890e+00
  6118.000  1.26370e+00
  6119.000  1.25820e+00
  6120.000  1.25360e+00
  6121.000  1.24860e+00
  6122.000  1.24410e+00
  6123.000  1.24050e+00
  6124.000  1.23850e+00
  6125.000  1.23790e+00
  6126.000  1.23960e+00
  6127.000  1.24310e+00
  6128.000  1.24580e+00
  6129.000  1.24790e+00
  6130.000  1.25100e+00
  6131.000  1.25170e+00
  6132.000  1.25170e+00
  6133.000  1.24930e+00
  6134.000  1.24550e+00
  6135.000  1.24010e+00
  6136.000  1.23540e+00
  6137.000  1.23060e+00
  6138.000  1.22710e+00
  6139.000  1.22670e+00
  6140.000  1.22890e+00
  6141.000  1.23270e+00
  6142.000  1.23840e+00
  6143.000  1.24390e+00
  6144.000  1.25110e+00
  6145.000  1.25660e+00
  6146.000  1.26070e+00
  6147.000  1.26150e+00
  6148.000  1.26110e+00
  6149.000  1.26040e+00
  6150.000  1.25870e+00
  6151.000  1.25620e+00
  6152.000  1.25180e+00
  6153.000  1.24610e+00
  6154.000  1.24180e+00
  6155.000  1.23400e+00
  6156.000  1.22460e+00
  6157.000  1.21420e+00
  6158.000  1.20320e+00
  6159.000  1.19250e+00
  6160.000  1.18200e+00
  6161.000  1.17050e+00
  6162.000  1.15920e+00
  6163.000  1.14980e+00
  6164.000  1.14310e+00
  6165.000  1.14080e+00
  6166.000  1.14030e+00
  6167.000  1.14230e+00
  6168.000  1.14620e+00
  6169.000  1.15140e+00
  6170.000  1.15550e+00
  6171.000  1.16230e+00
  6172.000  1.16920e+00
  6173.000  1.17550e+00
  6174.000  1.18260e+00
  6175.000  1.18850e+00
  6176.000  1.19430e+00
  6177.000  1.20030e+00
  6178.000  1.20560e+00
  6179.000  1.20910e+00
  6180.000  1.21430e+00
  6181.000  1.21800e+00
  6182.000  1.21950e+00
  6183.000  1.22020e+00
  6184.000  1.21980e+00
  6185.000  1.21640e+00
  6186.000  1.21240e+00
  6187.000  1.20680e+00
  6188.000  1.20090e+00
  6189.000  1.19580e+00
  6190.000  1.19120e+00
  6191.000  1.18670e+00
  6192.000  1.18340e+00
  6193.000  1.18220e+00
  6194.000  1.18380e+00
  6195.000  1.18630e+00
  6196.000  1.19070e+00
  6197.000  1.19510e+00
  6198.000  1.19870e+00
  6199.000  1.20360e+00
  6200.000  1.20730e+00
  6201.000  1.21060e+00
  6202.000  1.21390e+00
  6203.000  1.21610e+00
  6204.000  1.21900e+00
  6205.000  1.22060e+00
  6206.000  1.22200e+00
  6207.000  1.22250e+00
  6208.000  1.22240e+00
  6209.000  1.21970e+00
  6210.000  1.21550e+00
  6211.000  1.20890e+00
  6212.000  1.20250e+00
  6213.000  1.19350e+00
  6214.000  1.18540e+00
  6215.000  1.17720e+00
  6216.000  1.17060e+00
  6217.000  1.16580e+00
  6218.000  1.16160e+00
  6219.000  1.15950e+00
  6220.000  1.15840e+00
  6221.000  1.15830e+00
  6222.000  1.16100e+00
  6223.000  1.16090e+00
  6224.000  1.16050e+00
  6225.000  1.16090e+00
  6226.000  1.16090e+00
  6227.000  1.16200e+00
  6228.000  1.16090e+00
  6229.000  1.15930e+00
  6230.000  1.15680e+00
  6231.000  1.15640e+00
  6232.000  1.15610e+00
  6233.000  1.15530e+00
  6234.000  1.15650e+00
  6235.000  1.15820e+00
  6236.000  1.15880e+00
  6237.000  1.16120e+00
  6238.000  1.16190e+00
  6239.000  1.16060e+00
  6240.000  1.15760e+00
  6241.000  1.15530e+00
  6242.000  1.15220e+00
  6243.000  1.14940e+00
  6244.000  1.14740e+00
  6245.000  1.14660e+00
  6246.000  1.14670e+00
  6247.000  1.14810e+00
  6248.000  1.14900e+00
  6249.000  1.15060e+00
  6250.000  1.15180e+00
  6251.000  1.15100e+00
  6252.000  1.14890e+00
  6253.000  1.14620e+00
  6254.000  1.14230e+00
  6255.000  1.13890e+00
  6256.000  1.13540e+00
  6257.000  1.13270e+00
  6258.000  1.13190e+00
  6259.000  1.13280e+00
  6260.000  1.13570e+00
  6261.000  1.14100e+00
  6262.000  1.14810e+00
  6263.000  1.15540e+00
  6264.000  1.16330e+00
  6265.000  1.17130e+00
  6266.000  1.17620e+00
  6267.000  1.18140e+00
  6268.000  1.18580e+00
  6269.000  1.18890e+00
  6270.000  1.19240e+00
  6271.000  1.19400e+00
  6272.000  1.19700e+00
  6273.000  1.19960e+00
  6274.000  1.20230e+00
  6275.000  1.20450e+00
  6276.000  1.20500e+00
  6277.000  1.20530e+00
  6278.000  1.20580e+00
  6279.000  1.20510e+00
  6280.000  1.20490e+00
  6281.000  1.20380e+00
  6282.000  1.20320e+00
  6283.000  1.20330e+00
  6284.000  1.20480e+00
  6285.000  1.20690e+00
  6286.000  1.20910e+00
  6287.000  1.21270e+00
  6288.000  1.21620e+00
  6289.000  1.22080e+00
  6290.000  1.22440e+00
  6291.000  1.22530e+00
  6292.000  1.22520e+00
  6293.000  1.22500e+00
  6294.000  1.22340e+00
  6295.000  1.22120e+00
  6296.000  1.22070e+00
  6297.000  1.21990e+00
  6298.000  1.21850e+00
  6299.000  1.21750e+00
  6300.000  1.21800e+00
  6301.000  1.21960e+00
  6302.000  1.21890e+00
  6303.000  1.21880e+00
  6304.000  1.21990e+00
  6305.000  1.22010e+00
  6306.000  1.22090e+00
  6307.000  1.22100e+00
  6308.000  1.22100e+00
  6309.000  1.22150e+00
  6310.000  1.22090e+00
  6311.000  1.21960e+00
  6312.000  1.21690e+00
  6313.000  1.21300e+00
  6314.000  1.20870e+00
  6315.000  1.20460e+00
  6316.000  1.20110e+00
  6317.000  1.19880e+00
  6318.000  1.19660e+00
  6319.000  1.19490e+00
  6320.000  1.19580e+00
  6321.000  1.19830e+00
  6322.000  1.20200e+00
  6323.000  1.20680e+00
  6324.000  1.21330e+00
  6325.000  1.21900e+00
  6326.000  1.22440e+00
  6327.000  1.23070e+00
  6328.000  1.23570e+00
  6329.000  1.23940e+00
  6330.000  1.24080e+00
  6331.000  1.24160e+00
  6332.000  1.24100e+00
  6333.000  1.23880e+00
  6334.000  1.23720e+00
  6335.000  1.23550e+00
  6336.000  1.23250e+00
  6337.000  1.22920e+00
  6338.000  1.22750e+00
  6339.000  1.22490e+00
  6340.000  1.22320e+00
  6341.000  1.22260e+00
  6342.000  1.22300e+00
  6343.000  1.22360e+00
  6344.000  1.22420e+00
  6345.000  1.22510e+00
  6346.000  1.22690e+00
  6347.000  1.22860e+00
  6348.000  1.23100e+00
  6349.000  1.23330e+00
  6350.000  1.23570e+00
  6351.000  1.23710e+00
  6352.000  1.23720e+00
  6353.000  1.23510e+00
  6354.000  1.23190e+00
  6355.000  1.22800e+00
  6356.000  1.22150e+00
  6357.000  1.21540e+00
  6358.000  1.20870e+00
  6359.000  1.20260e+00
  6360.000  1.19670e+00
  6361.000  1.19360e+00
  6362.000  1.19140e+00
  6363.000  1.19040e+00
  6364.000  1.19270e+00
  6365.000  1.19700e+00
  6366.000  1.20420e+00
  6367.000  1.21180e+00
  6368.000  1.21990e+00
  6369.000  1.22730e+00
  6370.000  1.23550e+00
  6371.000  1.24430e+00
  6372.000  1.25180e+00
  6373.000  1.25680e+00
  6374.000  1.26150e+00
  6375.000  1.26400e+00
  6376.000  1.26550e+00
  6377.000  1.26480e+00
  6378.000  1.26410e+00
  6379.000  1.26330e+00
  6380.000  1.26270e+00
  6381.000  1.26200e+00
  6382.000  1.26180e+00
  6383.000  1.26240e+00
  6384.000  1.26330e+00
  6385.000  1.26440e+00
  6386.000  1.26440e+00
  6387.000  1.26390e+00
  6388.000  1.26370e+00
  6389.000  1.26370e+00
  6390.000  1.26360e+00
  6391.000  1.26180e+00
  6392.000  1.25930e+00
  6393.000  1.25630e+00
  6394.000  1.25340e+00
  6395.000  1.25040e+00
  6396.000  1.24850e+00
  6397.000  1.24710e+00
  6398.000  1.24610e+00
  6399.000  1.24670e+00
  6400.000  1.24760e+00
  6401.000  1.24810e+00
  6402.000  1.24930e+00
  6403.000  1.25100e+00
  6404.000  1.25250e+00
  6405.000  1.25380e+00
  6406.000  1.25520e+00
  6407.000  1.25640e+00
  6408.000  1.25560e+00
  6409.000  1.25360e+00
  6410.000  1.25220e+00
  6411.000  1.25050e+00
  6412.000  1.24850e+00
  6413.000  1.24680e+00
  6414.000  1.24620e+00
  6415.000  1.24560e+00
  6416.000  1.24550e+00
  6417.000  1.24600e+00
  6418.000  1.24640e+00
  6419.000  1.24720e+00
  6420.000  1.24680e+00
  6421.000  1.24660e+00
  6422.000  1.24720e+00
  6423.000  1.25010e+00
  6424.000  1.25250e+00
  6425.000  1.25360e+00
  6426.000  1.25690e+00
  6427.000  1.25900e+00
  6428.000  1.26080e+00
  6429.000  1.26220e+00
  6430.000  1.26200e+00
  6431.000  1.26080e+00
  6432.000  1.25910e+00
  6433.000  1.25870e+00
  6434.000  1.25850e+00
  6435.000  1.25880e+00
  6436.000  1.25860e+00
  6437.000  1.25920e+00
  6438.000  1.26060e+00
  6439.000  1.26260e+00
  6440.000  1.26420e+00
  6441.000  1.26810e+00
  6442.000  1.27050e+00
  6443.000  1.27230e+00
  6444.000  1.27360e+00
  6445.000  1.27290e+00
  6446.000  1.27190e+00
  6447.000  1.26940e+00
  6448.000  1.26450e+00
  6449.000  1.25910e+00
  6450.000  1.25470e+00
  6451.000  1.25010e+00
  6452.000  1.24700e+00
  6453.000  1.24520e+00
  6454.000  1.24720e+00
  6455.000  1.25010e+00
  6456.000  1.25350e+00
  6457.000  1.25630e+00
  6458.000  1.25950e+00
  6459.000  1.26350e+00
  6460.000  1.26740e+00
  6461.000  1.26920e+00
  6462.000  1.27040e+00
  6463.000  1.27010e+00
  6464.000  1.27040e+00
  6465.000  1.27220e+00
  6466.000  1.27390e+00
  6467.000  1.27530e+00
  6468.000  1.27790e+00
  6469.000  1.27950e+00
  6470.000  1.28190e+00
  6471.000  1.28420e+00
  6472.000  1.28600e+00
  6473.000  1.28680e+00
  6474.000  1.28750e+00
  6475.000  1.28970e+00
  6476.000  1.28930e+00
  6477.000  1.28760e+00
  6478.000  1.28700e+00
  6479.000  1.28600e+00
  6480.000  1.28390e+00
  6481.000  1.28140e+00
  6482.000  1.27810e+00
  6483.000  1.27500e+00
  6484.000  1.27300e+00
  6485.000  1.26990e+00
  6486.000  1.26640e+00
  6487.000  1.26390e+00
  6488.000  1.26060e+00
  6489.000  1.25570e+00
  6490.000  1.24860e+00
  6491.000  1.24000e+00
  6492.000  1.23160e+00
  6493.000  1.22180e+00
  6494.000  1.21110e+00
  6495.000  1.20250e+00
  6496.000  1.19550e+00
  6497.000  1.19110e+00
  6498.000  1.18920e+00
  6499.000  1.19170e+00
  6500.000  1.19670e+00
  6501.000  1.20330e+00
  6502.000  1.21240e+00
  6503.000  1.22140e+00
  6504.000  1.23030e+00
  6505.000  1.24070e+00
  6506.000  1.24840e+00
  6507.000  1.25460e+00
  6508.000  1.26150e+00
  6509.000  1.26830e+00
  6510.000  1.27230e+00
  6511.000  1.27430e+00
  6512.000  1.27560e+00
  6513.000  1.27740e+00
  6514.000  1.28000e+00
  6515.000  1.28000e+00
  6516.000  1.27920e+00
  6517.000  1.27780e+00
  6518.000  1.27880e+00
  6519.000  1.27980e+00
  6520.000  1.28100e+00
  6521.000  1.27940e+00
  6522.000  1.27950e+00
  6523.000  1.28270e+00
  6524.000  1.28420e+00
  6525.000  1.28600e+00
  6526.000  1.28680e+00
  6527.000  1.28720e+00
  6528.000  1.28680e+00
  6529.000  1.28660e+00
  6530.000  1.28670e+00
  6531.000  1.28770e+00
  6532.000  1.29050e+00
  6533.000  1.29030e+00
  6534.000  1.29130e+00
  6535.000  1.29310e+00
  6536.000  1.29400e+00
  6537.000  1.29530e+00
  6538.000  1.29830e+00
  6539.000  1.30050e+00
  6540.000  1.30160e+00
  6541.000  1.30430e+00
  6542.000  1.30680e+00
  6543.000  1.30940e+00
  6544.000  1.31260e+00
  6545.000  1.31570e+00
  6546.000  1.31880e+00
  6547.000  1.32280e+00
  6548.000  1.32610e+00
  6549.000  1.32810e+00
  6550.000  1.32570e+00
  6551.000  1.31770e+00
  6552.000  1.30810e+00
  6553.000  1.29710e+00
  6554.000  1.28330e+00
  6555.000  1.27190e+00
  6556.000  1.26230e+00
  6557.000  1.25580e+00
  6558.000  1.25330e+00
  6559.000  1.25470e+00
  6560.000  1.25830e+00
  6561.000  1.26660e+00
  6562.000  1.27790e+00
  6563.000  1.29100e+00
  6564.000  1.30010e+00
  6565.000  1.30270e+00
  6566.000  1.29630e+00
  6567.000  1.28190e+00
  6568.000  1.26960e+00
  6569.000  1.26060e+00
  6570.000  1.25330e+00
  6571.000  1.24700e+00
  6572.000  1.24190e+00
  6573.000  1.24100e+00
  6574.000  1.24380e+00
  6575.000  1.24860e+00
  6576.000  1.25730e+00
  6577.000  1.27350e+00
  6578.000  1.29360e+00
  6579.000  1.31650e+00
  6580.000  1.34170e+00
  6581.000  1.36740e+00
  6582.000  1.39430e+00
  6583.000  1.41950e+00
  6584.000  1.43920e+00
  6585.000  1.45080e+00
  6586.000  1.44950e+00
  6587.000  1.43940e+00
  6588.000  1.41910e+00
  6589.000  1.39350e+00
  6590.000  1.36900e+00
  6591.000  1.34430e+00
  6592.000  1.32080e+00
  6593.000  1.30010e+00
  6594.000  1.28230e+00
  6595.000  1.26900e+00
  6596.000  1.26210e+00
  6597.000  1.25860e+00
  6598.000  1.25930e+00
  6599.000  1.26010e+00
  6600.000  1.26100e+00
  6601.000  1.26310e+00
  6602.000  1.26490e+00
  6603.000  1.26660e+00
  6604.000  1.26750e+00
  6605.000  1.26660e+00
  6606.000  1.26610e+00
  6607.000  1.26540e+00
  6608.000  1.26520e+00
  6609.000  1.26450e+00
  6610.000  1.26530e+00
  6611.000  1.26540e+00
  6612.000  1.26760e+00
  6613.000  1.27010e+00
  6614.000  1.27240e+00
  6615.000  1.27490e+00
  6616.000  1.27690e+00
  6617.000  1.28040e+00
  6618.000  1.28300e+00
  6619.000  1.28460e+00
  6620.000  1.28430e+00
  6621.000  1.28350e+00
  6622.000  1.28300e+00
  6623.000  1.28060e+00
  6624.000  1.27750e+00
  6625.000  1.27380e+00
  6626.000  1.27010e+00
  6627.000  1.26770e+00
  6628.000  1.26540e+00
  6629.000  1.26140e+00
  6630.000  1.25580e+00
  6631.000  1.25340e+00
  6632.000  1.25160e+00
  6633.000  1.24900e+00
  6634.000  1.24700e+00
  6635.000  1.24530e+00
  6636.000  1.24590e+00
  6637.000  1.24720e+00
  6638.000  1.24900e+00
  6639.000  1.24980e+00
  6640.000  1.25070e+00
  6641.000  1.25320e+00
  6642.000  1.25400e+00
  6643.000  1.25490e+00
  6644.000  1.25510e+00
  6645.000  1.25640e+00
  6646.000  1.25710e+00
  6647.000  1.25650e+00
  6648.000  1.25670e+00
  6649.000  1.25650e+00
  6650.000  1.25740e+00
  6651.000  1.25730e+00
  6652.000  1.25590e+00
  6653.000  1.25540e+00
  6654.000  1.25550e+00
  6655.000  1.25440e+00
  6656.000  1.25350e+00
  6657.000  1.25120e+00
  6658.000  1.24910e+00
  6659.000  1.24610e+00
  6660.000  1.24490e+00
  6661.000  1.24260e+00
  6662.000  1.23960e+00
  6663.000  1.23530e+00
  6664.000  1.23430e+00
  6665.000  1.23300e+00
  6666.000  1.23200e+00
  6667.000  1.23140e+00
  6668.000  1.23380e+00
  6669.000  1.23540e+00
  6670.000  1.23780e+00
  6671.000  1.24060e+00
  6672.000  1.24340e+00
  6673.000  1.24540e+00
  6674.000  1.24570e+00
  6675.000  1.24570e+00
  6676.000  1.24430e+00
  6677.000  1.24330e+00
  6678.000  1.24250e+00
  6679.000  1.24010e+00
  6680.000  1.23860e+00
  6681.000  1.23820e+00
  6682.000  1.23830e+00
  6683.000  1.23850e+00
  6684.000  1.23910e+00
  6685.000  1.24060e+00
  6686.000  1.24210e+00
  6687.000  1.24310e+00
  6688.000  1.24470e+00
  6689.000  1.24650e+00
  6690.000  1.24710e+00
  6691.000  1.24650e+00
  6692.000  1.24540e+00
  6693.000  1.24450e+00
  6694.000  1.24210e+00
  6695.000  1.23950e+00
  6696.000  1.23740e+00
  6697.000  1.23540e+00
  6698.000  1.23380e+00
  6699.000  1.23230e+00
  6700.000  1.23230e+00
  6701.000  1.23310e+00
  6702.000  1.23410e+00
  6703.000  1.23520e+00
  6704.000  1.23600e+00
  6705.000  1.23820e+00
  6706.000  1.23940e+00
  6707.000  1.24040e+00
  6708.000  1.24170e+00
  6709.000  1.24300e+00
  6710.000  1.24640e+00
  6711.000  1.25040e+00
  6712.000  1.25360e+00
  6713.000  1.25960e+00
  6714.000  1.26550e+00
  6715.000  1.27140e+00
  6716.000  1.27480e+00
  6717.000  1.28000e+00
  6718.000  1.28290e+00
  6719.000  1.28060e+00
  6720.000  1.27560e+00
  6721.000  1.26990e+00
  6722.000  1.26460e+00
  6723.000  1.26000e+00
  6724.000  1.25580e+00
  6725.000  1.25520e+00
  6726.000  1.25690e+00
  6727.000  1.25990e+00
  6728.000  1.26590e+00
  6729.000  1.27120e+00
  6730.000  1.27780e+00
  6731.000  1.28370e+00
  6732.000  1.28820e+00
  6733.000  1.29010e+00
  6734.000  1.28780e+00
  6735.000  1.28170e+00
  6736.000  1.27430e+00
  6737.000  1.26580e+00
  6738.000  1.25670e+00
  6739.000  1.24970e+00
  6740.000  1.24300e+00
  6741.000  1.23640e+00
  6742.000  1.23070e+00
  6743.000  1.22630e+00
  6744.000  1.22200e+00
  6745.000  1.22040e+00
  6746.000  1.21940e+00
  6747.000  1.21660e+00
  6748.000  1.21560e+00
  6749.000  1.21560e+00
  6750.000  1.21470e+00
  6751.000  1.21500e+00
  6752.000  1.21590e+00
  6753.000  1.21660e+00
  6754.000  1.21790e+00
  6755.000  1.22070e+00
  6756.000  1.22380e+00
  6757.000  1.22800e+00
  6758.000  1.23220e+00
  6759.000  1.23610e+00
  6760.000  1.24030e+00
  6761.000  1.23980e+00
  6762.000  1.23920e+00
  6763.000  1.23950e+00
  6764.000  1.23920e+00
  6765.000  1.23960e+00
  6766.000  1.23830e+00
  6767.000  1.23680e+00
  6768.000  1.23600e+00
  6769.000  1.23420e+00
  6770.000  1.23400e+00
  6771.000  1.23460e+00
  6772.000  1.23610e+00
  6773.000  1.23770e+00
  6774.000  1.24060e+00
  6775.000  1.24380e+00
  6776.000  1.24700e+00
  6777.000  1.24880e+00
  6778.000  1.25010e+00
  6779.000  1.25020e+00
  6780.000  1.24840e+00
  6781.000  1.24630e+00
  6782.000  1.24240e+00
  6783.000  1.24000e+00
  6784.000  1.23730e+00
  6785.000  1.23360e+00
  6786.000  1.23050e+00
  6787.000  1.22800e+00
  6788.000  1.22580e+00
  6789.000  1.22570e+00
  6790.000  1.22700e+00
  6791.000  1.22870e+00
  6792.000  1.22900e+00
  6793.000  1.22930e+00
  6794.000  1.23080e+00
  6795.000  1.23180e+00
  6796.000  1.23220e+00
  6797.000  1.23230e+00
  6798.000  1.23340e+00
  6799.000  1.23410e+00
  6800.000  1.23520e+00
  6801.000  1.23650e+00
  6802.000  1.23810e+00
  6803.000  1.23980e+00
  6804.000  1.24060e+00
  6805.000  1.24300e+00
  6806.000  1.24400e+00
  6807.000  1.24460e+00
  6808.000  1.24490e+00
  6809.000  1.24540e+00
  6810.000  1.24610e+00
  6811.000  1.24450e+00
  6812.000  1.24380e+00
  6813.000  1.24470e+00
  6814.000  1.24330e+00
  6815.000  1.24400e+00
  6816.000  1.24550e+00
  6817.000  1.24540e+00
  6818.000  1.24670e+00
  6819.000  1.24820e+00
  6820.000  1.24990e+00
  6821.000  1.25130e+00
  6822.000  1.25280e+00
  6823.000  1.25410e+00
  6824.000  1.25360e+00
  6825.000  1.25390e+00
  6826.000  1.25490e+00
  6827.000  1.25470e+00
  6828.000  1.25470e+00
  6829.000  1.25390e+00
  6830.000  1.25440e+00
  6831.000  1.25420e+00
  6832.000  1.25380e+00
  6833.000  1.25300e+00
  6834.000  1.25170e+00
  6835.000  1.24860e+00
  6836.000  1.24610e+00
  6837.000  1.24330e+00
  6838.000  1.24170e+00
  6839.000  1.24010e+00
  6840.000  1.23760e+00
  6841.000  1.23540e+00
  6842.000  1.23280e+00
  6843.000  1.23090e+00
  6844.000  1.23190e+00
  6845.000  1.23250e+00
  6846.000  1.23300e+00
  6847.000  1.23520e+00
  6848.000  1.23800e+00
  6849.000  1.24040e+00
  6850.000  1.24070e+00
  6851.000  1.24140e+00
  6852.000  1.24140e+00
  6853.000  1.24100e+00
  6854.000  1.23950e+00
  6855.000  1.23820e+00
  6856.000  1.23550e+00
  6857.000  1.23360e+00
  6858.000  1.23200e+00
  6859.000  1.23110e+00
  6860.000  1.23110e+00
  6861.000  1.23170e+00
  6862.000  1.23340e+00
  6863.000  1.23470e+00
  6864.000  1.23800e+00
  6865.000  1.24140e+00
  6866.000  1.24620e+00
  6867.000  1.24900e+00
  6868.000  1.25040e+00
  6869.000  1.25410e+00
  6870.000  1.25570e+00
  6871.000  1.25720e+00
  6872.000  1.25860e+00
  6873.000  1.25970e+00
  6874.000  1.25890e+00
  6875.000  1.25880e+00
  6876.000  1.25900e+00
  6877.000  1.25990e+00
  6878.000  1.25950e+00
  6879.000  1.25780e+00
  6880.000  1.25670e+00
  6881.000  1.25630e+00
  6882.000  1.25750e+00
  6883.000  1.25770e+00
  6884.000  1.25880e+00
  6885.000  1.26080e+00
  6886.000  1.26200e+00
  6887.000  1.26380e+00
  6888.000  1.26700e+00
  6889.000  1.27000e+00
  6890.000  1.27280e+00
  6891.000  1.27520e+00
  6892.000  1.27850e+00
  6893.000  1.28150e+00
  6894.000  1.28170e+00
  6895.000  1.28240e+00
  6896.000  1.28320e+00
  6897.000  1.28360e+00
  6898.000  1.28230e+00
  6899.000  1.28160e+00
  6900.000  1.28310e+00
  6901.000  1.28390e+00
  6902.000  1.28450e+00
  6903.000  1.28540e+00
  6904.000  1.28640e+00
  6905.000  1.28610e+00
  6906.000  1.28610e+00
  6907.000  1.28570e+00
  6908.000  1.28490e+00
  6909.000  1.28470e+00
  6910.000  1.28480e+00
  6911.000  1.28220e+00
  6912.000  1.28220e+00
  6913.000  1.27950e+00
  6914.000  1.27750e+00
  6915.000  1.27450e+00
  6916.000  1.27290e+00
  6917.000  1.27320e+00
  6918.000  1.27220e+00
  6919.000  1.27040e+00
  6920.000  1.27040e+00
  6921.000  1.26980e+00
  6922.000  1.27010e+00
  6923.000  1.26930e+00
  6924.000  1.26830e+00
  6925.000  1.26810e+00
  6926.000  1.26710e+00
  6927.000  1.26600e+00
  6928.000  1.26560e+00
  6929.000  1.26590e+00
  6930.000  1.26780e+00
  6931.000  1.26790e+00
  6932.000  1.26760e+00
  6933.000  1.26870e+00
  6934.000  1.27110e+00
  6935.000  1.27160e+00
  6936.000  1.27260e+00
  6937.000  1.27470e+00
  6938.000  1.27550e+00
  6939.000  1.27430e+00
  6940.000  1.27640e+00
  6941.000  1.27710e+00
  6942.000  1.27720e+00
  6943.000  1.27580e+00
  6944.000  1.27440e+00
  6945.000  1.27310e+00
  6946.000  1.27210e+00
  6947.000  1.27140e+00
  6948.000  1.27210e+00
  6949.000  1.27120e+00
  6950.000  1.27150e+00
  6951.000  1.27170e+00
  6952.000  1.27220e+00
  6953.000  1.27200e+00
  6954.000  1.27150e+00
  6955.000  1.27270e+00
  6956.000  1.27360e+00
  6957.000  1.27530e+00
  6958.000  1.27660e+00
  6959.000  1.27870e+00
  6960.000  1.28080e+00
  6961.000  1.28280e+00
  6962.000  1.28360e+00
  6963.000  1.28450e+00
  6964.000  1.28680e+00
  6965.000  1.28950e+00
  6966.000  1.29140e+00
  6967.000  1.29090e+00
  6968.000  1.29150e+00
  6969.000  1.29130e+00
  6970.000  1.29070e+00
  6971.000  1.28920e+00
  6972.000  1.28600e+00
  6973.000  1.28540e+00
  6974.000  1.28260e+00
  6975.000  1.27910e+00
  6976.000  1.27430e+00
  6977.000  1.27040e+00
  6978.000  1.26760e+00
  6979.000  1.26690e+00
  6980.000  1.26560e+00
  6981.000  1.26620e+00
  6982.000  1.26840e+00
  6983.000  1.27270e+00
  6984.000  1.27600e+00
  6985.000  1.27960e+00
  6986.000  1.28420e+00
  6987.000  1.28900e+00
  6988.000  1.29270e+00
  6989.000  1.29440e+00
  6990.000  1.29550e+00
  6991.000  1.29660e+00
  6992.000  1.29850e+00
  6993.000  1.29800e+00
  6994.000  1.29690e+00
  6995.000  1.29700e+00
  6996.000  1.29590e+00
  6997.000  1.29350e+00
  6998.000  1.29140e+00
  6999.000  1.28960e+00
  7000.000  1.28640e+00
  7001.000  1.28500e+00
  7002.000  1.28490e+00
  7003.000  1.28340e+00
  7004.000  1.28000e+00
  7005.000  1.27880e+00
  7006.000  1.27820e+00
  7007.000  1.27900e+00
  7008.000  1.27820e+00
  7009.000  1.27830e+00
  7010.000  1.27920e+00
  7011.000  1.28010e+00
  7012.000  1.27900e+00
  7013.000  1.27820e+00
  7014.000  1.27790e+00
  7015.000  1.27630e+00
  7016.000  1.27450e+00
  7017.000  1.27440e+00
  7018.000  1.27510e+00
  7019.000  1.27300e+00
  7020.000  1.27410e+00
  7021.000  1.27670e+00
  7022.000  1.27860e+00
  7023.000  1.27850e+00
  7024.000  1.27960e+00
  7025.000  1.28010e+00
  7026.000  1.28060e+00
  7027.000  1.28170e+00
  7028.000  1.28320e+00
  7029.000  1.28670e+00
  7030.000  1.28870e+00
  7031.000  1.29030e+00
  7032.000  1.29220e+00
  7033.000  1.29320e+00
  7034.000  1.29420e+00
  7035.000  1.29620e+00
  7036.000  1.29830e+00
  7037.000  1.29930e+00
  7038.000  1.30170e+00
  7039.000  1.30370e+00
  7040.000  1.30670e+00
  7041.000  1.31070e+00
  7042.000  1.31390e+00
  7043.000  1.31860e+00
  7044.000  1.32170e+00
  7045.000  1.32280e+00
  7046.000  1.32530e+00
  7047.000  1.32620e+00
  7048.000  1.32440e+00
  7049.000  1.32180e+00
  7050.000  1.31770e+00
  7051.000  1.31190e+00
  7052.000  1.30350e+00
  7053.000  1.29590e+00
  7054.000  1.28500e+00
  7055.000  1.27570e+00
  7056.000  1.26730e+00
  7057.000  1.25780e+00
  7058.000  1.24900e+00
  7059.000  1.24260e+00
  7060.000  1.23550e+00
  7061.000  1.22960e+00
  7062.000  1.22510e+00
  7063.000  1.22250e+00
  7064.000  1.21890e+00
  7065.000  1.21800e+00
  7066.000  1.21820e+00
  7067.000  1.21680e+00
  7068.000  1.21740e+00
  7069.000  1.21810e+00
  7070.000  1.21990e+00
  7071.000  1.22260e+00
  7072.000  1.22600e+00
  7073.000  1.22940e+00
  7074.000  1.23390e+00
  7075.000  1.23720e+00
  7076.000  1.24010e+00
  7077.000  1.24250e+00
  7078.000  1.24250e+00
  7079.000  1.24150e+00
  7080.000  1.24210e+00
  7081.000  1.23910e+00
  7082.000  1.23570e+00
  7083.000  1.23090e+00
  7084.000  1.22420e+00
  7085.000  1.21630e+00
  7086.000  1.21020e+00
  7087.000  1.20330e+00
  7088.000  1.19630e+00
  7089.000  1.19170e+00
  7090.000  1.18800e+00
  7091.000  1.18400e+00
  7092.000  1.18070e+00
  7093.000  1.17830e+00
  7094.000  1.17630e+00
  7095.000  1.17650e+00
  7096.000  1.17770e+00
  7097.000  1.18030e+00
  7098.000  1.18170e+00
  7099.000  1.18190e+00
  7100.000  1.18520e+00
  7101.000  1.18680e+00
  7102.000  1.18750e+00
  7103.000  1.18880e+00
  7104.000  1.18770e+00
  7105.000  1.18750e+00
  7106.000  1.18820e+00
  7107.000  1.18820e+00
  7108.000  1.18620e+00
  7109.000  1.18500e+00
  7110.000  1.18530e+00
  7111.000  1.18370e+00
  7112.000  1.18150e+00
  7113.000  1.18100e+00
  7114.000  1.18160e+00
  7115.000  1.18340e+00
  7116.000  1.18380e+00
  7117.000  1.18240e+00
  7118.000  1.18210e+00
  7119.000  1.18130e+00
  7120.000  1.18090e+00
  7121.000  1.18050e+00
  7122.000  1.18010e+00
  7123.000  1.17700e+00
  7124.000  1.17330e+00
  7125.000  1.16880e+00
  7126.000  1.16520e+00
  7127.000  1.16330e+00
  7128.000  1.15810e+00
  7129.000  1.15310e+00
  7130.000  1.15130e+00
  7131.000  1.15020e+00
  7132.000  1.14880e+00
  7133.000  1.14790e+00
  7134.000  1.14790e+00
  7135.000  1.14970e+00
  7136.000  1.15240e+00
  7137.000  1.15400e+00
  7138.000  1.15450e+00
  7139.000  1.15550e+00
  7140.000  1.15670e+00
  7141.000  1.15550e+00
  7142.000  1.15730e+00
  7143.000  1.15770e+00
  7144.000  1.15750e+00
  7145.000  1.15720e+00
  7146.000  1.15650e+00
  7147.000  1.15590e+00
  7148.000  1.15510e+00
  7149.000  1.15470e+00
  7150.000  1.15500e+00
  7151.000  1.15520e+00
  7152.000  1.15800e+00
  7153.000  1.16130e+00
  7154.000  1.16270e+00
  7155.000  1.16350e+00
  7156.000  1.16480e+00
  7157.000  1.16650e+00
  7158.000  1.16840e+00
  7159.000  1.16910e+00
  7160.000  1.16950e+00
  7161.000  1.16960e+00
  7162.000  1.16880e+00
  7163.000  1.16950e+00
  7164.000  1.16840e+00
  7165.000  1.16810e+00
  7166.000  1.16880e+00
  7167.000  1.16780e+00
  7168.000  1.17120e+00
  7169.000  1.17380e+00
  7170.000  1.17740e+00
  7171.000  1.18020e+00
  7172.000  1.18280e+00
  7173.000  1.18510e+00
  7174.000  1.18800e+00
  7175.000  1.18870e+00
  7176.000  1.18950e+00
  7177.000  1.18910e+00
  7178.000  1.18820e+00
  7179.000  1.18670e+00
  7180.000  1.18380e+00
  7181.000  1.18240e+00
  7182.000  1.18100e+00
  7183.000  1.17860e+00
  7184.000  1.17620e+00
  7185.000  1.17360e+00
  7186.000  1.17280e+00
  7187.000  1.17060e+00
  7188.000  1.16840e+00
  7189.000  1.16780e+00
  7190.000  1.16540e+00
  7191.000  1.16380e+00
  7192.000  1.16380e+00
  7193.000  1.16480e+00
  7194.000  1.16670e+00
  7195.000  1.16730e+00
  7196.000  1.16900e+00
  7197.000  1.17050e+00
  7198.000  1.17100e+00
  7199.000  1.17150e+00
  7200.000  1.17250e+00
  7201.000  1.17330e+00
  7202.000  1.17370e+00
  7203.000  1.17490e+00
  7204.000  1.17460e+00
  7205.000  1.17230e+00
  7206.000  1.17160e+00
  7207.000  1.17220e+00
  7208.000  1.17210e+00
  7209.000  1.17190e+00
  7210.000  1.17330e+00
  7211.000  1.17550e+00
  7212.000  1.17800e+00
  7213.000  1.17950e+00
  7214.000  1.18060e+00
  7215.000  1.18530e+00
  7216.000  1.18780e+00
  7217.000  1.19010e+00
  7218.000  1.19330e+00
  7219.000  1.19480e+00
  7220.000  1.19650e+00
  7221.000  1.19890e+00
  7222.000  1.20120e+00
  7223.000  1.20260e+00
  7224.000  1.20440e+00
  7225.000  1.20550e+00
  7226.000  1.20630e+00
  7227.000  1.20960e+00
  7228.000  1.21430e+00
  7229.000  1.21890e+00
  7230.000  1.22180e+00
  7231.000  1.22190e+00
  7232.000  1.22350e+00
  7233.000  1.22560e+00
  7234.000  1.22750e+00
  7235.000  1.23030e+00
  7236.000  1.23060e+00
  7237.000  1.23250e+00
  7238.000  1.23340e+00
  7239.000  1.23160e+00
  7240.000  1.23170e+00
  7241.000  1.23190e+00
  7242.000  1.23200e+00
  7243.000  1.23250e+00
  7244.000  1.23190e+00
  7245.000  1.23200e+00
  7246.000  1.23340e+00
  7247.000  1.23330e+00
  7248.000  1.23500e+00
  7249.000  1.23550e+00
  7250.000  1.23550e+00
  7251.000  1.23640e+00
  7252.000  1.23540e+00
  7253.000  1.23460e+00
  7254.000  1.23540e+00
  7255.000  1.23680e+00
  7256.000  1.23740e+00
  7257.000  1.23730e+00
  7258.000  1.23710e+00
  7259.000  1.23880e+00
  7260.000  1.23910e+00
  7261.000  1.23830e+00
  7262.000  1.23780e+00
  7263.000  1.23710e+00
  7264.000  1.23800e+00
  7265.000  1.24040e+00
  7266.000  1.24170e+00
  7267.000  1.24110e+00
  7268.000  1.24280e+00
  7269.000  1.24490e+00
  7270.000  1.24700e+00
  7271.000  1.24790e+00
  7272.000  1.24810e+00
  7273.000  1.24670e+00
  7274.000  1.24650e+00
  7275.000  1.24600e+00
  7276.000  1.24460e+00
  7277.000  1.24250e+00
  7278.000  1.24010e+00
  7279.000  1.23970e+00
  7280.000  1.23930e+00
  7281.000  1.23670e+00
  7282.000  1.23340e+00
  7283.000  1.23010e+00
  7284.000  1.22780e+00
  7285.000  1.22510e+00
  7286.000  1.22440e+00
  7287.000  1.22260e+00
  7288.000  1.22150e+00
  7289.000  1.22130e+00
  7290.000  1.22290e+00
  7291.000  1.22360e+00
  7292.000  1.22310e+00
  7293.000  1.22470e+00
  7294.000  1.22900e+00
  7295.000  1.23280e+00
  7296.000  1.23720e+00
  7297.000  1.24200e+00
  7298.000  1.24600e+00
  7299.000  1.24900e+00
  7300.000  1.25320e+00
  7301.000  1.25670e+00
  7302.000  1.25880e+00
  7303.000  1.26030e+00
  7304.000  1.26260e+00
  7305.000  1.26320e+00
  7306.000  1.26290e+00
  7307.000  1.26500e+00
  7308.000  1.26580e+00
  7309.000  1.26420e+00
  7310.000  1.26530e+00
  7311.000  1.26610e+00
  7312.000  1.26700e+00
  7313.000  1.26790e+00
  7314.000  1.27040e+00
  7315.000  1.27210e+00
  7316.000  1.27310e+00
  7317.000  1.27280e+00
  7318.000  1.27530e+00
  7319.000  1.27620e+00
  7320.000  1.27550e+00
  7321.000  1.27550e+00
  7322.000  1.27580e+00
  7323.000  1.27560e+00
  7324.000  1.27440e+00
  7325.000  1.27510e+00
  7326.000  1.27410e+00
  7327.000  1.27320e+00
  7328.000  1.27450e+00
  7329.000  1.27590e+00
  7330.000  1.27730e+00
  7331.000  1.27920e+00
  7332.000  1.28150e+00
  7333.000  1.28510e+00
  7334.000  1.28830e+00
  7335.000  1.28980e+00
  7336.000  1.29200e+00
  7337.000  1.29480e+00
  7338.000  1.29770e+00
  7339.000  1.30100e+00
  7340.000  1.30280e+00
  7341.000  1.30350e+00
  7342.000  1.30530e+00
  7343.000  1.30510e+00
  7344.000  1.30510e+00
  7345.000  1.30370e+00
  7346.000  1.30270e+00
  7347.000  1.30000e+00
  7348.000  1.29760e+00
  7349.000  1.29510e+00
  7350.000  1.29140e+00
  7351.000  1.29060e+00
  7352.000  1.28890e+00
  7353.000  1.28530e+00
  7354.000  1.28220e+00
  7355.000  1.27980e+00
  7356.000  1.27700e+00
  7357.000  1.27500e+00
  7358.000  1.27390e+00
  7359.000  1.27330e+00
  7360.000  1.27410e+00
  7361.000  1.27580e+00
  7362.000  1.27720e+00
  7363.000  1.27770e+00
  7364.000  1.28080e+00
  7365.000  1.28490e+00
  7366.000  1.28800e+00
  7367.000  1.29150e+00
  7368.000  1.29560e+00
  7369.000  1.30140e+00
  7370.000  1.30600e+00
  7371.000  1.31020e+00
  7372.000  1.31370e+00
  7373.000  1.31910e+00
  7374.000  1.32240e+00
  7375.000  1.32500e+00
  7376.000  1.32890e+00
  7377.000  1.33010e+00
  7378.000  1.32830e+00
  7379.000  1.32860e+00
  7380.000  1.32890e+00
  7381.000  1.32660e+00
  7382.000  1.32550e+00
  7383.000  1.32210e+00
  7384.000  1.31720e+00
  7385.000  1.31310e+00
  7386.000  1.30800e+00
  7387.000  1.30340e+00
  7388.000  1.30090e+00
  7389.000  1.30050e+00
  7390.000  1.29930e+00
  7391.000  1.29840e+00
  7392.000  1.30010e+00
  7393.000  1.30130e+00
  7394.000  1.30340e+00
  7395.000  1.30630e+00
  7396.000  1.30830e+00
  7397.000  1.31320e+00
  7398.000  1.31730e+00
  7399.000  1.31780e+00
  7400.000  1.32030e+00
  7401.000  1.32340e+00
  7402.000  1.32400e+00
  7403.000  1.32330e+00
  7404.000  1.32480e+00
  7405.000  1.32570e+00
  7406.000  1.32630e+00
  7407.000  1.32580e+00
  7408.000  1.32330e+00
  7409.000  1.31970e+00
  7410.000  1.31780e+00
  7411.000  1.31680e+00
  7412.000  1.31520e+00
  7413.000  1.31170e+00
  7414.000  1.30900e+00
  7415.000  1.30540e+00
  7416.000  1.30340e+00
  7417.000  1.30270e+00
  7418.000  1.30080e+00
  7419.000  1.30080e+00
  7420.000  1.29900e+00
  7421.000  1.30080e+00
  7422.000  1.30480e+00
  7423.000  1.30680e+00
  7424.000  1.30950e+00
  7425.000  1.31310e+00
  7426.000  1.31680e+00
  7427.000  1.31940e+00
  7428.000  1.32420e+00
  7429.000  1.32830e+00
  7430.000  1.32960e+00
  7431.000  1.33180e+00
  7432.000  1.33540e+00
  7433.000  1.33790e+00
  7434.000  1.33800e+00
  7435.000  1.33800e+00
  7436.000  1.33850e+00
  7437.000  1.33730e+00
  7438.000  1.33670e+00
  7439.000  1.33520e+00
  7440.000  1.33320e+00
  7441.000  1.33230e+00
  7442.000  1.33040e+00
  7443.000  1.32900e+00
  7444.000  1.32950e+00
  7445.000  1.32910e+00
  7446.000  1.32930e+00
  7447.000  1.32970e+00
  7448.000  1.33090e+00
  7449.000  1.33170e+00
  7450.000  1.33460e+00
  7451.000  1.33720e+00
  7452.000  1.33840e+00
  7453.000  1.34320e+00
  7454.000  1.34500e+00
  7455.000  1.34350e+00
  7456.000  1.34350e+00
  7457.000  1.34290e+00
  7458.000  1.34280e+00
  7459.000  1.34330e+00
  7460.000  1.33970e+00
  7461.000  1.33800e+00
  7462.000  1.33700e+00
  7463.000  1.33600e+00
  7464.000  1.33630e+00
  7465.000  1.33720e+00
  7466.000  1.33700e+00
  7467.000  1.33860e+00
  7468.000  1.34020e+00
  7469.000  1.34040e+00
  7470.000  1.34070e+00
  7471.000  1.34010e+00
  7472.000  1.34120e+00
  7473.000  1.34050e+00
  7474.000  1.33980e+00
  7475.000  1.34110e+00
  7476.000  1.34150e+00
  7477.000  1.34070e+00
  7478.000  1.34040e+00
  7479.000  1.34190e+00
  7480.000  1.34300e+00
  7481.000  1.34290e+00
  7482.000  1.34650e+00
  7483.000  1.34740e+00
  7484.000  1.34590e+00
  7485.000  1.34730e+00
  7486.000  1.34790e+00
  7487.000  1.34550e+00
  7488.000  1.34520e+00
  7489.000  1.34560e+00
  7490.000  1.34290e+00
  7491.000  1.33920e+00
  7492.000  1.33630e+00
  7493.000  1.33460e+00
  7494.000  1.33340e+00
  7495.000  1.33130e+00
  7496.000  1.33100e+00
  7497.000  1.33220e+00
  7498.000  1.33260e+00
  7499.000  1.33420e+00
  7500.000  1.33640e+00
  7501.000  1.34000e+00
  7502.000  1.34310e+00
  7503.000  1.34490e+00
  7504.000  1.34660e+00
  7505.000  1.34890e+00
  7506.000  1.35090e+00
  7507.000  1.35060e+00
  7508.000  1.35030e+00
  7509.000  1.35100e+00
  7510.000  1.35030e+00
  7511.000  1.35060e+00
  7512.000  1.35300e+00
  7513.000  1.35470e+00
  7514.000  1.35560e+00
  7515.000  1.35750e+00
  7516.000  1.36020e+00
  7517.000  1.36140e+00
  7518.000  1.36220e+00
  7519.000  1.36530e+00
  7520.000  1.36590e+00
  7521.000  1.36510e+00
  7522.000  1.36530e+00
  7523.000  1.36510e+00
  7524.000  1.36400e+00
  7525.000  1.36270e+00
  7526.000  1.36140e+00
  7527.000  1.36020e+00
  7528.000  1.36130e+00
  7529.000  1.36290e+00
  7530.000  1.36450e+00
  7531.000  1.36490e+00
  7532.000  1.36410e+00
  7533.000  1.36630e+00
  7534.000  1.36800e+00
  7535.000  1.36920e+00
  7536.000  1.37220e+00
  7537.000  1.37300e+00
  7538.000  1.37620e+00
  7539.000  1.37850e+00
  7540.000  1.37880e+00
  7541.000  1.37660e+00
  7542.000  1.37770e+00
  7543.000  1.37950e+00
  7544.000  1.37800e+00
  7545.000  1.37650e+00
  7546.000  1.37650e+00
  7547.000  1.37610e+00
  7548.000  1.37470e+00
  7549.000  1.37460e+00
  7550.000  1.37480e+00
  7551.000  1.37490e+00
  7552.000  1.37420e+00
  7553.000  1.37310e+00
  7554.000  1.37390e+00
  7555.000  1.37450e+00
  7556.000  1.37210e+00
  7557.000  1.37010e+00
  7558.000  1.37040e+00
  7559.000  1.37170e+00
  7560.000  1.37180e+00
  7561.000  1.37110e+00
  7562.000  1.37070e+00
  7563.000  1.37250e+00
  7564.000  1.37270e+00
  7565.000  1.37380e+00
  7566.000  1.37320e+00
  7567.000  1.37290e+00
  7568.000  1.37360e+00
  7569.000  1.37390e+00
  7570.000  1.37400e+00
  7571.000  1.37320e+00
  7572.000  1.37230e+00
  7573.000  1.37280e+00
  7574.000  1.37460e+00
  7575.000  1.37430e+00
  7576.000  1.37390e+00
  7577.000  1.37370e+00
  7578.000  1.37300e+00
  7579.000  1.37160e+00
  7580.000  1.37060e+00
  7581.000  1.36610e+00
  7582.000  1.36210e+00
  7583.000  1.35860e+00
  7584.000  1.35440e+00
  7585.000  1.34720e+00
  7586.000  1.34230e+00
  7587.000  1.33650e+00
  7588.000  1.33010e+00
  7589.000  1.32680e+00
  7590.000  1.32200e+00
  7591.000  1.31840e+00
  7592.000  1.31490e+00
  7593.000  1.31080e+00
  7594.000  1.30960e+00
  7595.000  1.30830e+00
  7596.000  1.30500e+00
  7597.000  1.30260e+00
  7598.000  1.30120e+00
  7599.000  1.30130e+00
  7600.000  1.30140e+00
  7601.000  1.30010e+00
  7602.000  1.29760e+00
  7603.000  1.29690e+00
  7604.000  1.29590e+00
  7605.000  1.29550e+00
  7606.000  1.29660e+00
  7607.000  1.29590e+00
  7608.000  1.29600e+00
  7609.000  1.29600e+00
  7610.000  1.29670e+00
  7611.000  1.29740e+00
  7612.000  1.29660e+00
  7613.000  1.29460e+00
  7614.000  1.29250e+00
  7615.000  1.29200e+00
  7616.000  1.29000e+00
  7617.000  1.28770e+00
  7618.000  1.28810e+00
  7619.000  1.28830e+00
  7620.000  1.28930e+00
  7621.000  1.28810e+00
  7622.000  1.28960e+00
  7623.000  1.29150e+00
  7624.000  1.29290e+00
  7625.000  1.29470e+00
  7626.000  1.29730e+00
  7627.000  1.30020e+00
  7628.000  1.30020e+00
  7629.000  1.30000e+00
  7630.000  1.29920e+00
  7631.000  1.29940e+00
  7632.000  1.29920e+00
  7633.000  1.30030e+00
  7634.000  1.29930e+00
  7635.000  1.29720e+00
  7636.000  1.29770e+00
  7637.000  1.29790e+00
  7638.000  1.29810e+00
  7639.000  1.29900e+00
  7640.000  1.29760e+00
  7641.000  1.29720e+00
  7642.000  1.29860e+00
  7643.000  1.29850e+00
  7644.000  1.29870e+00
  7645.000  1.29820e+00
  7646.000  1.29760e+00
  7647.000  1.29620e+00
  7648.000  1.29380e+00
  7649.000  1.29070e+00
  7650.000  1.28810e+00
  7651.000  1.28490e+00
  7652.000  1.27980e+00
  7653.000  1.27450e+00
  7654.000  1.26890e+00
  7655.000  1.26290e+00
  7656.000  1.25630e+00
  7657.000  1.24980e+00
  7658.000  1.24280e+00
  7659.000  1.23670e+00
  7660.000  1.23010e+00
  7661.000  1.22420e+00
  7662.000  1.21730e+00
  7663.000  1.21260e+00
  7664.000  1.20650e+00
  7665.000  1.19940e+00
  7666.000  1.19440e+00
  7667.000  1.19120e+00
  7668.000  1.19360e+00
  7669.000  1.19910e+00
  7670.000  1.20690e+00
  7671.000  1.21550e+00
  7672.000  1.22250e+00
  7673.000  1.22770e+00
  7674.000  1.23180e+00
  7675.000  1.23600e+00
  7676.000  1.24270e+00
  7677.000  1.24650e+00
  7678.000  1.24950e+00
  7679.000  1.25110e+00
  7680.000  1.25250e+00
  7681.000  1.25380e+00
  7682.000  1.25300e+00
  7683.000  1.25380e+00
  7684.000  1.25480e+00
  7685.000  1.25550e+00
  7686.000  1.25670e+00
  7687.000  1.25530e+00
  7688.000  1.25600e+00
  7689.000  1.25530e+00
  7690.000  1.25230e+00
  7691.000  1.25090e+00
  7692.000  1.24890e+00
  7693.000  1.24620e+00
  7694.000  1.24380e+00
  7695.000  1.24380e+00
  7696.000  1.24320e+00
  7697.000  1.24160e+00
  7698.000  1.23770e+00
  7699.000  1.23490e+00
  7700.000  1.23210e+00
  7701.000  1.23180e+00
  7702.000  1.23310e+00
  7703.000  1.23550e+00
  7704.000  1.23830e+00
  7705.000  1.24000e+00
  7706.000  1.24140e+00
  7707.000  1.24110e+00
  7708.000  1.23910e+00
  7709.000  1.23830e+00
  7710.000  1.23730e+00
  7711.000  1.23530e+00
  7712.000  1.23290e+00
  7713.000  1.23080e+00
  7714.000  1.22820e+00
  7715.000  1.22820e+00
  7716.000  1.22830e+00
  7717.000  1.22740e+00
  7718.000  1.22800e+00
  7719.000  1.23020e+00
  7720.000  1.23210e+00
  7721.000  1.23300e+00
  7722.000  1.23510e+00
  7723.000  1.23770e+00
  7724.000  1.24160e+00
  7725.000  1.24350e+00
  7726.000  1.24570e+00
  7727.000  1.25010e+00
  7728.000  1.25270e+00
  7729.000  1.25520e+00
  7730.000  1.25810e+00
  7731.000  1.26160e+00
  7732.000  1.26420e+00
  7733.000  1.26650e+00
  7734.000  1.27000e+00
  7735.000  1.27240e+00
  7736.000  1.27320e+00
  7737.000  1.27560e+00
  7738.000  1.27530e+00
  7739.000  1.27450e+00
  7740.000  1.27270e+00
  7741.000  1.27140e+00
  7742.000  1.27040e+00
  7743.000  1.26490e+00
  7744.000  1.26020e+00
  7745.000  1.25650e+00
  7746.000  1.25280e+00
  7747.000  1.24800e+00
  7748.000  1.24370e+00
  7749.000  1.24170e+00
  7750.000  1.23790e+00
  7751.000  1.23700e+00
  7752.000  1.23760e+00
  7753.000  1.23950e+00
  7754.000  1.24160e+00
  7755.000  1.24340e+00
  7756.000  1.24660e+00
  7757.000  1.25110e+00
  7758.000  1.25260e+00
  7759.000  1.25320e+00
  7760.000  1.25590e+00
  7761.000  1.25910e+00
  7762.000  1.26120e+00
  7763.000  1.26400e+00
  7764.000  1.26760e+00
  7765.000  1.26790e+00
  7766.000  1.26700e+00
  7767.000  1.26830e+00
  7768.000  1.26840e+00
  7769.000  1.26930e+00
  7770.000  1.26900e+00
  7771.000  1.26950e+00
  7772.000  1.27040e+00
  7773.000  1.27110e+00
  7774.000  1.27050e+00
  7775.000  1.26910e+00
  7776.000  1.26860e+00
  7777.000  1.26950e+00
  7778.000  1.27000e+00
  7779.000  1.26770e+00
  7780.000  1.26660e+00
  7781.000  1.26420e+00
  7782.000  1.26370e+00
  7783.000  1.26320e+00
  7784.000  1.26370e+00
  7785.000  1.26380e+00
  7786.000  1.26430e+00
  7787.000  1.26370e+00
  7788.000  1.26220e+00
  7789.000  1.26280e+00
  7790.000  1.26400e+00
  7791.000  1.26380e+00
  7792.000  1.26330e+00
  7793.000  1.26430e+00
  7794.000  1.26570e+00
  7795.000  1.26580e+00
  7796.000  1.26590e+00
  7797.000  1.26460e+00
  7798.000  1.26490e+00
  7799.000  1.26600e+00
  7800.000  1.26820e+00
  7801.000  1.26940e+00
  7802.000  1.26910e+00
  7803.000  1.26980e+00
  7804.000  1.27100e+00
  7805.000  1.27180e+00
  7806.000  1.27290e+00
  7807.000  1.27420e+00
  7808.000  1.27530e+00
  7809.000  1.27630e+00
  7810.000  1.27790e+00
  7811.000  1.27900e+00
  7812.000  1.28090e+00
  7813.000  1.28350e+00
  7814.000  1.28530e+00
  7815.000  1.28680e+00
  7816.000  1.28590e+00
  7817.000  1.29060e+00
  7818.000  1.29390e+00
  7819.000  1.29590e+00
  7820.000  1.29630e+00
  7821.000  1.29740e+00
  7822.000  1.29820e+00
  7823.000  1.29780e+00
  7824.000  1.29700e+00
  7825.000  1.29490e+00
  7826.000  1.29030e+00
  7827.000  1.28660e+00
  7828.000  1.28420e+00
  7829.000  1.28100e+00
  7830.000  1.27790e+00
  7831.000  1.27470e+00
  7832.000  1.26880e+00
  7833.000  1.26260e+00
  7834.000  1.25940e+00
  7835.000  1.25520e+00
  7836.000  1.25300e+00
  7837.000  1.25310e+00
  7838.000  1.25390e+00
  7839.000  1.25790e+00
  7840.000  1.25850e+00
  7841.000  1.25980e+00
  7842.000  1.26120e+00
  7843.000  1.26480e+00
  7844.000  1.27000e+00
  7845.000  1.27070e+00
  7846.000  1.26940e+00
  7847.000  1.26850e+00
  7848.000  1.27020e+00
  7849.000  1.27200e+00
  7850.000  1.27320e+00
  7851.000  1.27150e+00
  7852.000  1.27280e+00
  7853.000  1.27200e+00
  7854.000  1.27370e+00
  7855.000  1.27220e+00
  7856.000  1.27010e+00
  7857.000  1.27160e+00
  7858.000  1.27330e+00
  7859.000  1.27520e+00
  7860.000  1.27740e+00
  7861.000  1.27800e+00
  7862.000  1.27930e+00
  7863.000  1.27990e+00
  7864.000  1.27860e+00
  7865.000  1.27910e+00
  7866.000  1.28020e+00
  7867.000  1.27840e+00
  7868.000  1.27880e+00
  7869.000  1.27610e+00
  7870.000  1.27350e+00
  7871.000  1.27010e+00
  7872.000  1.26720e+00
  7873.000  1.26590e+00
  7874.000  1.26580e+00
  7875.000  1.26100e+00
  7876.000  1.26030e+00
  7877.000  1.26050e+00
  7878.000  1.25900e+00
  7879.000  1.25560e+00
  7880.000  1.25530e+00
  7881.000  1.25650e+00
  7882.000  1.25790e+00
  7883.000  1.25960e+00
  7884.000  1.26090e+00
  7885.000  1.26150e+00
  7886.000  1.26170e+00
  7887.000  1.26210e+00
  7888.000  1.26240e+00
  7889.000  1.26370e+00
  7890.000  1.26480e+00
  7891.000  1.26200e+00
  7892.000  1.26230e+00
  7893.000  1.26160e+00
  7894.000  1.25960e+00
  7895.000  1.25780e+00
  7896.000  1.25500e+00
  7897.000  1.25270e+00
  7898.000  1.24940e+00
  7899.000  1.24940e+00
  7900.000  1.25000e+00
  7901.000  1.24940e+00
  7902.000  1.24730e+00
  7903.000  1.24870e+00
  7904.000  1.24720e+00
  7905.000  1.24550e+00
  7906.000  1.24250e+00
  7907.000  1.24080e+00
  7908.000  1.24140e+00
  7909.000  1.23880e+00
  7910.000  1.23290e+00
  7911.000  1.22910e+00
  7912.000  1.22710e+00
  7913.000  1.22520e+00
  7914.000  1.22400e+00
  7915.000  1.22450e+00
  7916.000  1.22300e+00
  7917.000  1.22240e+00
  7918.000  1.22270e+00
  7919.000  1.22160e+00
  7920.000  1.22020e+00
  7921.000  1.22160e+00
  7922.000  1.22150e+00
  7923.000  1.22310e+00
  7924.000  1.22340e+00
  7925.000  1.22340e+00
  7926.000  1.22550e+00
  7927.000  1.22780e+00
  7928.000  1.22490e+00
  7929.000  1.22430e+00
  7930.000  1.22710e+00
  7931.000  1.22740e+00
  7932.000  1.22550e+00
  7933.000  1.22400e+00
  7934.000  1.22230e+00
  7935.000  1.21980e+00
  7936.000  1.21820e+00
  7937.000  1.21620e+00
  7938.000  1.21420e+00
  7939.000  1.21280e+00
  7940.000  1.21200e+00
  7941.000  1.21190e+00
  7942.000  1.21180e+00
  7943.000  1.21030e+00
  7944.000  1.20820e+00
  7945.000  1.20710e+00
  7946.000  1.20860e+00
  7947.000  1.21050e+00
  7948.000  1.21280e+00
  7949.000  1.21470e+00
  7950.000  1.21870e+00
  7951.000  1.22210e+00
  7952.000  1.22660e+00
  7953.000  1.23030e+00
  7954.000  1.23560e+00
  7955.000  1.23850e+00
  7956.000  1.24230e+00
  7957.000  1.24590e+00
  7958.000  1.24880e+00
  7959.000  1.25080e+00
  7960.000  1.25260e+00
  7961.000  1.25630e+00
  7962.000  1.25810e+00
  7963.000  1.25690e+00
  7964.000  1.25870e+00
  7965.000  1.26100e+00
  7966.000  1.26510e+00
  7967.000  1.26540e+00
  7968.000  1.26550e+00
  7969.000  1.26790e+00
  7970.000  1.26780e+00
  7971.000  1.26930e+00
  7972.000  1.27110e+00
  7973.000  1.26980e+00
  7974.000  1.27180e+00
  7975.000  1.27130e+00
  7976.000  1.27220e+00
  7977.000  1.27280e+00
  7978.000  1.27220e+00
  7979.000  1.27080e+00
  7980.000  1.26960e+00
  7981.000  1.26870e+00
  7982.000  1.26770e+00
  7983.000  1.26920e+00
  7984.000  1.27100e+00
  7985.000  1.26900e+00
  7986.000  1.26870e+00
  7987.000  1.26970e+00
  7988.000  1.26930e+00
  7989.000  1.26740e+00
  7990.000  1.26570e+00
  7991.000  1.26360e+00
  7992.000  1.26370e+00
  7993.000  1.26400e+00
  7994.000  1.26280e+00
  7995.000  1.26140e+00
  7996.000  1.25950e+00
  7997.000  1.25970e+00
  7998.000  1.26010e+00
  7999.000  1.25920e+00
  8000.000  1.25910e+00
  8001.000  1.26070e+00
  8002.000  1.26240e+00
  8003.000  1.26340e+00
  8004.000  1.26470e+00
  8005.000  1.26840e+00
  8006.000  1.27100e+00
  8007.000  1.27340e+00
  8008.000  1.27490e+00
  8009.000  1.27910e+00
  8010.000  1.28160e+00
  8011.000  1.28500e+00
  8012.000  1.28790e+00
  8013.000  1.29070e+00
  8014.000  1.29220e+00
  8015.000  1.29290e+00
  8016.000  1.29320e+00
  8017.000  1.29460e+00
  8018.000  1.29590e+00
  8019.000  1.29340e+00
  8020.000  1.29230e+00
  8021.000  1.29230e+00
  8022.000  1.28980e+00
  8023.000  1.28580e+00
  8024.000  1.28360e+00
  8025.000  1.27990e+00
  8026.000  1.27760e+00
  8027.000  1.27760e+00
  8028.000  1.27520e+00
  8029.000  1.27510e+00
  8030.000  1.27790e+00
  8031.000  1.28100e+00
  8032.000  1.28370e+00
  8033.000  1.28640e+00
  8034.000  1.28930e+00
  8035.000  1.29210e+00
  8036.000  1.29450e+00
  8037.000  1.29700e+00
  8038.000  1.29910e+00
  8039.000  1.30080e+00
  8040.000  1.30030e+00
  8041.000  1.29890e+00
  8042.000  1.29730e+00
  8043.000  1.29410e+00
  8044.000  1.29240e+00
  8045.000  1.28940e+00
  8046.000  1.28680e+00
  8047.000  1.28270e+00
  8048.000  1.28010e+00
  8049.000  1.27910e+00
  8050.000  1.27720e+00
  8051.000  1.27750e+00
  8052.000  1.28020e+00
  8053.000  1.28440e+00
  8054.000  1.28630e+00
  8055.000  1.28710e+00
  8056.000  1.28930e+00
  8057.000  1.29150e+00
  8058.000  1.29620e+00
  8059.000  1.29960e+00
  8060.000  1.30050e+00
  8061.000  1.29890e+00
  8062.000  1.30030e+00
  8063.000  1.30100e+00
  8064.000  1.30100e+00
  8065.000  1.29880e+00
  8066.000  1.29560e+00
  8067.000  1.29260e+00
  8068.000  1.28980e+00
  8069.000  1.28610e+00
  8070.000  1.28480e+00
  8071.000  1.28040e+00
  8072.000  1.27840e+00
  8073.000  1.27830e+00
  8074.000  1.27840e+00
  8075.000  1.27870e+00
  8076.000  1.27890e+00
  8077.000  1.27770e+00
  8078.000  1.27910e+00
  8079.000  1.28080e+00
  8080.000  1.28220e+00
  8081.000  1.28260e+00
  8082.000  1.28220e+00
  8083.000  1.28300e+00
  8084.000  1.28300e+00
  8085.000  1.28130e+00
  8086.000  1.28040e+00
  8087.000  1.28020e+00
  8088.000  1.27830e+00
  8089.000  1.27710e+00
  8090.000  1.27660e+00
  8091.000  1.27430e+00
  8092.000  1.27270e+00
  8093.000  1.27060e+00
  8094.000  1.26620e+00
  8095.000  1.26660e+00
  8096.000  1.26650e+00
  8097.000  1.26440e+00
  8098.000  1.26510e+00
  8099.000  1.26820e+00
  8100.000  1.27040e+00
  8101.000  1.27040e+00
  8102.000  1.27170e+00
  8103.000  1.27410e+00
  8104.000  1.27650e+00
  8105.000  1.27930e+00
  8106.000  1.28150e+00
  8107.000  1.28380e+00
  8108.000  1.28400e+00
  8109.000  1.28600e+00
  8110.000  1.28450e+00
  8111.000  1.28400e+00
  8112.000  1.28490e+00
  8113.000  1.28580e+00
  8114.000  1.28650e+00
  8115.000  1.28490e+00
  8116.000  1.28360e+00
  8117.000  1.28250e+00
  8118.000  1.28400e+00
  8119.000  1.28730e+00
  8120.000  1.28930e+00
  8121.000  1.29090e+00
  8122.000  1.29360e+00
  8123.000  1.29710e+00
  8124.000  1.29890e+00
  8125.000  1.30230e+00
  8126.000  1.30390e+00
  8127.000  1.30780e+00
  8128.000  1.31140e+00
  8129.000  1.31230e+00
  8130.000  1.31250e+00
  8131.000  1.31310e+00
  8132.000  1.31470e+00
  8133.000  1.31590e+00
  8134.000  1.31650e+00
  8135.000  1.31640e+00
  8136.000  1.31940e+00
  8137.000  1.32300e+00
  8138.000  1.32100e+00
  8139.000  1.32120e+00
  8140.000  1.32070e+00
  8141.000  1.32010e+00
  8142.000  1.31880e+00
  8143.000  1.32030e+00
  8144.000  1.31980e+00
  8145.000  1.31970e+00
  8146.000  1.32260e+00
  8147.000  1.32170e+00
  8148.000  1.32020e+00
  8149.000  1.32130e+00
  8150.000  1.32430e+00
  8151.000  1.32300e+00
  8152.000  1.32220e+00
  8153.000  1.32330e+00
  8154.000  1.32420e+00
  8155.000  1.32480e+00
  8156.000  1.32430e+00
  8157.000  1.32420e+00
  8158.000  1.32350e+00
  8159.000  1.32330e+00
  8160.000  1.32590e+00
  8161.000  1.32610e+00
  8162.000  1.32540e+00
  8163.000  1.32600e+00
  8164.000  1.32470e+00
  8165.000  1.32650e+00
  8166.000  1.32720e+00
  8167.000  1.32400e+00
  8168.000  1.32440e+00
  8169.000  1.32680e+00
  8170.000  1.32860e+00
  8171.000  1.33000e+00
  8172.000  1.32950e+00
  8173.000  1.32840e+00
  8174.000  1.32740e+00
  8175.000  1.32880e+00
  8176.000  1.32660e+00
  8177.000  1.32540e+00
  8178.000  1.32130e+00
  8179.000  1.31800e+00
  8180.000  1.31480e+00
  8181.000  1.30880e+00
  8182.000  1.30160e+00
  8183.000  1.29700e+00
  8184.000  1.29530e+00
  8185.000  1.29010e+00
  8186.000  1.28810e+00
  8187.000  1.28410e+00
  8188.000  1.28100e+00
  8189.000  1.28080e+00
  8190.000  1.28180e+00
  8191.000  1.27900e+00
  8192.000  1.27800e+00
  8193.000  1.27380e+00
  8194.000  1.27320e+00
  8195.000  1.27290e+00
  8196.000  1.27060e+00
  8197.000  1.26640e+00
  8198.000  1.26250e+00
  8199.000  1.26170e+00
  8200.000  1.26230e+00
  8201.000  1.26160e+00
  8202.000  1.26030e+00
  8203.000  1.26110e+00
  8204.000  1.26260e+00
  8205.000  1.26540e+00
  8206.000  1.26600e+00
  8207.000  1.26580e+00
  8208.000  1.26770e+00
  8209.000  1.26890e+00
  8210.000  1.27040e+00
  8211.000  1.26910e+00
  8212.000  1.26930e+00
  8213.000  1.27080e+00
  8214.000  1.27150e+00
  8215.000  1.26990e+00
  8216.000  1.26910e+00
  8217.000  1.27160e+00
  8218.000  1.27590e+00
  8219.000  1.27990e+00
  8220.000  1.28130e+00
  8221.000  1.28350e+00
  8222.000  1.28880e+00
  8223.000  1.29300e+00
  8224.000  1.29420e+00
  8225.000  1.29780e+00
  8226.000  1.30250e+00
  8227.000  1.30210e+00
  8228.000  1.30480e+00
  8229.000  1.30670e+00
  8230.000  1.30800e+00
  8231.000  1.31090e+00
  8232.000  1.31130e+00
  8233.000  1.31280e+00
  8234.000  1.31340e+00
  8235.000  1.31270e+00
  8236.000  1.31570e+00
  8237.000  1.31580e+00
  8238.000  1.31270e+00
  8239.000  1.31170e+00
  8240.000  1.31230e+00
  8241.000  1.31290e+00
  8242.000  1.31250e+00
  8243.000  1.31410e+00
  8244.000  1.31430e+00
  8245.000  1.31270e+00
  8246.000  1.31460e+00
  8247.000  1.31420e+00
  8248.000  1.31420e+00
  8249.000  1.31340e+00
  8250.000  1.31330e+00
  8251.000  1.30930e+00
  8252.000  1.30690e+00
  8253.000  1.30490e+00
  8254.000  1.30340e+00
  8255.000  1.30400e+00
  8256.000  1.30330e+00
  8257.000  1.30270e+00
  8258.000  1.30350e+00
  8259.000  1.30420e+00
  8260.000  1.30750e+00
  8261.000  1.30820e+00
  8262.000  1.30930e+00
  8263.000  1.31220e+00
  8264.000  1.31400e+00
  8265.000  1.31480e+00
  8266.000  1.31570e+00
  8267.000  1.31670e+00
  8268.000  1.31530e+00
  8269.000  1.31240e+00
  8270.000  1.31140e+00
  8271.000  1.31050e+00
  8272.000  1.30720e+00
  8273.000  1.30410e+00
  8274.000  1.30300e+00
  8275.000  1.30290e+00
  8276.000  1.30310e+00
  8277.000  1.30140e+00
  8278.000  1.30010e+00
  8279.000  1.29920e+00
  8280.000  1.29730e+00
  8281.000  1.29890e+00
  8282.000  1.29730e+00
  8283.000  1.29390e+00
  8284.000  1.29160e+00
  8285.000  1.29140e+00
  8286.000  1.29220e+00
  8287.000  1.28910e+00
  8288.000  1.28730e+00
  8289.000  1.28610e+00
  8290.000  1.28480e+00
  8291.000  1.28100e+00
  8292.000  1.27920e+00
  8293.000  1.27710e+00
  8294.000  1.27530e+00
  8295.000  1.27150e+00
  8296.000  1.27050e+00
  8297.000  1.26710e+00
  8298.000  1.26680e+00
  8299.000  1.26690e+00
  8300.000  1.26300e+00
  8301.000  1.25800e+00
  8302.000  1.25750e+00
  8303.000  1.25720e+00
  8304.000  1.25200e+00
  8305.000  1.24640e+00
  8306.000  1.24510e+00
  8307.000  1.24150e+00
  8308.000  1.24130e+00
  8309.000  1.24320e+00
  8310.000  1.24280e+00
  8311.000  1.24570e+00
  8312.000  1.24730e+00
  8313.000  1.24530e+00
  8314.000  1.24560e+00
  8315.000  1.25020e+00
  8316.000  1.25420e+00
  8317.000  1.25250e+00
  8318.000  1.25470e+00
  8319.000  1.25890e+00
  8320.000  1.26010e+00
  8321.000  1.26110e+00
  8322.000  1.25960e+00
  8323.000  1.25810e+00
  8324.000  1.25560e+00
  8325.000  1.25240e+00
  8326.000  1.25470e+00
  8327.000  1.25280e+00
  8328.000  1.24880e+00
  8329.000  1.24450e+00
  8330.000  1.24220e+00
  8331.000  1.24290e+00
  8332.000  1.24090e+00
  8333.000  1.23730e+00
  8334.000  1.23620e+00
  8335.000  1.23440e+00
  8336.000  1.23600e+00
  8337.000  1.23770e+00
  8338.000  1.23690e+00
  8339.000  1.23840e+00
  8340.000  1.23690e+00
  8341.000  1.23530e+00
  8342.000  1.23680e+00
  8343.000  1.23530e+00
  8344.000  1.23710e+00
  8345.000  1.23750e+00
  8346.000  1.23810e+00
  8347.000  1.23690e+00
  8348.000  1.23640e+00
  8349.000  1.23590e+00
  8350.000  1.23800e+00
  8351.000  1.24310e+00
  8352.000  1.24450e+00
  8353.000  1.24590e+00
  8354.000  1.24580e+00
  8355.000  1.24490e+00
  8356.000  1.24580e+00
  8357.000  1.24910e+00
  8358.000  1.25280e+00
  8359.000  1.25470e+00
  8360.000  1.25600e+00
  8361.000  1.25450e+00
  8362.000  1.25500e+00
  8363.000  1.25760e+00
  8364.000  1.25500e+00
  8365.000  1.25300e+00
  8366.000  1.25490e+00
  8367.000  1.25520e+00
  8368.000  1.25950e+00
  8369.000  1.26110e+00
  8370.000  1.25730e+00
  8371.000  1.25710e+00
  8372.000  1.25680e+00
  8373.000  1.25990e+00
  8374.000  1.25940e+00
  8375.000  1.25600e+00
  8376.000  1.25560e+00
  8377.000  1.25620e+00
  8378.000  1.25080e+00
  8379.000  1.24660e+00
  8380.000  1.24460e+00
  8381.000  1.24060e+00
  8382.000  1.23460e+00
  8383.000  1.23300e+00
  8384.000  1.23090e+00
  8385.000  1.22840e+00
  8386.000  1.22300e+00
  8387.000  1.21990e+00
  8388.000  1.22240e+00
  8389.000  1.22480e+00
  8390.000  1.22720e+00
  8391.000  1.22990e+00
  8392.000  1.23110e+00
  8393.000  1.23150e+00
  8394.000  1.23590e+00
  8395.000  1.24330e+00
  8396.000  1.24840e+00
  8397.000  1.25210e+00
  8398.000  1.25300e+00
  8399.000  1.25810e+00
  8400.000  1.26160e+00
  8401.000  1.26520e+00
  8402.000  1.26770e+00
  8403.000  1.26720e+00
  8404.000  1.26830e+00
  8405.000  1.26940e+00
  8406.000  1.27010e+00
  8407.000  1.26970e+00
  8408.000  1.27170e+00
  8409.000  1.27270e+00
  8410.000  1.27070e+00
  8411.000  1.27090e+00
  8412.000  1.27100e+00
  8413.000  1.26760e+00
  8414.000  1.26410e+00
  8415.000  1.26550e+00
  8416.000  1.26580e+00
  8417.000  1.26050e+00
  8418.000  1.26060e+00
  8419.000  1.25990e+00
  8420.000  1.25280e+00
  8421.000  1.24920e+00
  8422.000  1.24860e+00
  8423.000  1.24940e+00
  8424.000  1.24630e+00
  8425.000  1.24390e+00
  8426.000  1.24240e+00
  8427.000  1.23770e+00
  8428.000  1.23600e+00
  8429.000  1.23610e+00
  8430.000  1.23460e+00
  8431.000  1.23210e+00
  8432.000  1.22750e+00
  8433.000  1.22350e+00
  8434.000  1.21490e+00
  8435.000  1.21320e+00
  8436.000  1.21540e+00
  8437.000  1.21170e+00
  8438.000  1.20400e+00
  8439.000  1.20310e+00
  8440.000  1.20210e+00
  8441.000  1.19890e+00
  8442.000  1.20010e+00
  8443.000  1.20220e+00
  8444.000  1.20470e+00
  8445.000  1.20490e+00
  8446.000  1.20650e+00
  8447.000  1.20730e+00
  8448.000  1.20680e+00
  8449.000  1.20720e+00
  8450.000  1.20730e+00
  8451.000  1.21260e+00
  8452.000  1.21560e+00
  8453.000  1.21410e+00
  8454.000  1.21510e+00
  8455.000  1.21560e+00
  8456.000  1.21400e+00
  8457.000  1.21470e+00
  8458.000  1.21630e+00
  8459.000  1.21390e+00
  8460.000  1.21420e+00
  8461.000  1.21290e+00
  8462.000  1.21310e+00
  8463.000  1.20680e+00
  8464.000  1.20220e+00
  8465.000  1.20470e+00
  8466.000  1.20400e+00
  8467.000  1.20040e+00
  8468.000  1.19790e+00
  8469.000  1.19630e+00
  8470.000  1.19590e+00
  8471.000  1.19700e+00
  8472.000  1.19780e+00
  8473.000  1.19790e+00
  8474.000  1.20040e+00
  8475.000  1.20650e+00
  8476.000  1.21090e+00
  8477.000  1.21220e+00
  8478.000  1.21210e+00
  8479.000  1.21160e+00
  8480.000  1.21380e+00
  8481.000  1.21680e+00
  8482.000  1.21860e+00
  8483.000  1.22230e+00
  8484.000  1.22450e+00
  8485.000  1.22340e+00
  8486.000  1.22200e+00
  8487.000  1.21940e+00
  8488.000  1.21390e+00
  8489.000  1.20810e+00
  8490.000  1.20180e+00
  8491.000  1.20170e+00
  8492.000  1.19760e+00
  8493.000  1.18600e+00
  8494.000  1.17140e+00
  8495.000  1.16160e+00
  8496.000  1.15480e+00
  8497.000  1.14560e+00
  8498.000  1.13650e+00
  8499.000  1.13030e+00
  8500.000  1.12830e+00
  8501.000  1.12810e+00
  8502.000  1.12680e+00
  8503.000  1.12890e+00
  8504.000  1.13450e+00
  8505.000  1.14100e+00
  8506.000  1.15290e+00
  8507.000  1.15940e+00
  8508.000  1.16680e+00
  8509.000  1.17430e+00
  8510.000  1.18440e+00
  8511.000  1.18620e+00
  8512.000  1.18490e+00
  8513.000  1.18800e+00
  8514.000  1.19100e+00
  8515.000  1.19390e+00
  8516.000  1.19480e+00
  8517.000  1.18990e+00
  8518.000  1.18820e+00
  8519.000  1.19110e+00
  8520.000  1.19120e+00
  8521.000  1.19050e+00
  8522.000  1.18910e+00
  8523.000  1.18680e+00
  8524.000  1.18670e+00
  8525.000  1.18960e+00
  8526.000  1.18840e+00
  8527.000  1.18670e+00
  8528.000  1.18720e+00
  8529.000  1.18580e+00
  8530.000  1.18160e+00
  8531.000  1.17630e+00
  8532.000  1.17210e+00
  8533.000  1.16250e+00
  8534.000  1.14390e+00
  8535.000  1.12850e+00
  8536.000  1.11590e+00
  8537.000  1.10130e+00
  8538.000  1.08090e+00
  8539.000  1.06240e+00
  8540.000  1.04640e+00
  8541.000  1.02830e+00
  8542.000  1.01310e+00
  8543.000  1.00220e+00
  8544.000  9.98960e-01
  8545.000  1.00050e+00
  8546.000  1.00730e+00
  8547.000  1.01980e+00
  8548.000  1.03260e+00
  8549.000  1.04290e+00
  8550.000  1.06030e+00
  8551.000  1.08750e+00
  8552.000  1.10420e+00
  8553.000  1.12040e+00
  8554.000  1.13530e+00
  8555.000  1.15290e+00
  8556.000  1.16570e+00
  8557.000  1.17870e+00
  8558.000  1.18830e+00
  8559.000  1.19380e+00
  8560.000  1.19590e+00
  8561.000  1.20500e+00
  8562.000  1.21340e+00
  8563.000  1.21890e+00
  8564.000  1.21960e+00
  8565.000  1.22250e+00
  8566.000  1.22380e+00
  8567.000  1.22170e+00
  8568.000  1.22180e+00
  8569.000  1.22450e+00
  8570.000  1.22590e+00
  8571.000  1.22600e+00
  8572.000  1.22420e+00
  8573.000  1.22650e+00
  8574.000  1.23230e+00
  8575.000  1.23270e+00
  8576.000  1.22820e+00
  8577.000  1.22650e+00
  8578.000  1.22410e+00
  8579.000  1.22510e+00
  8580.000  1.22560e+00
  8581.000  1.22980e+00
  8582.000  1.23640e+00
  8583.000  1.23740e+00
  8584.000  1.23550e+00
  8585.000  1.23270e+00
  8586.000  1.23140e+00
  8587.000  1.23510e+00
  8588.000  1.23650e+00
  8589.000  1.23190e+00
  8590.000  1.23150e+00
  8591.000  1.23470e+00
  8592.000  1.23500e+00
  8593.000  1.24070e+00
  8594.000  1.24000e+00
  8595.000  1.23520e+00
  8596.000  1.23390e+00
  8597.000  1.23070e+00
  8598.000  1.23240e+00
  8599.000  1.23830e+00
  8600.000  1.24050e+00
  8601.000  1.24410e+00
  8602.000  1.24120e+00
  8603.000  1.23390e+00
  8604.000  1.23480e+00
  8605.000  1.23590e+00
  8606.000  1.23640e+00
  8607.000  1.23940e+00
  8608.000  1.23730e+00
  8609.000  1.23390e+00
  8610.000  1.23800e+00
  8611.000  1.23700e+00
  8612.000  1.23490e+00
  8613.000  1.23720e+00
  8614.000  1.23920e+00
  8615.000  1.23860e+00
  8616.000  1.24050e+00
  8617.000  1.24070e+00
  8618.000  1.23860e+00
  8619.000  1.24580e+00
  8620.000  1.25030e+00
  8621.000  1.24870e+00
  8622.000  1.24700e+00
  8623.000  1.25210e+00
  8624.000  1.26040e+00
  8625.000  1.25530e+00
  8626.000  1.25230e+00
  8627.000  1.25780e+00
  8628.000  1.25900e+00
  8629.000  1.25850e+00
  8630.000  1.26000e+00
  8631.000  1.25680e+00
  8632.000  1.26160e+00
  8633.000  1.27420e+00
  8634.000  1.27780e+00
  8635.000  1.28070e+00
  8636.000  1.27750e+00
  8637.000  1.26970e+00
  8638.000  1.27330e+00
  8639.000  1.27750e+00
  8640.000  1.26910e+00
  8641.000  1.26480e+00
  8642.000  1.26800e+00
  8643.000  1.26540e+00
  8644.000  1.26280e+00
  8645.000  1.26320e+00
  8646.000  1.25510e+00
  8647.000  1.24280e+00
  8648.000  1.24180e+00
  8649.000  1.24040e+00
  8650.000  1.22560e+00
  8651.000  1.21320e+00
  8652.000  1.21100e+00
  8653.000  1.21550e+00
  8654.000  1.20430e+00
  8655.000  1.19120e+00
  8656.000  1.17740e+00
  8657.000  1.16010e+00
  8658.000  1.14620e+00
  8659.000  1.13610e+00
  8660.000  1.11590e+00
  8661.000  1.10030e+00
  8662.000  1.08640e+00
  8663.000  1.07700e+00
  8664.000  1.07120e+00
  8665.000  1.06850e+00
  8666.000  1.07330e+00
  8667.000  1.07700e+00
  8668.000  1.08200e+00
  8669.000  1.09170e+00
  8670.000  1.10520e+00
  8671.000  1.11810e+00
  8672.000  1.14100e+00
  8673.000  1.16280e+00
  8674.000  1.17090e+00
  8675.000  1.17370e+00
  8676.000  1.18890e+00
  8677.000  1.19980e+00
  8678.000  1.20170e+00
  8679.000  1.19560e+00
  8680.000  1.20310e+00
  8681.000  1.21360e+00
  8682.000  1.21220e+00
  8683.000  1.21910e+00
  8684.000  1.22440e+00
  8685.000  1.22520e+00
  8686.000  1.21900e+00
  8687.000  1.20610e+00
  8688.000  1.21460e+00
  8689.000  1.22220e+00
  8690.000  1.22990e+00
  8691.000  1.22600e+00
  8692.000  1.22060e+00
  8693.000  1.22170e+00
  8694.000  1.22930e+00
  8695.000  1.23290e+00
  8696.000  1.23540e+00
  8697.000  1.24150e+00
  8698.000  1.24810e+00
  8699.000  1.24900e+00
  8700.000  1.25240e+00
  8701.000  1.25560e+00
  8702.000  1.26100e+00
  8703.000  1.26230e+00
  8704.000  1.26220e+00
  8705.000  1.26660e+00
  8706.000  1.26870e+00
  8707.000  1.26650e+00
  8708.000  1.25830e+00
  8709.000  1.25690e+00
  8710.000  1.25740e+00
  8711.000  1.26150e+00
  8712.000  1.26510e+00
  8713.000  1.26600e+00
  8714.000  1.27210e+00
  8715.000  1.27620e+00
  8716.000  1.27610e+00
  8717.000  1.27410e+00
  8718.000  1.27090e+00
  8719.000  1.26950e+00
  8720.000  1.26930e+00
  8721.000  1.27150e+00
  8722.000  1.27530e+00
  8723.000  1.27480e+00
  8724.000  1.27730e+00
  8725.000  1.28420e+00
  8726.000  1.29160e+00
  8727.000  1.28940e+00
  8728.000  1.28130e+00
  8729.000  1.28200e+00
  8730.000  1.28630e+00
  8731.000  1.28860e+00
  8732.000  1.27860e+00
  8733.000  1.27240e+00
  8734.000  1.27190e+00
  8735.000  1.27090e+00
  8736.000  1.27520e+00
  8737.000  1.27760e+00
  8738.000  1.27830e+00
  8739.000  1.27660e+00
  8740.000  1.27500e+00
  8741.000  1.27330e+00
  8742.000  1.27330e+00
  8743.000  1.28260e+00
  8744.000  1.28500e+00
  8745.000  1.28400e+00
  8746.000  1.29210e+00
  8747.000  1.29020e+00
  8748.000  1.28960e+00
  8749.000  1.28660e+00
  8750.000  1.28790e+00
  8751.000  1.29210e+00
  8752.000  1.29080e+00
  8753.000  1.29380e+00
  8754.000  1.29710e+00
  8755.000  1.29510e+00
  8756.000  1.30440e+00
  8757.000  1.30650e+00
  8758.000  1.30370e+00
  8759.000  1.31070e+00
  8760.000  1.30960e+00
  8761.000  1.31150e+00
  8762.000  1.30610e+00
  8763.000  1.30510e+00
  8764.000  1.30140e+00
  8765.000  1.29170e+00
  8766.000  1.28990e+00
  8767.000  1.28930e+00
  8768.000  1.29180e+00
  8769.000  1.29890e+00
  8770.000  1.29430e+00
  8771.000  1.28570e+00
  8772.000  1.29310e+00
  8773.000  1.29770e+00
  8774.000  1.29910e+00
  8775.000  1.29480e+00
  8776.000  1.30020e+00
  8777.000  1.30800e+00
  8778.000  1.31140e+00
  8779.000  1.31970e+00
  8780.000  1.32360e+00
  8781.000  1.32220e+00
  8782.000  1.32210e+00
  8783.000  1.32630e+00
  8784.000  1.33000e+00
  8785.000  1.32450e+00
  8786.000  1.32480e+00
  8787.000  1.33630e+00
  8788.000  1.34170e+00
  8789.000  1.33220e+00
  8790.000  1.32940e+00
  8791.000  1.32660e+00
  8792.000  1.32660e+00
  8793.000  1.33070e+00
  8794.000  1.32730e+00
  8795.000  1.32150e+00
  8796.000  1.32620e+00
  8797.000  1.32170e+00
  8798.000  1.33160e+00
  8799.000  1.33090e+00
  8800.000  1.32750e+00
  8801.000  1.32670e+00
  8802.000  1.32200e+00
  8803.000  1.32550e+00
  8804.000  1.32680e+00
  8805.000  1.31790e+00
  8806.000  1.31290e+00
  8807.000  1.30990e+00
  8808.000  1.30550e+00
  8809.000  1.30370e+00
  8810.000  1.30250e+00
  8811.000  1.31400e+00
  8812.000  1.32070e+00
  8813.000  1.32510e+00
  8814.000  1.33160e+00
  8815.000  1.34350e+00
  8816.000  1.34600e+00
  8817.000  1.34980e+00
  8818.000  1.35660e+00
  8819.000  1.36760e+00
  8820.000  1.36690e+00
  8821.000  1.36350e+00
  8822.000  1.36070e+00
  8823.000  1.36010e+00
  8824.000  1.36450e+00
  8825.000  1.36630e+00
  8826.000  1.36830e+00
  8827.000  1.37210e+00
  8828.000  1.37110e+00
  8829.000  1.37350e+00
  8830.000  1.37580e+00
  8831.000  1.37140e+00
  8832.000  1.38290e+00
  8833.000  1.38320e+00
  8834.000  1.37720e+00
  8835.000  1.37740e+00
  8836.000  1.38280e+00
  8837.000  1.39010e+00
  8838.000  1.40000e+00
  8839.000  1.40740e+00
  8840.000  1.40860e+00
  8841.000  1.40970e+00
  8842.000  1.40190e+00
  8843.000  1.40420e+00
  8844.000  1.40400e+00
  8845.000  1.40500e+00
  8846.000  1.40730e+00
  8847.000  1.40310e+00
  8848.000  1.40140e+00
  8849.000  1.41000e+00
  8850.000  1.41700e+00
  8851.000  1.40980e+00
  8852.000  1.40570e+00
  8853.000  1.40310e+00
  8854.000  1.39850e+00
  8855.000  1.40190e+00
  8856.000  1.40390e+00
  8857.000  1.40090e+00
  8858.000  1.38940e+00
  8859.000  1.37540e+00
  8860.000  1.37420e+00
  8861.000  1.36980e+00
  8862.000  1.36220e+00
  8863.000  1.35440e+00
  8864.000  1.34420e+00
  8865.000  1.33610e+00
  8866.000  1.33110e+00
  8867.000  1.32310e+00
  8868.000  1.31710e+00
  8869.000  1.31760e+00
  8870.000  1.32020e+00
  8871.000  1.32660e+00
  8872.000  1.33900e+00
  8873.000  1.33040e+00
  8874.000  1.32490e+00
  8875.000  1.32200e+00
  8876.000  1.31620e+00
  8877.000  1.31530e+00
  8878.000  1.31600e+00
  8879.000  1.32020e+00
  8880.000  1.32960e+00
  8881.000  1.33490e+00
  8882.000  1.32980e+00
  8883.000  1.31850e+00
  8884.000  1.31530e+00
  8885.000  1.32220e+00
  8886.000  1.32210e+00
  8887.000  1.32630e+00
  8888.000  1.33610e+00
  8889.000  1.33870e+00
  8890.000  1.34440e+00
  8891.000  1.34650e+00
  8892.000  1.34580e+00
  8893.000  1.34860e+00
  8894.000  1.34240e+00
  8895.000  1.34340e+00
  8896.000  1.34670e+00
  8897.000  1.32170e+00
  8898.000  1.31930e+00
  8899.000  1.32550e+00
  8900.000  1.32800e+00
  8901.000  1.32520e+00
  8902.000  1.33420e+00
  8903.000  1.34310e+00
  8904.000  1.35360e+00
  8905.000  1.35330e+00
  8906.000  1.35740e+00
  8907.000  1.35820e+00
  8908.000  1.33930e+00
  8909.000  1.34850e+00
  8910.000  1.35170e+00
  8911.000  1.33880e+00
  8912.000  1.33410e+00
  8913.000  1.34370e+00
  8914.000  1.35480e+00
  8915.000  1.34760e+00
  8916.000  1.34960e+00
  8917.000  1.34160e+00
  8918.000  1.32980e+00
  8919.000  1.32000e+00
  8920.000  1.33140e+00
  8921.000  1.33690e+00
  8922.000  1.33260e+00
  8923.000  1.33660e+00
  8924.000  1.32190e+00
  8925.000  1.33770e+00
  8926.000  1.34540e+00
  8927.000  1.35040e+00
  8928.000  1.33200e+00
  8929.000  1.33020e+00
  8930.000  1.34240e+00
  8931.000  1.36640e+00
  8932.000  1.35480e+00
  8933.000  1.35150e+00
  8934.000  1.33350e+00
  8935.000  1.36400e+00
  8936.000  1.35440e+00
  8937.000  1.33240e+00
  8938.000  1.30020e+00
  8939.000  1.28630e+00
  8940.000  1.30420e+00
  8941.000  1.27400e+00
  8942.000  1.28350e+00
  8943.000  1.27420e+00
  8944.000  1.22050e+00
  8945.000  1.24820e+00
  8946.000  1.24040e+00
  8947.000  1.23350e+00
  8948.000  1.23640e+00
  8949.000  1.23960e+00
  8950.000  1.27780e+00
