# wavelength_Angstrom    flam_erg_s_cm2_A
  3500.00  5.4854e-15
  3501.00  5.5508e-15
  3502.00  5.5446e-15
  3503.00  5.6000e-15
  3504.00  5.5806e-15
  3505.00  5.5736e-15
  3506.00  5.5943e-15
  3507.00  5.6941e-15
  3508.00  5.5834e-15
  3509.00  5.6169e-15
  3510.00  5.7468e-15
  3511.00  5.7046e-15
  3512.00  5.5788e-15
  3513.00  5.6869e-15
  3514.00  5.5765e-15
  3515.00  5.6186e-15
  3516.00  5.7158e-15
  3517.00  5.8027e-15
  3518.00  5.8081e-15
  3519.00  5.6362e-15
  3520.00  5.6618e-15
  3521.00  5.7495e-15
  3522.00  5.7906e-15
  3523.00  5.7072e-15
  3524.00  5.7891e-15
  3525.00  5.6420e-15
  3526.00  5.7503e-15
  3527.00  5.8254e-15
  3528.00  5.8605e-15
  3529.00  5.8087e-15
  3530.00  5.8429e-15
  3531.00  5.8396e-15
  3532.00  5.9568e-15
  3533.00  5.8726e-15
  3534.00  5.7969e-15
  3535.00  5.8264e-15
  3536.00  5.8296e-15
  3537.00  5.8561e-15
  3538.00  5.8467e-15
  3539.00  5.9638e-15
  3540.00  6.0779e-15
  3541.00  5.9550e-15
  3542.00  5.9762e-15
  3543.00  6.0149e-15
  3544.00  6.0649e-15
  3545.00  6.0271e-15
  3546.00  5.9383e-15
  3547.00  6.0821e-15
  3548.00  5.9426e-15
  3549.00  6.1177e-15
  3550.00  5.9323e-15
  3551.00  6.0441e-15
  3552.00  6.1728e-15
  3553.00  6.0772e-15
  3554.00  6.0043e-15
  3555.00  6.1121e-15
  3556.00  6.1485e-15
  3557.00  6.1214e-15
  3558.00  6.3848e-15
  3559.00  6.2069e-15
  3560.00  6.2519e-15
  3561.00  6.1483e-15
  3562.00  6.1725e-15
  3563.00  6.2630e-15
  3564.00  6.2279e-15
  3565.00  6.3918e-15
  3566.00  6.2864e-15
  3567.00  6.3565e-15
  3568.00  6.3097e-15
  3569.00  6.4113e-15
  3570.00  6.3634e-15
  3571.00  6.3660e-15
  3572.00  6.3438e-15
  3573.00  6.3906e-15
  3574.00  6.2411e-15
  3575.00  6.2922e-15
  3576.00  6.3217e-15
  3577.00  6.4164e-15
  3578.00  6.2902e-15
  3579.00  6.3654e-15
  3580.00  6.4244e-15
  3581.00  6.5207e-15
  3582.00  6.4345e-15
  3583.00  6.5654e-15
  3584.00  6.5843e-15
  3585.00  6.4626e-15
  3586.00  6.5252e-15
  3587.00  6.5774e-15
  3588.00  6.4911e-15
  3589.00  6.6502e-15
  3590.00  6.5422e-15
  3591.00  6.6131e-15
  3592.00  6.5309e-15
  3593.00  6.7050e-15
  3594.00  6.5244e-15
  3595.00  6.5280e-15
  3596.00  6.6299e-15
  3597.00  6.6571e-15
  3598.00  6.8162e-15
  3599.00  6.6598e-15
  3600.00  6.7237e-15
  3601.00  6.5849e-15
  3602.00  6.6537e-15
  3603.00  6.6908e-15
  3604.00  6.7550e-15
  3605.00  6.6868e-15
  3606.00  6.8172e-15
  3607.00  6.6811e-15
  3608.00  6.5961e-15
  3609.00  6.8877e-15
  3610.00  6.8459e-15
  3611.00  6.9281e-15
  3612.00  6.7911e-15
  3613.00  6.9371e-15
  3614.00  6.7197e-15
  3615.00  6.8222e-15
  3616.00  6.8837e-15
  3617.00  6.9685e-15
  3618.00  6.8180e-15
  3619.00  6.8781e-15
  3620.00  6.9848e-15
  3621.00  6.8796e-15
  3622.00  7.0448e-15
  3623.00  6.9391e-15
  3624.00  7.0557e-15
  3625.00  7.0120e-15
  3626.00  6.8677e-15
  3627.00  6.9867e-15
  3628.00  7.0529e-15
  3629.00  7.0309e-15
  3630.00  6.9350e-15
  3631.00  7.0897e-15
  3632.00  7.1228e-15
  3633.00  7.1465e-15
  3634.00  7.0820e-15
  3635.00  7.1135e-15
  3636.00  7.0055e-15
  3637.00  7.1303e-15
  3638.00  7.2067e-15
  3639.00  7.1263e-15
  3640.00  7.1888e-15
  3641.00  7.1622e-15
  3642.00  7.0635e-15
  3643.00  7.3436e-15
  3644.00  7.3076e-15
  3645.00  7.1467e-15
  3646.00  7.3515e-15
  3647.00  7.3524e-15
  3648.00  7.2922e-15
  3649.00  7.2599e-15
  3650.00  7.2956e-15
  3651.00  7.3024e-15
  3652.00  7.3577e-15
  3653.00  7.3421e-15
  3654.00  7.4389e-15
  3655.00  7.4028e-15
  3656.00  7.4139e-15
  3657.00  7.3525e-15
  3658.00  7.2338e-15
  3659.00  7.3783e-15
  3660.00  7.5120e-15
  3661.00  7.3820e-15
  3662.00  7.3319e-15
  3663.00  7.5871e-15
  3664.00  7.5344e-15
  3665.00  7.5616e-15
  3666.00  7.4885e-15
  3667.00  7.5814e-15
  3668.00  7.5354e-15
  3669.00  7.5756e-15
  3670.00  7.4004e-15
  3671.00  7.4820e-15
  3672.00  7.5521e-15
  3673.00  7.6411e-15
  3674.00  7.7047e-15
  3675.00  7.7007e-15
  3676.00  7.6131e-15
  3677.00  7.6314e-15
  3678.00  7.5307e-15
  3679.00  7.6472e-15
  3680.00  7.7128e-15
  3681.00  7.7114e-15
  3682.00  7.7966e-15
  3683.00  7.7068e-15
  3684.00  7.6899e-15
  3685.00  7.7509e-15
  3686.00  7.8084e-15
  3687.00  7.8623e-15
  3688.00  7.6530e-15
  3689.00  7.7680e-15
  3690.00  7.8436e-15
  3691.00  7.8019e-15
  3692.00  7.9243e-15
  3693.00  7.8201e-15
  3694.00  7.9754e-15
  3695.00  8.0133e-15
  3696.00  7.7738e-15
  3697.00  7.9048e-15
  3698.00  7.8615e-15
  3699.00  8.0105e-15
  3700.00  7.9032e-15
  3701.00  7.9226e-15
  3702.00  8.1439e-15
  3703.00  7.9147e-15
  3704.00  8.0200e-15
  3705.00  8.1289e-15
  3706.00  8.1730e-15
  3707.00  8.1472e-15
  3708.00  8.2274e-15
  3709.00  8.0105e-15
  3710.00  8.2011e-15
  3711.00  8.2277e-15
  3712.00  8.1985e-15
  3713.00  8.2938e-15
  3714.00  8.1710e-15
  3715.00  8.4083e-15
  3716.00  8.4398e-15
  3717.00  8.6163e-15
  3718.00  8.9917e-15
  3719.00  9.5249e-15
  3720.00  1.0311e-14
  3721.00  1.1507e-14
  3722.00  1.2808e-14
  3723.00  1.4285e-14
  3724.00  1.5917e-14
  3725.00  1.7074e-14
  3726.00  1.7871e-14
  3727.00  1.8393e-14
  3728.00  1.8151e-14
  3729.00  1.7356e-14
  3730.00  1.5933e-14
  3731.00  1.4366e-14
  3732.00  1.3068e-14
  3733.00  1.1635e-14
  3734.00  1.0687e-14
  3735.00  9.8384e-15
  3736.00  9.2392e-15
  3737.00  8.9802e-15
  3738.00  8.7125e-15
  3739.00  8.5588e-15
  3740.00  8.6414e-15
  3741.00  8.3791e-15
  3742.00  8.3754e-15
  3743.00  8.5745e-15
  3744.00  8.6379e-15
  3745.00  8.4227e-15
  3746.00  8.6031e-15
  3747.00  8.5668e-15
  3748.00  8.6143e-15
  3749.00  8.7621e-15
  3750.00  8.6913e-15
  3751.00  8.5844e-15
  3752.00  8.8075e-15
  3753.00  8.7406e-15
  3754.00  8.7923e-15
  3755.00  8.7332e-15
  3756.00  8.7943e-15
  3757.00  8.8404e-15
  3758.00  9.0598e-15
  3759.00  8.8331e-15
  3760.00  8.8019e-15
  3761.00  8.8005e-15
  3762.00  8.9298e-15
  3763.00  8.8856e-15
  3764.00  8.9609e-15
  3765.00  8.9261e-15
  3766.00  8.8394e-15
  3767.00  8.7580e-15
  3768.00  8.8321e-15
  3769.00  8.9845e-15
  3770.00  9.0029e-15
  3771.00  9.0995e-15
  3772.00  8.9552e-15
  3773.00  9.0042e-15
  3774.00  9.0727e-15
  3775.00  9.1103e-15
  3776.00  9.0738e-15
  3777.00  8.9210e-15
  3778.00  9.0605e-15
  3779.00  9.1118e-15
  3780.00  8.9997e-15
  3781.00  9.0840e-15
  3782.00  9.1778e-15
  3783.00  9.0546e-15
  3784.00  9.1826e-15
  3785.00  9.0110e-15
  3786.00  9.3390e-15
  3787.00  9.2110e-15
  3788.00  9.2445e-15
  3789.00  9.2283e-15
  3790.00  9.2548e-15
  3791.00  9.3539e-15
  3792.00  9.3048e-15
  3793.00  9.1796e-15
  3794.00  9.2349e-15
  3795.00  9.4067e-15
  3796.00  9.4664e-15
  3797.00  9.2507e-15
  3798.00  9.2780e-15
  3799.00  9.3269e-15
  3800.00  9.3791e-15
  3801.00  9.3074e-15
  3802.00  9.2722e-15
  3803.00  9.4340e-15
  3804.00  9.4804e-15
  3805.00  9.4561e-15
  3806.00  9.5889e-15
  3807.00  9.4415e-15
  3808.00  9.7551e-15
  3809.00  9.6708e-15
  3810.00  9.6734e-15
  3811.00  9.5392e-15
  3812.00  9.4744e-15
  3813.00  9.6474e-15
  3814.00  9.6798e-15
  3815.00  9.5351e-15
  3816.00  9.7016e-15
  3817.00  9.8320e-15
  3818.00  9.7800e-15
  3819.00  9.9034e-15
  3820.00  9.6214e-15
  3821.00  9.7213e-15
  3822.00  9.6999e-15
  3823.00  9.5701e-15
  3824.00  9.8200e-15
  3825.00  9.8135e-15
  3826.00  9.7448e-15
  3827.00  9.8447e-15
  3828.00  9.5807e-15
  3829.00  9.7543e-15
  3830.00  9.7682e-15
  3831.00  9.8232e-15
  3832.00  9.9610e-15
  3833.00  1.0132e-14
  3834.00  9.8499e-15
  3835.00  9.9852e-15
  3836.00  9.8638e-15
  3837.00  9.9313e-15
  3838.00  9.9904e-15
  3839.00  9.9651e-15
  3840.00  1.0040e-14
  3841.00  1.0041e-14
  3842.00  9.9219e-15
  3843.00  1.0005e-14
  3844.00  9.8693e-15
  3845.00  1.0203e-14
  3846.00  1.0022e-14
  3847.00  1.0016e-14
  3848.00  1.0125e-14
  3849.00  1.0172e-14
  3850.00  1.0039e-14
  3851.00  1.0261e-14
  3852.00  1.0395e-14
  3853.00  1.0081e-14
  3854.00  1.0222e-14
  3855.00  1.0309e-14
  3856.00  1.0219e-14
  3857.00  1.0240e-14
  3858.00  1.0152e-14
  3859.00  1.0179e-14
  3860.00  1.0360e-14
  3861.00  1.0407e-14
  3862.00  1.0473e-14
  3863.00  1.0397e-14
  3864.00  1.0543e-14
  3865.00  1.0299e-14
  3866.00  1.0564e-14
  3867.00  1.0531e-14
  3868.00  1.0347e-14
  3869.00  1.0145e-14
  3870.00  1.0405e-14
  3871.00  1.0547e-14
  3872.00  1.0574e-14
  3873.00  1.0391e-14
  3874.00  1.0619e-14
  3875.00  1.0696e-14
  3876.00  1.0645e-14
  3877.00  1.0549e-14
  3878.00  1.0636e-14
  3879.00  1.0507e-14
  3880.00  1.0621e-14
  3881.00  1.0682e-14
  3882.00  1.0560e-14
  3883.00  1.0715e-14
  3884.00  1.0599e-14
  3885.00  1.0749e-14
  3886.00  1.0731e-14
  3887.00  1.0734e-14
  3888.00  1.0687e-14
  3889.00  1.0831e-14
  3890.00  1.0821e-14
  3891.00  1.0667e-14
  3892.00  1.0511e-14
  3893.00  1.0689e-14
  3894.00  1.0906e-14
  3895.00  1.0676e-14
  3896.00  1.0809e-14
  3897.00  1.0861e-14
  3898.00  1.0948e-14
  3899.00  1.0922e-14
  3900.00  1.1053e-14
  3901.00  1.1052e-14
  3902.00  1.1053e-14
  3903.00  1.1134e-14
  3904.00  1.0939e-14
  3905.00  1.1159e-14
  3906.00  1.1046e-14
  3907.00  1.1140e-14
  3908.00  1.1078e-14
  3909.00  1.0898e-14
  3910.00  1.1170e-14
  3911.00  1.1097e-14
  3912.00  1.0970e-14
  3913.00  1.1195e-14
  3914.00  1.1171e-14
  3915.00  1.1082e-14
  3916.00  1.1483e-14
  3917.00  1.1207e-14
  3918.00  1.1388e-14
  3919.00  1.1365e-14
  3920.00  1.1344e-14
  3921.00  1.1304e-14
  3922.00  1.1064e-14
  3923.00  1.1274e-14
  3924.00  1.1373e-14
  3925.00  1.1312e-14
  3926.00  1.1495e-14
  3927.00  1.1444e-14
  3928.00  1.1145e-14
  3929.00  1.1325e-14
  3930.00  1.1133e-14
  3931.00  1.0848e-14
  3932.00  1.0671e-14
  3933.00  1.0226e-14
  3934.00  1.0472e-14
  3935.00  1.0503e-14
  3936.00  1.1032e-14
  3937.00  1.0893e-14
  3938.00  1.1181e-14
  3939.00  1.1461e-14
  3940.00  1.1587e-14
  3941.00  1.1667e-14
  3942.00  1.1442e-14
  3943.00  1.1571e-14
  3944.00  1.1708e-14
  3945.00  1.1708e-14
  3946.00  1.1639e-14
  3947.00  1.1792e-14
  3948.00  1.1626e-14
  3949.00  1.1955e-14
  3950.00  1.1770e-14
  3951.00  1.1815e-14
  3952.00  1.2021e-14
  3953.00  1.1723e-14
  3954.00  1.1776e-14
  3955.00  1.1625e-14
  3956.00  1.1872e-14
  3957.00  1.1788e-14
  3958.00  1.1851e-14
  3959.00  1.1855e-14
  3960.00  1.2011e-14
  3961.00  1.1991e-14
  3962.00  1.1949e-14
  3963.00  1.2079e-14
  3964.00  1.2031e-14
  3965.00  1.1657e-14
  3966.00  1.1426e-14
  3967.00  1.1345e-14
  3968.00  1.1278e-14
  3969.00  1.1212e-14
  3970.00  1.1042e-14
  3971.00  1.1325e-14
  3972.00  1.1885e-14
  3973.00  1.1706e-14
  3974.00  1.2024e-14
  3975.00  1.2317e-14
  3976.00  1.2151e-14
  3977.00  1.2266e-14
  3978.00  1.2299e-14
  3979.00  1.2313e-14
  3980.00  1.2347e-14
  3981.00  1.2159e-14
  3982.00  1.1927e-14
  3983.00  1.2016e-14
  3984.00  1.2317e-14
  3985.00  1.2368e-14
  3986.00  1.2432e-14
  3987.00  1.2344e-14
  3988.00  1.2638e-14
  3989.00  1.2378e-14
  3990.00  1.2551e-14
  3991.00  1.2460e-14
  3992.00  1.2417e-14
  3993.00  1.2549e-14
  3994.00  1.2401e-14
  3995.00  1.2834e-14
  3996.00  1.2548e-14
  3997.00  1.2576e-14
  3998.00  1.2418e-14
  3999.00  1.2654e-14
  4000.00  1.2646e-14
  4001.00  1.2366e-14
  4002.00  1.2641e-14
  4003.00  1.2760e-14
  4004.00  1.2719e-14
  4005.00  1.2691e-14
  4006.00  1.2633e-14
  4007.00  1.2711e-14
  4008.00  1.2652e-14
  4009.00  1.2473e-14
  4010.00  1.2813e-14
  4011.00  1.2856e-14
  4012.00  1.2751e-14
  4013.00  1.2884e-14
  4014.00  1.2731e-14
  4015.00  1.2828e-14
  4016.00  1.2994e-14
  4017.00  1.3227e-14
  4018.00  1.2827e-14
  4019.00  1.2942e-14
  4020.00  1.3070e-14
  4021.00  1.2805e-14
  4022.00  1.2910e-14
  4023.00  1.3147e-14
  4024.00  1.3020e-14
  4025.00  1.2970e-14
  4026.00  1.2971e-14
  4027.00  1.3068e-14
  4028.00  1.3226e-14
  4029.00  1.3311e-14
  4030.00  1.2910e-14
  4031.00  1.3112e-14
  4032.00  1.3194e-14
  4033.00  1.3206e-14
  4034.00  1.3452e-14
  4035.00  1.3139e-14
  4036.00  1.3260e-14
  4037.00  1.3138e-14
  4038.00  1.3313e-14
  4039.00  1.3151e-14
  4040.00  1.3259e-14
  4041.00  1.3384e-14
  4042.00  1.3438e-14
  4043.00  1.3447e-14
  4044.00  1.3480e-14
  4045.00  1.3440e-14
  4046.00  1.3568e-14
  4047.00  1.3311e-14
  4048.00  1.3694e-14
  4049.00  1.3571e-14
  4050.00  1.3618e-14
  4051.00  1.3545e-14
  4052.00  1.3506e-14
  4053.00  1.3532e-14
  4054.00  1.3958e-14
  4055.00  1.3672e-14
  4056.00  1.3745e-14
  4057.00  1.3588e-14
  4058.00  1.3585e-14
  4059.00  1.3918e-14
  4060.00  1.3311e-14
  4061.00  1.3410e-14
  4062.00  1.4016e-14
  4063.00  1.3630e-14
  4064.00  1.3826e-14
  4065.00  1.3667e-14
  4066.00  1.3824e-14
  4067.00  1.3776e-14
  4068.00  1.3846e-14
  4069.00  1.3793e-14
  4070.00  1.3841e-14
  4071.00  1.3827e-14
  4072.00  1.3779e-14
  4073.00  1.4193e-14
  4074.00  1.3905e-14
  4075.00  1.4004e-14
  4076.00  1.4046e-14
  4077.00  1.4151e-14
  4078.00  1.4051e-14
  4079.00  1.3828e-14
  4080.00  1.3972e-14
  4081.00  1.3978e-14
  4082.00  1.3831e-14
  4083.00  1.4070e-14
  4084.00  1.4021e-14
  4085.00  1.3889e-14
  4086.00  1.4221e-14
  4087.00  1.4026e-14
  4088.00  1.4333e-14
  4089.00  1.3996e-14
  4090.00  1.4159e-14
  4091.00  1.4132e-14
  4092.00  1.3932e-14
  4093.00  1.3770e-14
  4094.00  1.3729e-14
  4095.00  1.3383e-14
  4096.00  1.2994e-14
  4097.00  1.2509e-14
  4098.00  1.2162e-14
  4099.00  1.1899e-14
  4100.00  1.1956e-14
  4101.00  1.1542e-14
  4102.00  1.1482e-14
  4103.00  1.2189e-14
  4104.00  1.2450e-14
  4105.00  1.2965e-14
  4106.00  1.3187e-14
  4107.00  1.3741e-14
  4108.00  1.3782e-14
  4109.00  1.4209e-14
  4110.00  1.4469e-14
  4111.00  1.4400e-14
  4112.00  1.4321e-14
  4113.00  1.4514e-14
  4114.00  1.4640e-14
  4115.00  1.4791e-14
  4116.00  1.4810e-14
  4117.00  1.4827e-14
  4118.00  1.4563e-14
  4119.00  1.4759e-14
  4120.00  1.4983e-14
  4121.00  1.4850e-14
  4122.00  1.4784e-14
  4123.00  1.4846e-14
  4124.00  1.4687e-14
  4125.00  1.4902e-14
  4126.00  1.4780e-14
  4127.00  1.4839e-14
  4128.00  1.5078e-14
  4129.00  1.4894e-14
  4130.00  1.4802e-14
  4131.00  1.4887e-14
  4132.00  1.5070e-14
  4133.00  1.5055e-14
  4134.00  1.4992e-14
  4135.00  1.5050e-14
  4136.00  1.5013e-14
  4137.00  1.4981e-14
  4138.00  1.5176e-14
  4139.00  1.5072e-14
  4140.00  1.5331e-14
  4141.00  1.5342e-14
  4142.00  1.4988e-14
  4143.00  1.5361e-14
  4144.00  1.5182e-14
  4145.00  1.5274e-14
  4146.00  1.5394e-14
  4147.00  1.5461e-14
  4148.00  1.5139e-14
  4149.00  1.5387e-14
  4150.00  1.5474e-14
  4151.00  1.5423e-14
  4152.00  1.5389e-14
  4153.00  1.5428e-14
  4154.00  1.5789e-14
  4155.00  1.5257e-14
  4156.00  1.5696e-14
  4157.00  1.5528e-14
  4158.00  1.5273e-14
  4159.00  1.5213e-14
  4160.00  1.5683e-14
  4161.00  1.5506e-14
  4162.00  1.5482e-14
  4163.00  1.5233e-14
  4164.00  1.5779e-14
  4165.00  1.5637e-14
  4166.00  1.5622e-14
  4167.00  1.5454e-14
  4168.00  1.5473e-14
  4169.00  1.5735e-14
  4170.00  1.5632e-14
  4171.00  1.5610e-14
  4172.00  1.5357e-14
  4173.00  1.5572e-14
  4174.00  1.5667e-14
  4175.00  1.5910e-14
  4176.00  1.5896e-14
  4177.00  1.5762e-14
  4178.00  1.6096e-14
  4179.00  1.5941e-14
  4180.00  1.5863e-14
  4181.00  1.5781e-14
  4182.00  1.6142e-14
  4183.00  1.5782e-14
  4184.00  1.5535e-14
  4185.00  1.6301e-14
  4186.00  1.6056e-14
  4187.00  1.6239e-14
  4188.00  1.6057e-14
  4189.00  1.5932e-14
  4190.00  1.6245e-14
  4191.00  1.6167e-14
  4192.00  1.6355e-14
  4193.00  1.6224e-14
  4194.00  1.6414e-14
  4195.00  1.6492e-14
  4196.00  1.6206e-14
  4197.00  1.5802e-14
  4198.00  1.6281e-14
  4199.00  1.6240e-14
  4200.00  1.6185e-14
  4201.00  1.6214e-14
  4202.00  1.6319e-14
  4203.00  1.6264e-14
  4204.00  1.6214e-14
  4205.00  1.6311e-14
  4206.00  1.6538e-14
  4207.00  1.6416e-14
  4208.00  1.6290e-14
  4209.00  1.6658e-14
  4210.00  1.6421e-14
  4211.00  1.6449e-14
  4212.00  1.6828e-14
  4213.00  1.6423e-14
  4214.00  1.6587e-14
  4215.00  1.6682e-14
  4216.00  1.6352e-14
  4217.00  1.6497e-14
  4218.00  1.6629e-14
  4219.00  1.6764e-14
  4220.00  1.6907e-14
  4221.00  1.6692e-14
  4222.00  1.6997e-14
  4223.00  1.6555e-14
  4224.00  1.6529e-14
  4225.00  1.6603e-14
  4226.00  1.6674e-14
  4227.00  1.6839e-14
  4228.00  1.6747e-14
  4229.00  1.7269e-14
  4230.00  1.6793e-14
  4231.00  1.6863e-14
  4232.00  1.6822e-14
  4233.00  1.6631e-14
  4234.00  1.7332e-14
  4235.00  1.6976e-14
  4236.00  1.6953e-14
  4237.00  1.7107e-14
  4238.00  1.7251e-14
  4239.00  1.7069e-14
  4240.00  1.7002e-14
  4241.00  1.7303e-14
  4242.00  1.7406e-14
  4243.00  1.7151e-14
  4244.00  1.7403e-14
  4245.00  1.7147e-14
  4246.00  1.6980e-14
  4247.00  1.7090e-14
  4248.00  1.7046e-14
  4249.00  1.7169e-14
  4250.00  1.7523e-14
  4251.00  1.7110e-14
  4252.00  1.7167e-14
  4253.00  1.7067e-14
  4254.00  1.7484e-14
  4255.00  1.7652e-14
  4256.00  1.7255e-14
  4257.00  1.7122e-14
  4258.00  1.7400e-14
  4259.00  1.7777e-14
  4260.00  1.7158e-14
  4261.00  1.7478e-14
  4262.00  1.7481e-14
  4263.00  1.7155e-14
  4264.00  1.7616e-14
  4265.00  1.7697e-14
  4266.00  1.7455e-14
  4267.00  1.7460e-14
  4268.00  1.7434e-14
  4269.00  1.7581e-14
  4270.00  1.7754e-14
  4271.00  1.7594e-14
  4272.00  1.7974e-14
  4273.00  1.7821e-14
  4274.00  1.7794e-14
  4275.00  1.7785e-14
  4276.00  1.8016e-14
  4277.00  1.7794e-14
  4278.00  1.7838e-14
  4279.00  1.8105e-14
  4280.00  1.7843e-14
  4281.00  1.7780e-14
  4282.00  1.7685e-14
  4283.00  1.8122e-14
  4284.00  1.7851e-14
  4285.00  1.7670e-14
  4286.00  1.8180e-14
  4287.00  1.8006e-14
  4288.00  1.7879e-14
  4289.00  1.8063e-14
  4290.00  1.8158e-14
  4291.00  1.7915e-14
  4292.00  1.8158e-14
  4293.00  1.8226e-14
  4294.00  1.8120e-14
  4295.00  1.8236e-14
  4296.00  1.8132e-14
  4297.00  1.8116e-14
  4298.00  1.8343e-14
  4299.00  1.8196e-14
  4300.00  1.7791e-14
  4301.00  1.7988e-14
  4302.00  1.7748e-14
  4303.00  1.7833e-14
  4304.00  1.7492e-14
  4305.00  1.7970e-14
  4306.00  1.7555e-14
  4307.00  1.7936e-14
  4308.00  1.8141e-14
  4309.00  1.8199e-14
  4310.00  1.8366e-14
  4311.00  1.8465e-14
  4312.00  1.8535e-14
  4313.00  1.8412e-14
  4314.00  1.8225e-14
  4315.00  1.8749e-14
  4316.00  1.8443e-14
  4317.00  1.8359e-14
  4318.00  1.8661e-14
  4319.00  1.8600e-14
  4320.00  1.8726e-14
  4321.00  1.8777e-14
  4322.00  1.8549e-14
  4323.00  1.9089e-14
  4324.00  1.8660e-14
  4325.00  1.8551e-14
  4326.00  1.8774e-14
  4327.00  1.8893e-14
  4328.00  1.8432e-14
  4329.00  1.8615e-14
  4330.00  1.8666e-14
  4331.00  1.8606e-14
  4332.00  1.8450e-14
  4333.00  1.8832e-14
  4334.00  1.8185e-14
  4335.00  1.8049e-14
  4336.00  1.7783e-14
  4337.00  1.7242e-14
  4338.00  1.6846e-14
  4339.00  1.6618e-14
  4340.00  1.6377e-14
  4341.00  1.6260e-14
  4342.00  1.6435e-14
  4343.00  1.6276e-14
  4344.00  1.6877e-14
  4345.00  1.7462e-14
  4346.00  1.7934e-14
  4347.00  1.7834e-14
  4348.00  1.8632e-14
  4349.00  1.8841e-14
  4350.00  1.9213e-14
  4351.00  1.8848e-14
  4352.00  1.8926e-14
  4353.00  1.9247e-14
  4354.00  1.9368e-14
  4355.00  1.9612e-14
  4356.00  1.9339e-14
  4357.00  1.9756e-14
  4358.00  1.9612e-14
  4359.00  1.9603e-14
  4360.00  1.9775e-14
  4361.00  1.9306e-14
  4362.00  1.9586e-14
  4363.00  1.9559e-14
  4364.00  2.0024e-14
  4365.00  1.9719e-14
  4366.00  1.9256e-14
  4367.00  1.9696e-14
  4368.00  1.9840e-14
  4369.00  1.9717e-14
  4370.00  1.9496e-14
  4371.00  1.9578e-14
  4372.00  1.9768e-14
  4373.00  1.9963e-14
  4374.00  1.9643e-14
  4375.00  1.9424e-14
  4376.00  1.9684e-14
  4377.00  1.9822e-14
  4378.00  2.0173e-14
  4379.00  1.9765e-14
  4380.00  1.9932e-14
  4381.00  2.0070e-14
  4382.00  2.0183e-14
  4383.00  1.9932e-14
  4384.00  1.9991e-14
  4385.00  1.9650e-14
  4386.00  2.0193e-14
  4387.00  2.0120e-14
  4388.00  2.0410e-14
  4389.00  2.0229e-14
  4390.00  1.9948e-14
  4391.00  2.0200e-14
  4392.00  2.0209e-14
  4393.00  2.0159e-14
  4394.00  2.0066e-14
  4395.00  2.0200e-14
  4396.00  2.0340e-14
  4397.00  2.0546e-14
  4398.00  2.0386e-14
  4399.00  2.0331e-14
  4400.00  2.0199e-14
  4401.00  2.0187e-14
  4402.00  2.0802e-14
  4403.00  2.0346e-14
  4404.00  2.0445e-14
  4405.00  2.0715e-14
  4406.00  2.0229e-14
  4407.00  2.0562e-14
  4408.00  2.0535e-14
  4409.00  2.0491e-14
  4410.00  2.0287e-14
  4411.00  2.0530e-14
  4412.00  2.0747e-14
  4413.00  2.1045e-14
  4414.00  2.0746e-14
  4415.00  2.0448e-14
  4416.00  2.0716e-14
  4417.00  2.0633e-14
  4418.00  2.0806e-14
  4419.00  2.0536e-14
  4420.00  2.0481e-14
  4421.00  2.0600e-14
  4422.00  2.0984e-14
  4423.00  2.0642e-14
  4424.00  2.0715e-14
  4425.00  2.0760e-14
  4426.00  2.1022e-14
  4427.00  2.0954e-14
  4428.00  2.0711e-14
  4429.00  2.0830e-14
  4430.00  2.1065e-14
  4431.00  2.0961e-14
  4432.00  2.0922e-14
  4433.00  2.0982e-14
  4434.00  2.0910e-14
  4435.00  2.0776e-14
  4436.00  2.0707e-14
  4437.00  2.0989e-14
  4438.00  2.1183e-14
  4439.00  2.0819e-14
  4440.00  2.0854e-14
  4441.00  2.1359e-14
  4442.00  2.1014e-14
  4443.00  2.1250e-14
  4444.00  2.1342e-14
  4445.00  2.0914e-14
  4446.00  2.1035e-14
  4447.00  2.1219e-14
  4448.00  2.1726e-14
  4449.00  2.1597e-14
  4450.00  2.1254e-14
  4451.00  2.1466e-14
  4452.00  2.1166e-14
  4453.00  2.1534e-14
  4454.00  2.1333e-14
  4455.00  2.1565e-14
  4456.00  2.1610e-14
  4457.00  2.1176e-14
  4458.00  2.1582e-14
  4459.00  2.1529e-14
  4460.00  2.1606e-14
  4461.00  2.1582e-14
  4462.00  2.1815e-14
  4463.00  2.1702e-14
  4464.00  2.1511e-14
  4465.00  2.1677e-14
  4466.00  2.1905e-14
  4467.00  2.2054e-14
  4468.00  2.1816e-14
  4469.00  2.1545e-14
  4470.00  2.1838e-14
  4471.00  2.1834e-14
  4472.00  2.1948e-14
  4473.00  2.1804e-14
  4474.00  2.1933e-14
  4475.00  2.1749e-14
  4476.00  2.2076e-14
  4477.00  2.1733e-14
  4478.00  2.2074e-14
  4479.00  2.2390e-14
  4480.00  2.2033e-14
  4481.00  2.2111e-14
  4482.00  2.2007e-14
  4483.00  2.2067e-14
  4484.00  2.2179e-14
  4485.00  2.2153e-14
  4486.00  2.1857e-14
  4487.00  2.2272e-14
  4488.00  2.2714e-14
  4489.00  2.1968e-14
  4490.00  2.2289e-14
  4491.00  2.2264e-14
  4492.00  2.1779e-14
  4493.00  2.2288e-14
  4494.00  2.2734e-14
  4495.00  2.2754e-14
  4496.00  2.2157e-14
  4497.00  2.2792e-14
  4498.00  2.2568e-14
  4499.00  2.2157e-14
  4500.00  2.2165e-14
  4501.00  2.2640e-14
  4502.00  2.2533e-14
  4503.00  2.2503e-14
  4504.00  2.2482e-14
  4505.00  2.2676e-14
  4506.00  2.2639e-14
  4507.00  2.2383e-14
  4508.00  2.2679e-14
  4509.00  2.2724e-14
  4510.00  2.2902e-14
  4511.00  2.2379e-14
  4512.00  2.2846e-14
  4513.00  2.3062e-14
  4514.00  2.2676e-14
  4515.00  2.3017e-14
  4516.00  2.3130e-14
  4517.00  2.2729e-14
  4518.00  2.2722e-14
  4519.00  2.2687e-14
  4520.00  2.2463e-14
  4521.00  2.3047e-14
  4522.00  2.2658e-14
  4523.00  2.3118e-14
  4524.00  2.3119e-14
  4525.00  2.2896e-14
  4526.00  2.3362e-14
  4527.00  2.3117e-14
  4528.00  2.2911e-14
  4529.00  2.2948e-14
  4530.00  2.2670e-14
  4531.00  2.3349e-14
  4532.00  2.3236e-14
  4533.00  2.3261e-14
  4534.00  2.3347e-14
  4535.00  2.3867e-14
  4536.00  2.3187e-14
  4537.00  2.3308e-14
  4538.00  2.3837e-14
  4539.00  2.3499e-14
  4540.00  2.3246e-14
  4541.00  2.3469e-14
  4542.00  2.3060e-14
  4543.00  2.2667e-14
  4544.00  2.3445e-14
  4545.00  2.3535e-14
  4546.00  2.3338e-14
  4547.00  2.3577e-14
  4548.00  2.3422e-14
  4549.00  2.3370e-14
  4550.00  2.3681e-14
  4551.00  2.3385e-14
  4552.00  2.3827e-14
  4553.00  2.3454e-14
  4554.00  2.3766e-14
  4555.00  2.3767e-14
  4556.00  2.4045e-14
  4557.00  2.3681e-14
  4558.00  2.3628e-14
  4559.00  2.3900e-14
  4560.00  2.3544e-14
  4561.00  2.4086e-14
  4562.00  2.3794e-14
  4563.00  2.3891e-14
  4564.00  2.3603e-14
  4565.00  2.3915e-14
  4566.00  2.3944e-14
  4567.00  2.4025e-14
  4568.00  2.3692e-14
  4569.00  2.3854e-14
  4570.00  2.3913e-14
  4571.00  2.3940e-14
  4572.00  2.4065e-14
  4573.00  2.4020e-14
  4574.00  2.3645e-14
  4575.00  2.4272e-14
  4576.00  2.4014e-14
  4577.00  2.4155e-14
  4578.00  2.4006e-14
  4579.00  2.4341e-14
  4580.00  2.4554e-14
  4581.00  2.4128e-14
  4582.00  2.4255e-14
  4583.00  2.4087e-14
  4584.00  2.3814e-14
  4585.00  2.4553e-14
  4586.00  2.4059e-14
  4587.00  2.4405e-14
  4588.00  2.4661e-14
  4589.00  2.4419e-14
  4590.00  2.4570e-14
  4591.00  2.4602e-14
  4592.00  2.4565e-14
  4593.00  2.4392e-14
  4594.00  2.4947e-14
  4595.00  2.4365e-14
  4596.00  2.4476e-14
  4597.00  2.4315e-14
  4598.00  2.4506e-14
  4599.00  2.4355e-14
  4600.00  2.4615e-14
  4601.00  2.3958e-14
  4602.00  2.5405e-14
  4603.00  2.4726e-14
  4604.00  2.4650e-14
  4605.00  2.4595e-14
  4606.00  2.4627e-14
  4607.00  2.4806e-14
  4608.00  2.4728e-14
  4609.00  2.5047e-14
  4610.00  2.4541e-14
  4611.00  2.5133e-14
  4612.00  2.4741e-14
  4613.00  2.4644e-14
  4614.00  2.5151e-14
  4615.00  2.5184e-14
  4616.00  2.4916e-14
  4617.00  2.5119e-14
  4618.00  2.5236e-14
  4619.00  2.5113e-14
  4620.00  2.5243e-14
  4621.00  2.4783e-14
  4622.00  2.4777e-14
  4623.00  2.5122e-14
  4624.00  2.5180e-14
  4625.00  2.5432e-14
  4626.00  2.5075e-14
  4627.00  2.5099e-14
  4628.00  2.5416e-14
  4629.00  2.5446e-14
  4630.00  2.5286e-14
  4631.00  2.5194e-14
  4632.00  2.5314e-14
  4633.00  2.5134e-14
  4634.00  2.5374e-14
  4635.00  2.5645e-14
  4636.00  2.6028e-14
  4637.00  2.5502e-14
  4638.00  2.5569e-14
  4639.00  2.5463e-14
  4640.00  2.5993e-14
  4641.00  2.5380e-14
  4642.00  2.5984e-14
  4643.00  2.5455e-14
  4644.00  2.5645e-14
  4645.00  2.5808e-14
  4646.00  2.5229e-14
  4647.00  2.6194e-14
  4648.00  2.6227e-14
  4649.00  2.5821e-14
  4650.00  2.5781e-14
  4651.00  2.5688e-14
  4652.00  2.5723e-14
  4653.00  2.6090e-14
  4654.00  2.5446e-14
  4655.00  2.5912e-14
  4656.00  2.6054e-14
  4657.00  2.6076e-14
  4658.00  2.5815e-14
  4659.00  2.5823e-14
  4660.00  2.5680e-14
  4661.00  2.5727e-14
  4662.00  2.5912e-14
  4663.00  2.5976e-14
  4664.00  2.5665e-14
  4665.00  2.5633e-14
  4666.00  2.6071e-14
  4667.00  2.6285e-14
  4668.00  2.5999e-14
  4669.00  2.6456e-14
  4670.00  2.6117e-14
  4671.00  2.5670e-14
  4672.00  2.6943e-14
  4673.00  2.6384e-14
  4674.00  2.6197e-14
  4675.00  2.6387e-14
  4676.00  2.6196e-14
  4677.00  2.6361e-14
  4678.00  2.6023e-14
  4679.00  2.6392e-14
  4680.00  2.5993e-14
  4681.00  2.6552e-14
  4682.00  2.6308e-14
  4683.00  2.6462e-14
  4684.00  2.6560e-14
  4685.00  2.6625e-14
  4686.00  2.6611e-14
  4687.00  2.7223e-14
  4688.00  2.6838e-14
  4689.00  2.6412e-14
  4690.00  2.6339e-14
  4691.00  2.6480e-14
  4692.00  2.6318e-14
  4693.00  2.6823e-14
  4694.00  2.6558e-14
  4695.00  2.6518e-14
  4696.00  2.7367e-14
  4697.00  2.6603e-14
  4698.00  2.6542e-14
  4699.00  2.6697e-14
  4700.00  2.6785e-14
  4701.00  2.7388e-14
  4702.00  2.7097e-14
  4703.00  2.6836e-14
  4704.00  2.6800e-14
  4705.00  2.7258e-14
  4706.00  2.7381e-14
  4707.00  2.7014e-14
  4708.00  2.7351e-14
  4709.00  2.6618e-14
  4710.00  2.7185e-14
  4711.00  2.6703e-14
  4712.00  2.7355e-14
  4713.00  2.7431e-14
  4714.00  2.6943e-14
  4715.00  2.7010e-14
  4716.00  2.7045e-14
  4717.00  2.7552e-14
  4718.00  2.7156e-14
  4719.00  2.8035e-14
  4720.00  2.7265e-14
  4721.00  2.7161e-14
  4722.00  2.7574e-14
  4723.00  2.7258e-14
  4724.00  2.6936e-14
  4725.00  2.7922e-14
  4726.00  2.7072e-14
  4727.00  2.7700e-14
  4728.00  2.7904e-14
  4729.00  2.7622e-14
  4730.00  2.7383e-14
  4731.00  2.7546e-14
  4732.00  2.7469e-14
  4733.00  2.7622e-14
  4734.00  2.8051e-14
  4735.00  2.7645e-14
  4736.00  2.7376e-14
  4737.00  2.7683e-14
  4738.00  2.7678e-14
  4739.00  2.7804e-14
  4740.00  2.7949e-14
  4741.00  2.7606e-14
  4742.00  2.7822e-14
  4743.00  2.7688e-14
  4744.00  2.7668e-14
  4745.00  2.7990e-14
  4746.00  2.7662e-14
  4747.00  2.7714e-14
  4748.00  2.8170e-14
  4749.00  2.8191e-14
  4750.00  2.8318e-14
  4751.00  2.8117e-14
  4752.00  2.7615e-14
  4753.00  2.8094e-14
  4754.00  2.7386e-14
  4755.00  2.8329e-14
  4756.00  2.8418e-14
  4757.00  2.8623e-14
  4758.00  2.8673e-14
  4759.00  2.8053e-14
  4760.00  2.8003e-14
  4761.00  2.7927e-14
  4762.00  2.7722e-14
  4763.00  2.8753e-14
  4764.00  2.8058e-14
  4765.00  2.7732e-14
  4766.00  2.8424e-14
  4767.00  2.8149e-14
  4768.00  2.7933e-14
  4769.00  2.8279e-14
  4770.00  2.7964e-14
  4771.00  2.7885e-14
  4772.00  2.8374e-14
  4773.00  2.8382e-14
  4774.00  2.8016e-14
  4775.00  2.8503e-14
  4776.00  2.8131e-14
  4777.00  2.8507e-14
  4778.00  2.8708e-14
  4779.00  2.9171e-14
  4780.00  2.8382e-14
  4781.00  2.8906e-14
  4782.00  2.8506e-14
  4783.00  2.8778e-14
  4784.00  2.8999e-14
  4785.00  2.8733e-14
  4786.00  2.8718e-14
  4787.00  2.8605e-14
  4788.00  2.9296e-14
  4789.00  2.9121e-14
  4790.00  2.8488e-14
  4791.00  2.8478e-14
  4792.00  2.9118e-14
  4793.00  2.9144e-14
  4794.00  2.8636e-14
  4795.00  2.8661e-14
  4796.00  2.9288e-14
  4797.00  2.8705e-14
  4798.00  2.8969e-14
  4799.00  2.9034e-14
  4800.00  2.9438e-14
  4801.00  2.9357e-14
  4802.00  2.8627e-14
  4803.00  2.9316e-14
  4804.00  2.8970e-14
  4805.00  2.9332e-14
  4806.00  2.9324e-14
  4807.00  2.8896e-14
  4808.00  2.9320e-14
  4809.00  2.9310e-14
  4810.00  2.9075e-14
  4811.00  2.9405e-14
  4812.00  2.9370e-14
  4813.00  2.9547e-14
  4814.00  2.9403e-14
  4815.00  2.9852e-14
  4816.00  2.9226e-14
  4817.00  2.9605e-14
  4818.00  2.9116e-14
  4819.00  2.9808e-14
  4820.00  2.9485e-14
  4821.00  2.9579e-14
  4822.00  2.9484e-14
  4823.00  3.0174e-14
  4824.00  2.9926e-14
  4825.00  2.9896e-14
  4826.00  2.9966e-14
  4827.00  2.9917e-14
  4828.00  2.9793e-14
  4829.00  2.9583e-14
  4830.00  2.8874e-14
  4831.00  2.9674e-14
  4832.00  2.9765e-14
  4833.00  2.9861e-14
  4834.00  2.9290e-14
  4835.00  3.0023e-14
  4836.00  2.9314e-14
  4837.00  2.9692e-14
  4838.00  2.9518e-14
  4839.00  3.0073e-14
  4840.00  2.9743e-14
  4841.00  2.9504e-14
  4842.00  2.9831e-14
  4843.00  2.9875e-14
  4844.00  2.9765e-14
  4845.00  3.0039e-14
  4846.00  3.0749e-14
  4847.00  3.0479e-14
  4848.00  2.9996e-14
  4849.00  3.0320e-14
  4850.00  3.0368e-14
  4851.00  3.0857e-14
  4852.00  3.2052e-14
  4853.00  3.3544e-14
  4854.00  3.5165e-14
  4855.00  3.7177e-14
  4856.00  4.0322e-14
  4857.00  4.2780e-14
  4858.00  4.6964e-14
  4859.00  4.9348e-14
  4860.00  5.0914e-14
  4861.00  5.2018e-14
  4862.00  5.0886e-14
  4863.00  4.9496e-14
  4864.00  4.6621e-14
  4865.00  4.3223e-14
  4866.00  3.9980e-14
  4867.00  3.7575e-14
  4868.00  3.5098e-14
  4869.00  3.3345e-14
  4870.00  3.2264e-14
  4871.00  3.1547e-14
  4872.00  3.1450e-14
  4873.00  3.1067e-14
  4874.00  3.1023e-14
  4875.00  3.0081e-14
  4876.00  3.0527e-14
  4877.00  3.0887e-14
  4878.00  3.0818e-14
  4879.00  3.1242e-14
  4880.00  3.0932e-14
  4881.00  3.0911e-14
  4882.00  3.0587e-14
  4883.00  3.0923e-14
  4884.00  3.1164e-14
  4885.00  3.1059e-14
  4886.00  3.0897e-14
  4887.00  3.1221e-14
  4888.00  3.1031e-14
  4889.00  3.1243e-14
  4890.00  3.1546e-14
  4891.00  3.1038e-14
  4892.00  3.0962e-14
  4893.00  3.1077e-14
  4894.00  3.0919e-14
  4895.00  3.1123e-14
  4896.00  3.1905e-14
  4897.00  3.1345e-14
  4898.00  3.1006e-14
  4899.00  3.1314e-14
  4900.00  3.1398e-14
  4901.00  3.1902e-14
  4902.00  3.1048e-14
  4903.00  3.1348e-14
  4904.00  3.1286e-14
  4905.00  3.1308e-14
  4906.00  3.1679e-14
  4907.00  3.1525e-14
  4908.00  3.1355e-14
  4909.00  3.1557e-14
  4910.00  3.2252e-14
  4911.00  3.1583e-14
  4912.00  3.1176e-14
  4913.00  3.2113e-14
  4914.00  3.1459e-14
  4915.00  3.1828e-14
  4916.00  3.2360e-14
  4917.00  3.1298e-14
  4918.00  3.1918e-14
  4919.00  3.1860e-14
  4920.00  3.1702e-14
  4921.00  3.2155e-14
  4922.00  3.2084e-14
  4923.00  3.1574e-14
  4924.00  3.1607e-14
  4925.00  3.1715e-14
  4926.00  3.2022e-14
  4927.00  3.2344e-14
  4928.00  3.2088e-14
  4929.00  3.1640e-14
  4930.00  3.1889e-14
  4931.00  3.1802e-14
  4932.00  3.2189e-14
  4933.00  3.2215e-14
  4934.00  3.2088e-14
  4935.00  3.2232e-14
  4936.00  3.2125e-14
  4937.00  3.1814e-14
  4938.00  3.2875e-14
  4939.00  3.2017e-14
  4940.00  3.2134e-14
  4941.00  3.2110e-14
  4942.00  3.2182e-14
  4943.00  3.2070e-14
  4944.00  3.2551e-14
  4945.00  3.2537e-14
  4946.00  3.2815e-14
  4947.00  3.2797e-14
  4948.00  3.2501e-14
  4949.00  3.3945e-14
  4950.00  3.3759e-14
  4951.00  3.5589e-14
  4952.00  3.7172e-14
  4953.00  3.9293e-14
  4954.00  4.1287e-14
  4955.00  4.4273e-14
  4956.00  4.7272e-14
  4957.00  4.9888e-14
  4958.00  5.1282e-14
  4959.00  5.1691e-14
  4960.00  5.1025e-14
  4961.00  5.0343e-14
  4962.00  4.7292e-14
  4963.00  4.4632e-14
  4964.00  4.1327e-14
  4965.00  3.9287e-14
  4966.00  3.7123e-14
  4967.00  3.5203e-14
  4968.00  3.4498e-14
  4969.00  3.4208e-14
  4970.00  3.3135e-14
  4971.00  3.2483e-14
  4972.00  3.3508e-14
  4973.00  3.2919e-14
  4974.00  3.3198e-14
  4975.00  3.3025e-14
  4976.00  3.3599e-14
  4977.00  3.3380e-14
  4978.00  3.2778e-14
  4979.00  3.3717e-14
  4980.00  3.3250e-14
  4981.00  3.2997e-14
  4982.00  3.3587e-14
  4983.00  3.3000e-14
  4984.00  3.3780e-14
  4985.00  3.3820e-14
  4986.00  3.3682e-14
  4987.00  3.3320e-14
  4988.00  3.3920e-14
  4989.00  3.3075e-14
  4990.00  3.2878e-14
  4991.00  3.3208e-14
  4992.00  3.3019e-14
  4993.00  3.4112e-14
  4994.00  3.3832e-14
  4995.00  3.4554e-14
  4996.00  3.4727e-14
  4997.00  3.5969e-14
  4998.00  3.8521e-14
  4999.00  4.2233e-14
  5000.00  4.6690e-14
  5001.00  5.3573e-14
  5002.00  6.1318e-14
  5003.00  7.0827e-14
  5004.00  7.9250e-14
  5005.00  8.7356e-14
  5006.00  9.2792e-14
  5007.00  9.4883e-14
  5008.00  9.2828e-14
  5009.00  8.7716e-14
  5010.00  7.9805e-14
  5011.00  7.0626e-14
  5012.00  6.1754e-14
  5013.00  5.3675e-14
  5014.00  4.6897e-14
  5015.00  4.1779e-14
  5016.00  3.8942e-14
  5017.00  3.6437e-14
  5018.00  3.5283e-14
  5019.00  3.4865e-14
  5020.00  3.3807e-14
  5021.00  3.4090e-14
  5022.00  3.4329e-14
  5023.00  3.4244e-14
  5024.00  3.3871e-14
  5025.00  3.4118e-14
  5026.00  3.4266e-14
  5027.00  3.4444e-14
  5028.00  3.4022e-14
  5029.00  3.4168e-14
  5030.00  3.4381e-14
  5031.00  3.4222e-14
  5032.00  3.3437e-14
  5033.00  3.4230e-14
  5034.00  3.4163e-14
  5035.00  3.4705e-14
  5036.00  3.4099e-14
  5037.00  3.4094e-14
  5038.00  3.4596e-14
  5039.00  3.5225e-14
  5040.00  3.4050e-14
  5041.00  3.4140e-14
  5042.00  3.4481e-14
  5043.00  3.4269e-14
  5044.00  3.5411e-14
  5045.00  3.4273e-14
  5046.00  3.4391e-14
  5047.00  3.5692e-14
  5048.00  3.4362e-14
  5049.00  3.4741e-14
  5050.00  3.4707e-14
  5051.00  3.5169e-14
  5052.00  3.5167e-14
  5053.00  3.5249e-14
  5054.00  3.4656e-14
  5055.00  3.4750e-14
  5056.00  3.5128e-14
  5057.00  3.4573e-14
  5058.00  3.4936e-14
  5059.00  3.4808e-14
  5060.00  3.5217e-14
  5061.00  3.5139e-14
  5062.00  3.5103e-14
  5063.00  3.5221e-14
  5064.00  3.5133e-14
  5065.00  3.4999e-14
  5066.00  3.4785e-14
  5067.00  3.5683e-14
  5068.00  3.5023e-14
  5069.00  3.5383e-14
  5070.00  3.5124e-14
  5071.00  3.4825e-14
  5072.00  3.4642e-14
  5073.00  3.4871e-14
  5074.00  3.5743e-14
  5075.00  3.4816e-14
  5076.00  3.4727e-14
  5077.00  3.5224e-14
  5078.00  3.5669e-14
  5079.00  3.5336e-14
  5080.00  3.5814e-14
  5081.00  3.5521e-14
  5082.00  3.4910e-14
  5083.00  3.5758e-14
  5084.00  3.5723e-14
  5085.00  3.5792e-14
  5086.00  3.5411e-14
  5087.00  3.5062e-14
  5088.00  3.6066e-14
  5089.00  3.5987e-14
  5090.00  3.5921e-14
  5091.00  3.5210e-14
  5092.00  3.5531e-14
  5093.00  3.5461e-14
  5094.00  3.5679e-14
  5095.00  3.5578e-14
  5096.00  3.6002e-14
  5097.00  3.5954e-14
  5098.00  3.6174e-14
  5099.00  3.5719e-14
  5100.00  3.5858e-14
  5101.00  3.5548e-14
  5102.00  3.5683e-14
  5103.00  3.6519e-14
  5104.00  3.5729e-14
  5105.00  3.5947e-14
  5106.00  3.5539e-14
  5107.00  3.6185e-14
  5108.00  3.5487e-14
  5109.00  3.6155e-14
  5110.00  3.5708e-14
  5111.00  3.6321e-14
  5112.00  3.6492e-14
  5113.00  3.6662e-14
  5114.00  3.6222e-14
  5115.00  3.7283e-14
  5116.00  3.6808e-14
  5117.00  3.6095e-14
  5118.00  3.5889e-14
  5119.00  3.6587e-14
  5120.00  3.6045e-14
  5121.00  3.6168e-14
  5122.00  3.6995e-14
  5123.00  3.6646e-14
  5124.00  3.6427e-14
  5125.00  3.6463e-14
  5126.00  3.6597e-14
  5127.00  3.6623e-14
  5128.00  3.7061e-14
  5129.00  3.6593e-14
  5130.00  3.6676e-14
  5131.00  3.6847e-14
  5132.00  3.6974e-14
  5133.00  3.6837e-14
  5134.00  3.6421e-14
  5135.00  3.6587e-14
  5136.00  3.7075e-14
  5137.00  3.6790e-14
  5138.00  3.7090e-14
  5139.00  3.6735e-14
  5140.00  3.6836e-14
  5141.00  3.6783e-14
  5142.00  3.6780e-14
  5143.00  3.7083e-14
  5144.00  3.6764e-14
  5145.00  3.6600e-14
  5146.00  3.6940e-14
  5147.00  3.6885e-14
  5148.00  3.7254e-14
  5149.00  3.7299e-14
  5150.00  3.7473e-14
  5151.00  3.7165e-14
  5152.00  3.7478e-14
  5153.00  3.6954e-14
  5154.00  3.6985e-14
  5155.00  3.7533e-14
  5156.00  3.7348e-14
  5157.00  3.6636e-14
  5158.00  3.6834e-14
  5159.00  3.6805e-14
  5160.00  3.7389e-14
  5161.00  3.7759e-14
  5162.00  3.7347e-14
  5163.00  3.8247e-14
  5164.00  3.8084e-14
  5165.00  3.7212e-14
  5166.00  3.6838e-14
  5167.00  3.6834e-14
  5168.00  3.7576e-14
  5169.00  3.6943e-14
  5170.00  3.7329e-14
  5171.00  3.6768e-14
  5172.00  3.6902e-14
  5173.00  3.6574e-14
  5174.00  3.6059e-14
  5175.00  3.6259e-14
  5176.00  3.6651e-14
  5177.00  3.6037e-14
  5178.00  3.6646e-14
  5179.00  3.7270e-14
  5180.00  3.8016e-14
  5181.00  3.8066e-14
  5182.00  3.7712e-14
  5183.00  3.7982e-14
  5184.00  3.7769e-14
  5185.00  3.7828e-14
  5186.00  3.7717e-14
  5187.00  3.7895e-14
  5188.00  3.8043e-14
  5189.00  3.7711e-14
  5190.00  3.7944e-14
  5191.00  3.8244e-14
  5192.00  3.8261e-14
  5193.00  3.8533e-14
  5194.00  3.7777e-14
  5195.00  3.7991e-14
  5196.00  3.8363e-14
  5197.00  3.8426e-14
  5198.00  3.7981e-14
  5199.00  3.7209e-14
  5200.00  3.8209e-14
  5201.00  3.8230e-14
  5202.00  3.7922e-14
  5203.00  3.7515e-14
  5204.00  3.7849e-14
  5205.00  3.8299e-14
  5206.00  3.7736e-14
  5207.00  3.8564e-14
  5208.00  3.8569e-14
  5209.00  3.8446e-14
  5210.00  3.7751e-14
  5211.00  3.8838e-14
  5212.00  3.8025e-14
  5213.00  3.9099e-14
  5214.00  3.8157e-14
  5215.00  3.8374e-14
  5216.00  3.9321e-14
  5217.00  3.7676e-14
  5218.00  3.8273e-14
  5219.00  3.8738e-14
  5220.00  3.8827e-14
  5221.00  3.9371e-14
  5222.00  3.8779e-14
  5223.00  3.8700e-14
  5224.00  3.8684e-14
  5225.00  3.9298e-14
  5226.00  3.8473e-14
  5227.00  3.8977e-14
  5228.00  3.9189e-14
  5229.00  3.8426e-14
  5230.00  3.8703e-14
  5231.00  3.8153e-14
  5232.00  3.9624e-14
  5233.00  3.9044e-14
  5234.00  3.9035e-14
  5235.00  3.8853e-14
  5236.00  3.8928e-14
  5237.00  3.8868e-14
  5238.00  3.8939e-14
  5239.00  3.9175e-14
  5240.00  3.9141e-14
  5241.00  3.8780e-14
  5242.00  3.9555e-14
  5243.00  3.9726e-14
  5244.00  3.9573e-14
  5245.00  3.8386e-14
  5246.00  3.9190e-14
  5247.00  3.8848e-14
  5248.00  3.9778e-14
  5249.00  3.9595e-14
  5250.00  3.9735e-14
  5251.00  3.9837e-14
  5252.00  3.9677e-14
  5253.00  4.0345e-14
  5254.00  3.9498e-14
  5255.00  3.9293e-14
  5256.00  3.9303e-14
  5257.00  3.9843e-14
  5258.00  3.9997e-14
  5259.00  3.8658e-14
  5260.00  3.9258e-14
  5261.00  3.9857e-14
  5262.00  3.9892e-14
  5263.00  4.0427e-14
  5264.00  3.8909e-14
  5265.00  3.9634e-14
  5266.00  3.9431e-14
  5267.00  3.9705e-14
  5268.00  3.9883e-14
  5269.00  4.0106e-14
  5270.00  3.9539e-14
  5271.00  3.9708e-14
  5272.00  3.9405e-14
  5273.00  4.0516e-14
  5274.00  3.9857e-14
  5275.00  3.9404e-14
  5276.00  4.0326e-14
  5277.00  3.9377e-14
  5278.00  3.9623e-14
  5279.00  4.0569e-14
  5280.00  3.9263e-14
  5281.00  3.9791e-14
  5282.00  3.9230e-14
  5283.00  4.0286e-14
  5284.00  3.9531e-14
  5285.00  4.0371e-14
  5286.00  4.0190e-14
  5287.00  3.9837e-14
  5288.00  4.0102e-14
  5289.00  4.0496e-14
  5290.00  3.9955e-14
  5291.00  3.9991e-14
  5292.00  4.0349e-14
  5293.00  4.0249e-14
  5294.00  3.9572e-14
  5295.00  3.9490e-14
  5296.00  4.0346e-14
  5297.00  4.0209e-14
  5298.00  4.0371e-14
  5299.00  4.0563e-14
  5300.00  3.9857e-14
  5301.00  4.0544e-14
  5302.00  4.0155e-14
  5303.00  3.9938e-14
  5304.00  4.0367e-14
  5305.00  4.0370e-14
  5306.00  4.0060e-14
  5307.00  4.0664e-14
  5308.00  4.0158e-14
  5309.00  4.0336e-14
  5310.00  4.0852e-14
  5311.00  4.1622e-14
  5312.00  4.0167e-14
  5313.00  4.0497e-14
  5314.00  4.0099e-14
  5315.00  4.1554e-14
  5316.00  4.0730e-14
  5317.00  4.0470e-14
  5318.00  4.0738e-14
  5319.00  4.0023e-14
  5320.00  4.1337e-14
  5321.00  4.1542e-14
  5322.00  4.0954e-14
  5323.00  4.0686e-14
  5324.00  4.0416e-14
  5325.00  4.0998e-14
  5326.00  4.0582e-14
  5327.00  4.1671e-14
  5328.00  4.0622e-14
  5329.00  4.1033e-14
  5330.00  4.1190e-14
  5331.00  4.1070e-14
  5332.00  4.0577e-14
  5333.00  4.0702e-14
  5334.00  4.0359e-14
  5335.00  4.0856e-14
  5336.00  4.0910e-14
  5337.00  4.1176e-14
  5338.00  4.0810e-14
  5339.00  4.1606e-14
  5340.00  4.0889e-14
  5341.00  4.0387e-14
  5342.00  4.1310e-14
  5343.00  4.0927e-14
  5344.00  4.0521e-14
  5345.00  4.0886e-14
  5346.00  4.1377e-14
  5347.00  4.1626e-14
  5348.00  4.1880e-14
  5349.00  4.1501e-14
  5350.00  4.2082e-14
  5351.00  4.1740e-14
  5352.00  4.2467e-14
  5353.00  4.1660e-14
  5354.00  4.1127e-14
  5355.00  4.0864e-14
  5356.00  4.2263e-14
  5357.00  4.1187e-14
  5358.00  4.1655e-14
  5359.00  4.1723e-14
  5360.00  4.1827e-14
  5361.00  4.2103e-14
  5362.00  4.2494e-14
  5363.00  4.2132e-14
  5364.00  4.1829e-14
  5365.00  4.1377e-14
  5366.00  4.1050e-14
  5367.00  4.2451e-14
  5368.00  4.2517e-14
  5369.00  4.2219e-14
  5370.00  4.2039e-14
  5371.00  4.2118e-14
  5372.00  4.2213e-14
  5373.00  4.2422e-14
  5374.00  4.1813e-14
  5375.00  4.2293e-14
  5376.00  4.2700e-14
  5377.00  4.1828e-14
  5378.00  4.2100e-14
  5379.00  4.2010e-14
  5380.00  4.2481e-14
  5381.00  4.2265e-14
  5382.00  4.2836e-14
  5383.00  4.2015e-14
  5384.00  4.2390e-14
  5385.00  4.2455e-14
  5386.00  4.2445e-14
  5387.00  4.2742e-14
  5388.00  4.2005e-14
  5389.00  4.2845e-14
  5390.00  4.1697e-14
  5391.00  4.2692e-14
  5392.00  4.2289e-14
  5393.00  4.2266e-14
  5394.00  4.1953e-14
  5395.00  4.1862e-14
  5396.00  4.2975e-14
  5397.00  4.2772e-14
  5398.00  4.3077e-14
  5399.00  4.2995e-14
  5400.00  4.2541e-14
  5401.00  4.2965e-14
  5402.00  4.2543e-14
  5403.00  4.2699e-14
  5404.00  4.3379e-14
  5405.00  4.3280e-14
  5406.00  4.3265e-14
  5407.00  4.2190e-14
  5408.00  4.2015e-14
  5409.00  4.3087e-14
  5410.00  4.2475e-14
  5411.00  4.2287e-14
  5412.00  4.3787e-14
  5413.00  4.3237e-14
  5414.00  4.3364e-14
  5415.00  4.2491e-14
  5416.00  4.3780e-14
  5417.00  4.1967e-14
  5418.00  4.2969e-14
  5419.00  4.3060e-14
  5420.00  4.2159e-14
  5421.00  4.3190e-14
  5422.00  4.3189e-14
  5423.00  4.2871e-14
  5424.00  4.3778e-14
  5425.00  4.3195e-14
  5426.00  4.3391e-14
  5427.00  4.2923e-14
  5428.00  4.2743e-14
  5429.00  4.3720e-14
  5430.00  4.3163e-14
  5431.00  4.3175e-14
  5432.00  4.3536e-14
  5433.00  4.3717e-14
  5434.00  4.3425e-14
  5435.00  4.2707e-14
  5436.00  4.4100e-14
  5437.00  4.3766e-14
  5438.00  4.3856e-14
  5439.00  4.3268e-14
  5440.00  4.3557e-14
  5441.00  4.3507e-14
  5442.00  4.3981e-14
  5443.00  4.3891e-14
  5444.00  4.3583e-14
  5445.00  4.3012e-14
  5446.00  4.3064e-14
  5447.00  4.2866e-14
  5448.00  4.4119e-14
  5449.00  4.3945e-14
  5450.00  4.3687e-14
  5451.00  4.4891e-14
  5452.00  4.3555e-14
  5453.00  4.3646e-14
  5454.00  4.4660e-14
  5455.00  4.3429e-14
  5456.00  4.3657e-14
  5457.00  4.3798e-14
  5458.00  4.2913e-14
  5459.00  4.3778e-14
  5460.00  4.4221e-14
  5461.00  4.4011e-14
  5462.00  4.4359e-14
  5463.00  4.4335e-14
  5464.00  4.4555e-14
  5465.00  4.4304e-14
  5466.00  4.4004e-14
  5467.00  4.3346e-14
  5468.00  4.4305e-14
  5469.00  4.3762e-14
  5470.00  4.4396e-14
  5471.00  4.3788e-14
  5472.00  4.3767e-14
  5473.00  4.4205e-14
  5474.00  4.3475e-14
  5475.00  4.4385e-14
  5476.00  4.4951e-14
  5477.00  4.4557e-14
  5478.00  4.4050e-14
  5479.00  4.4710e-14
  5480.00  4.4073e-14
  5481.00  4.4696e-14
  5482.00  4.3945e-14
  5483.00  4.4435e-14
  5484.00  4.4234e-14
  5485.00  4.4846e-14
  5486.00  4.4961e-14
  5487.00  4.4300e-14
  5488.00  4.4970e-14
  5489.00  4.4246e-14
  5490.00  4.4036e-14
  5491.00  4.4943e-14
  5492.00  4.5593e-14
  5493.00  4.4325e-14
  5494.00  4.4594e-14
  5495.00  4.4349e-14
  5496.00  4.5189e-14
  5497.00  4.4543e-14
  5498.00  4.4549e-14
  5499.00  4.5618e-14
  5500.00  4.4632e-14
  5501.00  4.4255e-14
  5502.00  4.4779e-14
  5503.00  4.4769e-14
  5504.00  4.4731e-14
  5505.00  4.5500e-14
  5506.00  4.4666e-14
  5507.00  4.4234e-14
  5508.00  4.4682e-14
  5509.00  4.5243e-14
  5510.00  4.5538e-14
  5511.00  4.5957e-14
  5512.00  4.4980e-14
  5513.00  4.4958e-14
  5514.00  4.5217e-14
  5515.00  4.5219e-14
  5516.00  4.5192e-14
  5517.00  4.6162e-14
  5518.00  4.5453e-14
  5519.00  4.4831e-14
  5520.00  4.5095e-14
  5521.00  4.4725e-14
  5522.00  4.5242e-14
  5523.00  4.5443e-14
  5524.00  4.5864e-14
  5525.00  4.5589e-14
  5526.00  4.6176e-14
  5527.00  4.5347e-14
  5528.00  4.5638e-14
  5529.00  4.5300e-14
  5530.00  4.5954e-14
  5531.00  4.4751e-14
  5532.00  4.5327e-14
  5533.00  4.5819e-14
  5534.00  4.5301e-14
  5535.00  4.5889e-14
  5536.00  4.4882e-14
  5537.00  4.5736e-14
  5538.00  4.5871e-14
  5539.00  4.6314e-14
  5540.00  4.5150e-14
  5541.00  4.5510e-14
  5542.00  4.5900e-14
  5543.00  4.5844e-14
  5544.00  4.5858e-14
  5545.00  4.5083e-14
  5546.00  4.5569e-14
  5547.00  4.5343e-14
  5548.00  4.5527e-14
  5549.00  4.5104e-14
  5550.00  4.6353e-14
  5551.00  4.6179e-14
  5552.00  4.5907e-14
  5553.00  4.5872e-14
  5554.00  4.6097e-14
  5555.00  4.6131e-14
  5556.00  4.5647e-14
  5557.00  4.6706e-14
  5558.00  4.5732e-14
  5559.00  4.5878e-14
  5560.00  4.5683e-14
  5561.00  4.6595e-14
  5562.00  4.6418e-14
  5563.00  4.6899e-14
  5564.00  4.5533e-14
  5565.00  4.5531e-14
  5566.00  4.5636e-14
  5567.00  4.6298e-14
  5568.00  4.5988e-14
  5569.00  4.6016e-14
  5570.00  4.6972e-14
  5571.00  4.5535e-14
  5572.00  4.6142e-14
  5573.00  4.6482e-14
  5574.00  4.6796e-14
  5575.00  4.6180e-14
  5576.00  4.6983e-14
  5577.00  4.6578e-14
  5578.00  4.6789e-14
  5579.00  4.6777e-14
  5580.00  4.6241e-14
  5581.00  4.6450e-14
  5582.00  4.6264e-14
  5583.00  4.6691e-14
  5584.00  4.6238e-14
  5585.00  4.6287e-14
  5586.00  4.6573e-14
  5587.00  4.6969e-14
  5588.00  4.6155e-14
  5589.00  4.7157e-14
  5590.00  4.6605e-14
  5591.00  4.6899e-14
  5592.00  4.6158e-14
  5593.00  4.6934e-14
  5594.00  4.6747e-14
  5595.00  4.6911e-14
  5596.00  4.6578e-14
  5597.00  4.7066e-14
  5598.00  4.6132e-14
  5599.00  4.7451e-14
  5600.00  4.6533e-14
  5601.00  4.6970e-14
  5602.00  4.7668e-14
  5603.00  4.6802e-14
  5604.00  4.7220e-14
  5605.00  4.7077e-14
  5606.00  4.6643e-14
  5607.00  4.6587e-14
  5608.00  4.8438e-14
  5609.00  4.8034e-14
  5610.00  4.7120e-14
  5611.00  4.6666e-14
  5612.00  4.7438e-14
  5613.00  4.6669e-14
  5614.00  4.8145e-14
  5615.00  4.7367e-14
  5616.00  4.7234e-14
  5617.00  4.7467e-14
  5618.00  4.7219e-14
  5619.00  4.7615e-14
  5620.00  4.7524e-14
  5621.00  4.7310e-14
  5622.00  4.7089e-14
  5623.00  4.8081e-14
  5624.00  4.7373e-14
  5625.00  4.8166e-14
  5626.00  4.7511e-14
  5627.00  4.8000e-14
  5628.00  4.8390e-14
  5629.00  4.7687e-14
  5630.00  4.6893e-14
  5631.00  4.7677e-14
  5632.00  4.8086e-14
  5633.00  4.7841e-14
  5634.00  4.8073e-14
  5635.00  4.7599e-14
  5636.00  4.7760e-14
  5637.00  4.7708e-14
  5638.00  4.8098e-14
  5639.00  4.7384e-14
  5640.00  4.6532e-14
  5641.00  4.7892e-14
  5642.00  4.7990e-14
  5643.00  4.7507e-14
  5644.00  4.6859e-14
  5645.00  4.7920e-14
  5646.00  4.7400e-14
  5647.00  4.7718e-14
  5648.00  4.8649e-14
  5649.00  4.8518e-14
  5650.00  4.9163e-14
  5651.00  4.7073e-14
  5652.00  4.8374e-14
  5653.00  4.7766e-14
  5654.00  4.7685e-14
  5655.00  4.8506e-14
  5656.00  4.8500e-14
  5657.00  4.9168e-14
  5658.00  4.8002e-14
  5659.00  4.8607e-14
  5660.00  4.7597e-14
  5661.00  4.8439e-14
  5662.00  4.8059e-14
  5663.00  4.7862e-14
  5664.00  4.7531e-14
  5665.00  4.7596e-14
  5666.00  4.8463e-14
  5667.00  4.8610e-14
  5668.00  4.8262e-14
  5669.00  4.8483e-14
  5670.00  4.8437e-14
  5671.00  4.8100e-14
  5672.00  4.8513e-14
  5673.00  4.8446e-14
  5674.00  4.8631e-14
  5675.00  4.7699e-14
  5676.00  4.8126e-14
  5677.00  4.9140e-14
  5678.00  4.8855e-14
  5679.00  4.8802e-14
  5680.00  4.9087e-14
  5681.00  4.7968e-14
  5682.00  4.8029e-14
  5683.00  4.8208e-14
  5684.00  4.8503e-14
  5685.00  4.9120e-14
  5686.00  4.9023e-14
  5687.00  4.8813e-14
  5688.00  4.8592e-14
  5689.00  4.8726e-14
  5690.00  4.8143e-14
  5691.00  4.8505e-14
  5692.00  4.8504e-14
  5693.00  4.9017e-14
  5694.00  4.8463e-14
  5695.00  4.8223e-14
  5696.00  4.8663e-14
  5697.00  4.8624e-14
  5698.00  4.9141e-14
  5699.00  4.9375e-14
  5700.00  4.9437e-14
  5701.00  4.8921e-14
  5702.00  4.7904e-14
  5703.00  4.8928e-14
  5704.00  4.8852e-14
  5705.00  4.9319e-14
  5706.00  4.9361e-14
  5707.00  4.9983e-14
  5708.00  4.9289e-14
  5709.00  4.8717e-14
  5710.00  4.9390e-14
  5711.00  4.9317e-14
  5712.00  4.8857e-14
  5713.00  4.8923e-14
  5714.00  4.9313e-14
  5715.00  4.9159e-14
  5716.00  4.9425e-14
  5717.00  4.9530e-14
  5718.00  5.0244e-14
  5719.00  4.9467e-14
  5720.00  4.8812e-14
  5721.00  4.8500e-14
  5722.00  4.9280e-14
  5723.00  4.8990e-14
  5724.00  4.9473e-14
  5725.00  4.9348e-14
  5726.00  4.9223e-14
  5727.00  4.9176e-14
  5728.00  4.8944e-14
  5729.00  4.9888e-14
  5730.00  4.9906e-14
  5731.00  4.9544e-14
  5732.00  4.9762e-14
  5733.00  4.9039e-14
  5734.00  4.9954e-14
  5735.00  4.9503e-14
  5736.00  4.9942e-14
  5737.00  5.0340e-14
  5738.00  4.9794e-14
  5739.00  4.9229e-14
  5740.00  4.9624e-14
  5741.00  4.9842e-14
  5742.00  4.9865e-14
  5743.00  4.9538e-14
  5744.00  4.9677e-14
  5745.00  4.9057e-14
  5746.00  5.0026e-14
  5747.00  5.0149e-14
  5748.00  4.9254e-14
  5749.00  4.9924e-14
  5750.00  4.9836e-14
  5751.00  5.0014e-14
  5752.00  4.9940e-14
  5753.00  5.0126e-14
  5754.00  5.0108e-14
  5755.00  5.0099e-14
  5756.00  4.9814e-14
  5757.00  4.9651e-14
  5758.00  5.0664e-14
  5759.00  5.0545e-14
  5760.00  5.0246e-14
  5761.00  4.9597e-14
  5762.00  5.0320e-14
  5763.00  5.1180e-14
  5764.00  5.0114e-14
  5765.00  5.0938e-14
  5766.00  5.0572e-14
  5767.00  5.0489e-14
  5768.00  5.0402e-14
  5769.00  5.1069e-14
  5770.00  5.0493e-14
  5771.00  5.0481e-14
  5772.00  5.0373e-14
  5773.00  5.0536e-14
  5774.00  5.0156e-14
  5775.00  4.9377e-14
  5776.00  4.9659e-14
  5777.00  5.0152e-14
  5778.00  5.1155e-14
  5779.00  5.0412e-14
  5780.00  5.1376e-14
  5781.00  5.0277e-14
  5782.00  5.0134e-14
  5783.00  5.0097e-14
  5784.00  5.0731e-14
  5785.00  5.1356e-14
  5786.00  5.0882e-14
  5787.00  5.0479e-14
  5788.00  5.1222e-14
  5789.00  5.1294e-14
  5790.00  5.0778e-14
  5791.00  5.0743e-14
  5792.00  5.1212e-14
  5793.00  5.0032e-14
  5794.00  5.0629e-14
  5795.00  5.0651e-14
  5796.00  5.0627e-14
  5797.00  5.1172e-14
  5798.00  5.1339e-14
  5799.00  5.1466e-14
  5800.00  5.2848e-14
  5801.00  5.1092e-14
  5802.00  5.1832e-14
  5803.00  5.1928e-14
  5804.00  5.1378e-14
  5805.00  5.1919e-14
  5806.00  5.0742e-14
  5807.00  5.1690e-14
  5808.00  5.1028e-14
  5809.00  5.2093e-14
  5810.00  5.0924e-14
  5811.00  5.1254e-14
  5812.00  5.0339e-14
  5813.00  5.0981e-14
  5814.00  5.1723e-14
  5815.00  5.1166e-14
  5816.00  5.0531e-14
  5817.00  5.0815e-14
  5818.00  5.1471e-14
  5819.00  5.1896e-14
  5820.00  5.1774e-14
  5821.00  5.1205e-14
  5822.00  5.1669e-14
  5823.00  5.0752e-14
  5824.00  5.0723e-14
  5825.00  5.1477e-14
  5826.00  5.2493e-14
  5827.00  5.0835e-14
  5828.00  5.1577e-14
  5829.00  5.1545e-14
  5830.00  5.1983e-14
  5831.00  5.1066e-14
  5832.00  5.1846e-14
  5833.00  5.1974e-14
  5834.00  5.2446e-14
  5835.00  5.0981e-14
  5836.00  5.1049e-14
  5837.00  5.1111e-14
  5838.00  5.2156e-14
  5839.00  5.1397e-14
  5840.00  5.2286e-14
  5841.00  5.1375e-14
  5842.00  5.1009e-14
  5843.00  5.1380e-14
  5844.00  5.1702e-14
  5845.00  5.1758e-14
  5846.00  5.2388e-14
  5847.00  5.1905e-14
  5848.00  5.2011e-14
  5849.00  5.1377e-14
  5850.00  5.1627e-14
  5851.00  5.2606e-14
  5852.00  5.1168e-14
  5853.00  5.2962e-14
  5854.00  5.1843e-14
  5855.00  5.1784e-14
  5856.00  5.1363e-14
  5857.00  5.2162e-14
  5858.00  5.1576e-14
  5859.00  5.1400e-14
  5860.00  5.2808e-14
  5861.00  5.1967e-14
  5862.00  5.2625e-14
  5863.00  5.3045e-14
  5864.00  5.1858e-14
  5865.00  5.1661e-14
  5866.00  5.1957e-14
  5867.00  5.2527e-14
  5868.00  5.2386e-14
  5869.00  5.1417e-14
  5870.00  5.0362e-14
  5871.00  5.0119e-14
  5872.00  4.9096e-14
  5873.00  4.7986e-14
  5874.00  4.7426e-14
  5875.00  4.7235e-14
  5876.00  4.7669e-14
  5877.00  4.8555e-14
  5878.00  4.8070e-14
  5879.00  4.9240e-14
  5880.00  4.9817e-14
  5881.00  5.0492e-14
  5882.00  5.0855e-14
  5883.00  5.1482e-14
  5884.00  5.2135e-14
  5885.00  5.2295e-14
  5886.00  5.3161e-14
  5887.00  5.1957e-14
  5888.00  5.2729e-14
  5889.00  5.1745e-14
  5890.00  5.2683e-14
  5891.00  5.2329e-14
  5892.00  5.1944e-14
  5893.00  5.1653e-14
  5894.00  4.8935e-14
  5895.00  4.9354e-14
  5896.00  4.9270e-14
  5897.00  4.9945e-14
  5898.00  5.0326e-14
  5899.00  5.2321e-14
  5900.00  5.2082e-14
  5901.00  5.2763e-14
  5902.00  5.2891e-14
  5903.00  5.3166e-14
  5904.00  5.3342e-14
  5905.00  5.3632e-14
  5906.00  5.3336e-14
  5907.00  5.2410e-14
  5908.00  5.3861e-14
  5909.00  5.3178e-14
  5910.00  5.3125e-14
  5911.00  5.3472e-14
  5912.00  5.3816e-14
  5913.00  5.3005e-14
  5914.00  5.3325e-14
  5915.00  5.3079e-14
  5916.00  5.2659e-14
  5917.00  5.3330e-14
  5918.00  5.3638e-14
  5919.00  5.2738e-14
  5920.00  5.3719e-14
  5921.00  5.4750e-14
  5922.00  5.3045e-14
  5923.00  5.4269e-14
  5924.00  5.3655e-14
  5925.00  5.3934e-14
  5926.00  5.4241e-14
  5927.00  5.2937e-14
  5928.00  5.3191e-14
  5929.00  5.5514e-14
  5930.00  5.3400e-14
  5931.00  5.4014e-14
  5932.00  5.2976e-14
  5933.00  5.3171e-14
  5934.00  5.3821e-14
  5935.00  5.4014e-14
  5936.00  5.3759e-14
  5937.00  5.4199e-14
  5938.00  5.3497e-14
  5939.00  5.4223e-14
  5940.00  5.4615e-14
  5941.00  5.3853e-14
  5942.00  5.3892e-14
  5943.00  5.3657e-14
  5944.00  5.3538e-14
  5945.00  5.3887e-14
  5946.00  5.4780e-14
  5947.00  5.3735e-14
  5948.00  5.3219e-14
  5949.00  5.3970e-14
  5950.00  5.3202e-14
  5951.00  5.4158e-14
  5952.00  5.4614e-14
  5953.00  5.3801e-14
  5954.00  5.4580e-14
  5955.00  5.2437e-14
  5956.00  5.4141e-14
  5957.00  5.3951e-14
  5958.00  5.2641e-14
  5959.00  5.5021e-14
  5960.00  5.4676e-14
  5961.00  5.5084e-14
  5962.00  5.3801e-14
  5963.00  5.4698e-14
  5964.00  5.3537e-14
  5965.00  5.3437e-14
  5966.00  5.3721e-14
  5967.00  5.4450e-14
  5968.00  5.4191e-14
  5969.00  5.4579e-14
  5970.00  5.4033e-14
  5971.00  5.4575e-14
  5972.00  5.2717e-14
  5973.00  5.5077e-14
  5974.00  5.4955e-14
  5975.00  5.4166e-14
  5976.00  5.4008e-14
  5977.00  5.4525e-14
  5978.00  5.4076e-14
  5979.00  5.4897e-14
  5980.00  5.3204e-14
  5981.00  5.4051e-14
  5982.00  5.6094e-14
  5983.00  5.4148e-14
  5984.00  5.3869e-14
  5985.00  5.5257e-14
  5986.00  5.4837e-14
  5987.00  5.4310e-14
  5988.00  5.5632e-14
  5989.00  5.4714e-14
  5990.00  5.4647e-14
  5991.00  5.4469e-14
  5992.00  5.4743e-14
  5993.00  5.4310e-14
  5994.00  5.5089e-14
  5995.00  5.4542e-14
  5996.00  5.3861e-14
  5997.00  5.5586e-14
  5998.00  5.5046e-14
  5999.00  5.5813e-14
  6000.00  5.4749e-14
  6001.00  5.4635e-14
  6002.00  5.4857e-14
  6003.00  5.4895e-14
  6004.00  5.4791e-14
  6005.00  5.4722e-14
  6006.00  5.5596e-14
  6007.00  5.5376e-14
  6008.00  5.4324e-14
  6009.00  5.5113e-14
  6010.00  5.4058e-14
  6011.00  5.5513e-14
  6012.00  5.5266e-14
  6013.00  5.4663e-14
  6014.00  5.4756e-14
  6015.00  5.4392e-14
  6016.00  5.5360e-14
  6017.00  5.4351e-14
  6018.00  5.5328e-14
  6019.00  5.5042e-14
  6020.00  5.5583e-14
  6021.00  5.4327e-14
  6022.00  5.4829e-14
  6023.00  5.4580e-14
  6024.00  5.4983e-14
  6025.00  5.4868e-14
  6026.00  5.5352e-14
  6027.00  5.5079e-14
  6028.00  5.6138e-14
  6029.00  5.5718e-14
  6030.00  5.4627e-14
  6031.00  5.4995e-14
  6032.00  5.5166e-14
  6033.00  5.5748e-14
  6034.00  5.6398e-14
  6035.00  5.5565e-14
  6036.00  5.5600e-14
  6037.00  5.5415e-14
  6038.00  5.6277e-14
  6039.00  5.6119e-14
  6040.00  5.6311e-14
  6041.00  5.4835e-14
  6042.00  5.6322e-14
  6043.00  5.5165e-14
  6044.00  5.5709e-14
  6045.00  5.6760e-14
  6046.00  5.4772e-14
  6047.00  5.5284e-14
  6048.00  5.6465e-14
  6049.00  5.6091e-14
  6050.00  5.5448e-14
  6051.00  5.6281e-14
  6052.00  5.5394e-14
  6053.00  5.5891e-14
  6054.00  5.6609e-14
  6055.00  5.5721e-14
  6056.00  5.5038e-14
  6057.00  5.5130e-14
  6058.00  5.6041e-14
  6059.00  5.6050e-14
  6060.00  5.5887e-14
  6061.00  5.6661e-14
  6062.00  5.6424e-14
  6063.00  5.6421e-14
  6064.00  5.5948e-14
  6065.00  5.6520e-14
  6066.00  5.4718e-14
  6067.00  5.5376e-14
  6068.00  5.5740e-14
  6069.00  5.6451e-14
  6070.00  5.5870e-14
  6071.00  5.5278e-14
  6072.00  5.5773e-14
  6073.00  5.5886e-14
  6074.00  5.6743e-14
  6075.00  5.6193e-14
  6076.00  5.5462e-14
  6077.00  5.6530e-14
  6078.00  5.6065e-14
  6079.00  5.5859e-14
  6080.00  5.6747e-14
  6081.00  5.6010e-14
  6082.00  5.6492e-14
  6083.00  5.7030e-14
  6084.00  5.6382e-14
  6085.00  5.6486e-14
  6086.00  5.6850e-14
  6087.00  5.6694e-14
  6088.00  5.7175e-14
  6089.00  5.6748e-14
  6090.00  5.6043e-14
  6091.00  5.6021e-14
  6092.00  5.5580e-14
  6093.00  5.6456e-14
  6094.00  5.5655e-14
  6095.00  5.5911e-14
  6096.00  5.7610e-14
  6097.00  5.6032e-14
  6098.00  5.5856e-14
  6099.00  5.6227e-14
  6100.00  5.7199e-14
  6101.00  5.7167e-14
  6102.00  5.5975e-14
  6103.00  5.6010e-14
  6104.00  5.5881e-14
  6105.00  5.6765e-14
  6106.00  5.6155e-14
  6107.00  5.6095e-14
  6108.00  5.6816e-14
  6109.00  5.5990e-14
  6110.00  5.6838e-14
  6111.00  5.5531e-14
  6112.00  5.6741e-14
  6113.00  5.6645e-14
  6114.00  5.7031e-14
  6115.00  5.6536e-14
  6116.00  5.6819e-14
  6117.00  5.6320e-14
  6118.00  5.6854e-14
  6119.00  5.6655e-14
  6120.00  5.6617e-14
  6121.00  5.6968e-14
  6122.00  5.6719e-14
  6123.00  5.6354e-14
  6124.00  5.7773e-14
  6125.00  5.7498e-14
  6126.00  5.6783e-14
  6127.00  5.7855e-14
  6128.00  5.6396e-14
  6129.00  5.7674e-14
  6130.00  5.6665e-14
  6131.00  5.6603e-14
  6132.00  5.7355e-14
  6133.00  5.7440e-14
  6134.00  5.6662e-14
  6135.00  5.8232e-14
  6136.00  5.7355e-14
  6137.00  5.5603e-14
  6138.00  5.7063e-14
  6139.00  5.6612e-14
  6140.00  5.7007e-14
  6141.00  5.6820e-14
  6142.00  5.6874e-14
  6143.00  5.7922e-14
  6144.00  5.6105e-14
  6145.00  5.6712e-14
  6146.00  5.7714e-14
  6147.00  5.8667e-14
  6148.00  5.6985e-14
  6149.00  5.6894e-14
  6150.00  5.6821e-14
  6151.00  5.7198e-14
  6152.00  5.7222e-14
  6153.00  5.7188e-14
  6154.00  5.6410e-14
  6155.00  5.6972e-14
  6156.00  5.7149e-14
  6157.00  5.6835e-14
  6158.00  5.8286e-14
  6159.00  5.8539e-14
  6160.00  5.8221e-14
  6161.00  5.7636e-14
  6162.00  5.8672e-14
  6163.00  5.7825e-14
  6164.00  5.7818e-14
  6165.00  5.7561e-14
  6166.00  5.6990e-14
  6167.00  5.7917e-14
  6168.00  5.8681e-14
  6169.00  5.7174e-14
  6170.00  5.7637e-14
  6171.00  5.7648e-14
  6172.00  5.7921e-14
  6173.00  5.8789e-14
  6174.00  5.7734e-14
  6175.00  5.7519e-14
  6176.00  5.7164e-14
  6177.00  5.8200e-14
  6178.00  5.7543e-14
  6179.00  5.8221e-14
  6180.00  5.8641e-14
  6181.00  5.7452e-14
  6182.00  5.7659e-14
  6183.00  5.8013e-14
  6184.00  5.7496e-14
  6185.00  5.7899e-14
  6186.00  5.8664e-14
  6187.00  5.7896e-14
  6188.00  5.7692e-14
  6189.00  5.6952e-14
  6190.00  5.8977e-14
  6191.00  5.7423e-14
  6192.00  5.7614e-14
  6193.00  5.7467e-14
  6194.00  5.7255e-14
  6195.00  5.7660e-14
  6196.00  5.7964e-14
  6197.00  5.7411e-14
  6198.00  5.8186e-14
  6199.00  5.7660e-14
  6200.00  5.8827e-14
  6201.00  5.7888e-14
  6202.00  5.7843e-14
  6203.00  5.9118e-14
  6204.00  5.9405e-14
  6205.00  5.8320e-14
  6206.00  5.7971e-14
  6207.00  5.8326e-14
  6208.00  5.9025e-14
  6209.00  5.8133e-14
  6210.00  5.7116e-14
  6211.00  5.8307e-14
  6212.00  5.8740e-14
  6213.00  5.8402e-14
  6214.00  5.7838e-14
  6215.00  5.8569e-14
  6216.00  5.8839e-14
  6217.00  5.8428e-14
  6218.00  5.8575e-14
  6219.00  5.8119e-14
  6220.00  5.9141e-14
  6221.00  5.8776e-14
  6222.00  5.8220e-14
  6223.00  5.8770e-14
  6224.00  5.9070e-14
  6225.00  5.8580e-14
  6226.00  5.8484e-14
  6227.00  5.7894e-14
  6228.00  5.8821e-14
  6229.00  5.8524e-14
  6230.00  5.8219e-14
  6231.00  5.8130e-14
  6232.00  5.8610e-14
  6233.00  5.8344e-14
  6234.00  5.9342e-14
  6235.00  5.8969e-14
  6236.00  5.7795e-14
  6237.00  5.9115e-14
  6238.00  5.9680e-14
  6239.00  6.0034e-14
  6240.00  5.8820e-14
  6241.00  5.7891e-14
  6242.00  5.9382e-14
  6243.00  5.7869e-14
  6244.00  5.9092e-14
  6245.00  5.8805e-14
  6246.00  5.8601e-14
  6247.00  5.9338e-14
  6248.00  5.8890e-14
  6249.00  5.8899e-14
  6250.00  5.9371e-14
  6251.00  5.9864e-14
  6252.00  5.7696e-14
  6253.00  6.0016e-14
  6254.00  5.8831e-14
  6255.00  5.9910e-14
  6256.00  5.9119e-14
  6257.00  6.0032e-14
  6258.00  5.9908e-14
  6259.00  5.9756e-14
  6260.00  5.9100e-14
  6261.00  5.9408e-14
  6262.00  6.0057e-14
  6263.00  5.8749e-14
  6264.00  5.8070e-14
  6265.00  5.9213e-14
  6266.00  5.7840e-14
  6267.00  5.9162e-14
  6268.00  5.8686e-14
  6269.00  5.8749e-14
  6270.00  5.8565e-14
  6271.00  5.8073e-14
  6272.00  5.9727e-14
  6273.00  5.9854e-14
  6274.00  5.9363e-14
  6275.00  6.0433e-14
  6276.00  5.9824e-14
  6277.00  5.9278e-14
  6278.00  5.9735e-14
  6279.00  5.9267e-14
  6280.00  5.9376e-14
  6281.00  6.0024e-14
  6282.00  5.9033e-14
  6283.00  5.9871e-14
  6284.00  5.9612e-14
  6285.00  5.9393e-14
  6286.00  5.9588e-14
  6287.00  5.9880e-14
  6288.00  6.0376e-14
  6289.00  6.0076e-14
  6290.00  6.0160e-14
  6291.00  6.0486e-14
  6292.00  6.1295e-14
  6293.00  6.2001e-14
  6294.00  6.3521e-14
  6295.00  6.4972e-14
  6296.00  6.6520e-14
  6297.00  6.7910e-14
  6298.00  7.0469e-14
  6299.00  7.1609e-14
  6300.00  7.1451e-14
  6301.00  7.1813e-14
  6302.00  6.9446e-14
  6303.00  6.8205e-14
  6304.00  6.6572e-14
  6305.00  6.5549e-14
  6306.00  6.3980e-14
  6307.00  6.1685e-14
  6308.00  6.0777e-14
  6309.00  6.1303e-14
  6310.00  5.9810e-14
  6311.00  6.0194e-14
  6312.00  6.0000e-14
  6313.00  5.9926e-14
  6314.00  6.1205e-14
  6315.00  6.1127e-14
  6316.00  5.9188e-14
  6317.00  6.0032e-14
  6318.00  6.0603e-14
  6319.00  6.0114e-14
  6320.00  5.9815e-14
  6321.00  6.0303e-14
  6322.00  6.0383e-14
  6323.00  5.9172e-14
  6324.00  5.9775e-14
  6325.00  5.9852e-14
  6326.00  6.1099e-14
  6327.00  5.9974e-14
  6328.00  6.0724e-14
  6329.00  6.0360e-14
  6330.00  5.9947e-14
  6331.00  6.1263e-14
  6332.00  6.0495e-14
  6333.00  6.0759e-14
  6334.00  5.9563e-14
  6335.00  5.9738e-14
  6336.00  6.0195e-14
  6337.00  6.1624e-14
  6338.00  5.9955e-14
  6339.00  6.0432e-14
  6340.00  6.0721e-14
  6341.00  5.9457e-14
  6342.00  6.0349e-14
  6343.00  5.9885e-14
  6344.00  6.0833e-14
  6345.00  6.0321e-14
  6346.00  6.0707e-14
  6347.00  6.1096e-14
  6348.00  6.0216e-14
  6349.00  6.0321e-14
  6350.00  5.9927e-14
  6351.00  6.1967e-14
  6352.00  6.0625e-14
  6353.00  6.1257e-14
  6354.00  6.1329e-14
  6355.00  6.0185e-14
  6356.00  6.0898e-14
  6357.00  6.1028e-14
  6358.00  6.0050e-14
  6359.00  6.0258e-14
  6360.00  6.1863e-14
  6361.00  6.0919e-14
  6362.00  6.1680e-14
  6363.00  6.0912e-14
  6364.00  6.1061e-14
  6365.00  6.1215e-14
  6366.00  6.0833e-14
  6367.00  6.1347e-14
  6368.00  6.1497e-14
  6369.00  6.1123e-14
  6370.00  6.1330e-14
  6371.00  6.1535e-14
  6372.00  6.0258e-14
  6373.00  6.1026e-14
  6374.00  6.1218e-14
  6375.00  6.0476e-14
  6376.00  5.9990e-14
  6377.00  6.0896e-14
  6378.00  6.0905e-14
  6379.00  6.1083e-14
  6380.00  6.0320e-14
  6381.00  6.1043e-14
  6382.00  6.1748e-14
  6383.00  6.1156e-14
  6384.00  6.0844e-14
  6385.00  6.1556e-14
  6386.00  6.1871e-14
  6387.00  6.0985e-14
  6388.00  6.0586e-14
  6389.00  6.1082e-14
  6390.00  6.1297e-14
  6391.00  6.1534e-14
  6392.00  6.1110e-14
  6393.00  6.1499e-14
  6394.00  6.1340e-14
  6395.00  6.1655e-14
  6396.00  6.2155e-14
  6397.00  6.1227e-14
  6398.00  5.9830e-14
  6399.00  6.1654e-14
  6400.00  6.2644e-14
  6401.00  6.1041e-14
  6402.00  6.1302e-14
  6403.00  6.1763e-14
  6404.00  6.0978e-14
  6405.00  6.1161e-14
  6406.00  6.0631e-14
  6407.00  6.1714e-14
  6408.00  6.1167e-14
  6409.00  6.1135e-14
  6410.00  6.1467e-14
  6411.00  6.2307e-14
  6412.00  6.1703e-14
  6413.00  6.1560e-14
  6414.00  6.1364e-14
  6415.00  6.2494e-14
  6416.00  6.1984e-14
  6417.00  6.1946e-14
  6418.00  6.2304e-14
  6419.00  6.1930e-14
  6420.00  6.1629e-14
  6421.00  6.1605e-14
  6422.00  6.0731e-14
  6423.00  6.1931e-14
  6424.00  6.1040e-14
  6425.00  6.1518e-14
  6426.00  6.1923e-14
  6427.00  6.3496e-14
  6428.00  6.2111e-14
  6429.00  6.2046e-14
  6430.00  6.1347e-14
  6431.00  6.1593e-14
  6432.00  6.2546e-14
  6433.00  6.2715e-14
  6434.00  6.2205e-14
  6435.00  6.1747e-14
  6436.00  6.2902e-14
  6437.00  6.2034e-14
  6438.00  6.1671e-14
  6439.00  6.1159e-14
  6440.00  6.2694e-14
  6441.00  6.2452e-14
  6442.00  6.1673e-14
  6443.00  6.2512e-14
  6444.00  6.2044e-14
  6445.00  6.3387e-14
  6446.00  6.3008e-14
  6447.00  6.2724e-14
  6448.00  6.2258e-14
  6449.00  6.0977e-14
  6450.00  6.1173e-14
  6451.00  6.2768e-14
  6452.00  6.1987e-14
  6453.00  6.2099e-14
  6454.00  6.2430e-14
  6455.00  6.1663e-14
  6456.00  6.2008e-14
  6457.00  6.2308e-14
  6458.00  6.2546e-14
  6459.00  6.2841e-14
  6460.00  6.2202e-14
  6461.00  6.2333e-14
  6462.00  6.2659e-14
  6463.00  6.1688e-14
  6464.00  6.2785e-14
  6465.00  6.3248e-14
  6466.00  6.2093e-14
  6467.00  6.2384e-14
  6468.00  6.1953e-14
  6469.00  6.2434e-14
  6470.00  6.2413e-14
  6471.00  6.3455e-14
  6472.00  6.1969e-14
  6473.00  6.3910e-14
  6474.00  6.2365e-14
  6475.00  6.1872e-14
  6476.00  6.2212e-14
  6477.00  6.2412e-14
  6478.00  6.3185e-14
  6479.00  6.2596e-14
  6480.00  6.2684e-14
  6481.00  6.2126e-14
  6482.00  6.2109e-14
  6483.00  6.3567e-14
  6484.00  6.2958e-14
  6485.00  6.2559e-14
  6486.00  6.3036e-14
  6487.00  6.3699e-14
  6488.00  6.2707e-14
  6489.00  6.2357e-14
  6490.00  6.3040e-14
  6491.00  6.2801e-14
  6492.00  6.2731e-14
  6493.00  6.2805e-14
  6494.00  6.2814e-14
  6495.00  6.1864e-14
  6496.00  6.2501e-14
  6497.00  6.3445e-14
  6498.00  6.2829e-14
  6499.00  6.3248e-14
  6500.00  6.2748e-14
  6501.00  6.3306e-14
  6502.00  6.3153e-14
  6503.00  6.3870e-14
  6504.00  6.2490e-14
  6505.00  6.3342e-14
  6506.00  6.3160e-14
  6507.00  6.3455e-14
  6508.00  6.3194e-14
  6509.00  6.3214e-14
  6510.00  6.3135e-14
  6511.00  6.1918e-14
  6512.00  6.2476e-14
  6513.00  6.3157e-14
  6514.00  6.3328e-14
  6515.00  6.2775e-14
  6516.00  6.3010e-14
  6517.00  6.2662e-14
  6518.00  6.2832e-14
  6519.00  6.3350e-14
  6520.00  6.2792e-14
  6521.00  6.2630e-14
  6522.00  6.2510e-14
  6523.00  6.4046e-14
  6524.00  6.3784e-14
  6525.00  6.2763e-14
  6526.00  6.2587e-14
  6527.00  6.2448e-14
  6528.00  6.2020e-14
  6529.00  6.4086e-14
  6530.00  6.3591e-14
  6531.00  6.2849e-14
  6532.00  6.3628e-14
  6533.00  6.3649e-14
  6534.00  6.3536e-14
  6535.00  6.2939e-14
  6536.00  6.3918e-14
  6537.00  6.4294e-14
  6538.00  6.6005e-14
  6539.00  6.6712e-14
  6540.00  7.0511e-14
  6541.00  7.2393e-14
  6542.00  7.8496e-14
  6543.00  8.2367e-14
  6544.00  9.0378e-14
  6545.00  9.6051e-14
  6546.00  1.0333e-13
  6547.00  1.0710e-13
  6548.00  1.0743e-13
  6549.00  1.0680e-13
  6550.00  1.0373e-13
  6551.00  9.9719e-14
  6552.00  9.6856e-14
  6553.00  9.4000e-14
  6554.00  9.8662e-14
  6555.00  1.0771e-13
  6556.00  1.2528e-13
  6557.00  1.5158e-13
  6558.00  1.8422e-13
  6559.00  2.2009e-13
  6560.00  2.5663e-13
  6561.00  2.8934e-13
  6562.00  3.1161e-13
  6563.00  3.1788e-13
  6564.00  3.1014e-13
  6565.00  2.8972e-13
  6566.00  2.5632e-13
  6567.00  2.1831e-13
  6568.00  1.7948e-13
  6569.00  1.4697e-13
  6570.00  1.1830e-13
  6571.00  9.9929e-14
  6572.00  8.6343e-14
  6573.00  8.1213e-14
  6574.00  8.0059e-14
  6575.00  8.5393e-14
  6576.00  9.1978e-14
  6577.00  1.0577e-13
  6578.00  1.2304e-13
  6579.00  1.4087e-13
  6580.00  1.5904e-13
  6581.00  1.7722e-13
  6582.00  1.8820e-13
  6583.00  1.9227e-13
  6584.00  1.8802e-13
  6585.00  1.7600e-13
  6586.00  1.6011e-13
  6587.00  1.4181e-13
  6588.00  1.2205e-13
  6589.00  1.0565e-13
  6590.00  9.2952e-14
  6591.00  8.0132e-14
  6592.00  7.5527e-14
  6593.00  7.0304e-14
  6594.00  6.8919e-14
  6595.00  6.5556e-14
  6596.00  6.6327e-14
  6597.00  6.5067e-14
  6598.00  6.4318e-14
  6599.00  6.4562e-14
  6600.00  6.3583e-14
  6601.00  6.5373e-14
  6602.00  6.4604e-14
  6603.00  6.4184e-14
  6604.00  6.3434e-14
  6605.00  6.4968e-14
  6606.00  6.4983e-14
  6607.00  6.4614e-14
  6608.00  6.4816e-14
  6609.00  6.5553e-14
  6610.00  6.4764e-14
  6611.00  6.4562e-14
  6612.00  6.5380e-14
  6613.00  6.3549e-14
  6614.00  6.5308e-14
  6615.00  6.3850e-14
  6616.00  6.4705e-14
  6617.00  6.4735e-14
  6618.00  6.4763e-14
  6619.00  6.5218e-14
  6620.00  6.5110e-14
  6621.00  6.3232e-14
  6622.00  6.4753e-14
  6623.00  6.4184e-14
  6624.00  6.4252e-14
  6625.00  6.4983e-14
  6626.00  6.4878e-14
  6627.00  6.4350e-14
  6628.00  6.4523e-14
  6629.00  6.3793e-14
  6630.00  6.5979e-14
  6631.00  6.4984e-14
  6632.00  6.4506e-14
  6633.00  6.4503e-14
  6634.00  6.4788e-14
  6635.00  6.5864e-14
  6636.00  6.4636e-14
  6637.00  6.4745e-14
  6638.00  6.5485e-14
  6639.00  6.4777e-14
  6640.00  6.6078e-14
  6641.00  6.4733e-14
  6642.00  6.4416e-14
  6643.00  6.5048e-14
  6644.00  6.4057e-14
  6645.00  6.4648e-14
  6646.00  6.5310e-14
  6647.00  6.5314e-14
  6648.00  6.5599e-14
  6649.00  6.5075e-14
  6650.00  6.4061e-14
  6651.00  6.4694e-14
  6652.00  6.4494e-14
  6653.00  6.3961e-14
  6654.00  6.5634e-14
  6655.00  6.4590e-14
  6656.00  6.4609e-14
  6657.00  6.5229e-14
  6658.00  6.3875e-14
  6659.00  6.4506e-14
  6660.00  6.5411e-14
  6661.00  6.5527e-14
  6662.00  6.5282e-14
  6663.00  6.5061e-14
  6664.00  6.5192e-14
  6665.00  6.5230e-14
  6666.00  6.5139e-14
  6667.00  6.5464e-14
  6668.00  6.5601e-14
  6669.00  6.4933e-14
  6670.00  6.5887e-14
  6671.00  6.6090e-14
  6672.00  6.6008e-14
  6673.00  6.5655e-14
  6674.00  6.4763e-14
  6675.00  6.4713e-14
  6676.00  6.4492e-14
  6677.00  6.5690e-14
  6678.00  6.6008e-14
  6679.00  6.5200e-14
  6680.00  6.5880e-14
  6681.00  6.4911e-14
  6682.00  6.4426e-14
  6683.00  6.4578e-14
  6684.00  6.6004e-14
  6685.00  6.5180e-14
  6686.00  6.5096e-14
  6687.00  6.4370e-14
  6688.00  6.5253e-14
  6689.00  6.5611e-14
  6690.00  6.5163e-14
  6691.00  6.4518e-14
  6692.00  6.5309e-14
  6693.00  6.5355e-14
  6694.00  6.5729e-14
  6695.00  6.4709e-14
  6696.00  6.4985e-14
  6697.00  6.6007e-14
  6698.00  6.5437e-14
  6699.00  6.6071e-14
  6700.00  6.6340e-14
  6701.00  6.4704e-14
  6702.00  6.5268e-14
  6703.00  6.5629e-14
  6704.00  6.5358e-14
  6705.00  6.6482e-14
  6706.00  6.7565e-14
  6707.00  6.6773e-14
  6708.00  6.8462e-14
  6709.00  6.9765e-14
  6710.00  7.1431e-14
  6711.00  7.4516e-14
  6712.00  7.8857e-14
  6713.00  8.2848e-14
  6714.00  8.5275e-14
  6715.00  8.8991e-14
  6716.00  9.0645e-14
  6717.00  9.0792e-14
  6718.00  9.0428e-14
  6719.00  8.9721e-14
  6720.00  8.6028e-14
  6721.00  8.2322e-14
  6722.00  7.8223e-14
  6723.00  7.5970e-14
  6724.00  7.6819e-14
  6725.00  7.8520e-14
  6726.00  8.0203e-14
  6727.00  8.3024e-14
  6728.00  8.6466e-14
  6729.00  9.0071e-14
  6730.00  9.2958e-14
  6731.00  9.3768e-14
  6732.00  9.1895e-14
  6733.00  8.9204e-14
  6734.00  8.5517e-14
  6735.00  8.2198e-14
  6736.00  7.8382e-14
  6737.00  7.4741e-14
  6738.00  7.3039e-14
  6739.00  6.9261e-14
  6740.00  6.8071e-14
  6741.00  6.7074e-14
  6742.00  6.7040e-14
  6743.00  6.4834e-14
  6744.00  6.6283e-14
  6745.00  6.7115e-14
  6746.00  6.6390e-14
  6747.00  6.4272e-14
  6748.00  6.6470e-14
  6749.00  6.6377e-14
  6750.00  6.6509e-14
  6751.00  6.6448e-14
  6752.00  6.7312e-14
  6753.00  6.5866e-14
  6754.00  6.5776e-14
  6755.00  6.6698e-14
  6756.00  6.6177e-14
  6757.00  6.6590e-14
  6758.00  6.5533e-14
  6759.00  6.6657e-14
  6760.00  6.6507e-14
  6761.00  6.5705e-14
  6762.00  6.5843e-14
  6763.00  6.6360e-14
  6764.00  6.7767e-14
  6765.00  6.6597e-14
  6766.00  6.6458e-14
  6767.00  6.5549e-14
  6768.00  6.5000e-14
  6769.00  6.5630e-14
  6770.00  6.6314e-14
  6771.00  6.6080e-14
  6772.00  6.7041e-14
  6773.00  6.6378e-14
  6774.00  6.6554e-14
  6775.00  6.5647e-14
  6776.00  6.5619e-14
  6777.00  6.6724e-14
  6778.00  6.6182e-14
  6779.00  6.6465e-14
  6780.00  6.6238e-14
  6781.00  6.7701e-14
  6782.00  6.5893e-14
  6783.00  6.6820e-14
  6784.00  6.7555e-14
  6785.00  6.6537e-14
  6786.00  6.5571e-14
  6787.00  6.7578e-14
  6788.00  6.6527e-14
  6789.00  6.5896e-14
  6790.00  6.6423e-14
  6791.00  6.7944e-14
  6792.00  6.6709e-14
  6793.00  6.7322e-14
  6794.00  6.6473e-14
  6795.00  6.6332e-14
  6796.00  6.6310e-14
  6797.00  6.7930e-14
  6798.00  6.5903e-14
  6799.00  6.6197e-14
  6800.00  6.6955e-14
  6801.00  6.8047e-14
  6802.00  6.5764e-14
  6803.00  6.6877e-14
  6804.00  6.6480e-14
  6805.00  6.6433e-14
  6806.00  6.6623e-14
  6807.00  6.6852e-14
  6808.00  6.7034e-14
  6809.00  6.7596e-14
  6810.00  6.6379e-14
  6811.00  6.6664e-14
  6812.00  6.5880e-14
  6813.00  6.6640e-14
  6814.00  6.7308e-14
  6815.00  6.7927e-14
  6816.00  6.7495e-14
  6817.00  6.7075e-14
  6818.00  6.7695e-14
  6819.00  6.6769e-14
  6820.00  6.7961e-14
  6821.00  6.8681e-14
  6822.00  6.6601e-14
  6823.00  6.7402e-14
  6824.00  6.7553e-14
  6825.00  6.6856e-14
  6826.00  6.6535e-14
  6827.00  6.6263e-14
  6828.00  6.7495e-14
  6829.00  6.6837e-14
  6830.00  6.8028e-14
  6831.00  6.7657e-14
  6832.00  6.7814e-14
  6833.00  6.5792e-14
  6834.00  6.5871e-14
  6835.00  6.6356e-14
  6836.00  6.7589e-14
  6837.00  6.6988e-14
  6838.00  6.7009e-14
  6839.00  6.7549e-14
  6840.00  6.6610e-14
  6841.00  6.6053e-14
  6842.00  6.7058e-14
  6843.00  6.7825e-14
  6844.00  6.7839e-14
  6845.00  6.7562e-14
  6846.00  6.7380e-14
  6847.00  6.7822e-14
  6848.00  6.7242e-14
  6849.00  6.7397e-14
  6850.00  6.7317e-14
  6851.00  6.5835e-14
  6852.00  6.6824e-14
  6853.00  6.7552e-14
  6854.00  6.7265e-14
  6855.00  6.7180e-14
  6856.00  6.6822e-14
  6857.00  6.6739e-14
  6858.00  6.8521e-14
  6859.00  6.7054e-14
  6860.00  6.7494e-14
  6861.00  6.6261e-14
  6862.00  6.7853e-14
  6863.00  6.7896e-14
  6864.00  6.7774e-14
  6865.00  6.6918e-14
  6866.00  6.8086e-14
  6867.00  6.7181e-14
  6868.00  6.7483e-14
  6869.00  6.8384e-14
  6870.00  6.8195e-14
  6871.00  6.8423e-14
  6872.00  6.6749e-14
  6873.00  6.8496e-14
  6874.00  6.7673e-14
  6875.00  6.7904e-14
  6876.00  6.7847e-14
  6877.00  6.8208e-14
  6878.00  6.7630e-14
  6879.00  6.7601e-14
  6880.00  6.7836e-14
  6881.00  6.8468e-14
  6882.00  6.6250e-14
  6883.00  6.6707e-14
  6884.00  6.7800e-14
  6885.00  6.8368e-14
  6886.00  6.7704e-14
  6887.00  6.8349e-14
  6888.00  6.7328e-14
  6889.00  6.7471e-14
  6890.00  6.7151e-14
  6891.00  6.8660e-14
  6892.00  6.8140e-14
  6893.00  6.8204e-14
  6894.00  6.6147e-14
  6895.00  6.7485e-14
  6896.00  6.8498e-14
  6897.00  6.8001e-14
  6898.00  6.8313e-14
  6899.00  6.7946e-14
  6900.00  6.7418e-14
  6901.00  6.7163e-14
  6902.00  6.9549e-14
  6903.00  6.7426e-14
  6904.00  6.8357e-14
  6905.00  6.7680e-14
  6906.00  6.8138e-14
  6907.00  6.8517e-14
  6908.00  6.8573e-14
  6909.00  6.7405e-14
  6910.00  6.8432e-14
  6911.00  6.7560e-14
  6912.00  6.7741e-14
  6913.00  6.9049e-14
  6914.00  6.7443e-14
  6915.00  6.8054e-14
  6916.00  6.8555e-14
  6917.00  6.7498e-14
  6918.00  6.8810e-14
  6919.00  6.9489e-14
  6920.00  6.6421e-14
  6921.00  6.8682e-14
  6922.00  6.9593e-14
  6923.00  6.7443e-14
  6924.00  6.8662e-14
  6925.00  6.8070e-14
  6926.00  6.7692e-14
  6927.00  6.8918e-14
  6928.00  6.8712e-14
  6929.00  6.7964e-14
  6930.00  6.7642e-14
  6931.00  6.7223e-14
  6932.00  6.8452e-14
  6933.00  6.7445e-14
  6934.00  6.8609e-14
  6935.00  6.8621e-14
  6936.00  6.9683e-14
  6937.00  6.8128e-14
  6938.00  6.7734e-14
  6939.00  6.8038e-14
  6940.00  6.7972e-14
  6941.00  6.8106e-14
  6942.00  6.8608e-14
  6943.00  6.8526e-14
  6944.00  6.9138e-14
  6945.00  6.7537e-14
  6946.00  6.8962e-14
  6947.00  6.7911e-14
  6948.00  6.8965e-14
  6949.00  6.7939e-14
  6950.00  6.8229e-14
  6951.00  6.8486e-14
  6952.00  6.8668e-14
  6953.00  6.8502e-14
  6954.00  6.8044e-14
  6955.00  6.8863e-14
  6956.00  6.8590e-14
  6957.00  6.9098e-14
  6958.00  6.9556e-14
  6959.00  6.7502e-14
  6960.00  6.8426e-14
  6961.00  6.9072e-14
  6962.00  6.9432e-14
  6963.00  6.8623e-14
  6964.00  6.8615e-14
  6965.00  6.7755e-14
  6966.00  6.8737e-14
  6967.00  6.7660e-14
  6968.00  6.8942e-14
  6969.00  6.9433e-14
  6970.00  6.9225e-14
  6971.00  6.8760e-14
  6972.00  6.9219e-14
  6973.00  6.9291e-14
  6974.00  6.8963e-14
  6975.00  6.9420e-14
  6976.00  6.7894e-14
  6977.00  6.7832e-14
  6978.00  6.8378e-14
  6979.00  6.9229e-14
  6980.00  6.8283e-14
  6981.00  6.8856e-14
  6982.00  6.7690e-14
  6983.00  6.9164e-14
  6984.00  6.9384e-14
  6985.00  6.8601e-14
  6986.00  6.8703e-14
  6987.00  6.9129e-14
  6988.00  6.9369e-14
  6989.00  7.0265e-14
  6990.00  7.0076e-14
  6991.00  6.9626e-14
  6992.00  6.8276e-14
  6993.00  6.7931e-14
  6994.00  6.9351e-14
  6995.00  6.9295e-14
  6996.00  6.8651e-14
  6997.00  6.9154e-14
  6998.00  6.9410e-14
  6999.00  6.8458e-14
  7000.00  6.7672e-14
  7001.00  6.7907e-14
  7002.00  6.8999e-14
  7003.00  6.7802e-14
  7004.00  6.8145e-14
  7005.00  6.9483e-14
  7006.00  6.7805e-14
  7007.00  6.9606e-14
  7008.00  7.0271e-14
  7009.00  7.0140e-14
  7010.00  6.9734e-14
  7011.00  6.8823e-14
  7012.00  6.7847e-14
  7013.00  6.9176e-14
  7014.00  6.9570e-14
  7015.00  6.9319e-14
  7016.00  6.9561e-14
  7017.00  7.0799e-14
  7018.00  6.8684e-14
  7019.00  6.8225e-14
  7020.00  6.8780e-14
  7021.00  6.8761e-14
  7022.00  6.8922e-14
  7023.00  6.8999e-14
  7024.00  6.9624e-14
  7025.00  6.9725e-14
  7026.00  6.9990e-14
  7027.00  6.9429e-14
  7028.00  6.7814e-14
  7029.00  7.1108e-14
  7030.00  6.8760e-14
  7031.00  6.8915e-14
  7032.00  6.9244e-14
  7033.00  6.8389e-14
  7034.00  7.0062e-14
  7035.00  6.9435e-14
  7036.00  6.9451e-14
  7037.00  6.9654e-14
  7038.00  7.0140e-14
  7039.00  6.9374e-14
  7040.00  6.9831e-14
  7041.00  6.8450e-14
  7042.00  6.9581e-14
  7043.00  6.9089e-14
  7044.00  7.0139e-14
  7045.00  6.9475e-14
  7046.00  7.0638e-14
  7047.00  6.9355e-14
  7048.00  6.8536e-14
  7049.00  6.9671e-14
  7050.00  6.9364e-14
  7051.00  6.8890e-14
  7052.00  6.9551e-14
  7053.00  6.9352e-14
  7054.00  7.0286e-14
  7055.00  6.9043e-14
  7056.00  7.0217e-14
  7057.00  6.9274e-14
  7058.00  6.9146e-14
  7059.00  6.9464e-14
  7060.00  6.9905e-14
  7061.00  7.1373e-14
  7062.00  6.9784e-14
  7063.00  6.9835e-14
  7064.00  6.9760e-14
  7065.00  6.9223e-14
  7066.00  7.0923e-14
  7067.00  7.0343e-14
  7068.00  6.9176e-14
  7069.00  6.9276e-14
  7070.00  6.9876e-14
  7071.00  6.9214e-14
  7072.00  6.9572e-14
  7073.00  6.9398e-14
  7074.00  6.8628e-14
  7075.00  7.0046e-14
  7076.00  6.9523e-14
  7077.00  6.9598e-14
  7078.00  6.9710e-14
  7079.00  6.8678e-14
  7080.00  7.0249e-14
  7081.00  6.9998e-14
  7082.00  6.9899e-14
  7083.00  6.8616e-14
  7084.00  7.0802e-14
  7085.00  6.8989e-14
  7086.00  7.0257e-14
  7087.00  6.9926e-14
  7088.00  6.9468e-14
  7089.00  7.0122e-14
  7090.00  6.9937e-14
  7091.00  7.0052e-14
  7092.00  7.0827e-14
  7093.00  7.0029e-14
  7094.00  7.0848e-14
  7095.00  7.1336e-14
  7096.00  7.0840e-14
  7097.00  7.0213e-14
  7098.00  7.0133e-14
  7099.00  7.0896e-14
  7100.00  6.9687e-14
  7101.00  6.9147e-14
  7102.00  6.9485e-14
  7103.00  6.9856e-14
  7104.00  6.9923e-14
  7105.00  6.9126e-14
  7106.00  6.9916e-14
  7107.00  7.0391e-14
  7108.00  7.0067e-14
  7109.00  6.8855e-14
  7110.00  7.2003e-14
  7111.00  7.0167e-14
  7112.00  6.9772e-14
  7113.00  7.1221e-14
  7114.00  7.0027e-14
  7115.00  7.0004e-14
  7116.00  7.0179e-14
  7117.00  7.0114e-14
  7118.00  7.0491e-14
  7119.00  7.0467e-14
  7120.00  7.0241e-14
  7121.00  7.0879e-14
  7122.00  7.0426e-14
  7123.00  7.0459e-14
  7124.00  7.0475e-14
  7125.00  6.9808e-14
  7126.00  7.1411e-14
  7127.00  7.0833e-14
  7128.00  6.9707e-14
  7129.00  7.0924e-14
  7130.00  7.3242e-14
  7131.00  7.4077e-14
  7132.00  7.4827e-14
  7133.00  7.5003e-14
  7134.00  7.6542e-14
  7135.00  7.7206e-14
  7136.00  7.7661e-14
  7137.00  7.8362e-14
  7138.00  7.5119e-14
  7139.00  7.4098e-14
  7140.00  7.4739e-14
  7141.00  7.2379e-14
  7142.00  7.2428e-14
  7143.00  7.2676e-14
  7144.00  7.1355e-14
  7145.00  7.0475e-14
  7146.00  7.1819e-14
  7147.00  6.9773e-14
  7148.00  7.0670e-14
  7149.00  6.9277e-14
  7150.00  7.0905e-14
  7151.00  7.0803e-14
  7152.00  6.9786e-14
  7153.00  7.0551e-14
  7154.00  7.0162e-14
  7155.00  7.0714e-14
  7156.00  7.0256e-14
  7157.00  7.0628e-14
  7158.00  7.0343e-14
  7159.00  6.8959e-14
  7160.00  7.0378e-14
  7161.00  7.1096e-14
  7162.00  7.0730e-14
  7163.00  7.0842e-14
  7164.00  7.0240e-14
  7165.00  7.0276e-14
  7166.00  7.2188e-14
  7167.00  6.9405e-14
  7168.00  7.0807e-14
  7169.00  7.0286e-14
  7170.00  7.0482e-14
  7171.00  7.0587e-14
  7172.00  6.9435e-14
  7173.00  7.0539e-14
  7174.00  7.0978e-14
  7175.00  7.0988e-14
  7176.00  7.0709e-14
  7177.00  7.1494e-14
  7178.00  7.0343e-14
  7179.00  7.0425e-14
  7180.00  7.0884e-14
  7181.00  7.1616e-14
  7182.00  7.0772e-14
  7183.00  7.0964e-14
  7184.00  7.0919e-14
  7185.00  7.1540e-14
  7186.00  6.9829e-14
  7187.00  6.9246e-14
  7188.00  7.0949e-14
  7189.00  7.1436e-14
  7190.00  7.0871e-14
  7191.00  7.0940e-14
  7192.00  7.0834e-14
  7193.00  7.1096e-14
  7194.00  7.1242e-14
  7195.00  7.1797e-14
  7196.00  7.0725e-14
  7197.00  7.1232e-14
  7198.00  7.1009e-14
  7199.00  7.1357e-14
  7200.00  7.0871e-14
  7201.00  7.1185e-14
  7202.00  7.0348e-14
  7203.00  7.1344e-14
  7204.00  7.0394e-14
  7205.00  7.0201e-14
  7206.00  7.1051e-14
  7207.00  7.1733e-14
  7208.00  7.0382e-14
  7209.00  7.2004e-14
  7210.00  7.1304e-14
  7211.00  7.2498e-14
  7212.00  7.1780e-14
  7213.00  7.0414e-14
  7214.00  6.9831e-14
  7215.00  7.1324e-14
  7216.00  7.0658e-14
  7217.00  7.0700e-14
  7218.00  7.0409e-14
  7219.00  7.1082e-14
  7220.00  7.1624e-14
  7221.00  6.9572e-14
  7222.00  7.0939e-14
  7223.00  7.0818e-14
  7224.00  6.9899e-14
  7225.00  6.9594e-14
  7226.00  7.1337e-14
  7227.00  7.2114e-14
  7228.00  7.1637e-14
  7229.00  7.0183e-14
  7230.00  7.2262e-14
  7231.00  7.0730e-14
  7232.00  7.1014e-14
  7233.00  7.0925e-14
  7234.00  7.0832e-14
  7235.00  7.1834e-14
  7236.00  7.1891e-14
  7237.00  7.1617e-14
  7238.00  7.0991e-14
  7239.00  7.1588e-14
  7240.00  7.0440e-14
  7241.00  6.9791e-14
  7242.00  7.1964e-14
  7243.00  7.1799e-14
  7244.00  7.0425e-14
  7245.00  7.1170e-14
  7246.00  7.1025e-14
  7247.00  7.1664e-14
  7248.00  7.0744e-14
  7249.00  7.1771e-14
  7250.00  7.1268e-14
  7251.00  7.2172e-14
  7252.00  6.9695e-14
  7253.00  7.2197e-14
  7254.00  7.2662e-14
  7255.00  7.1502e-14
  7256.00  7.3160e-14
  7257.00  7.0526e-14
  7258.00  7.1635e-14
  7259.00  7.1975e-14
  7260.00  7.2123e-14
  7261.00  7.0474e-14
  7262.00  7.1045e-14
  7263.00  7.0683e-14
  7264.00  7.1275e-14
  7265.00  7.1256e-14
  7266.00  7.0659e-14
  7267.00  7.1455e-14
  7268.00  7.1618e-14
  7269.00  7.1875e-14
  7270.00  7.1403e-14
  7271.00  7.0533e-14
  7272.00  7.1814e-14
  7273.00  7.1055e-14
  7274.00  7.0783e-14
  7275.00  7.1353e-14
  7276.00  7.2032e-14
  7277.00  7.0828e-14
  7278.00  7.1831e-14
  7279.00  7.2330e-14
  7280.00  7.2901e-14
  7281.00  7.1291e-14
  7282.00  7.2359e-14
  7283.00  7.2603e-14
  7284.00  7.1017e-14
  7285.00  7.1807e-14
  7286.00  7.2029e-14
  7287.00  7.1395e-14
  7288.00  7.1102e-14
  7289.00  7.1845e-14
  7290.00  7.1945e-14
  7291.00  7.1187e-14
  7292.00  7.1136e-14
  7293.00  7.0836e-14
  7294.00  7.2179e-14
  7295.00  7.2000e-14
  7296.00  7.2060e-14
  7297.00  7.0088e-14
  7298.00  7.0310e-14
  7299.00  7.1453e-14
  7300.00  7.0808e-14
  7301.00  7.0364e-14
  7302.00  7.1635e-14
  7303.00  7.1545e-14
  7304.00  7.1673e-14
  7305.00  7.0277e-14
  7306.00  7.2185e-14
  7307.00  7.2656e-14
  7308.00  7.1375e-14
  7309.00  7.2148e-14
  7310.00  7.1793e-14
  7311.00  7.3613e-14
  7312.00  7.2103e-14
  7313.00  7.2199e-14
  7314.00  7.2884e-14
  7315.00  7.2986e-14
  7316.00  7.3191e-14
  7317.00  7.5001e-14
  7318.00  7.4945e-14
  7319.00  7.4640e-14
  7320.00  7.5614e-14
  7321.00  7.6172e-14
  7322.00  7.5165e-14
  7323.00  7.5936e-14
  7324.00  7.5062e-14
  7325.00  7.4055e-14
  7326.00  7.4766e-14
  7327.00  7.5273e-14
  7328.00  7.4930e-14
  7329.00  7.6209e-14
  7330.00  7.5326e-14
  7331.00  7.6082e-14
  7332.00  7.5614e-14
  7333.00  7.5702e-14
  7334.00  7.3835e-14
  7335.00  7.3225e-14
  7336.00  7.3074e-14
  7337.00  7.2988e-14
  7338.00  7.2295e-14
  7339.00  7.2360e-14
  7340.00  7.2413e-14
  7341.00  7.2932e-14
  7342.00  7.1855e-14
  7343.00  6.9393e-14
  7344.00  7.2744e-14
  7345.00  7.1036e-14
  7346.00  7.3703e-14
  7347.00  7.1178e-14
  7348.00  7.1852e-14
  7349.00  7.1957e-14
  7350.00  7.1043e-14
  7351.00  7.0701e-14
  7352.00  7.2065e-14
  7353.00  7.2159e-14
  7354.00  7.2576e-14
  7355.00  7.1554e-14
  7356.00  7.1882e-14
  7357.00  7.1578e-14
  7358.00  7.2981e-14
  7359.00  7.1868e-14
  7360.00  7.2472e-14
  7361.00  7.1449e-14
  7362.00  7.2351e-14
  7363.00  7.2081e-14
  7364.00  7.4953e-14
  7365.00  7.2274e-14
  7366.00  7.2769e-14
  7367.00  7.1955e-14
  7368.00  7.2495e-14
  7369.00  7.1722e-14
  7370.00  7.2226e-14
  7371.00  7.1689e-14
  7372.00  7.2435e-14
  7373.00  7.4649e-14
  7374.00  7.3014e-14
  7375.00  7.1374e-14
  7376.00  7.2541e-14
  7377.00  7.1950e-14
  7378.00  7.1262e-14
  7379.00  7.1558e-14
  7380.00  7.1708e-14
  7381.00  7.2286e-14
  7382.00  7.2477e-14
  7383.00  7.2230e-14
  7384.00  7.1969e-14
  7385.00  7.2772e-14
  7386.00  7.2559e-14
  7387.00  7.1761e-14
  7388.00  7.3680e-14
  7389.00  7.3354e-14
  7390.00  7.2994e-14
  7391.00  7.1530e-14
  7392.00  7.1675e-14
  7393.00  7.2413e-14
  7394.00  7.2378e-14
  7395.00  7.2767e-14
  7396.00  7.4786e-14
  7397.00  7.1703e-14
  7398.00  7.2737e-14
  7399.00  7.1638e-14
  7400.00  7.2188e-14
  7401.00  7.1859e-14
  7402.00  7.3205e-14
  7403.00  7.3039e-14
  7404.00  7.3639e-14
  7405.00  7.2235e-14
  7406.00  7.3843e-14
  7407.00  7.2371e-14
  7408.00  7.3514e-14
  7409.00  7.3566e-14
  7410.00  7.3798e-14
  7411.00  7.2145e-14
  7412.00  7.4397e-14
  7413.00  7.2483e-14
  7414.00  7.3327e-14
  7415.00  7.2638e-14
  7416.00  7.1830e-14
  7417.00  7.2322e-14
  7418.00  7.1583e-14
  7419.00  7.2924e-14
  7420.00  7.2875e-14
  7421.00  7.4006e-14
  7422.00  7.2599e-14
  7423.00  7.2209e-14
  7424.00  7.2430e-14
  7425.00  7.2908e-14
  7426.00  7.2454e-14
  7427.00  7.2444e-14
  7428.00  7.2245e-14
  7429.00  7.3182e-14
  7430.00  7.2526e-14
  7431.00  7.2272e-14
  7432.00  7.2297e-14
  7433.00  7.2767e-14
  7434.00  7.2317e-14
  7435.00  7.3650e-14
  7436.00  7.3247e-14
  7437.00  7.2254e-14
  7438.00  7.2125e-14
  7439.00  7.2674e-14
  7440.00  7.1737e-14
  7441.00  7.2432e-14
  7442.00  7.2419e-14
  7443.00  7.1617e-14
  7444.00  7.2814e-14
  7445.00  7.3052e-14
  7446.00  7.2705e-14
  7447.00  7.3478e-14
  7448.00  7.3416e-14
  7449.00  7.1990e-14
  7450.00  7.2119e-14
  7451.00  7.4816e-14
  7452.00  7.3397e-14
  7453.00  7.3081e-14
  7454.00  7.3075e-14
  7455.00  7.3051e-14
  7456.00  7.2200e-14
  7457.00  7.2461e-14
  7458.00  7.2086e-14
  7459.00  7.2054e-14
  7460.00  7.3832e-14
  7461.00  7.3697e-14
  7462.00  7.2523e-14
  7463.00  7.2484e-14
  7464.00  7.3078e-14
  7465.00  7.2663e-14
  7466.00  7.2677e-14
  7467.00  7.2221e-14
  7468.00  7.4000e-14
  7469.00  7.2618e-14
  7470.00  7.2461e-14
  7471.00  7.2771e-14
  7472.00  7.3243e-14
  7473.00  7.3625e-14
  7474.00  7.3381e-14
  7475.00  7.3296e-14
  7476.00  7.3668e-14
  7477.00  7.3944e-14
  7478.00  7.3317e-14
  7479.00  7.1961e-14
  7480.00  7.2079e-14
  7481.00  7.3678e-14
  7482.00  7.4100e-14
  7483.00  7.2140e-14
  7484.00  7.2793e-14
  7485.00  7.3390e-14
  7486.00  7.4008e-14
  7487.00  7.3098e-14
  7488.00  7.2600e-14
  7489.00  7.3434e-14
  7490.00  7.2505e-14
  7491.00  7.3416e-14
  7492.00  7.2679e-14
  7493.00  7.4147e-14
  7494.00  7.3304e-14
  7495.00  7.3137e-14
  7496.00  7.3363e-14
  7497.00  7.2560e-14
  7498.00  7.4238e-14
  7499.00  7.2576e-14
  7500.00  7.3321e-14
  7501.00  7.3716e-14
  7502.00  7.2689e-14
  7503.00  7.2740e-14
  7504.00  7.4334e-14
  7505.00  7.3980e-14
  7506.00  7.2542e-14
  7507.00  7.3988e-14
  7508.00  7.3202e-14
  7509.00  7.3339e-14
  7510.00  7.3765e-14
  7511.00  7.2979e-14
  7512.00  7.3547e-14
  7513.00  7.2572e-14
  7514.00  7.3639e-14
  7515.00  7.3116e-14
  7516.00  7.2631e-14
  7517.00  7.3097e-14
  7518.00  7.2811e-14
  7519.00  7.2141e-14
  7520.00  7.4409e-14
  7521.00  7.3488e-14
  7522.00  7.3394e-14
  7523.00  7.3789e-14
  7524.00  7.1325e-14
  7525.00  7.3995e-14
  7526.00  7.4256e-14
  7527.00  7.3668e-14
  7528.00  7.4068e-14
  7529.00  7.3185e-14
  7530.00  7.2964e-14
  7531.00  7.3499e-14
  7532.00  7.4227e-14
  7533.00  7.4375e-14
  7534.00  7.1377e-14
  7535.00  7.3057e-14
  7536.00  7.2519e-14
  7537.00  7.3211e-14
  7538.00  7.3698e-14
  7539.00  7.3024e-14
  7540.00  7.3036e-14
  7541.00  7.2424e-14
  7542.00  7.2853e-14
  7543.00  7.4106e-14
  7544.00  7.3562e-14
  7545.00  7.3757e-14
  7546.00  7.2833e-14
  7547.00  7.2578e-14
  7548.00  7.2831e-14
  7549.00  7.2893e-14
  7550.00  7.3075e-14
  7551.00  7.2608e-14
  7552.00  7.3192e-14
  7553.00  7.2965e-14
  7554.00  7.4383e-14
  7555.00  7.4033e-14
  7556.00  7.3972e-14
  7557.00  7.4613e-14
  7558.00  7.2648e-14
  7559.00  7.2140e-14
  7560.00  7.3409e-14
  7561.00  7.2902e-14
  7562.00  7.3451e-14
  7563.00  7.2366e-14
  7564.00  7.3681e-14
  7565.00  7.3719e-14
  7566.00  7.4185e-14
  7567.00  7.3347e-14
  7568.00  7.3574e-14
  7569.00  7.3598e-14
  7570.00  7.3962e-14
  7571.00  7.3042e-14
  7572.00  7.2949e-14
  7573.00  7.1712e-14
  7574.00  7.3514e-14
  7575.00  7.4938e-14
  7576.00  7.2481e-14
  7577.00  7.3521e-14
  7578.00  7.3129e-14
  7579.00  7.4111e-14
  7580.00  7.2509e-14
  7581.00  7.2994e-14
  7582.00  7.2980e-14
  7583.00  7.4795e-14
  7584.00  7.3970e-14
  7585.00  7.4376e-14
  7586.00  7.3485e-14
  7587.00  7.3294e-14
  7588.00  7.3242e-14
  7589.00  7.4081e-14
  7590.00  7.5118e-14
  7591.00  7.4300e-14
  7592.00  7.3804e-14
  7593.00  7.4418e-14
  7594.00  7.4207e-14
  7595.00  7.2746e-14
  7596.00  7.3394e-14
  7597.00  7.2950e-14
  7598.00  7.4310e-14
  7599.00  7.3797e-14
  7600.00  7.2723e-14
  7601.00  7.4354e-14
  7602.00  7.3705e-14
  7603.00  7.3960e-14
  7604.00  7.3162e-14
  7605.00  7.3167e-14
  7606.00  7.4310e-14
  7607.00  7.1830e-14
  7608.00  7.3423e-14
  7609.00  7.4277e-14
  7610.00  7.5224e-14
  7611.00  7.3419e-14
  7612.00  7.3300e-14
  7613.00  7.4132e-14
  7614.00  7.4547e-14
  7615.00  7.5080e-14
  7616.00  7.3095e-14
  7617.00  7.4694e-14
  7618.00  7.3563e-14
  7619.00  7.2893e-14
  7620.00  7.2415e-14
  7621.00  7.3794e-14
  7622.00  7.3269e-14
  7623.00  7.4924e-14
  7624.00  7.3586e-14
  7625.00  7.3930e-14
  7626.00  7.3309e-14
  7627.00  7.4867e-14
  7628.00  7.2881e-14
  7629.00  7.4463e-14
  7630.00  7.3498e-14
  7631.00  7.4187e-14
  7632.00  7.3205e-14
  7633.00  7.3041e-14
  7634.00  7.4838e-14
  7635.00  7.1699e-14
  7636.00  7.3731e-14
  7637.00  7.3862e-14
  7638.00  7.2551e-14
  7639.00  7.4694e-14
  7640.00  7.4544e-14
  7641.00  7.4775e-14
  7642.00  7.4702e-14
  7643.00  7.3060e-14
  7644.00  7.4697e-14
  7645.00  7.4030e-14
  7646.00  7.3858e-14
  7647.00  7.3420e-14
  7648.00  7.3500e-14
  7649.00  7.4077e-14
  7650.00  7.3820e-14
  7651.00  7.4792e-14
  7652.00  7.4727e-14
  7653.00  7.2582e-14
  7654.00  7.2125e-14
  7655.00  7.4077e-14
  7656.00  7.3462e-14
  7657.00  7.4131e-14
  7658.00  7.4171e-14
  7659.00  7.4373e-14
  7660.00  7.4432e-14
  7661.00  7.3863e-14
  7662.00  7.2986e-14
  7663.00  7.4117e-14
  7664.00  7.4656e-14
  7665.00  7.3274e-14
  7666.00  7.3590e-14
  7667.00  7.4722e-14
  7668.00  7.3876e-14
  7669.00  7.3245e-14
  7670.00  7.4459e-14
  7671.00  7.2675e-14
  7672.00  7.4441e-14
  7673.00  7.6302e-14
  7674.00  7.4412e-14
  7675.00  7.4842e-14
  7676.00  7.2823e-14
  7677.00  7.4274e-14
  7678.00  7.4348e-14
  7679.00  7.4876e-14
  7680.00  7.4135e-14
  7681.00  7.5369e-14
  7682.00  7.3729e-14
  7683.00  7.3298e-14
  7684.00  7.3927e-14
  7685.00  7.3168e-14
  7686.00  7.5823e-14
  7687.00  7.3539e-14
  7688.00  7.3480e-14
  7689.00  7.3596e-14
  7690.00  7.3852e-14
  7691.00  7.3556e-14
  7692.00  7.3480e-14
  7693.00  7.5378e-14
  7694.00  7.3837e-14
  7695.00  7.4816e-14
  7696.00  7.4828e-14
  7697.00  7.3725e-14
  7698.00  7.3398e-14
  7699.00  7.5305e-14
  7700.00  7.6137e-14
  7701.00  7.4367e-14
  7702.00  7.3132e-14
  7703.00  7.3957e-14
  7704.00  7.3724e-14
  7705.00  7.4188e-14
  7706.00  7.5244e-14
  7707.00  7.3641e-14
  7708.00  7.2755e-14
  7709.00  7.4536e-14
  7710.00  7.3966e-14
  7711.00  7.3192e-14
  7712.00  7.4077e-14
  7713.00  7.6050e-14
  7714.00  7.4209e-14
  7715.00  7.4220e-14
  7716.00  7.3801e-14
  7717.00  7.2739e-14
  7718.00  7.4767e-14
  7719.00  7.4198e-14
  7720.00  7.4722e-14
  7721.00  7.4179e-14
  7722.00  7.4027e-14
  7723.00  7.3648e-14
  7724.00  7.4471e-14
  7725.00  7.2799e-14
  7726.00  7.4437e-14
  7727.00  7.3929e-14
  7728.00  7.3730e-14
  7729.00  7.3594e-14
  7730.00  7.5217e-14
  7731.00  7.5038e-14
  7732.00  7.4984e-14
  7733.00  7.4973e-14
  7734.00  7.3787e-14
  7735.00  7.3349e-14
  7736.00  7.4285e-14
  7737.00  7.2366e-14
  7738.00  7.5807e-14
  7739.00  7.4456e-14
  7740.00  7.4635e-14
  7741.00  7.5313e-14
  7742.00  7.4651e-14
  7743.00  7.4294e-14
  7744.00  7.4015e-14
  7745.00  7.5432e-14
  7746.00  7.4976e-14
  7747.00  7.5329e-14
  7748.00  7.5787e-14
  7749.00  7.3508e-14
  7750.00  7.3353e-14
  7751.00  7.2505e-14
  7752.00  7.3414e-14
  7753.00  7.3510e-14
  7754.00  7.6482e-14
  7755.00  7.3667e-14
  7756.00  7.4635e-14
  7757.00  7.3550e-14
  7758.00  7.3618e-14
  7759.00  7.4080e-14
  7760.00  7.3053e-14
  7761.00  7.3410e-14
  7762.00  7.5895e-14
  7763.00  7.3651e-14
  7764.00  7.5461e-14
  7765.00  7.6054e-14
  7766.00  7.5155e-14
  7767.00  7.5396e-14
  7768.00  7.3631e-14
  7769.00  7.4342e-14
  7770.00  7.3361e-14
  7771.00  7.3865e-14
  7772.00  7.4829e-14
  7773.00  7.4342e-14
  7774.00  7.3927e-14
  7775.00  7.2580e-14
  7776.00  7.4438e-14
  7777.00  7.4273e-14
  7778.00  7.3415e-14
  7779.00  7.5133e-14
  7780.00  7.4613e-14
  7781.00  7.4812e-14
  7782.00  7.4721e-14
  7783.00  7.4178e-14
  7784.00  7.3939e-14
  7785.00  7.3903e-14
  7786.00  7.4844e-14
  7787.00  7.4161e-14
  7788.00  7.4929e-14
  7789.00  7.3547e-14
  7790.00  7.3999e-14
  7791.00  7.4557e-14
  7792.00  7.3729e-14
  7793.00  7.5057e-14
  7794.00  7.5187e-14
  7795.00  7.4009e-14
  7796.00  7.5817e-14
  7797.00  7.4107e-14
  7798.00  7.3742e-14
  7799.00  7.4043e-14
  7800.00  7.3017e-14
  7801.00  7.4135e-14
  7802.00  7.3858e-14
  7803.00  7.3480e-14
  7804.00  7.3643e-14
  7805.00  7.5103e-14
  7806.00  7.5271e-14
  7807.00  7.3208e-14
  7808.00  7.3181e-14
  7809.00  7.4875e-14
  7810.00  7.4868e-14
  7811.00  7.4781e-14
  7812.00  7.4210e-14
  7813.00  7.5339e-14
  7814.00  7.2948e-14
  7815.00  7.6382e-14
  7816.00  7.4975e-14
  7817.00  7.6216e-14
  7818.00  7.3887e-14
  7819.00  7.5293e-14
  7820.00  7.5444e-14
  7821.00  7.4210e-14
  7822.00  7.4562e-14
  7823.00  7.5196e-14
  7824.00  7.4162e-14
  7825.00  7.4343e-14
  7826.00  7.5320e-14
  7827.00  7.5528e-14
  7828.00  7.4653e-14
  7829.00  7.3785e-14
  7830.00  7.6578e-14
  7831.00  7.4401e-14
  7832.00  7.3546e-14
  7833.00  7.5191e-14
  7834.00  7.4891e-14
  7835.00  7.4302e-14
  7836.00  7.4407e-14
  7837.00  7.4405e-14
  7838.00  7.5322e-14
  7839.00  7.4929e-14
  7840.00  7.3923e-14
  7841.00  7.4013e-14
  7842.00  7.5111e-14
  7843.00  7.5862e-14
  7844.00  7.4765e-14
  7845.00  7.5904e-14
  7846.00  7.4171e-14
  7847.00  7.3750e-14
  7848.00  7.5511e-14
  7849.00  7.4442e-14
  7850.00  7.5936e-14
  7851.00  7.5491e-14
  7852.00  7.5007e-14
  7853.00  7.5416e-14
  7854.00  7.4778e-14
  7855.00  7.4199e-14
  7856.00  7.4427e-14
  7857.00  7.5556e-14
  7858.00  7.4294e-14
  7859.00  7.5087e-14
  7860.00  7.5783e-14
  7861.00  7.6343e-14
  7862.00  7.4522e-14
  7863.00  7.4567e-14
  7864.00  7.4555e-14
  7865.00  7.5185e-14
  7866.00  7.4766e-14
  7867.00  7.5801e-14
  7868.00  7.3849e-14
  7869.00  7.5008e-14
  7870.00  7.5412e-14
  7871.00  7.4727e-14
  7872.00  7.5346e-14
  7873.00  7.6246e-14
  7874.00  7.6640e-14
  7875.00  7.4356e-14
  7876.00  7.4574e-14
  7877.00  7.4868e-14
  7878.00  7.5331e-14
  7879.00  7.5103e-14
  7880.00  7.4354e-14
  7881.00  7.3192e-14
  7882.00  7.4346e-14
  7883.00  7.5449e-14
  7884.00  7.4620e-14
  7885.00  7.4736e-14
  7886.00  7.4698e-14
  7887.00  7.3689e-14
  7888.00  7.5570e-14
  7889.00  7.4479e-14
  7890.00  7.4335e-14
  7891.00  7.4522e-14
  7892.00  7.5544e-14
  7893.00  7.5428e-14
  7894.00  7.4841e-14
  7895.00  7.5273e-14
  7896.00  7.4033e-14
  7897.00  7.4486e-14
  7898.00  7.4027e-14
  7899.00  7.4398e-14
  7900.00  7.4287e-14
  7901.00  7.3685e-14
  7902.00  7.5474e-14
  7903.00  7.5989e-14
  7904.00  7.3619e-14
  7905.00  7.4551e-14
  7906.00  7.2763e-14
  7907.00  7.4941e-14
  7908.00  7.4432e-14
  7909.00  7.4019e-14
  7910.00  7.5210e-14
  7911.00  7.5685e-14
  7912.00  7.4295e-14
  7913.00  7.5888e-14
  7914.00  7.5268e-14
  7915.00  7.4897e-14
  7916.00  7.5980e-14
  7917.00  7.4517e-14
  7918.00  7.5321e-14
  7919.00  7.5710e-14
  7920.00  7.5149e-14
  7921.00  7.4778e-14
  7922.00  7.5204e-14
  7923.00  7.4203e-14
  7924.00  7.5524e-14
  7925.00  7.6917e-14
  7926.00  7.4736e-14
  7927.00  7.5332e-14
  7928.00  7.4014e-14
  7929.00  7.4240e-14
  7930.00  7.5267e-14
  7931.00  7.4341e-14
  7932.00  7.5044e-14
  7933.00  7.3512e-14
  7934.00  7.4267e-14
  7935.00  7.4541e-14
  7936.00  7.5302e-14
  7937.00  7.5324e-14
  7938.00  7.4925e-14
  7939.00  7.4753e-14
  7940.00  7.6069e-14
  7941.00  7.5524e-14
  7942.00  7.6126e-14
  7943.00  7.5008e-14
  7944.00  7.4337e-14
  7945.00  7.5507e-14
  7946.00  7.4929e-14
  7947.00  7.6400e-14
  7948.00  7.4174e-14
  7949.00  7.5219e-14
  7950.00  7.6550e-14
  7951.00  7.5237e-14
  7952.00  7.6339e-14
  7953.00  7.6107e-14
  7954.00  7.4553e-14
  7955.00  7.5205e-14
  7956.00  7.4912e-14
  7957.00  7.4331e-14
  7958.00  7.4633e-14
  7959.00  7.5512e-14
  7960.00  7.4480e-14
  7961.00  7.5240e-14
  7962.00  7.4607e-14
  7963.00  7.7570e-14
  7964.00  7.4924e-14
  7965.00  7.5204e-14
  7966.00  7.5428e-14
  7967.00  7.4111e-14
  7968.00  7.6323e-14
  7969.00  7.6497e-14
  7970.00  7.3800e-14
  7971.00  7.5311e-14
  7972.00  7.5782e-14
  7973.00  7.4667e-14
  7974.00  7.6083e-14
  7975.00  7.6138e-14
  7976.00  7.6358e-14
  7977.00  7.4259e-14
  7978.00  7.6237e-14
  7979.00  7.6120e-14
  7980.00  7.5489e-14
  7981.00  7.4775e-14
  7982.00  7.4271e-14
  7983.00  7.3681e-14
  7984.00  7.5510e-14
  7985.00  7.5977e-14
  7986.00  7.5102e-14
  7987.00  7.5039e-14
  7988.00  7.6247e-14
  7989.00  7.5148e-14
  7990.00  7.4166e-14
  7991.00  7.4731e-14
  7992.00  7.5091e-14
  7993.00  7.4546e-14
  7994.00  7.5515e-14
  7995.00  7.4325e-14
  7996.00  7.5594e-14
  7997.00  7.5040e-14
  7998.00  7.5868e-14
  7999.00  7.4739e-14
  8000.00  7.6119e-14
  8001.00  7.4584e-14
  8002.00  7.5529e-14
  8003.00  7.5003e-14
  8004.00  7.6225e-14
  8005.00  7.4530e-14
  8006.00  7.4808e-14
  8007.00  7.4119e-14
  8008.00  7.5695e-14
  8009.00  7.4702e-14
  8010.00  7.5117e-14
  8011.00  7.5055e-14
  8012.00  7.4638e-14
  8013.00  7.4921e-14
  8014.00  7.5018e-14
  8015.00  7.6319e-14
  8016.00  7.3856e-14
  8017.00  7.6410e-14
  8018.00  7.4962e-14
  8019.00  7.6036e-14
  8020.00  7.4978e-14
  8021.00  7.7361e-14
  8022.00  7.5261e-14
  8023.00  7.5292e-14
  8024.00  7.5946e-14
  8025.00  7.6104e-14
  8026.00  7.5864e-14
  8027.00  7.4624e-14
  8028.00  7.4932e-14
  8029.00  7.4990e-14
  8030.00  7.3822e-14
  8031.00  7.5471e-14
  8032.00  7.5188e-14
  8033.00  7.6315e-14
  8034.00  7.5403e-14
  8035.00  7.5385e-14
  8036.00  7.5724e-14
  8037.00  7.6351e-14
  8038.00  7.6796e-14
  8039.00  7.5493e-14
  8040.00  7.4908e-14
  8041.00  7.6137e-14
  8042.00  7.6028e-14
  8043.00  7.6265e-14
  8044.00  7.4560e-14
  8045.00  7.5489e-14
  8046.00  7.4564e-14
  8047.00  7.6338e-14
  8048.00  7.4965e-14
  8049.00  7.6370e-14
  8050.00  7.4794e-14
  8051.00  7.4026e-14
  8052.00  7.5422e-14
  8053.00  7.5462e-14
  8054.00  7.5655e-14
  8055.00  7.4893e-14
  8056.00  7.5933e-14
  8057.00  7.4287e-14
  8058.00  7.5039e-14
  8059.00  7.5822e-14
  8060.00  7.5320e-14
  8061.00  7.5356e-14
  8062.00  7.5219e-14
  8063.00  7.4698e-14
  8064.00  7.5779e-14
  8065.00  7.5329e-14
  8066.00  7.5493e-14
  8067.00  7.5326e-14
  8068.00  7.6399e-14
  8069.00  7.3705e-14
  8070.00  7.5946e-14
  8071.00  7.6052e-14
  8072.00  7.7097e-14
  8073.00  7.6147e-14
  8074.00  7.4249e-14
  8075.00  7.6729e-14
  8076.00  7.4839e-14
  8077.00  7.6921e-14
  8078.00  7.5265e-14
  8079.00  7.6455e-14
  8080.00  7.3520e-14
  8081.00  7.6298e-14
  8082.00  7.5761e-14
  8083.00  7.5247e-14
  8084.00  7.5890e-14
  8085.00  7.5099e-14
  8086.00  7.5378e-14
  8087.00  7.6546e-14
  8088.00  7.5507e-14
  8089.00  7.6321e-14
  8090.00  7.5487e-14
  8091.00  7.3961e-14
  8092.00  7.4742e-14
  8093.00  7.5211e-14
  8094.00  7.6526e-14
  8095.00  7.6825e-14
  8096.00  7.6829e-14
  8097.00  7.4843e-14
  8098.00  7.4962e-14
  8099.00  7.6074e-14
  8100.00  7.6538e-14
  8101.00  7.4710e-14
  8102.00  7.6382e-14
  8103.00  7.4402e-14
  8104.00  7.5080e-14
  8105.00  7.4446e-14
  8106.00  7.4059e-14
  8107.00  7.6137e-14
  8108.00  7.6738e-14
  8109.00  7.5856e-14
  8110.00  7.5395e-14
  8111.00  7.4841e-14
  8112.00  7.5226e-14
  8113.00  7.6829e-14
  8114.00  7.5480e-14
  8115.00  7.6360e-14
  8116.00  7.6566e-14
  8117.00  7.5311e-14
  8118.00  7.6122e-14
  8119.00  7.5072e-14
  8120.00  7.5628e-14
  8121.00  7.7016e-14
  8122.00  7.5461e-14
  8123.00  7.5047e-14
  8124.00  7.5290e-14
  8125.00  7.5897e-14
  8126.00  7.6154e-14
  8127.00  7.4929e-14
  8128.00  7.4372e-14
  8129.00  7.5095e-14
  8130.00  7.5655e-14
  8131.00  7.5148e-14
  8132.00  7.4117e-14
  8133.00  7.5020e-14
  8134.00  7.6296e-14
  8135.00  7.5567e-14
  8136.00  7.7930e-14
  8137.00  7.5584e-14
  8138.00  7.3747e-14
  8139.00  7.6303e-14
  8140.00  7.5509e-14
  8141.00  7.5352e-14
  8142.00  7.5167e-14
  8143.00  7.6514e-14
  8144.00  7.5404e-14
  8145.00  7.5899e-14
  8146.00  7.6562e-14
  8147.00  7.5308e-14
  8148.00  7.4818e-14
  8149.00  7.5394e-14
  8150.00  7.4572e-14
  8151.00  7.6005e-14
  8152.00  7.5535e-14
  8153.00  7.4522e-14
  8154.00  7.5169e-14
  8155.00  7.5329e-14
  8156.00  7.4595e-14
  8157.00  7.6251e-14
  8158.00  7.4274e-14
  8159.00  7.6445e-14
  8160.00  7.5333e-14
  8161.00  7.5388e-14
  8162.00  7.4877e-14
  8163.00  7.6152e-14
  8164.00  7.3617e-14
  8165.00  7.5897e-14
  8166.00  7.5132e-14
  8167.00  7.4039e-14
  8168.00  7.6236e-14
  8169.00  7.3923e-14
  8170.00  7.5720e-14
  8171.00  7.5120e-14
  8172.00  7.5773e-14
  8173.00  7.6008e-14
  8174.00  7.5650e-14
  8175.00  7.4477e-14
  8176.00  7.7910e-14
  8177.00  7.5408e-14
  8178.00  7.5652e-14
  8179.00  7.5903e-14
  8180.00  7.6113e-14
  8181.00  7.5683e-14
  8182.00  7.6391e-14
  8183.00  7.6474e-14
  8184.00  7.4881e-14
  8185.00  7.5602e-14
  8186.00  7.5529e-14
  8187.00  7.6040e-14
  8188.00  7.5396e-14
  8189.00  7.5362e-14
  8190.00  7.5427e-14
  8191.00  7.5517e-14
  8192.00  7.6322e-14
  8193.00  7.5535e-14
  8194.00  7.4807e-14
  8195.00  7.5448e-14
  8196.00  7.5074e-14
  8197.00  7.5732e-14
  8198.00  7.5484e-14
  8199.00  7.6059e-14
  8200.00  7.5533e-14
  8201.00  7.5173e-14
  8202.00  7.5486e-14
  8203.00  7.6767e-14
  8204.00  7.6335e-14
  8205.00  7.6586e-14
  8206.00  7.6706e-14
  8207.00  7.4696e-14
  8208.00  7.5806e-14
  8209.00  7.5539e-14
  8210.00  7.5170e-14
  8211.00  7.4509e-14
  8212.00  7.5547e-14
  8213.00  7.6281e-14
  8214.00  7.5911e-14
  8215.00  7.5695e-14
  8216.00  7.5162e-14
  8217.00  7.6469e-14
  8218.00  7.5655e-14
  8219.00  7.4912e-14
  8220.00  7.5121e-14
  8221.00  7.4932e-14
  8222.00  7.5953e-14
  8223.00  7.5666e-14
  8224.00  7.4347e-14
  8225.00  7.5314e-14
  8226.00  7.6303e-14
  8227.00  7.6292e-14
  8228.00  7.5882e-14
  8229.00  7.5755e-14
  8230.00  7.5264e-14
  8231.00  7.5802e-14
  8232.00  7.5680e-14
  8233.00  7.4899e-14
  8234.00  7.5649e-14
  8235.00  7.4951e-14
  8236.00  7.5627e-14
  8237.00  7.4835e-14
  8238.00  7.7119e-14
  8239.00  7.6297e-14
  8240.00  7.4540e-14
  8241.00  7.6157e-14
  8242.00  7.5083e-14
  8243.00  7.6079e-14
  8244.00  7.6826e-14
  8245.00  7.4008e-14
  8246.00  7.6055e-14
  8247.00  7.6149e-14
  8248.00  7.6930e-14
  8249.00  7.5254e-14
  8250.00  7.6194e-14
  8251.00  7.5891e-14
  8252.00  7.5582e-14
  8253.00  7.5350e-14
  8254.00  7.5388e-14
  8255.00  7.5528e-14
  8256.00  7.5773e-14
  8257.00  7.4786e-14
  8258.00  7.7564e-14
  8259.00  7.6341e-14
  8260.00  7.5695e-14
  8261.00  7.4757e-14
  8262.00  7.5845e-14
  8263.00  7.5910e-14
  8264.00  7.6698e-14
  8265.00  7.5829e-14
  8266.00  7.5607e-14
  8267.00  7.5996e-14
  8268.00  7.5736e-14
  8269.00  7.5721e-14
  8270.00  7.4390e-14
  8271.00  7.5451e-14
  8272.00  7.6753e-14
  8273.00  7.4905e-14
  8274.00  7.7236e-14
  8275.00  7.5503e-14
  8276.00  7.6219e-14
  8277.00  7.6407e-14
  8278.00  7.5601e-14
  8279.00  7.6243e-14
  8280.00  7.6574e-14
  8281.00  7.6345e-14
  8282.00  7.4467e-14
  8283.00  7.5418e-14
  8284.00  7.6096e-14
  8285.00  7.5044e-14
  8286.00  7.5908e-14
  8287.00  7.5262e-14
  8288.00  7.5367e-14
  8289.00  7.6650e-14
  8290.00  7.6436e-14
  8291.00  7.6238e-14
  8292.00  7.5010e-14
  8293.00  7.6061e-14
  8294.00  7.6420e-14
  8295.00  7.6805e-14
  8296.00  7.5741e-14
  8297.00  7.5509e-14
  8298.00  7.6737e-14
  8299.00  7.5972e-14
  8300.00  7.6022e-14
  8301.00  7.5706e-14
  8302.00  7.6256e-14
  8303.00  7.6146e-14
  8304.00  7.3998e-14
  8305.00  7.6437e-14
  8306.00  7.6152e-14
  8307.00  7.6887e-14
  8308.00  7.5239e-14
  8309.00  7.5489e-14
  8310.00  7.5309e-14
  8311.00  7.5530e-14
  8312.00  7.6678e-14
  8313.00  7.6811e-14
  8314.00  7.4250e-14
  8315.00  7.6747e-14
  8316.00  7.4254e-14
  8317.00  7.6346e-14
  8318.00  7.5898e-14
  8319.00  7.6927e-14
  8320.00  7.6619e-14
  8321.00  7.7056e-14
  8322.00  7.5053e-14
  8323.00  7.5763e-14
  8324.00  7.6997e-14
  8325.00  7.6624e-14
  8326.00  7.6638e-14
  8327.00  7.5486e-14
  8328.00  7.7194e-14
  8329.00  7.6210e-14
  8330.00  7.5973e-14
  8331.00  7.5423e-14
  8332.00  7.5819e-14
  8333.00  7.5292e-14
  8334.00  7.6620e-14
  8335.00  7.5647e-14
  8336.00  7.5199e-14
  8337.00  7.5080e-14
  8338.00  7.6055e-14
  8339.00  7.7340e-14
  8340.00  7.5746e-14
  8341.00  7.5852e-14
  8342.00  7.6984e-14
  8343.00  7.5110e-14
  8344.00  7.6733e-14
  8345.00  7.5009e-14
  8346.00  7.5143e-14
  8347.00  7.4795e-14
  8348.00  7.7036e-14
  8349.00  7.6287e-14
  8350.00  7.6338e-14
  8351.00  7.6647e-14
  8352.00  7.5278e-14
  8353.00  7.5756e-14
  8354.00  7.5967e-14
  8355.00  7.6327e-14
  8356.00  7.6080e-14
  8357.00  7.5034e-14
  8358.00  7.6008e-14
  8359.00  7.5732e-14
  8360.00  7.6693e-14
  8361.00  7.5822e-14
  8362.00  7.6080e-14
  8363.00  7.6246e-14
  8364.00  7.6731e-14
  8365.00  7.5834e-14
  8366.00  7.6399e-14
  8367.00  7.6035e-14
  8368.00  7.5666e-14
  8369.00  7.6007e-14
  8370.00  7.6721e-14
  8371.00  7.5719e-14
  8372.00  7.6773e-14
  8373.00  7.6071e-14
  8374.00  7.5370e-14
  8375.00  7.6444e-14
  8376.00  7.5545e-14
  8377.00  7.5168e-14
  8378.00  7.5993e-14
  8379.00  7.5913e-14
  8380.00  7.4840e-14
  8381.00  7.4742e-14
  8382.00  7.4805e-14
  8383.00  7.5742e-14
  8384.00  7.4836e-14
  8385.00  7.7118e-14
  8386.00  7.4313e-14
  8387.00  7.6406e-14
  8388.00  7.5716e-14
  8389.00  7.6212e-14
  8390.00  7.6323e-14
  8391.00  7.6348e-14
  8392.00  7.6748e-14
  8393.00  7.5686e-14
  8394.00  7.6669e-14
  8395.00  7.5894e-14
  8396.00  7.6055e-14
  8397.00  7.5330e-14
  8398.00  7.5771e-14
  8399.00  7.5934e-14
  8400.00  7.4055e-14
  8401.00  7.6120e-14
  8402.00  7.4956e-14
  8403.00  7.6019e-14
  8404.00  7.4895e-14
  8405.00  7.6480e-14
  8406.00  7.6147e-14
  8407.00  7.6590e-14
  8408.00  7.4958e-14
  8409.00  7.4932e-14
  8410.00  7.5737e-14
  8411.00  7.5554e-14
  8412.00  7.5478e-14
  8413.00  7.7255e-14
  8414.00  7.5664e-14
  8415.00  7.5784e-14
  8416.00  7.4599e-14
  8417.00  7.7436e-14
  8418.00  7.6369e-14
  8419.00  7.6275e-14
  8420.00  7.6727e-14
  8421.00  7.4613e-14
  8422.00  7.5984e-14
  8423.00  7.6349e-14
  8424.00  7.6199e-14
  8425.00  7.4904e-14
  8426.00  7.7133e-14
  8427.00  7.6266e-14
  8428.00  7.4782e-14
  8429.00  7.3833e-14
  8430.00  7.6884e-14
  8431.00  7.6391e-14
  8432.00  7.7768e-14
  8433.00  7.4764e-14
  8434.00  7.5711e-14
  8435.00  7.6053e-14
  8436.00  7.5096e-14
  8437.00  7.6330e-14
  8438.00  7.4575e-14
  8439.00  7.6727e-14
  8440.00  7.4945e-14
  8441.00  7.6530e-14
  8442.00  7.6103e-14
  8443.00  7.5433e-14
  8444.00  7.5674e-14
  8445.00  7.6433e-14
  8446.00  7.6242e-14
  8447.00  7.7874e-14
  8448.00  7.6153e-14
  8449.00  7.5513e-14
  8450.00  7.5350e-14
  8451.00  7.6415e-14
  8452.00  7.6510e-14
  8453.00  7.6382e-14
  8454.00  7.5635e-14
  8455.00  7.6957e-14
  8456.00  7.5235e-14
  8457.00  7.5724e-14
  8458.00  7.6251e-14
  8459.00  7.5637e-14
  8460.00  7.6142e-14
  8461.00  7.6609e-14
  8462.00  7.5205e-14
  8463.00  7.5104e-14
  8464.00  7.6221e-14
  8465.00  7.5284e-14
  8466.00  7.5977e-14
  8467.00  7.5168e-14
  8468.00  7.6305e-14
  8469.00  7.5775e-14
  8470.00  7.6219e-14
  8471.00  7.6393e-14
  8472.00  7.5474e-14
  8473.00  7.6184e-14
  8474.00  7.5885e-14
  8475.00  7.7311e-14
  8476.00  7.4715e-14
  8477.00  7.5159e-14
  8478.00  7.6405e-14
  8479.00  7.6564e-14
  8480.00  7.5804e-14
  8481.00  7.6702e-14
  8482.00  7.5307e-14
  8483.00  7.5887e-14
  8484.00  7.5362e-14
  8485.00  7.5618e-14
  8486.00  7.4970e-14
  8487.00  7.6209e-14
  8488.00  7.5271e-14
  8489.00  7.5765e-14
  8490.00  7.4047e-14
  8491.00  7.4034e-14
  8492.00  7.4037e-14
  8493.00  7.1100e-14
  8494.00  7.1750e-14
  8495.00  7.0107e-14
  8496.00  6.8277e-14
  8497.00  6.8123e-14
  8498.00  6.7329e-14
  8499.00  6.8434e-14
  8500.00  6.7915e-14
  8501.00  6.9975e-14
  8502.00  7.0735e-14
  8503.00  7.2228e-14
  8504.00  7.3616e-14
  8505.00  7.4967e-14
  8506.00  7.4482e-14
  8507.00  7.5131e-14
  8508.00  7.6650e-14
  8509.00  7.4012e-14
  8510.00  7.5425e-14
  8511.00  7.6240e-14
  8512.00  7.5015e-14
  8513.00  7.3963e-14
  8514.00  7.6095e-14
  8515.00  7.4939e-14
  8516.00  7.5727e-14
  8517.00  7.5170e-14
  8518.00  7.6068e-14
  8519.00  7.5068e-14
  8520.00  7.4733e-14
  8521.00  7.7073e-14
  8522.00  7.6950e-14
  8523.00  7.6752e-14
  8524.00  7.5810e-14
  8525.00  7.5059e-14
  8526.00  7.6483e-14
  8527.00  7.7240e-14
  8528.00  7.7428e-14
  8529.00  7.6474e-14
  8530.00  7.6620e-14
  8531.00  7.5785e-14
  8532.00  7.6130e-14
  8533.00  7.4598e-14
  8534.00  7.5862e-14
  8535.00  7.2892e-14
  8536.00  7.2798e-14
  8537.00  7.0779e-14
  8538.00  6.9959e-14
  8539.00  6.6892e-14
  8540.00  6.5798e-14
  8541.00  6.4105e-14
  8542.00  6.5116e-14
  8543.00  6.4888e-14
  8544.00  6.6741e-14
  8545.00  6.5504e-14
  8546.00  6.9248e-14
  8547.00  7.1812e-14
  8548.00  7.0765e-14
  8549.00  7.4086e-14
  8550.00  7.4609e-14
  8551.00  7.5784e-14
  8552.00  7.5372e-14
  8553.00  7.5288e-14
  8554.00  7.5592e-14
  8555.00  7.5650e-14
  8556.00  7.5726e-14
  8557.00  7.5584e-14
  8558.00  7.7101e-14
  8559.00  7.6319e-14
  8560.00  7.6542e-14
  8561.00  7.4292e-14
  8562.00  7.7096e-14
  8563.00  7.5464e-14
  8564.00  7.5814e-14
  8565.00  7.6213e-14
  8566.00  7.5500e-14
  8567.00  7.5498e-14
  8568.00  7.5408e-14
  8569.00  7.7057e-14
  8570.00  7.6813e-14
  8571.00  7.5295e-14
  8572.00  7.5384e-14
  8573.00  7.4581e-14
  8574.00  7.4518e-14
  8575.00  7.6394e-14
  8576.00  7.5842e-14
  8577.00  7.4674e-14
  8578.00  7.6233e-14
  8579.00  7.4881e-14
  8580.00  7.4968e-14
  8581.00  7.5689e-14
  8582.00  7.5364e-14
  8583.00  7.5780e-14
  8584.00  7.5027e-14
  8585.00  7.6135e-14
  8586.00  7.4379e-14
  8587.00  7.6169e-14
  8588.00  7.6148e-14
  8589.00  7.6575e-14
  8590.00  7.4216e-14
  8591.00  7.5856e-14
  8592.00  7.6294e-14
  8593.00  7.6517e-14
  8594.00  7.4758e-14
  8595.00  7.5620e-14
  8596.00  7.6076e-14
  8597.00  7.4727e-14
  8598.00  7.6885e-14
  8599.00  7.6667e-14
  8600.00  7.5796e-14
  8601.00  7.6187e-14
  8602.00  7.5791e-14
  8603.00  7.6504e-14
  8604.00  7.6197e-14
  8605.00  7.7075e-14
  8606.00  7.6444e-14
  8607.00  7.5842e-14
  8608.00  7.5660e-14
  8609.00  7.6124e-14
  8610.00  7.6429e-14
  8611.00  7.5328e-14
  8612.00  7.5475e-14
  8613.00  7.5981e-14
  8614.00  7.5594e-14
  8615.00  7.5730e-14
  8616.00  7.6181e-14
  8617.00  7.6311e-14
  8618.00  7.5659e-14
  8619.00  7.5050e-14
  8620.00  7.6372e-14
  8621.00  7.4714e-14
  8622.00  7.5268e-14
  8623.00  7.6804e-14
  8624.00  7.5320e-14
  8625.00  7.4729e-14
  8626.00  7.6400e-14
  8627.00  7.6543e-14
  8628.00  7.5801e-14
  8629.00  7.6950e-14
  8630.00  7.5904e-14
  8631.00  7.6226e-14
  8632.00  7.6915e-14
  8633.00  7.5355e-14
  8634.00  7.6264e-14
  8635.00  7.5892e-14
  8636.00  7.5106e-14
  8637.00  7.6230e-14
  8638.00  7.4602e-14
  8639.00  7.6039e-14
  8640.00  7.6088e-14
  8641.00  7.7008e-14
  8642.00  7.5597e-14
  8643.00  7.5645e-14
  8644.00  7.6446e-14
  8645.00  7.6956e-14
  8646.00  7.6507e-14
  8647.00  7.4284e-14
  8648.00  7.5246e-14
  8649.00  7.6191e-14
  8650.00  7.5940e-14
  8651.00  7.5931e-14
  8652.00  7.6333e-14
  8653.00  7.5414e-14
  8654.00  7.5976e-14
  8655.00  7.3312e-14
  8656.00  7.3317e-14
  8657.00  7.1239e-14
  8658.00  7.0226e-14
  8659.00  6.9088e-14
  8660.00  6.8970e-14
  8661.00  6.6513e-14
  8662.00  6.6929e-14
  8663.00  6.6675e-14
  8664.00  6.6311e-14
  8665.00  6.9100e-14
  8666.00  7.1040e-14
  8667.00  7.1206e-14
  8668.00  7.3018e-14
  8669.00  7.3977e-14
  8670.00  7.4545e-14
  8671.00  7.5869e-14
  8672.00  7.5494e-14
  8673.00  7.5306e-14
  8674.00  7.5925e-14
  8675.00  7.5812e-14
  8676.00  7.4799e-14
  8677.00  7.7430e-14
  8678.00  7.6034e-14
  8679.00  7.6828e-14
  8680.00  7.6400e-14
  8681.00  7.5664e-14
  8682.00  7.4934e-14
  8683.00  7.6217e-14
  8684.00  7.5445e-14
  8685.00  7.6641e-14
  8686.00  7.6603e-14
  8687.00  7.5128e-14
  8688.00  7.5882e-14
  8689.00  7.4657e-14
  8690.00  7.6432e-14
  8691.00  7.6209e-14
  8692.00  7.5007e-14
  8693.00  7.3797e-14
  8694.00  7.5536e-14
  8695.00  7.6200e-14
  8696.00  7.4762e-14
  8697.00  7.6722e-14
  8698.00  7.5955e-14
  8699.00  7.6378e-14
  8700.00  7.5697e-14
  8701.00  7.6281e-14
  8702.00  7.7401e-14
  8703.00  7.6481e-14
  8704.00  7.5328e-14
  8705.00  7.4747e-14
  8706.00  7.5148e-14
  8707.00  7.4210e-14
  8708.00  7.5160e-14
  8709.00  7.4337e-14
  8710.00  7.4566e-14
  8711.00  7.5844e-14
  8712.00  7.6145e-14
  8713.00  7.7087e-14
  8714.00  7.5123e-14
  8715.00  7.6695e-14
  8716.00  7.6260e-14
  8717.00  7.5443e-14
  8718.00  7.5714e-14
  8719.00  7.5609e-14
  8720.00  7.4409e-14
  8721.00  7.6815e-14
  8722.00  7.6428e-14
  8723.00  7.6299e-14
  8724.00  7.5179e-14
  8725.00  7.6161e-14
  8726.00  7.6407e-14
  8727.00  7.5187e-14
  8728.00  7.5971e-14
  8729.00  7.5652e-14
  8730.00  7.4859e-14
  8731.00  7.7559e-14
  8732.00  7.6079e-14
  8733.00  7.6257e-14
  8734.00  7.6115e-14
  8735.00  7.5050e-14
  8736.00  7.5604e-14
  8737.00  7.4640e-14
  8738.00  7.6464e-14
  8739.00  7.4430e-14
  8740.00  7.6938e-14
  8741.00  7.5725e-14
  8742.00  7.4954e-14
  8743.00  7.5409e-14
  8744.00  7.6894e-14
  8745.00  7.5652e-14
  8746.00  7.5736e-14
  8747.00  7.5307e-14
  8748.00  7.5204e-14
  8749.00  7.4759e-14
  8750.00  7.5909e-14
  8751.00  7.6091e-14
  8752.00  7.5435e-14
  8753.00  7.6490e-14
  8754.00  7.6151e-14
  8755.00  7.5735e-14
  8756.00  7.6194e-14
  8757.00  7.5602e-14
  8758.00  7.5199e-14
  8759.00  7.6575e-14
  8760.00  7.6417e-14
  8761.00  7.6050e-14
  8762.00  7.5719e-14
  8763.00  7.6290e-14
  8764.00  7.4680e-14
  8765.00  7.5327e-14
  8766.00  7.5088e-14
  8767.00  7.5871e-14
  8768.00  7.5461e-14
  8769.00  7.5392e-14
  8770.00  7.5922e-14
  8771.00  7.4283e-14
  8772.00  7.4684e-14
  8773.00  7.6497e-14
  8774.00  7.3725e-14
  8775.00  7.5354e-14
  8776.00  7.4818e-14
  8777.00  7.5184e-14
  8778.00  7.5305e-14
  8779.00  7.5769e-14
  8780.00  7.4832e-14
  8781.00  7.4421e-14
  8782.00  7.5573e-14
  8783.00  7.7173e-14
  8784.00  7.6970e-14
  8785.00  7.6306e-14
  8786.00  7.5223e-14
  8787.00  7.5445e-14
  8788.00  7.5113e-14
  8789.00  7.4587e-14
  8790.00  7.6247e-14
  8791.00  7.4512e-14
  8792.00  7.5722e-14
  8793.00  7.4785e-14
  8794.00  7.5592e-14
  8795.00  7.5292e-14
  8796.00  7.6059e-14
  8797.00  7.7609e-14
  8798.00  7.4901e-14
  8799.00  7.4427e-14
  8800.00  7.5485e-14
  8801.00  7.5095e-14
  8802.00  7.7982e-14
  8803.00  7.5938e-14
  8804.00  7.5916e-14
  8805.00  7.6241e-14
  8806.00  7.7032e-14
  8807.00  7.5875e-14
  8808.00  7.4980e-14
  8809.00  7.6746e-14
  8810.00  7.5603e-14
  8811.00  7.6794e-14
  8812.00  7.5341e-14
  8813.00  7.5418e-14
  8814.00  7.5258e-14
  8815.00  7.5182e-14
  8816.00  7.5156e-14
  8817.00  7.4556e-14
  8818.00  7.4481e-14
  8819.00  7.5132e-14
  8820.00  7.6345e-14
  8821.00  7.6287e-14
  8822.00  7.5216e-14
  8823.00  7.5617e-14
  8824.00  7.6532e-14
  8825.00  7.5832e-14
  8826.00  7.4737e-14
  8827.00  7.5605e-14
  8828.00  7.5857e-14
  8829.00  7.5173e-14
  8830.00  7.5725e-14
  8831.00  7.5673e-14
  8832.00  7.6763e-14
  8833.00  7.4848e-14
  8834.00  7.6061e-14
  8835.00  7.6728e-14
  8836.00  7.5682e-14
  8837.00  7.7090e-14
  8838.00  7.5015e-14
  8839.00  7.6925e-14
  8840.00  7.4283e-14
  8841.00  7.5512e-14
  8842.00  7.6560e-14
  8843.00  7.6334e-14
  8844.00  7.6094e-14
  8845.00  7.5430e-14
  8846.00  7.7150e-14
  8847.00  7.5434e-14
  8848.00  7.5050e-14
  8849.00  7.6328e-14
  8850.00  7.6223e-14
  8851.00  7.5532e-14
  8852.00  7.5345e-14
  8853.00  7.5558e-14
  8854.00  7.5411e-14
  8855.00  7.6800e-14
  8856.00  7.6545e-14
  8857.00  7.6772e-14
  8858.00  7.4846e-14
  8859.00  7.4862e-14
  8860.00  7.5265e-14
  8861.00  7.7095e-14
  8862.00  7.5311e-14
  8863.00  7.6547e-14
  8864.00  7.5486e-14
  8865.00  7.6691e-14
  8866.00  7.4205e-14
  8867.00  7.5803e-14
  8868.00  7.5606e-14
  8869.00  7.6020e-14
  8870.00  7.5255e-14
  8871.00  7.6677e-14
  8872.00  7.5420e-14
  8873.00  7.5525e-14
  8874.00  7.5489e-14
  8875.00  7.7099e-14
  8876.00  7.6980e-14
  8877.00  7.5275e-14
  8878.00  7.5181e-14
  8879.00  7.5046e-14
  8880.00  7.6293e-14
  8881.00  7.7098e-14
  8882.00  7.5577e-14
  8883.00  7.7124e-14
  8884.00  7.5339e-14
  8885.00  7.4479e-14
  8886.00  7.5588e-14
  8887.00  7.7436e-14
  8888.00  7.7720e-14
  8889.00  7.6101e-14
  8890.00  7.6363e-14
  8891.00  7.5481e-14
  8892.00  7.4416e-14
  8893.00  7.5759e-14
  8894.00  7.6409e-14
  8895.00  7.6408e-14
  8896.00  7.4605e-14
  8897.00  7.6980e-14
  8898.00  7.5906e-14
  8899.00  7.5968e-14
  8900.00  7.5916e-14
  8901.00  7.5009e-14
  8902.00  7.5626e-14
  8903.00  7.5459e-14
  8904.00  7.4812e-14
  8905.00  7.5719e-14
  8906.00  7.5834e-14
  8907.00  7.3923e-14
  8908.00  7.5853e-14
  8909.00  7.5567e-14
  8910.00  7.5355e-14
  8911.00  7.6497e-14
  8912.00  7.4593e-14
  8913.00  7.5376e-14
  8914.00  7.5829e-14
  8915.00  7.5668e-14
  8916.00  7.5192e-14
  8917.00  7.4831e-14
  8918.00  7.4729e-14
  8919.00  7.4985e-14
  8920.00  7.5541e-14
  8921.00  7.7204e-14
  8922.00  7.5836e-14
  8923.00  7.5542e-14
  8924.00  7.6541e-14
  8925.00  7.4490e-14
  8926.00  7.6116e-14
  8927.00  7.5732e-14
  8928.00  7.6375e-14
  8929.00  7.4494e-14
  8930.00  7.3934e-14
  8931.00  7.4830e-14
  8932.00  7.5768e-14
  8933.00  7.4865e-14
  8934.00  7.5456e-14
  8935.00  7.5161e-14
  8936.00  7.3993e-14
  8937.00  7.4392e-14
  8938.00  7.5269e-14
  8939.00  7.6073e-14
  8940.00  7.4922e-14
  8941.00  7.5587e-14
  8942.00  7.3859e-14
  8943.00  7.4595e-14
  8944.00  7.5616e-14
  8945.00  7.4657e-14
  8946.00  7.5418e-14
  8947.00  7.4987e-14
  8948.00  7.4826e-14
  8949.00  7.5944e-14
  8950.00  7.5075e-14
  8951.00  7.5594e-14
  8952.00  7.6309e-14
  8953.00  7.5315e-14
  8954.00  7.4993e-14
  8955.00  7.5962e-14
  8956.00  7.5216e-14
  8957.00  7.5662e-14
  8958.00  7.4695e-14
  8959.00  7.4794e-14
  8960.00  7.6332e-14
  8961.00  7.3738e-14
  8962.00  7.5584e-14
  8963.00  7.4758e-14
  8964.00  7.4236e-14
  8965.00  7.5935e-14
  8966.00  7.6504e-14
  8967.00  7.5108e-14
  8968.00  7.5662e-14
  8969.00  7.6997e-14
  8970.00  7.4528e-14
  8971.00  7.5587e-14
  8972.00  7.6442e-14
  8973.00  7.5452e-14
  8974.00  7.5633e-14
  8975.00  7.5311e-14
  8976.00  7.5618e-14
  8977.00  7.5546e-14
  8978.00  7.4970e-14
  8979.00  7.4853e-14
  8980.00  7.5453e-14
  8981.00  7.5291e-14
  8982.00  7.5270e-14
  8983.00  7.5894e-14
  8984.00  7.5257e-14
  8985.00  7.5110e-14
  8986.00  7.4298e-14
  8987.00  7.5776e-14
  8988.00  7.4901e-14
  8989.00  7.6496e-14
  8990.00  7.5850e-14
  8991.00  7.6102e-14
  8992.00  7.5162e-14
  8993.00  7.6012e-14
  8994.00  7.5284e-14
  8995.00  7.4601e-14
  8996.00  7.4199e-14
  8997.00  7.6639e-14
  8998.00  7.5410e-14
  8999.00  7.7191e-14
  9000.00  7.6424e-14
